DELETE FROM AXIS_LITERALES WHERE SLITERA = 89908020;
DELETE FROM AXIS_CODLITERALES WHERE SLITERA = 89908020;
INSERT INTO AXIS_CODLITERALES (SLITERA, CLITERA) VALUES (89908020,3);
INSERT INTO AXIS_LITERALES (CIDIOMA, SLITERA, TLITERA) VALUES (1, 89908020, 'Clase de proceso');
INSERT INTO AXIS_LITERALES (CIDIOMA, SLITERA, TLITERA) VALUES (2, 89908020, 'Clase de proceso');
INSERT INTO AXIS_LITERALES (CIDIOMA, SLITERA, TLITERA) VALUES (8, 89908020, 'Clase de proceso');


DELETE FROM DETVALORES   WHERE CVALOR = 8002029 AND CATRIBU='1';
INSERT INTO DETVALORES (CVALOR, CIDIOMA, CATRIBU, TATRIBU) VALUES ('8002029', '8', '1', 'Civil Ordinaro'); 
INSERT INTO DETVALORES (CVALOR, CIDIOMA, CATRIBU, TATRIBU) VALUES ('8002029', '2', '1', 'Civil Ordinaro'); 
INSERT INTO DETVALORES (CVALOR, CIDIOMA, CATRIBU, TATRIBU) VALUES ('8002029', '1', '1', 'Civil Ordinaro'); 

DELETE FROM DETVALORES   WHERE CVALOR = 8002029 AND CATRIBU='2';
INSERT INTO DETVALORES (CVALOR, CIDIOMA, CATRIBU, TATRIBU) VALUES ('8002029', '8', '2', 'Ejecutivo'); 
INSERT INTO DETVALORES (CVALOR, CIDIOMA, CATRIBU, TATRIBU) VALUES ('8002029', '2', '2', 'Ejecutivo'); 
INSERT INTO DETVALORES (CVALOR, CIDIOMA, CATRIBU, TATRIBU) VALUES ('8002029', '1', '2', 'Ejecutivo'); 

DELETE FROM DETVALORES   WHERE CVALOR = 8002029 AND CATRIBU='3';
INSERT INTO DETVALORES (CVALOR, CIDIOMA, CATRIBU, TATRIBU) VALUES ('8002029', '8', '3', 'Laboral'); 
INSERT INTO DETVALORES (CVALOR, CIDIOMA, CATRIBU, TATRIBU) VALUES ('8002029', '2', '3', 'Laboral'); 
INSERT INTO DETVALORES (CVALOR, CIDIOMA, CATRIBU, TATRIBU) VALUES ('8002029', '1', '3', 'Laboral'); 

DELETE FROM DETVALORES   WHERE CVALOR = 8002029 AND CATRIBU='4';
INSERT INTO DETVALORES (CVALOR, CIDIOMA, CATRIBU, TATRIBU) VALUES ('8002029', '8', '4', 'Parte Civil en Proceso Penal'); 
INSERT INTO DETVALORES (CVALOR, CIDIOMA, CATRIBU, TATRIBU) VALUES ('8002029', '2', '4', 'Parte Civil en Proceso Penal'); 
INSERT INTO DETVALORES (CVALOR, CIDIOMA, CATRIBU, TATRIBU) VALUES ('8002029', '1', '4', 'Parte Civil en Proceso Penal'); 

DELETE FROM DETVALORES   WHERE CVALOR = 8002029 AND CATRIBU='5';
INSERT INTO DETVALORES (CVALOR, CIDIOMA, CATRIBU, TATRIBU) VALUES ('8002029', '8', '5', 'Adminsitrativo en Via Gubernativa'); 
INSERT INTO DETVALORES (CVALOR, CIDIOMA, CATRIBU, TATRIBU) VALUES ('8002029', '2', '5', 'Adminsitrativo en Via Gubernativa'); 
INSERT INTO DETVALORES (CVALOR, CIDIOMA, CATRIBU, TATRIBU) VALUES ('8002029', '1', '5', 'Adminsitrativo en Via Gubernativa'); 

DELETE FROM DETVALORES   WHERE CVALOR = 8002029 AND CATRIBU='6';
INSERT INTO DETVALORES (CVALOR, CIDIOMA, CATRIBU, TATRIBU) VALUES ('8002029', '8', '6', 'Administrativo en Etapa Contenciosa'); 
INSERT INTO DETVALORES (CVALOR, CIDIOMA, CATRIBU, TATRIBU) VALUES ('8002029', '2', '6', 'Administrativo en Etapa Contenciosa'); 
INSERT INTO DETVALORES (CVALOR, CIDIOMA, CATRIBU, TATRIBU) VALUES ('8002029', '1', '6', 'Administrativo en Etapa Contenciosa'); 

DELETE FROM DETVALORES   WHERE CVALOR = 8002029 AND CATRIBU='7';
INSERT INTO DETVALORES (CVALOR, CIDIOMA, CATRIBU, TATRIBU) VALUES ('8002029', '8', '7', 'Arbitramento'); 
INSERT INTO DETVALORES (CVALOR, CIDIOMA, CATRIBU, TATRIBU) VALUES ('8002029', '2', '7', 'Arbitramento'); 
INSERT INTO DETVALORES (CVALOR, CIDIOMA, CATRIBU, TATRIBU) VALUES ('8002029', '1', '7', 'Arbitramento'); 

DELETE FROM DETVALORES   WHERE CVALOR = 8002029 AND CATRIBU='8';
INSERT INTO DETVALORES (CVALOR, CIDIOMA, CATRIBU, TATRIBU) VALUES ('8002029', '8', '8', 'Reclamación'); 
INSERT INTO DETVALORES (CVALOR, CIDIOMA, CATRIBU, TATRIBU) VALUES ('8002029', '2', '8', 'Reclamación'); 
INSERT INTO DETVALORES (CVALOR, CIDIOMA, CATRIBU, TATRIBU) VALUES ('8002029', '1', '8', 'Reclamación'); 

DELETE FROM DETVALORES   WHERE CVALOR = 8002029 AND CATRIBU='9';
INSERT INTO DETVALORES (CVALOR, CIDIOMA, CATRIBU, TATRIBU) VALUES ('8002029', '8', '9', 'Otros'); 
INSERT INTO DETVALORES (CVALOR, CIDIOMA, CATRIBU, TATRIBU) VALUES ('8002029', '2', '9', 'Otros'); 
INSERT INTO DETVALORES (CVALOR, CIDIOMA, CATRIBU, TATRIBU) VALUES ('8002029', '1', '9', 'Otros'); 
DELETE FROM AXIS_LITERALES WHERE SLITERA = 89908021;
DELETE FROM AXIS_CODLITERALES WHERE SLITERA = 89908021;
INSERT INTO AXIS_CODLITERALES (SLITERA, CLITERA) VALUES (89908021,3);
INSERT INTO AXIS_LITERALES (CIDIOMA, SLITERA, TLITERA) VALUES (1, 89908021, 'Instancia del Proceso');
INSERT INTO AXIS_LITERALES (CIDIOMA, SLITERA, TLITERA) VALUES (2, 89908021, 'Instancia del Proceso');
INSERT INTO AXIS_LITERALES (CIDIOMA, SLITERA, TLITERA) VALUES (8, 89908021, 'Instancia del Proceso');


DELETE FROM DETVALORES   WHERE CVALOR = 8002030 AND CATRIBU='1';
INSERT INTO DETVALORES (CVALOR, CIDIOMA, CATRIBU, TATRIBU) VALUES ('8002030', '8', '1', 'Primera Instancia'); 
INSERT INTO DETVALORES (CVALOR, CIDIOMA, CATRIBU, TATRIBU) VALUES ('8002030', '2', '1', 'Primera Instancia'); 
INSERT INTO DETVALORES (CVALOR, CIDIOMA, CATRIBU, TATRIBU) VALUES ('8002030', '1', '1', 'Primera Instancia'); 

DELETE FROM DETVALORES   WHERE CVALOR = 8002030 AND CATRIBU='2';
INSERT INTO DETVALORES (CVALOR, CIDIOMA, CATRIBU, TATRIBU) VALUES ('8002030', '8', '2', 'Segunda Instancia'); 
INSERT INTO DETVALORES (CVALOR, CIDIOMA, CATRIBU, TATRIBU) VALUES ('8002030', '2', '2', 'Segunda Instancia'); 
INSERT INTO DETVALORES (CVALOR, CIDIOMA, CATRIBU, TATRIBU) VALUES ('8002030', '1', '2', 'Segunda Instancia'); 

DELETE FROM DETVALORES   WHERE CVALOR = 8002030 AND CATRIBU='3';
INSERT INTO DETVALORES (CVALOR, CIDIOMA, CATRIBU, TATRIBU) VALUES ('8002030', '8', '3', 'Casación'); 
INSERT INTO DETVALORES (CVALOR, CIDIOMA, CATRIBU, TATRIBU) VALUES ('8002030', '2', '3', 'Casación'); 
INSERT INTO DETVALORES (CVALOR, CIDIOMA, CATRIBU, TATRIBU) VALUES ('8002030', '1', '3', 'Casación'); 

DELETE FROM DETVALORES   WHERE CVALOR = 8002030 AND CATRIBU='4';
INSERT INTO DETVALORES (CVALOR, CIDIOMA, CATRIBU, TATRIBU) VALUES ('8002030', '8', '4', 'Unica'); 
INSERT INTO DETVALORES (CVALOR, CIDIOMA, CATRIBU, TATRIBU) VALUES ('8002030', '2', '4', 'Unica'); 
INSERT INTO DETVALORES (CVALOR, CIDIOMA, CATRIBU, TATRIBU) VALUES ('8002030', '1', '4', 'Unica'); 
DELETE FROM AXIS_LITERALES WHERE SLITERA = 89908022;
DELETE FROM AXIS_CODLITERALES WHERE SLITERA = 89908022;
INSERT INTO AXIS_CODLITERALES (SLITERA, CLITERA) VALUES (89908022,3);
INSERT INTO AXIS_LITERALES (CIDIOMA, SLITERA, TLITERA) VALUES (1, 89908022, 'Fallo');
INSERT INTO AXIS_LITERALES (CIDIOMA, SLITERA, TLITERA) VALUES (2, 89908022, 'Fallo');
INSERT INTO AXIS_LITERALES (CIDIOMA, SLITERA, TLITERA) VALUES (8, 89908022, 'Fallo');


DELETE FROM DETVALORES   WHERE CVALOR = 8002031 AND CATRIBU='1';
INSERT INTO DETVALORES (CVALOR, CIDIOMA, CATRIBU, TATRIBU) VALUES ('8002031', '8', '1', 'Favorable'); 
INSERT INTO DETVALORES (CVALOR, CIDIOMA, CATRIBU, TATRIBU) VALUES ('8002031', '2', '1', 'Favorable'); 
INSERT INTO DETVALORES (CVALOR, CIDIOMA, CATRIBU, TATRIBU) VALUES ('8002031', '1', '1', 'Favorable'); 

DELETE FROM DETVALORES   WHERE CVALOR = 8002031 AND CATRIBU='2';
INSERT INTO DETVALORES (CVALOR, CIDIOMA, CATRIBU, TATRIBU) VALUES ('8002031', '8', '2', 'Desfavorable'); 
INSERT INTO DETVALORES (CVALOR, CIDIOMA, CATRIBU, TATRIBU) VALUES ('8002031', '2', '2', 'Desfavorable'); 
INSERT INTO DETVALORES (CVALOR, CIDIOMA, CATRIBU, TATRIBU) VALUES ('8002031', '1', '2', 'Desfavorable'); 
DELETE FROM AXIS_LITERALES WHERE SLITERA = 89908023;
DELETE FROM AXIS_CODLITERALES WHERE SLITERA = 89908023;
INSERT INTO AXIS_CODLITERALES (SLITERA, CLITERA) VALUES (89908023,3);
INSERT INTO AXIS_LITERALES (CIDIOMA, SLITERA, TLITERA) VALUES (1, 89908023, 'Calificación Motivos');
INSERT INTO AXIS_LITERALES (CIDIOMA, SLITERA, TLITERA) VALUES (2, 89908023, 'Calificación Motivos');
INSERT INTO AXIS_LITERALES (CIDIOMA, SLITERA, TLITERA) VALUES (8, 89908023, 'Calificación Motivos');


DELETE FROM DETVALORES   WHERE CVALOR = 8002032 AND CATRIBU='1';
INSERT INTO DETVALORES (CVALOR, CIDIOMA, CATRIBU, TATRIBU) VALUES ('8002032', '8', '1', 'Probable'); 
INSERT INTO DETVALORES (CVALOR, CIDIOMA, CATRIBU, TATRIBU) VALUES ('8002032', '2', '1', 'Probable'); 
INSERT INTO DETVALORES (CVALOR, CIDIOMA, CATRIBU, TATRIBU) VALUES ('8002032', '1', '1', 'Probable'); 

DELETE FROM DETVALORES   WHERE CVALOR = 8002032 AND CATRIBU='2';
INSERT INTO DETVALORES (CVALOR, CIDIOMA, CATRIBU, TATRIBU) VALUES ('8002032', '8', '2', 'Eventual'); 
INSERT INTO DETVALORES (CVALOR, CIDIOMA, CATRIBU, TATRIBU) VALUES ('8002032', '2', '2', 'Eventual'); 
INSERT INTO DETVALORES (CVALOR, CIDIOMA, CATRIBU, TATRIBU) VALUES ('8002032', '1', '2', 'Eventual'); 

DELETE FROM DETVALORES   WHERE CVALOR = 8002032 AND CATRIBU='3';
INSERT INTO DETVALORES (CVALOR, CIDIOMA, CATRIBU, TATRIBU) VALUES ('8002032', '8', '3', 'Remota'); 
INSERT INTO DETVALORES (CVALOR, CIDIOMA, CATRIBU, TATRIBU) VALUES ('8002032', '2', '3', 'Remota'); 
INSERT INTO DETVALORES (CVALOR, CIDIOMA, CATRIBU, TATRIBU) VALUES ('8002032', '1', '3', 'Remota'); 

DELETE FROM AXIS_LITERALES WHERE SLITERA = 89908024;
DELETE FROM AXIS_CODLITERALES WHERE SLITERA = 89908024;
INSERT INTO AXIS_CODLITERALES (SLITERA, CLITERA) VALUES (89908024,3);
INSERT INTO AXIS_LITERALES (CIDIOMA, SLITERA, TLITERA) VALUES (1, 89908024, 'Fecha');
INSERT INTO AXIS_LITERALES (CIDIOMA, SLITERA, TLITERA) VALUES (2, 89908024, 'Fecha');
INSERT INTO AXIS_LITERALES (CIDIOMA, SLITERA, TLITERA) VALUES (8, 89908024, 'Fecha');


DELETE FROM AXIS_LITERALES WHERE SLITERA = 89908027;
DELETE FROM AXIS_CODLITERALES WHERE SLITERA = 89908027;
INSERT INTO AXIS_CODLITERALES (SLITERA, CLITERA) VALUES (89908027,3);
INSERT INTO AXIS_LITERALES (CIDIOMA, SLITERA, TLITERA) VALUES (1, 89908027, 'Observación de Fallo');
INSERT INTO AXIS_LITERALES (CIDIOMA, SLITERA, TLITERA) VALUES (2, 89908027, 'Observación de Fallo');
INSERT INTO AXIS_LITERALES (CIDIOMA, SLITERA, TLITERA) VALUES (8, 89908027, 'Observación de Fallo');

commit;