/* Formatted on 2019/09/05 11:10 (Formatter Plus v4.8.8) */
BEGIN
   BEGIN
      INSERT INTO clasecontrato
                  (ccodcontrato, cclacontrato
                  )
           VALUES (187, 4720
                  );
   EXCEPTION
      WHEN DUP_VAL_ON_INDEX
      THEN
         NULL;
   END;

   BEGIN
      INSERT INTO detclasecontrato
                  (ccodcontrato, cclacontrato, cidioma,
                   tdescripcion
                  )
           VALUES (187, 4720, 1,
                   'Futura Constitución y registro de hipotecas'
                  );
   EXCEPTION
      WHEN DUP_VAL_ON_INDEX
      THEN
         NULL;
   END;

   BEGIN
      INSERT INTO detclasecontrato
                  (ccodcontrato, cclacontrato, cidioma,
                   tdescripcion
                  )
           VALUES (187, 4720, 2,
                   'Futura Constitución y registro de hipotecas'
                  );
   EXCEPTION
      WHEN DUP_VAL_ON_INDEX
      THEN
         NULL;
   END;

   BEGIN
      INSERT INTO detclasecontrato
                  (ccodcontrato, cclacontrato, cidioma,
                   tdescripcion
                  )
           VALUES (187, 4720, 8,
                   'Futura Constitución y registro de hipotecas'
                  );
   EXCEPTION
      WHEN DUP_VAL_ON_INDEX
      THEN
         NULL;
   END;

   BEGIN
      INSERT INTO clasecontrato
                  (ccodcontrato, cclacontrato
                  )
           VALUES (188, 4720
                  );
   EXCEPTION
      WHEN DUP_VAL_ON_INDEX
      THEN
         NULL;
   END;

   BEGIN
      INSERT INTO detclasecontrato
                  (ccodcontrato, cclacontrato, cidioma, tdescripcion
                  )
           VALUES (188, 4720, 1, 'Garantías Financieras '
                  );
   EXCEPTION
      WHEN DUP_VAL_ON_INDEX
      THEN
         NULL;
   END;

   BEGIN
      INSERT INTO detclasecontrato
                  (ccodcontrato, cclacontrato, cidioma, tdescripcion
                  )
           VALUES (188, 4720, 2, 'Garantías Financieras '
                  );
   EXCEPTION
      WHEN DUP_VAL_ON_INDEX
      THEN
         NULL;
   END;

   BEGIN
      INSERT INTO detclasecontrato
                  (ccodcontrato, cclacontrato, cidioma, tdescripcion
                  )
           VALUES (188, 4720, 8, 'Garantías Financieras '
                  );
   EXCEPTION
      WHEN DUP_VAL_ON_INDEX
      THEN
         NULL;
   END;
END;
/

BEGIN
   BEGIN
      INSERT INTO sgt_subtabs_det
                  (sdetalle, cempres, csubtabla, cversubt, ccla1, ccla2,
                   ccla3, ccla4, ccla5, ccla6, ccla7, ccla8, nval1,
                   nval2, nval3, nval4, nval5, nval6, falta, cusualt,
                   fmodifi, cusumod, ccla9, ccla10, nval7, nval8, nval9,
                   nval10
                  )
           VALUES (sdetalle_conf.NEXTVAL, 24, 8000047, 1, 80001, 0,
                   1884720, NULL, NULL, NULL, NULL, NULL, 23898.2812551874,
                   NULL, NULL, NULL, NULL, NULL, f_sysdate, f_user,
                   NULL, NULL, NULL, NULL, NULL, NULL, NULL,
                   NULL
                  );
   EXCEPTION
      WHEN DUP_VAL_ON_INDEX
      THEN
         NULL;
   END;

   BEGIN
      INSERT INTO sgt_subtabs_det
                  (sdetalle, cempres, csubtabla, cversubt, ccla1, ccla2,
                   ccla3, ccla4, ccla5, ccla6, ccla7, ccla8, nval1,
                   nval2, nval3, nval4, nval5, nval6, falta, cusualt,
                   fmodifi, cusumod, ccla9, ccla10, nval7, nval8, nval9,
                   nval10
                  )
           VALUES (sdetalle_conf.NEXTVAL, 24, 8000047, 1, 80002, 0,
                   1884720, NULL, NULL, NULL, NULL, NULL, 23898.2812551874,
                   NULL, NULL, NULL, NULL, NULL, f_sysdate, f_user,
                   NULL, NULL, NULL, NULL, NULL, NULL, NULL,
                   NULL
                  );
   EXCEPTION
      WHEN DUP_VAL_ON_INDEX
      THEN
         NULL;
   END;

   BEGIN
      INSERT INTO sgt_subtabs_det
                  (sdetalle, cempres, csubtabla, cversubt, ccla1, ccla2,
                   ccla3, ccla4, ccla5, ccla6, ccla7, ccla8, nval1,
                   nval2, nval3, nval4, nval5, nval6, falta, cusualt,
                   fmodifi, cusumod, ccla9, ccla10, nval7, nval8, nval9,
                   nval10
                  )
           VALUES (sdetalle_conf.NEXTVAL, 24, 8000047, 1, 80003, 0,
                   1884720, NULL, NULL, NULL, NULL, NULL, 23898.2812551874,
                   NULL, NULL, NULL, NULL, NULL, f_sysdate, f_user,
                   NULL, NULL, NULL, NULL, NULL, NULL, NULL,
                   NULL
                  );
   EXCEPTION
      WHEN DUP_VAL_ON_INDEX
      THEN
         NULL;
   END;

   BEGIN
      INSERT INTO sgt_subtabs_det
                  (sdetalle, cempres, csubtabla, cversubt, ccla1, ccla2,
                   ccla3, ccla4, ccla5, ccla6, ccla7, ccla8, nval1,
                   nval2, nval3, nval4, nval5, nval6, falta, cusualt,
                   fmodifi, cusumod, ccla9, ccla10, nval7, nval8, nval9,
                   nval10
                  )
           VALUES (sdetalle_conf.NEXTVAL, 24, 8000047, 1, 80001, 3,
                   1884720, NULL, NULL, NULL, NULL, NULL, 23100.7738161645,
                   NULL, NULL, NULL, NULL, NULL, f_sysdate, f_user,
                   NULL, NULL, NULL, NULL, NULL, NULL, NULL,
                   NULL
                  );
   EXCEPTION
      WHEN DUP_VAL_ON_INDEX
      THEN
         NULL;
   END;

   BEGIN
      INSERT INTO sgt_subtabs_det
                  (sdetalle, cempres, csubtabla, cversubt, ccla1, ccla2,
                   ccla3, ccla4, ccla5, ccla6, ccla7, ccla8, nval1,
                   nval2, nval3, nval4, nval5, nval6, falta, cusualt,
                   fmodifi, cusumod, ccla9, ccla10, nval7, nval8, nval9,
                   nval10
                  )
           VALUES (sdetalle_conf.NEXTVAL, 24, 8000047, 1, 80002, 3,
                   1884720, NULL, NULL, NULL, NULL, NULL, 23100.7738161645,
                   NULL, NULL, NULL, NULL, NULL, f_sysdate, f_user,
                   NULL, NULL, NULL, NULL, NULL, NULL, NULL,
                   NULL
                  );
   EXCEPTION
      WHEN DUP_VAL_ON_INDEX
      THEN
         NULL;
   END;

   BEGIN
      INSERT INTO sgt_subtabs_det
                  (sdetalle, cempres, csubtabla, cversubt, ccla1, ccla2,
                   ccla3, ccla4, ccla5, ccla6, ccla7, ccla8, nval1,
                   nval2, nval3, nval4, nval5, nval6, falta, cusualt,
                   fmodifi, cusumod, ccla9, ccla10, nval7, nval8, nval9,
                   nval10
                  )
           VALUES (sdetalle_conf.NEXTVAL, 24, 8000047, 1, 80003, 3,
                   1884720, NULL, NULL, NULL, NULL, NULL, 23100.7738161645,
                   NULL, NULL, NULL, NULL, NULL, f_sysdate, f_user,
                   NULL, NULL, NULL, NULL, NULL, NULL, NULL,
                   NULL
                  );
   EXCEPTION
      WHEN DUP_VAL_ON_INDEX
      THEN
         NULL;
   END;

   BEGIN
      INSERT INTO sgt_subtabs_det
                  (sdetalle, cempres, csubtabla, cversubt, ccla1, ccla2,
                   ccla3, ccla4, ccla5, ccla6, ccla7, ccla8, nval1,
                   nval2, nval3, nval4, nval5, nval6, falta, cusualt,
                   fmodifi, cusumod, ccla9, ccla10, nval7, nval8, nval9,
                   nval10
                  )
           VALUES (sdetalle_conf.NEXTVAL, 24, 8000047, 1, 80001, 1,
                   1884720, NULL, NULL, NULL, NULL, NULL, 25842.7274927296,
                   NULL, NULL, NULL, NULL, NULL, f_sysdate, f_user,
                   NULL, NULL, NULL, NULL, NULL, NULL, NULL,
                   NULL
                  );
   EXCEPTION
      WHEN DUP_VAL_ON_INDEX
      THEN
         NULL;
   END;

   BEGIN
      INSERT INTO sgt_subtabs_det
                  (sdetalle, cempres, csubtabla, cversubt, ccla1, ccla2,
                   ccla3, ccla4, ccla5, ccla6, ccla7, ccla8, nval1,
                   nval2, nval3, nval4, nval5, nval6, falta, cusualt,
                   fmodifi, cusumod, ccla9, ccla10, nval7, nval8, nval9,
                   nval10
                  )
           VALUES (sdetalle_conf.NEXTVAL, 24, 8000047, 1, 80002, 1,
                   1884720, NULL, NULL, NULL, NULL, NULL, 25842.7274927296,
                   NULL, NULL, NULL, NULL, NULL, f_sysdate, f_user,
                   NULL, NULL, NULL, NULL, NULL, NULL, NULL,
                   NULL
                  );
   EXCEPTION
      WHEN DUP_VAL_ON_INDEX
      THEN
         NULL;
   END;

   BEGIN
      INSERT INTO sgt_subtabs_det
                  (sdetalle, cempres, csubtabla, cversubt, ccla1, ccla2,
                   ccla3, ccla4, ccla5, ccla6, ccla7, ccla8, nval1,
                   nval2, nval3, nval4, nval5, nval6, falta, cusualt,
                   fmodifi, cusumod, ccla9, ccla10, nval7, nval8, nval9,
                   nval10
                  )
           VALUES (sdetalle_conf.NEXTVAL, 24, 8000047, 1, 80003, 1,
                   1884720, NULL, NULL, NULL, NULL, NULL, 25842.7274927296,
                   NULL, NULL, NULL, NULL, NULL, f_sysdate, f_user,
                   NULL, NULL, NULL, NULL, NULL, NULL, NULL,
                   NULL
                  );
   EXCEPTION
      WHEN DUP_VAL_ON_INDEX
      THEN
         NULL;
   END;

   BEGIN
      INSERT INTO sgt_subtabs_det
                  (sdetalle, cempres, csubtabla, cversubt, ccla1, ccla2,
                   ccla3, ccla4, ccla5, ccla6, ccla7, ccla8, nval1,
                   nval2, nval3, nval4, nval5, nval6, falta, cusualt,
                   fmodifi, cusumod, ccla9, ccla10, nval7, nval8, nval9,
                   nval10
                  )
           VALUES (sdetalle_conf.NEXTVAL, 24, 8000047, 1, 80001, 1,
                   1884720, NULL, NULL, NULL, NULL, NULL, 25842.7274927296,
                   NULL, NULL, NULL, NULL, NULL, f_sysdate, f_user,
                   NULL, NULL, NULL, NULL, NULL, NULL, NULL,
                   NULL
                  );
   EXCEPTION
      WHEN DUP_VAL_ON_INDEX
      THEN
         NULL;
   END;

   BEGIN
      INSERT INTO sgt_subtabs_det
                  (sdetalle, cempres, csubtabla, cversubt, ccla1, ccla2,
                   ccla3, ccla4, ccla5, ccla6, ccla7, ccla8, nval1,
                   nval2, nval3, nval4, nval5, nval6, falta, cusualt,
                   fmodifi, cusumod, ccla9, ccla10, nval7, nval8, nval9,
                   nval10
                  )
           VALUES (sdetalle_conf.NEXTVAL, 24, 8000047, 1, 80002, 1,
                   1884720, NULL, NULL, NULL, NULL, NULL, 25842.7274927296,
                   NULL, NULL, NULL, NULL, NULL, f_sysdate, f_user,
                   NULL, NULL, NULL, NULL, NULL, NULL, NULL,
                   NULL
                  );
   EXCEPTION
      WHEN DUP_VAL_ON_INDEX
      THEN
         NULL;
   END;

   BEGIN
      INSERT INTO sgt_subtabs_det
                  (sdetalle, cempres, csubtabla, cversubt, ccla1, ccla2,
                   ccla3, ccla4, ccla5, ccla6, ccla7, ccla8, nval1,
                   nval2, nval3, nval4, nval5, nval6, falta, cusualt,
                   fmodifi, cusumod, ccla9, ccla10, nval7, nval8, nval9,
                   nval10
                  )
           VALUES (sdetalle_conf.NEXTVAL, 24, 8000047, 1, 80003, 1,
                   1884720, NULL, NULL, NULL, NULL, NULL, 25842.7274927296,
                   NULL, NULL, NULL, NULL, NULL, f_sysdate, f_user,
                   NULL, NULL, NULL, NULL, NULL, NULL, NULL,
                   NULL
                  );
   EXCEPTION
      WHEN DUP_VAL_ON_INDEX
      THEN
         NULL;
   END;

   BEGIN
      INSERT INTO sgt_subtabs_det
                  (sdetalle, cempres, csubtabla, cversubt, ccla1, ccla2,
                   ccla3, ccla4, ccla5, ccla6, ccla7, ccla8, nval1,
                   nval2, nval3, nval4, nval5, nval6, falta, cusualt,
                   fmodifi, cusumod, ccla9, ccla10, nval7, nval8, nval9,
                   nval10
                  )
           VALUES (sdetalle_conf.NEXTVAL, 24, 8000047, 1, 80001, 2,
                   1884720, NULL, NULL, NULL, NULL, NULL, 23898.2812551874,
                   NULL, NULL, NULL, NULL, NULL, f_sysdate, f_user,
                   NULL, NULL, NULL, NULL, NULL, NULL, NULL,
                   NULL
                  );
   EXCEPTION
      WHEN DUP_VAL_ON_INDEX
      THEN
         NULL;
   END;

   BEGIN
      INSERT INTO sgt_subtabs_det
                  (sdetalle, cempres, csubtabla, cversubt, ccla1, ccla2,
                   ccla3, ccla4, ccla5, ccla6, ccla7, ccla8, nval1,
                   nval2, nval3, nval4, nval5, nval6, falta, cusualt,
                   fmodifi, cusumod, ccla9, ccla10, nval7, nval8, nval9,
                   nval10
                  )
           VALUES (sdetalle_conf.NEXTVAL, 24, 8000047, 1, 80002, 2,
                   1884720, NULL, NULL, NULL, NULL, NULL, 23898.2812551874,
                   NULL, NULL, NULL, NULL, NULL, f_sysdate, f_user,
                   NULL, NULL, NULL, NULL, NULL, NULL, NULL,
                   NULL
                  );
   EXCEPTION
      WHEN DUP_VAL_ON_INDEX
      THEN
         NULL;
   END;

   BEGIN
      INSERT INTO sgt_subtabs_det
                  (sdetalle, cempres, csubtabla, cversubt, ccla1, ccla2,
                   ccla3, ccla4, ccla5, ccla6, ccla7, ccla8, nval1,
                   nval2, nval3, nval4, nval5, nval6, falta, cusualt,
                   fmodifi, cusumod, ccla9, ccla10, nval7, nval8, nval9,
                   nval10
                  )
           VALUES (sdetalle_conf.NEXTVAL, 24, 8000047, 1, 80003, 2,
                   1884720, NULL, NULL, NULL, NULL, NULL, 23898.2812551874,
                   NULL, NULL, NULL, NULL, NULL, f_sysdate, f_user,
                   NULL, NULL, NULL, NULL, NULL, NULL, NULL,
                   NULL
                  );
   EXCEPTION
      WHEN DUP_VAL_ON_INDEX
      THEN
         NULL;
   END;

   BEGIN
      INSERT INTO sgt_subtabs_det
                  (sdetalle, cempres, csubtabla, cversubt, ccla1, ccla2,
                   ccla3, ccla4, ccla5, ccla6, ccla7, ccla8, nval1,
                   nval2, nval3, nval4, nval5, nval6, falta, cusualt,
                   fmodifi, cusumod, ccla9, ccla10, nval7, nval8, nval9,
                   nval10
                  )
           VALUES (sdetalle_conf.NEXTVAL, 24, 8000047, 1, 80001, 0,
                   1884720, NULL, NULL, NULL, NULL, NULL, 23898.2812551874,
                   NULL, NULL, NULL, NULL, NULL, f_sysdate, f_user,
                   NULL, NULL, NULL, NULL, NULL, NULL, NULL,
                   NULL
                  );
   EXCEPTION
      WHEN DUP_VAL_ON_INDEX
      THEN
         NULL;
   END;

   BEGIN
      INSERT INTO sgt_subtabs_det
                  (sdetalle, cempres, csubtabla, cversubt, ccla1, ccla2,
                   ccla3, ccla4, ccla5, ccla6, ccla7, ccla8, nval1,
                   nval2, nval3, nval4, nval5, nval6, falta, cusualt,
                   fmodifi, cusumod, ccla9, ccla10, nval7, nval8, nval9,
                   nval10
                  )
           VALUES (sdetalle_conf.NEXTVAL, 24, 8000047, 1, 80002, 0,
                   1884720, NULL, NULL, NULL, NULL, NULL, 23898.2812551874,
                   NULL, NULL, NULL, NULL, NULL, f_sysdate, f_user,
                   NULL, NULL, NULL, NULL, NULL, NULL, NULL,
                   NULL
                  );
   EXCEPTION
      WHEN DUP_VAL_ON_INDEX
      THEN
         NULL;
   END;

   BEGIN
      INSERT INTO sgt_subtabs_det
                  (sdetalle, cempres, csubtabla, cversubt, ccla1, ccla2,
                   ccla3, ccla4, ccla5, ccla6, ccla7, ccla8, nval1,
                   nval2, nval3, nval4, nval5, nval6, falta, cusualt,
                   fmodifi, cusumod, ccla9, ccla10, nval7, nval8, nval9,
                   nval10
                  )
           VALUES (sdetalle_conf.NEXTVAL, 24, 8000047, 1, 80003, 0,
                   1884720, NULL, NULL, NULL, NULL, NULL, 23898.2812551874,
                   NULL, NULL, NULL, NULL, NULL, f_sysdate, f_user,
                   NULL, NULL, NULL, NULL, NULL, NULL, NULL,
                   NULL
                  );
   EXCEPTION
      WHEN DUP_VAL_ON_INDEX
      THEN
         NULL;
   END;

   BEGIN
      INSERT INTO sgt_subtabs_det
                  (sdetalle, cempres, csubtabla, cversubt, ccla1, ccla2,
                   ccla3, ccla4, ccla5, ccla6, ccla7, ccla8, nval1,
                   nval2, nval3, nval4, nval5, nval6, falta, cusualt,
                   fmodifi, cusumod, ccla9, ccla10, nval7, nval8, nval9,
                   nval10
                  )
           VALUES (sdetalle_conf.NEXTVAL, 24, 8000047, 1, 80001, 3,
                   1884720, NULL, NULL, NULL, NULL, NULL, 23100.7738161645,
                   NULL, NULL, NULL, NULL, NULL, f_sysdate, f_user,
                   NULL, NULL, NULL, NULL, NULL, NULL, NULL,
                   NULL
                  );
   EXCEPTION
      WHEN DUP_VAL_ON_INDEX
      THEN
         NULL;
   END;

   BEGIN
      INSERT INTO sgt_subtabs_det
                  (sdetalle, cempres, csubtabla, cversubt, ccla1, ccla2,
                   ccla3, ccla4, ccla5, ccla6, ccla7, ccla8, nval1,
                   nval2, nval3, nval4, nval5, nval6, falta, cusualt,
                   fmodifi, cusumod, ccla9, ccla10, nval7, nval8, nval9,
                   nval10
                  )
           VALUES (sdetalle_conf.NEXTVAL, 24, 8000047, 1, 80002, 3,
                   1884720, NULL, NULL, NULL, NULL, NULL, 23100.7738161645,
                   NULL, NULL, NULL, NULL, NULL, f_sysdate, f_user,
                   NULL, NULL, NULL, NULL, NULL, NULL, NULL,
                   NULL
                  );
   EXCEPTION
      WHEN DUP_VAL_ON_INDEX
      THEN
         NULL;
   END;

   BEGIN
      INSERT INTO sgt_subtabs_det
                  (sdetalle, cempres, csubtabla, cversubt, ccla1, ccla2,
                   ccla3, ccla4, ccla5, ccla6, ccla7, ccla8, nval1,
                   nval2, nval3, nval4, nval5, nval6, falta, cusualt,
                   fmodifi, cusumod, ccla9, ccla10, nval7, nval8, nval9,
                   nval10
                  )
           VALUES (sdetalle_conf.NEXTVAL, 24, 8000047, 1, 80003, 3,
                   1884720, NULL, NULL, NULL, NULL, NULL, 23100.7738161645,
                   NULL, NULL, NULL, NULL, NULL, f_sysdate, f_user,
                   NULL, NULL, NULL, NULL, NULL, NULL, NULL,
                   NULL
                  );
   EXCEPTION
      WHEN DUP_VAL_ON_INDEX
      THEN
         NULL;
   END;

   BEGIN
      INSERT INTO sgt_subtabs_det
                  (sdetalle, cempres, csubtabla, cversubt, ccla1, ccla2,
                   ccla3, ccla4, ccla5, ccla6, ccla7, ccla8, nval1,
                   nval2, nval3, nval4, nval5, nval6, falta, cusualt,
                   fmodifi, cusumod, ccla9, ccla10, nval7, nval8, nval9,
                   nval10
                  )
           VALUES (sdetalle_conf.NEXTVAL, 24, 8000047, 1, 80001, 1,
                   1884720, NULL, NULL, NULL, NULL, NULL, 25842.7274927296,
                   NULL, NULL, NULL, NULL, NULL, f_sysdate, f_user,
                   NULL, NULL, NULL, NULL, NULL, NULL, NULL,
                   NULL
                  );
   EXCEPTION
      WHEN DUP_VAL_ON_INDEX
      THEN
         NULL;
   END;

   BEGIN
      INSERT INTO sgt_subtabs_det
                  (sdetalle, cempres, csubtabla, cversubt, ccla1, ccla2,
                   ccla3, ccla4, ccla5, ccla6, ccla7, ccla8, nval1,
                   nval2, nval3, nval4, nval5, nval6, falta, cusualt,
                   fmodifi, cusumod, ccla9, ccla10, nval7, nval8, nval9,
                   nval10
                  )
           VALUES (sdetalle_conf.NEXTVAL, 24, 8000047, 1, 80002, 1,
                   1884720, NULL, NULL, NULL, NULL, NULL, 25842.7274927296,
                   NULL, NULL, NULL, NULL, NULL, f_sysdate, f_user,
                   NULL, NULL, NULL, NULL, NULL, NULL, NULL,
                   NULL
                  );
   EXCEPTION
      WHEN DUP_VAL_ON_INDEX
      THEN
         NULL;
   END;

   BEGIN
      INSERT INTO sgt_subtabs_det
                  (sdetalle, cempres, csubtabla, cversubt, ccla1, ccla2,
                   ccla3, ccla4, ccla5, ccla6, ccla7, ccla8, nval1,
                   nval2, nval3, nval4, nval5, nval6, falta, cusualt,
                   fmodifi, cusumod, ccla9, ccla10, nval7, nval8, nval9,
                   nval10
                  )
           VALUES (sdetalle_conf.NEXTVAL, 24, 8000047, 1, 80003, 1,
                   1884720, NULL, NULL, NULL, NULL, NULL, 25842.7274927296,
                   NULL, NULL, NULL, NULL, NULL, f_sysdate, f_user,
                   NULL, NULL, NULL, NULL, NULL, NULL, NULL,
                   NULL
                  );
   EXCEPTION
      WHEN DUP_VAL_ON_INDEX
      THEN
         NULL;
   END;

   BEGIN
      INSERT INTO sgt_subtabs_det
                  (sdetalle, cempres, csubtabla, cversubt, ccla1, ccla2,
                   ccla3, ccla4, ccla5, ccla6, ccla7, ccla8, nval1,
                   nval2, nval3, nval4, nval5, nval6, falta, cusualt,
                   fmodifi, cusumod, ccla9, ccla10, nval7, nval8, nval9,
                   nval10
                  )
           VALUES (sdetalle_conf.NEXTVAL, 24, 8000047, 1, 80001, 1,
                   1884720, NULL, NULL, NULL, NULL, NULL, 25842.7274927296,
                   NULL, NULL, NULL, NULL, NULL, f_sysdate, f_user,
                   NULL, NULL, NULL, NULL, NULL, NULL, NULL,
                   NULL
                  );
   EXCEPTION
      WHEN DUP_VAL_ON_INDEX
      THEN
         NULL;
   END;

   BEGIN
      INSERT INTO sgt_subtabs_det
                  (sdetalle, cempres, csubtabla, cversubt, ccla1, ccla2,
                   ccla3, ccla4, ccla5, ccla6, ccla7, ccla8, nval1,
                   nval2, nval3, nval4, nval5, nval6, falta, cusualt,
                   fmodifi, cusumod, ccla9, ccla10, nval7, nval8, nval9,
                   nval10
                  )
           VALUES (sdetalle_conf.NEXTVAL, 24, 8000047, 1, 80002, 1,
                   1884720, NULL, NULL, NULL, NULL, NULL, 25842.7274927296,
                   NULL, NULL, NULL, NULL, NULL, f_sysdate, f_user,
                   NULL, NULL, NULL, NULL, NULL, NULL, NULL,
                   NULL
                  );
   EXCEPTION
      WHEN DUP_VAL_ON_INDEX
      THEN
         NULL;
   END;

   BEGIN
      INSERT INTO sgt_subtabs_det
                  (sdetalle, cempres, csubtabla, cversubt, ccla1, ccla2,
                   ccla3, ccla4, ccla5, ccla6, ccla7, ccla8, nval1,
                   nval2, nval3, nval4, nval5, nval6, falta, cusualt,
                   fmodifi, cusumod, ccla9, ccla10, nval7, nval8, nval9,
                   nval10
                  )
           VALUES (sdetalle_conf.NEXTVAL, 24, 8000047, 1, 80003, 1,
                   1884720, NULL, NULL, NULL, NULL, NULL, 25842.7274927296,
                   NULL, NULL, NULL, NULL, NULL, f_sysdate, f_user,
                   NULL, NULL, NULL, NULL, NULL, NULL, NULL,
                   NULL
                  );
   EXCEPTION
      WHEN DUP_VAL_ON_INDEX
      THEN
         NULL;
   END;

   BEGIN
      INSERT INTO sgt_subtabs_det
                  (sdetalle, cempres, csubtabla, cversubt, ccla1, ccla2,
                   ccla3, ccla4, ccla5, ccla6, ccla7, ccla8, nval1,
                   nval2, nval3, nval4, nval5, nval6, falta, cusualt,
                   fmodifi, cusumod, ccla9, ccla10, nval7, nval8, nval9,
                   nval10
                  )
           VALUES (sdetalle_conf.NEXTVAL, 24, 8000047, 1, 80001, 2,
                   1884720, NULL, NULL, NULL, NULL, NULL, 23898.2812551874,
                   NULL, NULL, NULL, NULL, NULL, f_sysdate, f_user,
                   NULL, NULL, NULL, NULL, NULL, NULL, NULL,
                   NULL
                  );
   EXCEPTION
      WHEN DUP_VAL_ON_INDEX
      THEN
         NULL;
   END;

   BEGIN
      INSERT INTO sgt_subtabs_det
                  (sdetalle, cempres, csubtabla, cversubt, ccla1, ccla2,
                   ccla3, ccla4, ccla5, ccla6, ccla7, ccla8, nval1,
                   nval2, nval3, nval4, nval5, nval6, falta, cusualt,
                   fmodifi, cusumod, ccla9, ccla10, nval7, nval8, nval9,
                   nval10
                  )
           VALUES (sdetalle_conf.NEXTVAL, 24, 8000047, 1, 80002, 2,
                   1884720, NULL, NULL, NULL, NULL, NULL, 23898.2812551874,
                   NULL, NULL, NULL, NULL, NULL, f_sysdate, f_user,
                   NULL, NULL, NULL, NULL, NULL, NULL, NULL,
                   NULL
                  );
   EXCEPTION
      WHEN DUP_VAL_ON_INDEX
      THEN
         NULL;
   END;

   BEGIN
      INSERT INTO sgt_subtabs_det
                  (sdetalle, cempres, csubtabla, cversubt, ccla1, ccla2,
                   ccla3, ccla4, ccla5, ccla6, ccla7, ccla8, nval1,
                   nval2, nval3, nval4, nval5, nval6, falta, cusualt,
                   fmodifi, cusumod, ccla9, ccla10, nval7, nval8, nval9,
                   nval10
                  )
           VALUES (sdetalle_conf.NEXTVAL, 24, 8000047, 1, 80003, 2,
                   1884720, NULL, NULL, NULL, NULL, NULL, 23898.2812551874,
                   NULL, NULL, NULL, NULL, NULL, f_sysdate, f_user,
                   NULL, NULL, NULL, NULL, NULL, NULL, NULL,
                   NULL
                  );
   EXCEPTION
      WHEN DUP_VAL_ON_INDEX
      THEN
         NULL;
   END;

   BEGIN
      INSERT INTO sgt_subtabs_det
                  (sdetalle, cempres, csubtabla, cversubt, ccla1, ccla2,
                   ccla3, ccla4, ccla5, ccla6, ccla7, ccla8, nval1,
                   nval2, nval3, nval4, nval5, nval6, falta, cusualt,
                   fmodifi, cusumod, ccla9, ccla10, nval7, nval8, nval9,
                   nval10
                  )
           VALUES (sdetalle_conf.NEXTVAL, 24, 8000047, 1, 80001, 0,
                   1884720, NULL, NULL, NULL, NULL, NULL, 23898.2812551874,
                   NULL, NULL, NULL, NULL, NULL, f_sysdate, f_user,
                   NULL, NULL, NULL, NULL, NULL, NULL, NULL,
                   NULL
                  );
   EXCEPTION
      WHEN DUP_VAL_ON_INDEX
      THEN
         NULL;
   END;

   BEGIN
      INSERT INTO sgt_subtabs_det
                  (sdetalle, cempres, csubtabla, cversubt, ccla1, ccla2,
                   ccla3, ccla4, ccla5, ccla6, ccla7, ccla8, nval1,
                   nval2, nval3, nval4, nval5, nval6, falta, cusualt,
                   fmodifi, cusumod, ccla9, ccla10, nval7, nval8, nval9,
                   nval10
                  )
           VALUES (sdetalle_conf.NEXTVAL, 24, 8000047, 1, 80002, 0,
                   1884720, NULL, NULL, NULL, NULL, NULL, 23898.2812551874,
                   NULL, NULL, NULL, NULL, NULL, f_sysdate, f_user,
                   NULL, NULL, NULL, NULL, NULL, NULL, NULL,
                   NULL
                  );
   EXCEPTION
      WHEN DUP_VAL_ON_INDEX
      THEN
         NULL;
   END;

   BEGIN
      INSERT INTO sgt_subtabs_det
                  (sdetalle, cempres, csubtabla, cversubt, ccla1, ccla2,
                   ccla3, ccla4, ccla5, ccla6, ccla7, ccla8, nval1,
                   nval2, nval3, nval4, nval5, nval6, falta, cusualt,
                   fmodifi, cusumod, ccla9, ccla10, nval7, nval8, nval9,
                   nval10
                  )
           VALUES (sdetalle_conf.NEXTVAL, 24, 8000047, 1, 80003, 0,
                   1884720, NULL, NULL, NULL, NULL, NULL, 23898.2812551874,
                   NULL, NULL, NULL, NULL, NULL, f_sysdate, f_user,
                   NULL, NULL, NULL, NULL, NULL, NULL, NULL,
                   NULL
                  );
   EXCEPTION
      WHEN DUP_VAL_ON_INDEX
      THEN
         NULL;
   END;

   BEGIN
      INSERT INTO sgt_subtabs_det
                  (sdetalle, cempres, csubtabla, cversubt, ccla1, ccla2,
                   ccla3, ccla4, ccla5, ccla6, ccla7, ccla8, nval1,
                   nval2, nval3, nval4, nval5, nval6, falta, cusualt,
                   fmodifi, cusumod, ccla9, ccla10, nval7, nval8, nval9,
                   nval10
                  )
           VALUES (sdetalle_conf.NEXTVAL, 24, 8000047, 1, 80001, 1,
                   1884720, NULL, NULL, NULL, NULL, NULL, 25842.7274927296,
                   NULL, NULL, NULL, NULL, NULL, f_sysdate, f_user,
                   NULL, NULL, NULL, NULL, NULL, NULL, NULL,
                   NULL
                  );
   EXCEPTION
      WHEN DUP_VAL_ON_INDEX
      THEN
         NULL;
   END;

   BEGIN
      INSERT INTO sgt_subtabs_det
                  (sdetalle, cempres, csubtabla, cversubt, ccla1, ccla2,
                   ccla3, ccla4, ccla5, ccla6, ccla7, ccla8, nval1,
                   nval2, nval3, nval4, nval5, nval6, falta, cusualt,
                   fmodifi, cusumod, ccla9, ccla10, nval7, nval8, nval9,
                   nval10
                  )
           VALUES (sdetalle_conf.NEXTVAL, 24, 8000047, 1, 80002, 1,
                   1884720, NULL, NULL, NULL, NULL, NULL, 25842.7274927296,
                   NULL, NULL, NULL, NULL, NULL, f_sysdate, f_user,
                   NULL, NULL, NULL, NULL, NULL, NULL, NULL,
                   NULL
                  );
   EXCEPTION
      WHEN DUP_VAL_ON_INDEX
      THEN
         NULL;
   END;

   BEGIN
      INSERT INTO sgt_subtabs_det
                  (sdetalle, cempres, csubtabla, cversubt, ccla1, ccla2,
                   ccla3, ccla4, ccla5, ccla6, ccla7, ccla8, nval1,
                   nval2, nval3, nval4, nval5, nval6, falta, cusualt,
                   fmodifi, cusumod, ccla9, ccla10, nval7, nval8, nval9,
                   nval10
                  )
           VALUES (sdetalle_conf.NEXTVAL, 24, 8000047, 1, 80003, 1,
                   1884720, NULL, NULL, NULL, NULL, NULL, 25842.7274927296,
                   NULL, NULL, NULL, NULL, NULL, f_sysdate, f_user,
                   NULL, NULL, NULL, NULL, NULL, NULL, NULL,
                   NULL
                  );
   EXCEPTION
      WHEN DUP_VAL_ON_INDEX
      THEN
         NULL;
   END;

   BEGIN
      INSERT INTO sgt_subtabs_det
                  (sdetalle, cempres, csubtabla, cversubt, ccla1, ccla2,
                   ccla3, ccla4, ccla5, ccla6, ccla7, ccla8, nval1,
                   nval2, nval3, nval4, nval5, nval6, falta, cusualt,
                   fmodifi, cusumod, ccla9, ccla10, nval7, nval8, nval9,
                   nval10
                  )
           VALUES (sdetalle_conf.NEXTVAL, 24, 8000047, 1, 80001, 0,
                   1884720, NULL, NULL, NULL, NULL, NULL, 23898.2812551874,
                   NULL, NULL, NULL, NULL, NULL, f_sysdate, f_user,
                   NULL, NULL, NULL, NULL, NULL, NULL, NULL,
                   NULL
                  );
   EXCEPTION
      WHEN DUP_VAL_ON_INDEX
      THEN
         NULL;
   END;

   BEGIN
      INSERT INTO sgt_subtabs_det
                  (sdetalle, cempres, csubtabla, cversubt, ccla1, ccla2,
                   ccla3, ccla4, ccla5, ccla6, ccla7, ccla8, nval1,
                   nval2, nval3, nval4, nval5, nval6, falta, cusualt,
                   fmodifi, cusumod, ccla9, ccla10, nval7, nval8, nval9,
                   nval10
                  )
           VALUES (sdetalle_conf.NEXTVAL, 24, 8000047, 1, 80002, 0,
                   1884720, NULL, NULL, NULL, NULL, NULL, 23898.2812551874,
                   NULL, NULL, NULL, NULL, NULL, f_sysdate, f_user,
                   NULL, NULL, NULL, NULL, NULL, NULL, NULL,
                   NULL
                  );
   EXCEPTION
      WHEN DUP_VAL_ON_INDEX
      THEN
         NULL;
   END;

   BEGIN
      INSERT INTO sgt_subtabs_det
                  (sdetalle, cempres, csubtabla, cversubt, ccla1, ccla2,
                   ccla3, ccla4, ccla5, ccla6, ccla7, ccla8, nval1,
                   nval2, nval3, nval4, nval5, nval6, falta, cusualt,
                   fmodifi, cusumod, ccla9, ccla10, nval7, nval8, nval9,
                   nval10
                  )
           VALUES (sdetalle_conf.NEXTVAL, 24, 8000047, 1, 80003, 0,
                   1884720, NULL, NULL, NULL, NULL, NULL, 23898.2812551874,
                   NULL, NULL, NULL, NULL, NULL, f_sysdate, f_user,
                   NULL, NULL, NULL, NULL, NULL, NULL, NULL,
                   NULL
                  );
   EXCEPTION
      WHEN DUP_VAL_ON_INDEX
      THEN
         NULL;
   END;

   BEGIN
      INSERT INTO sgt_subtabs_det
                  (sdetalle, cempres, csubtabla, cversubt, ccla1, ccla2,
                   ccla3, ccla4, ccla5, ccla6, ccla7, ccla8, nval1,
                   nval2, nval3, nval4, nval5, nval6, falta, cusualt,
                   fmodifi, cusumod, ccla9, ccla10, nval7, nval8, nval9,
                   nval10
                  )
           VALUES (sdetalle_conf.NEXTVAL, 24, 8000047, 1, 80001, 3,
                   1884720, NULL, NULL, NULL, NULL, NULL, 23100.7738161645,
                   NULL, NULL, NULL, NULL, NULL, f_sysdate, f_user,
                   NULL, NULL, NULL, NULL, NULL, NULL, NULL,
                   NULL
                  );
   EXCEPTION
      WHEN DUP_VAL_ON_INDEX
      THEN
         NULL;
   END;

   BEGIN
      INSERT INTO sgt_subtabs_det
                  (sdetalle, cempres, csubtabla, cversubt, ccla1, ccla2,
                   ccla3, ccla4, ccla5, ccla6, ccla7, ccla8, nval1,
                   nval2, nval3, nval4, nval5, nval6, falta, cusualt,
                   fmodifi, cusumod, ccla9, ccla10, nval7, nval8, nval9,
                   nval10
                  )
           VALUES (sdetalle_conf.NEXTVAL, 24, 8000047, 1, 80002, 3,
                   1884720, NULL, NULL, NULL, NULL, NULL, 23100.7738161645,
                   NULL, NULL, NULL, NULL, NULL, f_sysdate, f_user,
                   NULL, NULL, NULL, NULL, NULL, NULL, NULL,
                   NULL
                  );
   EXCEPTION
      WHEN DUP_VAL_ON_INDEX
      THEN
         NULL;
   END;

   BEGIN
      INSERT INTO sgt_subtabs_det
                  (sdetalle, cempres, csubtabla, cversubt, ccla1, ccla2,
                   ccla3, ccla4, ccla5, ccla6, ccla7, ccla8, nval1,
                   nval2, nval3, nval4, nval5, nval6, falta, cusualt,
                   fmodifi, cusumod, ccla9, ccla10, nval7, nval8, nval9,
                   nval10
                  )
           VALUES (sdetalle_conf.NEXTVAL, 24, 8000047, 1, 80003, 3,
                   1884720, NULL, NULL, NULL, NULL, NULL, 23100.7738161645,
                   NULL, NULL, NULL, NULL, NULL, f_sysdate, f_user,
                   NULL, NULL, NULL, NULL, NULL, NULL, NULL,
                   NULL
                  );
   EXCEPTION
      WHEN DUP_VAL_ON_INDEX
      THEN
         NULL;
   END;

   BEGIN
      INSERT INTO sgt_subtabs_det
                  (sdetalle, cempres, csubtabla, cversubt, ccla1, ccla2,
                   ccla3, ccla4, ccla5, ccla6, ccla7, ccla8, nval1,
                   nval2, nval3, nval4, nval5, nval6, falta, cusualt,
                   fmodifi, cusumod, ccla9, ccla10, nval7, nval8, nval9,
                   nval10
                  )
           VALUES (sdetalle_conf.NEXTVAL, 24, 8000047, 1, 80001, 1,
                   1884720, NULL, NULL, NULL, NULL, NULL, 25842.7274927296,
                   NULL, NULL, NULL, NULL, NULL, f_sysdate, f_user,
                   NULL, NULL, NULL, NULL, NULL, NULL, NULL,
                   NULL
                  );
   EXCEPTION
      WHEN DUP_VAL_ON_INDEX
      THEN
         NULL;
   END;

   BEGIN
      INSERT INTO sgt_subtabs_det
                  (sdetalle, cempres, csubtabla, cversubt, ccla1, ccla2,
                   ccla3, ccla4, ccla5, ccla6, ccla7, ccla8, nval1,
                   nval2, nval3, nval4, nval5, nval6, falta, cusualt,
                   fmodifi, cusumod, ccla9, ccla10, nval7, nval8, nval9,
                   nval10
                  )
           VALUES (sdetalle_conf.NEXTVAL, 24, 8000047, 1, 80002, 1,
                   1884720, NULL, NULL, NULL, NULL, NULL, 25842.7274927296,
                   NULL, NULL, NULL, NULL, NULL, f_sysdate, f_user,
                   NULL, NULL, NULL, NULL, NULL, NULL, NULL,
                   NULL
                  );
   EXCEPTION
      WHEN DUP_VAL_ON_INDEX
      THEN
         NULL;
   END;

   BEGIN
      INSERT INTO sgt_subtabs_det
                  (sdetalle, cempres, csubtabla, cversubt, ccla1, ccla2,
                   ccla3, ccla4, ccla5, ccla6, ccla7, ccla8, nval1,
                   nval2, nval3, nval4, nval5, nval6, falta, cusualt,
                   fmodifi, cusumod, ccla9, ccla10, nval7, nval8, nval9,
                   nval10
                  )
           VALUES (sdetalle_conf.NEXTVAL, 24, 8000047, 1, 80003, 1,
                   1884720, NULL, NULL, NULL, NULL, NULL, 25842.7274927296,
                   NULL, NULL, NULL, NULL, NULL, f_sysdate, f_user,
                   NULL, NULL, NULL, NULL, NULL, NULL, NULL,
                   NULL
                  );
   EXCEPTION
      WHEN DUP_VAL_ON_INDEX
      THEN
         NULL;
   END;

   BEGIN
      INSERT INTO sgt_subtabs_det
                  (sdetalle, cempres, csubtabla, cversubt, ccla1, ccla2,
                   ccla3, ccla4, ccla5, ccla6, ccla7, ccla8, nval1,
                   nval2, nval3, nval4, nval5, nval6, falta, cusualt,
                   fmodifi, cusumod, ccla9, ccla10, nval7, nval8, nval9,
                   nval10
                  )
           VALUES (sdetalle_conf.NEXTVAL, 24, 8000047, 1, 80001, 2,
                   1884720, NULL, NULL, NULL, NULL, NULL, 23898.2812551874,
                   NULL, NULL, NULL, NULL, NULL, f_sysdate, f_user,
                   NULL, NULL, NULL, NULL, NULL, NULL, NULL,
                   NULL
                  );
   EXCEPTION
      WHEN DUP_VAL_ON_INDEX
      THEN
         NULL;
   END;

   BEGIN
      INSERT INTO sgt_subtabs_det
                  (sdetalle, cempres, csubtabla, cversubt, ccla1, ccla2,
                   ccla3, ccla4, ccla5, ccla6, ccla7, ccla8, nval1,
                   nval2, nval3, nval4, nval5, nval6, falta, cusualt,
                   fmodifi, cusumod, ccla9, ccla10, nval7, nval8, nval9,
                   nval10
                  )
           VALUES (sdetalle_conf.NEXTVAL, 24, 8000047, 1, 80002, 2,
                   1884720, NULL, NULL, NULL, NULL, NULL, 23898.2812551874,
                   NULL, NULL, NULL, NULL, NULL, f_sysdate, f_user,
                   NULL, NULL, NULL, NULL, NULL, NULL, NULL,
                   NULL
                  );
   EXCEPTION
      WHEN DUP_VAL_ON_INDEX
      THEN
         NULL;
   END;

   BEGIN
      INSERT INTO sgt_subtabs_det
                  (sdetalle, cempres, csubtabla, cversubt, ccla1, ccla2,
                   ccla3, ccla4, ccla5, ccla6, ccla7, ccla8, nval1,
                   nval2, nval3, nval4, nval5, nval6, falta, cusualt,
                   fmodifi, cusumod, ccla9, ccla10, nval7, nval8, nval9,
                   nval10
                  )
           VALUES (sdetalle_conf.NEXTVAL, 24, 8000047, 1, 80003, 2,
                   1884720, NULL, NULL, NULL, NULL, NULL, 23898.2812551874,
                   NULL, NULL, NULL, NULL, NULL, f_sysdate, f_user,
                   NULL, NULL, NULL, NULL, NULL, NULL, NULL,
                   NULL
                  );
   EXCEPTION
      WHEN DUP_VAL_ON_INDEX
      THEN
         NULL;
   END;

   BEGIN
      INSERT INTO sgt_subtabs_det
                  (sdetalle, cempres, csubtabla, cversubt, ccla1, ccla2,
                   ccla3, ccla4, ccla5, ccla6, ccla7, ccla8, nval1,
                   nval2, nval3, nval4, nval5, nval6, falta, cusualt,
                   fmodifi, cusumod, ccla9, ccla10, nval7, nval8, nval9,
                   nval10
                  )
           VALUES (sdetalle_conf.NEXTVAL, 24, 8000047, 1, 80001, 0,
                   1884720, NULL, NULL, NULL, NULL, NULL, 23898.2812551874,
                   NULL, NULL, NULL, NULL, NULL, f_sysdate, f_user,
                   NULL, NULL, NULL, NULL, NULL, NULL, NULL,
                   NULL
                  );
   EXCEPTION
      WHEN DUP_VAL_ON_INDEX
      THEN
         NULL;
   END;

   BEGIN
      INSERT INTO sgt_subtabs_det
                  (sdetalle, cempres, csubtabla, cversubt, ccla1, ccla2,
                   ccla3, ccla4, ccla5, ccla6, ccla7, ccla8, nval1,
                   nval2, nval3, nval4, nval5, nval6, falta, cusualt,
                   fmodifi, cusumod, ccla9, ccla10, nval7, nval8, nval9,
                   nval10
                  )
           VALUES (sdetalle_conf.NEXTVAL, 24, 8000047, 1, 80002, 0,
                   1884720, NULL, NULL, NULL, NULL, NULL, 23898.2812551874,
                   NULL, NULL, NULL, NULL, NULL, f_sysdate, f_user,
                   NULL, NULL, NULL, NULL, NULL, NULL, NULL,
                   NULL
                  );
   EXCEPTION
      WHEN DUP_VAL_ON_INDEX
      THEN
         NULL;
   END;

   BEGIN
      INSERT INTO sgt_subtabs_det
                  (sdetalle, cempres, csubtabla, cversubt, ccla1, ccla2,
                   ccla3, ccla4, ccla5, ccla6, ccla7, ccla8, nval1,
                   nval2, nval3, nval4, nval5, nval6, falta, cusualt,
                   fmodifi, cusumod, ccla9, ccla10, nval7, nval8, nval9,
                   nval10
                  )
           VALUES (sdetalle_conf.NEXTVAL, 24, 8000047, 1, 80003, 0,
                   1884720, NULL, NULL, NULL, NULL, NULL, 23898.2812551874,
                   NULL, NULL, NULL, NULL, NULL, f_sysdate, f_user,
                   NULL, NULL, NULL, NULL, NULL, NULL, NULL,
                   NULL
                  );
   EXCEPTION
      WHEN DUP_VAL_ON_INDEX
      THEN
         NULL;
   END;

   BEGIN
      INSERT INTO sgt_subtabs_det
                  (sdetalle, cempres, csubtabla, cversubt, ccla1, ccla2,
                   ccla3, ccla4, ccla5, ccla6, ccla7, ccla8, nval1,
                   nval2, nval3, nval4, nval5, nval6, falta, cusualt,
                   fmodifi, cusumod, ccla9, ccla10, nval7, nval8, nval9,
                   nval10
                  )
           VALUES (sdetalle_conf.NEXTVAL, 24, 8000047, 1, 80001, 0,
                   1874720, NULL, NULL, NULL, NULL, NULL, 23898.2812551874,
                   NULL, NULL, NULL, NULL, NULL, f_sysdate, f_user,
                   NULL, NULL, NULL, NULL, NULL, NULL, NULL,
                   NULL
                  );
   EXCEPTION
      WHEN DUP_VAL_ON_INDEX
      THEN
         NULL;
   END;

   BEGIN
      INSERT INTO sgt_subtabs_det
                  (sdetalle, cempres, csubtabla, cversubt, ccla1, ccla2,
                   ccla3, ccla4, ccla5, ccla6, ccla7, ccla8, nval1,
                   nval2, nval3, nval4, nval5, nval6, falta, cusualt,
                   fmodifi, cusumod, ccla9, ccla10, nval7, nval8, nval9,
                   nval10
                  )
           VALUES (sdetalle_conf.NEXTVAL, 24, 8000047, 1, 80002, 0,
                   1874720, NULL, NULL, NULL, NULL, NULL, 23898.2812551874,
                   NULL, NULL, NULL, NULL, NULL, f_sysdate, f_user,
                   NULL, NULL, NULL, NULL, NULL, NULL, NULL,
                   NULL
                  );
   EXCEPTION
      WHEN DUP_VAL_ON_INDEX
      THEN
         NULL;
   END;

   BEGIN
      INSERT INTO sgt_subtabs_det
                  (sdetalle, cempres, csubtabla, cversubt, ccla1, ccla2,
                   ccla3, ccla4, ccla5, ccla6, ccla7, ccla8, nval1,
                   nval2, nval3, nval4, nval5, nval6, falta, cusualt,
                   fmodifi, cusumod, ccla9, ccla10, nval7, nval8, nval9,
                   nval10
                  )
           VALUES (sdetalle_conf.NEXTVAL, 24, 8000047, 1, 80003, 0,
                   1874720, NULL, NULL, NULL, NULL, NULL, 23898.2812551874,
                   NULL, NULL, NULL, NULL, NULL, f_sysdate, f_user,
                   NULL, NULL, NULL, NULL, NULL, NULL, NULL,
                   NULL
                  );
   EXCEPTION
      WHEN DUP_VAL_ON_INDEX
      THEN
         NULL;
   END;

   BEGIN
      INSERT INTO sgt_subtabs_det
                  (sdetalle, cempres, csubtabla, cversubt, ccla1, ccla2,
                   ccla3, ccla4, ccla5, ccla6, ccla7, ccla8, nval1,
                   nval2, nval3, nval4, nval5, nval6, falta, cusualt,
                   fmodifi, cusumod, ccla9, ccla10, nval7, nval8, nval9,
                   nval10
                  )
           VALUES (sdetalle_conf.NEXTVAL, 24, 8000047, 1, 80001, 3,
                   1874720, NULL, NULL, NULL, NULL, NULL, 23100.7738161645,
                   NULL, NULL, NULL, NULL, NULL, f_sysdate, f_user,
                   NULL, NULL, NULL, NULL, NULL, NULL, NULL,
                   NULL
                  );
   EXCEPTION
      WHEN DUP_VAL_ON_INDEX
      THEN
         NULL;
   END;

   BEGIN
      INSERT INTO sgt_subtabs_det
                  (sdetalle, cempres, csubtabla, cversubt, ccla1, ccla2,
                   ccla3, ccla4, ccla5, ccla6, ccla7, ccla8, nval1,
                   nval2, nval3, nval4, nval5, nval6, falta, cusualt,
                   fmodifi, cusumod, ccla9, ccla10, nval7, nval8, nval9,
                   nval10
                  )
           VALUES (sdetalle_conf.NEXTVAL, 24, 8000047, 1, 80002, 3,
                   1874720, NULL, NULL, NULL, NULL, NULL, 23100.7738161645,
                   NULL, NULL, NULL, NULL, NULL, f_sysdate, f_user,
                   NULL, NULL, NULL, NULL, NULL, NULL, NULL,
                   NULL
                  );
   EXCEPTION
      WHEN DUP_VAL_ON_INDEX
      THEN
         NULL;
   END;

   BEGIN
      INSERT INTO sgt_subtabs_det
                  (sdetalle, cempres, csubtabla, cversubt, ccla1, ccla2,
                   ccla3, ccla4, ccla5, ccla6, ccla7, ccla8, nval1,
                   nval2, nval3, nval4, nval5, nval6, falta, cusualt,
                   fmodifi, cusumod, ccla9, ccla10, nval7, nval8, nval9,
                   nval10
                  )
           VALUES (sdetalle_conf.NEXTVAL, 24, 8000047, 1, 80003, 3,
                   1874720, NULL, NULL, NULL, NULL, NULL, 23100.7738161645,
                   NULL, NULL, NULL, NULL, NULL, f_sysdate, f_user,
                   NULL, NULL, NULL, NULL, NULL, NULL, NULL,
                   NULL
                  );
   EXCEPTION
      WHEN DUP_VAL_ON_INDEX
      THEN
         NULL;
   END;

   BEGIN
      INSERT INTO sgt_subtabs_det
                  (sdetalle, cempres, csubtabla, cversubt, ccla1, ccla2,
                   ccla3, ccla4, ccla5, ccla6, ccla7, ccla8, nval1,
                   nval2, nval3, nval4, nval5, nval6, falta, cusualt,
                   fmodifi, cusumod, ccla9, ccla10, nval7, nval8, nval9,
                   nval10
                  )
           VALUES (sdetalle_conf.NEXTVAL, 24, 8000047, 1, 80001, 1,
                   1874720, NULL, NULL, NULL, NULL, NULL, 25842.7274927296,
                   NULL, NULL, NULL, NULL, NULL, f_sysdate, f_user,
                   NULL, NULL, NULL, NULL, NULL, NULL, NULL,
                   NULL
                  );
   EXCEPTION
      WHEN DUP_VAL_ON_INDEX
      THEN
         NULL;
   END;

   BEGIN
      INSERT INTO sgt_subtabs_det
                  (sdetalle, cempres, csubtabla, cversubt, ccla1, ccla2,
                   ccla3, ccla4, ccla5, ccla6, ccla7, ccla8, nval1,
                   nval2, nval3, nval4, nval5, nval6, falta, cusualt,
                   fmodifi, cusumod, ccla9, ccla10, nval7, nval8, nval9,
                   nval10
                  )
           VALUES (sdetalle_conf.NEXTVAL, 24, 8000047, 1, 80002, 1,
                   1874720, NULL, NULL, NULL, NULL, NULL, 25842.7274927296,
                   NULL, NULL, NULL, NULL, NULL, f_sysdate, f_user,
                   NULL, NULL, NULL, NULL, NULL, NULL, NULL,
                   NULL
                  );
   EXCEPTION
      WHEN DUP_VAL_ON_INDEX
      THEN
         NULL;
   END;

   BEGIN
      INSERT INTO sgt_subtabs_det
                  (sdetalle, cempres, csubtabla, cversubt, ccla1, ccla2,
                   ccla3, ccla4, ccla5, ccla6, ccla7, ccla8, nval1,
                   nval2, nval3, nval4, nval5, nval6, falta, cusualt,
                   fmodifi, cusumod, ccla9, ccla10, nval7, nval8, nval9,
                   nval10
                  )
           VALUES (sdetalle_conf.NEXTVAL, 24, 8000047, 1, 80003, 1,
                   1874720, NULL, NULL, NULL, NULL, NULL, 25842.7274927296,
                   NULL, NULL, NULL, NULL, NULL, f_sysdate, f_user,
                   NULL, NULL, NULL, NULL, NULL, NULL, NULL,
                   NULL
                  );
   EXCEPTION
      WHEN DUP_VAL_ON_INDEX
      THEN
         NULL;
   END;

   BEGIN
      INSERT INTO sgt_subtabs_det
                  (sdetalle, cempres, csubtabla, cversubt, ccla1, ccla2,
                   ccla3, ccla4, ccla5, ccla6, ccla7, ccla8, nval1,
                   nval2, nval3, nval4, nval5, nval6, falta, cusualt,
                   fmodifi, cusumod, ccla9, ccla10, nval7, nval8, nval9,
                   nval10
                  )
           VALUES (sdetalle_conf.NEXTVAL, 24, 8000047, 1, 80001, 1,
                   1874720, NULL, NULL, NULL, NULL, NULL, 25842.7274927296,
                   NULL, NULL, NULL, NULL, NULL, f_sysdate, f_user,
                   NULL, NULL, NULL, NULL, NULL, NULL, NULL,
                   NULL
                  );
   EXCEPTION
      WHEN DUP_VAL_ON_INDEX
      THEN
         NULL;
   END;

   BEGIN
      INSERT INTO sgt_subtabs_det
                  (sdetalle, cempres, csubtabla, cversubt, ccla1, ccla2,
                   ccla3, ccla4, ccla5, ccla6, ccla7, ccla8, nval1,
                   nval2, nval3, nval4, nval5, nval6, falta, cusualt,
                   fmodifi, cusumod, ccla9, ccla10, nval7, nval8, nval9,
                   nval10
                  )
           VALUES (sdetalle_conf.NEXTVAL, 24, 8000047, 1, 80002, 1,
                   1874720, NULL, NULL, NULL, NULL, NULL, 25842.7274927296,
                   NULL, NULL, NULL, NULL, NULL, f_sysdate, f_user,
                   NULL, NULL, NULL, NULL, NULL, NULL, NULL,
                   NULL
                  );
   EXCEPTION
      WHEN DUP_VAL_ON_INDEX
      THEN
         NULL;
   END;

   BEGIN
      INSERT INTO sgt_subtabs_det
                  (sdetalle, cempres, csubtabla, cversubt, ccla1, ccla2,
                   ccla3, ccla4, ccla5, ccla6, ccla7, ccla8, nval1,
                   nval2, nval3, nval4, nval5, nval6, falta, cusualt,
                   fmodifi, cusumod, ccla9, ccla10, nval7, nval8, nval9,
                   nval10
                  )
           VALUES (sdetalle_conf.NEXTVAL, 24, 8000047, 1, 80003, 1,
                   1874720, NULL, NULL, NULL, NULL, NULL, 25842.7274927296,
                   NULL, NULL, NULL, NULL, NULL, f_sysdate, f_user,
                   NULL, NULL, NULL, NULL, NULL, NULL, NULL,
                   NULL
                  );
   EXCEPTION
      WHEN DUP_VAL_ON_INDEX
      THEN
         NULL;
   END;

   BEGIN
      INSERT INTO sgt_subtabs_det
                  (sdetalle, cempres, csubtabla, cversubt, ccla1, ccla2,
                   ccla3, ccla4, ccla5, ccla6, ccla7, ccla8, nval1,
                   nval2, nval3, nval4, nval5, nval6, falta, cusualt,
                   fmodifi, cusumod, ccla9, ccla10, nval7, nval8, nval9,
                   nval10
                  )
           VALUES (sdetalle_conf.NEXTVAL, 24, 8000047, 1, 80001, 2,
                   1874720, NULL, NULL, NULL, NULL, NULL, 23898.2812551874,
                   NULL, NULL, NULL, NULL, NULL, f_sysdate, f_user,
                   NULL, NULL, NULL, NULL, NULL, NULL, NULL,
                   NULL
                  );
   EXCEPTION
      WHEN DUP_VAL_ON_INDEX
      THEN
         NULL;
   END;

   BEGIN
      INSERT INTO sgt_subtabs_det
                  (sdetalle, cempres, csubtabla, cversubt, ccla1, ccla2,
                   ccla3, ccla4, ccla5, ccla6, ccla7, ccla8, nval1,
                   nval2, nval3, nval4, nval5, nval6, falta, cusualt,
                   fmodifi, cusumod, ccla9, ccla10, nval7, nval8, nval9,
                   nval10
                  )
           VALUES (sdetalle_conf.NEXTVAL, 24, 8000047, 1, 80002, 2,
                   1874720, NULL, NULL, NULL, NULL, NULL, 23898.2812551874,
                   NULL, NULL, NULL, NULL, NULL, f_sysdate, f_user,
                   NULL, NULL, NULL, NULL, NULL, NULL, NULL,
                   NULL
                  );
   EXCEPTION
      WHEN DUP_VAL_ON_INDEX
      THEN
         NULL;
   END;

   BEGIN
      INSERT INTO sgt_subtabs_det
                  (sdetalle, cempres, csubtabla, cversubt, ccla1, ccla2,
                   ccla3, ccla4, ccla5, ccla6, ccla7, ccla8, nval1,
                   nval2, nval3, nval4, nval5, nval6, falta, cusualt,
                   fmodifi, cusumod, ccla9, ccla10, nval7, nval8, nval9,
                   nval10
                  )
           VALUES (sdetalle_conf.NEXTVAL, 24, 8000047, 1, 80003, 2,
                   1874720, NULL, NULL, NULL, NULL, NULL, 23898.2812551874,
                   NULL, NULL, NULL, NULL, NULL, f_sysdate, f_user,
                   NULL, NULL, NULL, NULL, NULL, NULL, NULL,
                   NULL
                  );
   EXCEPTION
      WHEN DUP_VAL_ON_INDEX
      THEN
         NULL;
   END;

   BEGIN
      INSERT INTO sgt_subtabs_det
                  (sdetalle, cempres, csubtabla, cversubt, ccla1, ccla2,
                   ccla3, ccla4, ccla5, ccla6, ccla7, ccla8, nval1,
                   nval2, nval3, nval4, nval5, nval6, falta, cusualt,
                   fmodifi, cusumod, ccla9, ccla10, nval7, nval8, nval9,
                   nval10
                  )
           VALUES (sdetalle_conf.NEXTVAL, 24, 8000047, 1, 80001, 0,
                   1874720, NULL, NULL, NULL, NULL, NULL, 23898.2812551874,
                   NULL, NULL, NULL, NULL, NULL, f_sysdate, f_user,
                   NULL, NULL, NULL, NULL, NULL, NULL, NULL,
                   NULL
                  );
   EXCEPTION
      WHEN DUP_VAL_ON_INDEX
      THEN
         NULL;
   END;

   BEGIN
      INSERT INTO sgt_subtabs_det
                  (sdetalle, cempres, csubtabla, cversubt, ccla1, ccla2,
                   ccla3, ccla4, ccla5, ccla6, ccla7, ccla8, nval1,
                   nval2, nval3, nval4, nval5, nval6, falta, cusualt,
                   fmodifi, cusumod, ccla9, ccla10, nval7, nval8, nval9,
                   nval10
                  )
           VALUES (sdetalle_conf.NEXTVAL, 24, 8000047, 1, 80002, 0,
                   1874720, NULL, NULL, NULL, NULL, NULL, 23898.2812551874,
                   NULL, NULL, NULL, NULL, NULL, f_sysdate, f_user,
                   NULL, NULL, NULL, NULL, NULL, NULL, NULL,
                   NULL
                  );
   EXCEPTION
      WHEN DUP_VAL_ON_INDEX
      THEN
         NULL;
   END;

   BEGIN
      INSERT INTO sgt_subtabs_det
                  (sdetalle, cempres, csubtabla, cversubt, ccla1, ccla2,
                   ccla3, ccla4, ccla5, ccla6, ccla7, ccla8, nval1,
                   nval2, nval3, nval4, nval5, nval6, falta, cusualt,
                   fmodifi, cusumod, ccla9, ccla10, nval7, nval8, nval9,
                   nval10
                  )
           VALUES (sdetalle_conf.NEXTVAL, 24, 8000047, 1, 80003, 0,
                   1874720, NULL, NULL, NULL, NULL, NULL, 23898.2812551874,
                   NULL, NULL, NULL, NULL, NULL, f_sysdate, f_user,
                   NULL, NULL, NULL, NULL, NULL, NULL, NULL,
                   NULL
                  );
   EXCEPTION
      WHEN DUP_VAL_ON_INDEX
      THEN
         NULL;
   END;

   BEGIN
      INSERT INTO sgt_subtabs_det
                  (sdetalle, cempres, csubtabla, cversubt, ccla1, ccla2,
                   ccla3, ccla4, ccla5, ccla6, ccla7, ccla8, nval1,
                   nval2, nval3, nval4, nval5, nval6, falta, cusualt,
                   fmodifi, cusumod, ccla9, ccla10, nval7, nval8, nval9,
                   nval10
                  )
           VALUES (sdetalle_conf.NEXTVAL, 24, 8000047, 1, 80001, 3,
                   1874720, NULL, NULL, NULL, NULL, NULL, 23100.7738161645,
                   NULL, NULL, NULL, NULL, NULL, f_sysdate, f_user,
                   NULL, NULL, NULL, NULL, NULL, NULL, NULL,
                   NULL
                  );
   EXCEPTION
      WHEN DUP_VAL_ON_INDEX
      THEN
         NULL;
   END;

   BEGIN
      INSERT INTO sgt_subtabs_det
                  (sdetalle, cempres, csubtabla, cversubt, ccla1, ccla2,
                   ccla3, ccla4, ccla5, ccla6, ccla7, ccla8, nval1,
                   nval2, nval3, nval4, nval5, nval6, falta, cusualt,
                   fmodifi, cusumod, ccla9, ccla10, nval7, nval8, nval9,
                   nval10
                  )
           VALUES (sdetalle_conf.NEXTVAL, 24, 8000047, 1, 80002, 3,
                   1874720, NULL, NULL, NULL, NULL, NULL, 23100.7738161645,
                   NULL, NULL, NULL, NULL, NULL, f_sysdate, f_user,
                   NULL, NULL, NULL, NULL, NULL, NULL, NULL,
                   NULL
                  );
   EXCEPTION
      WHEN DUP_VAL_ON_INDEX
      THEN
         NULL;
   END;

   BEGIN
      INSERT INTO sgt_subtabs_det
                  (sdetalle, cempres, csubtabla, cversubt, ccla1, ccla2,
                   ccla3, ccla4, ccla5, ccla6, ccla7, ccla8, nval1,
                   nval2, nval3, nval4, nval5, nval6, falta, cusualt,
                   fmodifi, cusumod, ccla9, ccla10, nval7, nval8, nval9,
                   nval10
                  )
           VALUES (sdetalle_conf.NEXTVAL, 24, 8000047, 1, 80003, 3,
                   1874720, NULL, NULL, NULL, NULL, NULL, 23100.7738161645,
                   NULL, NULL, NULL, NULL, NULL, f_sysdate, f_user,
                   NULL, NULL, NULL, NULL, NULL, NULL, NULL,
                   NULL
                  );
   EXCEPTION
      WHEN DUP_VAL_ON_INDEX
      THEN
         NULL;
   END;

   BEGIN
      INSERT INTO sgt_subtabs_det
                  (sdetalle, cempres, csubtabla, cversubt, ccla1, ccla2,
                   ccla3, ccla4, ccla5, ccla6, ccla7, ccla8, nval1,
                   nval2, nval3, nval4, nval5, nval6, falta, cusualt,
                   fmodifi, cusumod, ccla9, ccla10, nval7, nval8, nval9,
                   nval10
                  )
           VALUES (sdetalle_conf.NEXTVAL, 24, 8000047, 1, 80001, 1,
                   1874720, NULL, NULL, NULL, NULL, NULL, 25842.7274927296,
                   NULL, NULL, NULL, NULL, NULL, f_sysdate, f_user,
                   NULL, NULL, NULL, NULL, NULL, NULL, NULL,
                   NULL
                  );
   EXCEPTION
      WHEN DUP_VAL_ON_INDEX
      THEN
         NULL;
   END;

   BEGIN
      INSERT INTO sgt_subtabs_det
                  (sdetalle, cempres, csubtabla, cversubt, ccla1, ccla2,
                   ccla3, ccla4, ccla5, ccla6, ccla7, ccla8, nval1,
                   nval2, nval3, nval4, nval5, nval6, falta, cusualt,
                   fmodifi, cusumod, ccla9, ccla10, nval7, nval8, nval9,
                   nval10
                  )
           VALUES (sdetalle_conf.NEXTVAL, 24, 8000047, 1, 80002, 1,
                   1874720, NULL, NULL, NULL, NULL, NULL, 25842.7274927296,
                   NULL, NULL, NULL, NULL, NULL, f_sysdate, f_user,
                   NULL, NULL, NULL, NULL, NULL, NULL, NULL,
                   NULL
                  );
   EXCEPTION
      WHEN DUP_VAL_ON_INDEX
      THEN
         NULL;
   END;

   BEGIN
      INSERT INTO sgt_subtabs_det
                  (sdetalle, cempres, csubtabla, cversubt, ccla1, ccla2,
                   ccla3, ccla4, ccla5, ccla6, ccla7, ccla8, nval1,
                   nval2, nval3, nval4, nval5, nval6, falta, cusualt,
                   fmodifi, cusumod, ccla9, ccla10, nval7, nval8, nval9,
                   nval10
                  )
           VALUES (sdetalle_conf.NEXTVAL, 24, 8000047, 1, 80003, 1,
                   1874720, NULL, NULL, NULL, NULL, NULL, 25842.7274927296,
                   NULL, NULL, NULL, NULL, NULL, f_sysdate, f_user,
                   NULL, NULL, NULL, NULL, NULL, NULL, NULL,
                   NULL
                  );
   EXCEPTION
      WHEN DUP_VAL_ON_INDEX
      THEN
         NULL;
   END;

   BEGIN
      INSERT INTO sgt_subtabs_det
                  (sdetalle, cempres, csubtabla, cversubt, ccla1, ccla2,
                   ccla3, ccla4, ccla5, ccla6, ccla7, ccla8, nval1,
                   nval2, nval3, nval4, nval5, nval6, falta, cusualt,
                   fmodifi, cusumod, ccla9, ccla10, nval7, nval8, nval9,
                   nval10
                  )
           VALUES (sdetalle_conf.NEXTVAL, 24, 8000047, 1, 80001, 1,
                   1874720, NULL, NULL, NULL, NULL, NULL, 25842.7274927296,
                   NULL, NULL, NULL, NULL, NULL, f_sysdate, f_user,
                   NULL, NULL, NULL, NULL, NULL, NULL, NULL,
                   NULL
                  );
   EXCEPTION
      WHEN DUP_VAL_ON_INDEX
      THEN
         NULL;
   END;

   BEGIN
      INSERT INTO sgt_subtabs_det
                  (sdetalle, cempres, csubtabla, cversubt, ccla1, ccla2,
                   ccla3, ccla4, ccla5, ccla6, ccla7, ccla8, nval1,
                   nval2, nval3, nval4, nval5, nval6, falta, cusualt,
                   fmodifi, cusumod, ccla9, ccla10, nval7, nval8, nval9,
                   nval10
                  )
           VALUES (sdetalle_conf.NEXTVAL, 24, 8000047, 1, 80002, 1,
                   1874720, NULL, NULL, NULL, NULL, NULL, 25842.7274927296,
                   NULL, NULL, NULL, NULL, NULL, f_sysdate, f_user,
                   NULL, NULL, NULL, NULL, NULL, NULL, NULL,
                   NULL
                  );
   EXCEPTION
      WHEN DUP_VAL_ON_INDEX
      THEN
         NULL;
   END;

   BEGIN
      INSERT INTO sgt_subtabs_det
                  (sdetalle, cempres, csubtabla, cversubt, ccla1, ccla2,
                   ccla3, ccla4, ccla5, ccla6, ccla7, ccla8, nval1,
                   nval2, nval3, nval4, nval5, nval6, falta, cusualt,
                   fmodifi, cusumod, ccla9, ccla10, nval7, nval8, nval9,
                   nval10
                  )
           VALUES (sdetalle_conf.NEXTVAL, 24, 8000047, 1, 80003, 1,
                   1874720, NULL, NULL, NULL, NULL, NULL, 25842.7274927296,
                   NULL, NULL, NULL, NULL, NULL, f_sysdate, f_user,
                   NULL, NULL, NULL, NULL, NULL, NULL, NULL,
                   NULL
                  );
   EXCEPTION
      WHEN DUP_VAL_ON_INDEX
      THEN
         NULL;
   END;

   BEGIN
      INSERT INTO sgt_subtabs_det
                  (sdetalle, cempres, csubtabla, cversubt, ccla1, ccla2,
                   ccla3, ccla4, ccla5, ccla6, ccla7, ccla8, nval1,
                   nval2, nval3, nval4, nval5, nval6, falta, cusualt,
                   fmodifi, cusumod, ccla9, ccla10, nval7, nval8, nval9,
                   nval10
                  )
           VALUES (sdetalle_conf.NEXTVAL, 24, 8000047, 1, 80001, 2,
                   1874720, NULL, NULL, NULL, NULL, NULL, 23898.2812551874,
                   NULL, NULL, NULL, NULL, NULL, f_sysdate, f_user,
                   NULL, NULL, NULL, NULL, NULL, NULL, NULL,
                   NULL
                  );
   EXCEPTION
      WHEN DUP_VAL_ON_INDEX
      THEN
         NULL;
   END;

   BEGIN
      INSERT INTO sgt_subtabs_det
                  (sdetalle, cempres, csubtabla, cversubt, ccla1, ccla2,
                   ccla3, ccla4, ccla5, ccla6, ccla7, ccla8, nval1,
                   nval2, nval3, nval4, nval5, nval6, falta, cusualt,
                   fmodifi, cusumod, ccla9, ccla10, nval7, nval8, nval9,
                   nval10
                  )
           VALUES (sdetalle_conf.NEXTVAL, 24, 8000047, 1, 80002, 2,
                   1874720, NULL, NULL, NULL, NULL, NULL, 23898.2812551874,
                   NULL, NULL, NULL, NULL, NULL, f_sysdate, f_user,
                   NULL, NULL, NULL, NULL, NULL, NULL, NULL,
                   NULL
                  );
   EXCEPTION
      WHEN DUP_VAL_ON_INDEX
      THEN
         NULL;
   END;

   BEGIN
      INSERT INTO sgt_subtabs_det
                  (sdetalle, cempres, csubtabla, cversubt, ccla1, ccla2,
                   ccla3, ccla4, ccla5, ccla6, ccla7, ccla8, nval1,
                   nval2, nval3, nval4, nval5, nval6, falta, cusualt,
                   fmodifi, cusumod, ccla9, ccla10, nval7, nval8, nval9,
                   nval10
                  )
           VALUES (sdetalle_conf.NEXTVAL, 24, 8000047, 1, 80003, 2,
                   1874720, NULL, NULL, NULL, NULL, NULL, 23898.2812551874,
                   NULL, NULL, NULL, NULL, NULL, f_sysdate, f_user,
                   NULL, NULL, NULL, NULL, NULL, NULL, NULL,
                   NULL
                  );
   EXCEPTION
      WHEN DUP_VAL_ON_INDEX
      THEN
         NULL;
   END;

   BEGIN
      INSERT INTO sgt_subtabs_det
                  (sdetalle, cempres, csubtabla, cversubt, ccla1, ccla2,
                   ccla3, ccla4, ccla5, ccla6, ccla7, ccla8, nval1,
                   nval2, nval3, nval4, nval5, nval6, falta, cusualt,
                   fmodifi, cusumod, ccla9, ccla10, nval7, nval8, nval9,
                   nval10
                  )
           VALUES (sdetalle_conf.NEXTVAL, 24, 8000047, 1, 80001, 1,
                   1874720, NULL, NULL, NULL, NULL, NULL, 25842.7274927296,
                   NULL, NULL, NULL, NULL, NULL, f_sysdate, f_user,
                   NULL, NULL, NULL, NULL, NULL, NULL, NULL,
                   NULL
                  );
   EXCEPTION
      WHEN DUP_VAL_ON_INDEX
      THEN
         NULL;
   END;

   BEGIN
      INSERT INTO sgt_subtabs_det
                  (sdetalle, cempres, csubtabla, cversubt, ccla1, ccla2,
                   ccla3, ccla4, ccla5, ccla6, ccla7, ccla8, nval1,
                   nval2, nval3, nval4, nval5, nval6, falta, cusualt,
                   fmodifi, cusumod, ccla9, ccla10, nval7, nval8, nval9,
                   nval10
                  )
           VALUES (sdetalle_conf.NEXTVAL, 24, 8000047, 1, 80002, 1,
                   1874720, NULL, NULL, NULL, NULL, NULL, 25842.7274927296,
                   NULL, NULL, NULL, NULL, NULL, f_sysdate, f_user,
                   NULL, NULL, NULL, NULL, NULL, NULL, NULL,
                   NULL
                  );
   EXCEPTION
      WHEN DUP_VAL_ON_INDEX
      THEN
         NULL;
   END;

   BEGIN
      INSERT INTO sgt_subtabs_det
                  (sdetalle, cempres, csubtabla, cversubt, ccla1, ccla2,
                   ccla3, ccla4, ccla5, ccla6, ccla7, ccla8, nval1,
                   nval2, nval3, nval4, nval5, nval6, falta, cusualt,
                   fmodifi, cusumod, ccla9, ccla10, nval7, nval8, nval9,
                   nval10
                  )
           VALUES (sdetalle_conf.NEXTVAL, 24, 8000047, 1, 80003, 1,
                   1874720, NULL, NULL, NULL, NULL, NULL, 25842.7274927296,
                   NULL, NULL, NULL, NULL, NULL, f_sysdate, f_user,
                   NULL, NULL, NULL, NULL, NULL, NULL, NULL,
                   NULL
                  );
   EXCEPTION
      WHEN DUP_VAL_ON_INDEX
      THEN
         NULL;
   END;

   BEGIN
      INSERT INTO sgt_subtabs_det
                  (sdetalle, cempres, csubtabla, cversubt, ccla1, ccla2,
                   ccla3, ccla4, ccla5, ccla6, ccla7, ccla8, nval1,
                   nval2, nval3, nval4, nval5, nval6, falta, cusualt,
                   fmodifi, cusumod, ccla9, ccla10, nval7, nval8, nval9,
                   nval10
                  )
           VALUES (sdetalle_conf.NEXTVAL, 24, 8000047, 1, 80001, 0,
                   1874720, NULL, NULL, NULL, NULL, NULL, 23898.2812551874,
                   NULL, NULL, NULL, NULL, NULL, f_sysdate, f_user,
                   NULL, NULL, NULL, NULL, NULL, NULL, NULL,
                   NULL
                  );
   EXCEPTION
      WHEN DUP_VAL_ON_INDEX
      THEN
         NULL;
   END;

   BEGIN
      INSERT INTO sgt_subtabs_det
                  (sdetalle, cempres, csubtabla, cversubt, ccla1, ccla2,
                   ccla3, ccla4, ccla5, ccla6, ccla7, ccla8, nval1,
                   nval2, nval3, nval4, nval5, nval6, falta, cusualt,
                   fmodifi, cusumod, ccla9, ccla10, nval7, nval8, nval9,
                   nval10
                  )
           VALUES (sdetalle_conf.NEXTVAL, 24, 8000047, 1, 80002, 0,
                   1874720, NULL, NULL, NULL, NULL, NULL, 23898.2812551874,
                   NULL, NULL, NULL, NULL, NULL, f_sysdate, f_user,
                   NULL, NULL, NULL, NULL, NULL, NULL, NULL,
                   NULL
                  );
   EXCEPTION
      WHEN DUP_VAL_ON_INDEX
      THEN
         NULL;
   END;

   BEGIN
      INSERT INTO sgt_subtabs_det
                  (sdetalle, cempres, csubtabla, cversubt, ccla1, ccla2,
                   ccla3, ccla4, ccla5, ccla6, ccla7, ccla8, nval1,
                   nval2, nval3, nval4, nval5, nval6, falta, cusualt,
                   fmodifi, cusumod, ccla9, ccla10, nval7, nval8, nval9,
                   nval10
                  )
           VALUES (sdetalle_conf.NEXTVAL, 24, 8000047, 1, 80003, 0,
                   1874720, NULL, NULL, NULL, NULL, NULL, 23898.2812551874,
                   NULL, NULL, NULL, NULL, NULL, f_sysdate, f_user,
                   NULL, NULL, NULL, NULL, NULL, NULL, NULL,
                   NULL
                  );
   EXCEPTION
      WHEN DUP_VAL_ON_INDEX
      THEN
         NULL;
   END;

   BEGIN
      INSERT INTO sgt_subtabs_det
                  (sdetalle, cempres, csubtabla, cversubt, ccla1, ccla2,
                   ccla3, ccla4, ccla5, ccla6, ccla7, ccla8, nval1,
                   nval2, nval3, nval4, nval5, nval6, falta, cusualt,
                   fmodifi, cusumod, ccla9, ccla10, nval7, nval8, nval9,
                   nval10
                  )
           VALUES (sdetalle_conf.NEXTVAL, 24, 8000047, 1, 80001, 3,
                   1874720, NULL, NULL, NULL, NULL, NULL, 23100.7738161645,
                   NULL, NULL, NULL, NULL, NULL, f_sysdate, f_user,
                   NULL, NULL, NULL, NULL, NULL, NULL, NULL,
                   NULL
                  );
   EXCEPTION
      WHEN DUP_VAL_ON_INDEX
      THEN
         NULL;
   END;

   BEGIN
      INSERT INTO sgt_subtabs_det
                  (sdetalle, cempres, csubtabla, cversubt, ccla1, ccla2,
                   ccla3, ccla4, ccla5, ccla6, ccla7, ccla8, nval1,
                   nval2, nval3, nval4, nval5, nval6, falta, cusualt,
                   fmodifi, cusumod, ccla9, ccla10, nval7, nval8, nval9,
                   nval10
                  )
           VALUES (sdetalle_conf.NEXTVAL, 24, 8000047, 1, 80002, 3,
                   1874720, NULL, NULL, NULL, NULL, NULL, 23100.7738161645,
                   NULL, NULL, NULL, NULL, NULL, f_sysdate, f_user,
                   NULL, NULL, NULL, NULL, NULL, NULL, NULL,
                   NULL
                  );
   EXCEPTION
      WHEN DUP_VAL_ON_INDEX
      THEN
         NULL;
   END;

   BEGIN
      INSERT INTO sgt_subtabs_det
                  (sdetalle, cempres, csubtabla, cversubt, ccla1, ccla2,
                   ccla3, ccla4, ccla5, ccla6, ccla7, ccla8, nval1,
                   nval2, nval3, nval4, nval5, nval6, falta, cusualt,
                   fmodifi, cusumod, ccla9, ccla10, nval7, nval8, nval9,
                   nval10
                  )
           VALUES (sdetalle_conf.NEXTVAL, 24, 8000047, 1, 80003, 3,
                   1874720, NULL, NULL, NULL, NULL, NULL, 23100.7738161645,
                   NULL, NULL, NULL, NULL, NULL, f_sysdate, f_user,
                   NULL, NULL, NULL, NULL, NULL, NULL, NULL,
                   NULL
                  );
   EXCEPTION
      WHEN DUP_VAL_ON_INDEX
      THEN
         NULL;
   END;

   BEGIN
      INSERT INTO sgt_subtabs_det
                  (sdetalle, cempres, csubtabla, cversubt, ccla1, ccla2,
                   ccla3, ccla4, ccla5, ccla6, ccla7, ccla8, nval1,
                   nval2, nval3, nval4, nval5, nval6, falta, cusualt,
                   fmodifi, cusumod, ccla9, ccla10, nval7, nval8, nval9,
                   nval10
                  )
           VALUES (sdetalle_conf.NEXTVAL, 24, 8000047, 1, 80001, 1,
                   1874720, NULL, NULL, NULL, NULL, NULL, 25842.7274927296,
                   NULL, NULL, NULL, NULL, NULL, f_sysdate, f_user,
                   NULL, NULL, NULL, NULL, NULL, NULL, NULL,
                   NULL
                  );
   EXCEPTION
      WHEN DUP_VAL_ON_INDEX
      THEN
         NULL;
   END;

   BEGIN
      INSERT INTO sgt_subtabs_det
                  (sdetalle, cempres, csubtabla, cversubt, ccla1, ccla2,
                   ccla3, ccla4, ccla5, ccla6, ccla7, ccla8, nval1,
                   nval2, nval3, nval4, nval5, nval6, falta, cusualt,
                   fmodifi, cusumod, ccla9, ccla10, nval7, nval8, nval9,
                   nval10
                  )
           VALUES (sdetalle_conf.NEXTVAL, 24, 8000047, 1, 80002, 1,
                   1874720, NULL, NULL, NULL, NULL, NULL, 25842.7274927296,
                   NULL, NULL, NULL, NULL, NULL, f_sysdate, f_user,
                   NULL, NULL, NULL, NULL, NULL, NULL, NULL,
                   NULL
                  );
   EXCEPTION
      WHEN DUP_VAL_ON_INDEX
      THEN
         NULL;
   END;

   BEGIN
      INSERT INTO sgt_subtabs_det
                  (sdetalle, cempres, csubtabla, cversubt, ccla1, ccla2,
                   ccla3, ccla4, ccla5, ccla6, ccla7, ccla8, nval1,
                   nval2, nval3, nval4, nval5, nval6, falta, cusualt,
                   fmodifi, cusumod, ccla9, ccla10, nval7, nval8, nval9,
                   nval10
                  )
           VALUES (sdetalle_conf.NEXTVAL, 24, 8000047, 1, 80003, 1,
                   1874720, NULL, NULL, NULL, NULL, NULL, 25842.7274927296,
                   NULL, NULL, NULL, NULL, NULL, f_sysdate, f_user,
                   NULL, NULL, NULL, NULL, NULL, NULL, NULL,
                   NULL
                  );
   EXCEPTION
      WHEN DUP_VAL_ON_INDEX
      THEN
         NULL;
   END;

   BEGIN
      INSERT INTO sgt_subtabs_det
                  (sdetalle, cempres, csubtabla, cversubt, ccla1, ccla2,
                   ccla3, ccla4, ccla5, ccla6, ccla7, ccla8, nval1,
                   nval2, nval3, nval4, nval5, nval6, falta, cusualt,
                   fmodifi, cusumod, ccla9, ccla10, nval7, nval8, nval9,
                   nval10
                  )
           VALUES (sdetalle_conf.NEXTVAL, 24, 8000047, 1, 80001, 2,
                   1874720, NULL, NULL, NULL, NULL, NULL, 23898.2812551874,
                   NULL, NULL, NULL, NULL, NULL, f_sysdate, f_user,
                   NULL, NULL, NULL, NULL, NULL, NULL, NULL,
                   NULL
                  );
   EXCEPTION
      WHEN DUP_VAL_ON_INDEX
      THEN
         NULL;
   END;

   BEGIN
      INSERT INTO sgt_subtabs_det
                  (sdetalle, cempres, csubtabla, cversubt, ccla1, ccla2,
                   ccla3, ccla4, ccla5, ccla6, ccla7, ccla8, nval1,
                   nval2, nval3, nval4, nval5, nval6, falta, cusualt,
                   fmodifi, cusumod, ccla9, ccla10, nval7, nval8, nval9,
                   nval10
                  )
           VALUES (sdetalle_conf.NEXTVAL, 24, 8000047, 1, 80002, 2,
                   1874720, NULL, NULL, NULL, NULL, NULL, 23898.2812551874,
                   NULL, NULL, NULL, NULL, NULL, f_sysdate, f_user,
                   NULL, NULL, NULL, NULL, NULL, NULL, NULL,
                   NULL
                  );
   EXCEPTION
      WHEN DUP_VAL_ON_INDEX
      THEN
         NULL;
   END;

   BEGIN
      INSERT INTO sgt_subtabs_det
                  (sdetalle, cempres, csubtabla, cversubt, ccla1, ccla2,
                   ccla3, ccla4, ccla5, ccla6, ccla7, ccla8, nval1,
                   nval2, nval3, nval4, nval5, nval6, falta, cusualt,
                   fmodifi, cusumod, ccla9, ccla10, nval7, nval8, nval9,
                   nval10
                  )
           VALUES (sdetalle_conf.NEXTVAL, 24, 8000047, 1, 80003, 2,
                   1874720, NULL, NULL, NULL, NULL, NULL, 23898.2812551874,
                   NULL, NULL, NULL, NULL, NULL, f_sysdate, f_user,
                   NULL, NULL, NULL, NULL, NULL, NULL, NULL,
                   NULL
                  );
   EXCEPTION
      WHEN DUP_VAL_ON_INDEX
      THEN
         NULL;
   END;

   BEGIN
      INSERT INTO sgt_subtabs_det
                  (sdetalle, cempres, csubtabla, cversubt, ccla1, ccla2,
                   ccla3, ccla4, ccla5, ccla6, ccla7, ccla8, nval1,
                   nval2, nval3, nval4, nval5, nval6, falta, cusualt,
                   fmodifi, cusumod, ccla9, ccla10, nval7, nval8, nval9,
                   nval10
                  )
           VALUES (sdetalle_conf.NEXTVAL, 24, 8000047, 1, 80001, 0,
                   1874720, NULL, NULL, NULL, NULL, NULL, 23898.2812551874,
                   NULL, NULL, NULL, NULL, NULL, f_sysdate, f_user,
                   NULL, NULL, NULL, NULL, NULL, NULL, NULL,
                   NULL
                  );
   EXCEPTION
      WHEN DUP_VAL_ON_INDEX
      THEN
         NULL;
   END;

   BEGIN
      INSERT INTO sgt_subtabs_det
                  (sdetalle, cempres, csubtabla, cversubt, ccla1, ccla2,
                   ccla3, ccla4, ccla5, ccla6, ccla7, ccla8, nval1,
                   nval2, nval3, nval4, nval5, nval6, falta, cusualt,
                   fmodifi, cusumod, ccla9, ccla10, nval7, nval8, nval9,
                   nval10
                  )
           VALUES (sdetalle_conf.NEXTVAL, 24, 8000047, 1, 80002, 0,
                   1874720, NULL, NULL, NULL, NULL, NULL, 23898.2812551874,
                   NULL, NULL, NULL, NULL, NULL, f_sysdate, f_user,
                   NULL, NULL, NULL, NULL, NULL, NULL, NULL,
                   NULL
                  );
   EXCEPTION
      WHEN DUP_VAL_ON_INDEX
      THEN
         NULL;
   END;

   BEGIN
      INSERT INTO sgt_subtabs_det
                  (sdetalle, cempres, csubtabla, cversubt, ccla1, ccla2,
                   ccla3, ccla4, ccla5, ccla6, ccla7, ccla8, nval1,
                   nval2, nval3, nval4, nval5, nval6, falta, cusualt,
                   fmodifi, cusumod, ccla9, ccla10, nval7, nval8, nval9,
                   nval10
                  )
           VALUES (sdetalle_conf.NEXTVAL, 24, 8000047, 1, 80003, 0,
                   1874720, NULL, NULL, NULL, NULL, NULL, 23898.2812551874,
                   NULL, NULL, NULL, NULL, NULL, f_sysdate, f_user,
                   NULL, NULL, NULL, NULL, NULL, NULL, NULL,
                   NULL
                  );
   EXCEPTION
      WHEN DUP_VAL_ON_INDEX
      THEN
         NULL;
   END;

   BEGIN
      INSERT INTO sgt_subtabs_det
                  (sdetalle, cempres, csubtabla, cversubt, ccla1, ccla2,
                   ccla3, ccla4, ccla5, ccla6, ccla7, ccla8, nval1,
                   nval2, nval3, nval4, nval5, nval6, falta, cusualt,
                   fmodifi, cusumod, ccla9, ccla10, nval7, nval8, nval9,
                   nval10
                  )
           VALUES (sdetalle_conf.NEXTVAL, 24, 8000047, 1, 80001, 3,
                   1874720, NULL, NULL, NULL, NULL, NULL, 23100.7738161645,
                   NULL, NULL, NULL, NULL, NULL, f_sysdate, f_user,
                   NULL, NULL, NULL, NULL, NULL, NULL, NULL,
                   NULL
                  );
   EXCEPTION
      WHEN DUP_VAL_ON_INDEX
      THEN
         NULL;
   END;

   BEGIN
      INSERT INTO sgt_subtabs_det
                  (sdetalle, cempres, csubtabla, cversubt, ccla1, ccla2,
                   ccla3, ccla4, ccla5, ccla6, ccla7, ccla8, nval1,
                   nval2, nval3, nval4, nval5, nval6, falta, cusualt,
                   fmodifi, cusumod, ccla9, ccla10, nval7, nval8, nval9,
                   nval10
                  )
           VALUES (sdetalle_conf.NEXTVAL, 24, 8000047, 1, 80002, 3,
                   1874720, NULL, NULL, NULL, NULL, NULL, 23100.7738161645,
                   NULL, NULL, NULL, NULL, NULL, f_sysdate, f_user,
                   NULL, NULL, NULL, NULL, NULL, NULL, NULL,
                   NULL
                  );
   EXCEPTION
      WHEN DUP_VAL_ON_INDEX
      THEN
         NULL;
   END;

   BEGIN
      INSERT INTO sgt_subtabs_det
                  (sdetalle, cempres, csubtabla, cversubt, ccla1, ccla2,
                   ccla3, ccla4, ccla5, ccla6, ccla7, ccla8, nval1,
                   nval2, nval3, nval4, nval5, nval6, falta, cusualt,
                   fmodifi, cusumod, ccla9, ccla10, nval7, nval8, nval9,
                   nval10
                  )
           VALUES (sdetalle_conf.NEXTVAL, 24, 8000047, 1, 80003, 3,
                   1874720, NULL, NULL, NULL, NULL, NULL, 23100.7738161645,
                   NULL, NULL, NULL, NULL, NULL, f_sysdate, f_user,
                   NULL, NULL, NULL, NULL, NULL, NULL, NULL,
                   NULL
                  );
   EXCEPTION
      WHEN DUP_VAL_ON_INDEX
      THEN
         NULL;
   END;

   BEGIN
      INSERT INTO sgt_subtabs_det
                  (sdetalle, cempres, csubtabla, cversubt, ccla1, ccla2,
                   ccla3, ccla4, ccla5, ccla6, ccla7, ccla8, nval1,
                   nval2, nval3, nval4, nval5, nval6, falta, cusualt,
                   fmodifi, cusumod, ccla9, ccla10, nval7, nval8, nval9,
                   nval10
                  )
           VALUES (sdetalle_conf.NEXTVAL, 24, 8000047, 1, 80001, 1,
                   1874720, NULL, NULL, NULL, NULL, NULL, 25842.7274927296,
                   NULL, NULL, NULL, NULL, NULL, f_sysdate, f_user,
                   NULL, NULL, NULL, NULL, NULL, NULL, NULL,
                   NULL
                  );
   EXCEPTION
      WHEN DUP_VAL_ON_INDEX
      THEN
         NULL;
   END;

   BEGIN
      INSERT INTO sgt_subtabs_det
                  (sdetalle, cempres, csubtabla, cversubt, ccla1, ccla2,
                   ccla3, ccla4, ccla5, ccla6, ccla7, ccla8, nval1,
                   nval2, nval3, nval4, nval5, nval6, falta, cusualt,
                   fmodifi, cusumod, ccla9, ccla10, nval7, nval8, nval9,
                   nval10
                  )
           VALUES (sdetalle_conf.NEXTVAL, 24, 8000047, 1, 80002, 1,
                   1874720, NULL, NULL, NULL, NULL, NULL, 25842.7274927296,
                   NULL, NULL, NULL, NULL, NULL, f_sysdate, f_user,
                   NULL, NULL, NULL, NULL, NULL, NULL, NULL,
                   NULL
                  );
   EXCEPTION
      WHEN DUP_VAL_ON_INDEX
      THEN
         NULL;
   END;

   BEGIN
      INSERT INTO sgt_subtabs_det
                  (sdetalle, cempres, csubtabla, cversubt, ccla1, ccla2,
                   ccla3, ccla4, ccla5, ccla6, ccla7, ccla8, nval1,
                   nval2, nval3, nval4, nval5, nval6, falta, cusualt,
                   fmodifi, cusumod, ccla9, ccla10, nval7, nval8, nval9,
                   nval10
                  )
           VALUES (sdetalle_conf.NEXTVAL, 24, 8000047, 1, 80003, 1,
                   1874720, NULL, NULL, NULL, NULL, NULL, 25842.7274927296,
                   NULL, NULL, NULL, NULL, NULL, f_sysdate, f_user,
                   NULL, NULL, NULL, NULL, NULL, NULL, NULL,
                   NULL
                  );
   EXCEPTION
      WHEN DUP_VAL_ON_INDEX
      THEN
         NULL;
   END;

   BEGIN
      INSERT INTO sgt_subtabs_det
                  (sdetalle, cempres, csubtabla, cversubt, ccla1, ccla2,
                   ccla3, ccla4, ccla5, ccla6, ccla7, ccla8, nval1,
                   nval2, nval3, nval4, nval5, nval6, falta, cusualt,
                   fmodifi, cusumod, ccla9, ccla10, nval7, nval8, nval9,
                   nval10
                  )
           VALUES (sdetalle_conf.NEXTVAL, 24, 8000047, 1, 80001, 2,
                   1874720, NULL, NULL, NULL, NULL, NULL, 23898.2812551874,
                   NULL, NULL, NULL, NULL, NULL, f_sysdate, f_user,
                   NULL, NULL, NULL, NULL, NULL, NULL, NULL,
                   NULL
                  );
   EXCEPTION
      WHEN DUP_VAL_ON_INDEX
      THEN
         NULL;
   END;

   BEGIN
      INSERT INTO sgt_subtabs_det
                  (sdetalle, cempres, csubtabla, cversubt, ccla1, ccla2,
                   ccla3, ccla4, ccla5, ccla6, ccla7, ccla8, nval1,
                   nval2, nval3, nval4, nval5, nval6, falta, cusualt,
                   fmodifi, cusumod, ccla9, ccla10, nval7, nval8, nval9,
                   nval10
                  )
           VALUES (sdetalle_conf.NEXTVAL, 24, 8000047, 1, 80002, 2,
                   1874720, NULL, NULL, NULL, NULL, NULL, 23898.2812551874,
                   NULL, NULL, NULL, NULL, NULL, f_sysdate, f_user,
                   NULL, NULL, NULL, NULL, NULL, NULL, NULL,
                   NULL
                  );
   EXCEPTION
      WHEN DUP_VAL_ON_INDEX
      THEN
         NULL;
   END;

   BEGIN
      INSERT INTO sgt_subtabs_det
                  (sdetalle, cempres, csubtabla, cversubt, ccla1, ccla2,
                   ccla3, ccla4, ccla5, ccla6, ccla7, ccla8, nval1,
                   nval2, nval3, nval4, nval5, nval6, falta, cusualt,
                   fmodifi, cusumod, ccla9, ccla10, nval7, nval8, nval9,
                   nval10
                  )
           VALUES (sdetalle_conf.NEXTVAL, 24, 8000047, 1, 80003, 2,
                   1874720, NULL, NULL, NULL, NULL, NULL, 23898.2812551874,
                   NULL, NULL, NULL, NULL, NULL, f_sysdate, f_user,
                   NULL, NULL, NULL, NULL, NULL, NULL, NULL,
                   NULL
                  );
   EXCEPTION
      WHEN DUP_VAL_ON_INDEX
      THEN
         NULL;
   END;

   BEGIN
      INSERT INTO sgt_subtabs_det
                  (sdetalle, cempres, csubtabla, cversubt, ccla1, ccla2,
                   ccla3, ccla4, ccla5, ccla6, ccla7, ccla8, nval1,
                   nval2, nval3, nval4, nval5, nval6, falta, cusualt,
                   fmodifi, cusumod, ccla9, ccla10, nval7, nval8, nval9,
                   nval10
                  )
           VALUES (sdetalle_conf.NEXTVAL, 24, 8000047, 1, 80001, 1,
                   1874720, NULL, NULL, NULL, NULL, NULL, 25842.7274927296,
                   NULL, NULL, NULL, NULL, NULL, f_sysdate, f_user,
                   NULL, NULL, NULL, NULL, NULL, NULL, NULL,
                   NULL
                  );
   EXCEPTION
      WHEN DUP_VAL_ON_INDEX
      THEN
         NULL;
   END;

   BEGIN
      INSERT INTO sgt_subtabs_det
                  (sdetalle, cempres, csubtabla, cversubt, ccla1, ccla2,
                   ccla3, ccla4, ccla5, ccla6, ccla7, ccla8, nval1,
                   nval2, nval3, nval4, nval5, nval6, falta, cusualt,
                   fmodifi, cusumod, ccla9, ccla10, nval7, nval8, nval9,
                   nval10
                  )
           VALUES (sdetalle_conf.NEXTVAL, 24, 8000047, 1, 80002, 1,
                   1874720, NULL, NULL, NULL, NULL, NULL, 25842.7274927296,
                   NULL, NULL, NULL, NULL, NULL, f_sysdate, f_user,
                   NULL, NULL, NULL, NULL, NULL, NULL, NULL,
                   NULL
                  );
   EXCEPTION
      WHEN DUP_VAL_ON_INDEX
      THEN
         NULL;
   END;

   BEGIN
      INSERT INTO sgt_subtabs_det
                  (sdetalle, cempres, csubtabla, cversubt, ccla1, ccla2,
                   ccla3, ccla4, ccla5, ccla6, ccla7, ccla8, nval1,
                   nval2, nval3, nval4, nval5, nval6, falta, cusualt,
                   fmodifi, cusumod, ccla9, ccla10, nval7, nval8, nval9,
                   nval10
                  )
           VALUES (sdetalle_conf.NEXTVAL, 24, 8000047, 1, 80003, 1,
                   1874720, NULL, NULL, NULL, NULL, NULL, 25842.7274927296,
                   NULL, NULL, NULL, NULL, NULL, f_sysdate, f_user,
                   NULL, NULL, NULL, NULL, NULL, NULL, NULL,
                   NULL
                  );
   EXCEPTION
      WHEN DUP_VAL_ON_INDEX
      THEN
         NULL;
   END;

   BEGIN
      INSERT INTO sgt_subtabs_det
                  (sdetalle, cempres, csubtabla, cversubt, ccla1, ccla2,
                   ccla3, ccla4, ccla5, ccla6, ccla7, ccla8, nval1,
                   nval2, nval3, nval4, nval5, nval6, falta, cusualt,
                   fmodifi, cusumod, ccla9, ccla10, nval7, nval8, nval9,
                   nval10
                  )
           VALUES (sdetalle_conf.NEXTVAL, 24, 8000047, 1, 80001, 3,
                   1884720, NULL, NULL, NULL, NULL, NULL, 23100.7738161645,
                   NULL, NULL, NULL, NULL, NULL, f_sysdate, f_user,
                   NULL, NULL, NULL, NULL, NULL, NULL, NULL,
                   NULL
                  );
   EXCEPTION
      WHEN DUP_VAL_ON_INDEX
      THEN
         NULL;
   END;

   BEGIN
      INSERT INTO sgt_subtabs_det
                  (sdetalle, cempres, csubtabla, cversubt, ccla1, ccla2,
                   ccla3, ccla4, ccla5, ccla6, ccla7, ccla8, nval1,
                   nval2, nval3, nval4, nval5, nval6, falta, cusualt,
                   fmodifi, cusumod, ccla9, ccla10, nval7, nval8, nval9,
                   nval10
                  )
           VALUES (sdetalle_conf.NEXTVAL, 24, 8000047, 1, 80002, 3,
                   1884720, NULL, NULL, NULL, NULL, NULL, 23100.7738161645,
                   NULL, NULL, NULL, NULL, NULL, f_sysdate, f_user,
                   NULL, NULL, NULL, NULL, NULL, NULL, NULL,
                   NULL
                  );
   EXCEPTION
      WHEN DUP_VAL_ON_INDEX
      THEN
         NULL;
   END;

   BEGIN
      INSERT INTO sgt_subtabs_det
                  (sdetalle, cempres, csubtabla, cversubt, ccla1, ccla2,
                   ccla3, ccla4, ccla5, ccla6, ccla7, ccla8, nval1,
                   nval2, nval3, nval4, nval5, nval6, falta, cusualt,
                   fmodifi, cusumod, ccla9, ccla10, nval7, nval8, nval9,
                   nval10
                  )
           VALUES (sdetalle_conf.NEXTVAL, 24, 8000047, 1, 80003, 3,
                   1884720, NULL, NULL, NULL, NULL, NULL, 23100.7738161645,
                   NULL, NULL, NULL, NULL, NULL, f_sysdate, f_user,
                   NULL, NULL, NULL, NULL, NULL, NULL, NULL,
                   NULL
                  );
   EXCEPTION
      WHEN DUP_VAL_ON_INDEX
      THEN
         NULL;
   END;

   BEGIN
      INSERT INTO sgt_subtabs_det
                  (sdetalle, cempres, csubtabla, cversubt, ccla1, ccla2,
                   ccla3, ccla4, ccla5, ccla6, ccla7, ccla8, nval1,
                   nval2, nval3, nval4, nval5, nval6, falta, cusualt,
                   fmodifi, cusumod, ccla9, ccla10, nval7, nval8, nval9,
                   nval10
                  )
           VALUES (sdetalle_conf.NEXTVAL, 24, 8000047, 1, 80001, 1,
                   1884720, NULL, NULL, NULL, NULL, NULL, 25842.7274927296,
                   NULL, NULL, NULL, NULL, NULL, f_sysdate, f_user,
                   NULL, NULL, NULL, NULL, NULL, NULL, NULL,
                   NULL
                  );
   EXCEPTION
      WHEN DUP_VAL_ON_INDEX
      THEN
         NULL;
   END;

   BEGIN
      INSERT INTO sgt_subtabs_det
                  (sdetalle, cempres, csubtabla, cversubt, ccla1, ccla2,
                   ccla3, ccla4, ccla5, ccla6, ccla7, ccla8, nval1,
                   nval2, nval3, nval4, nval5, nval6, falta, cusualt,
                   fmodifi, cusumod, ccla9, ccla10, nval7, nval8, nval9,
                   nval10
                  )
           VALUES (sdetalle_conf.NEXTVAL, 24, 8000047, 1, 80002, 1,
                   1884720, NULL, NULL, NULL, NULL, NULL, 25842.7274927296,
                   NULL, NULL, NULL, NULL, NULL, f_sysdate, f_user,
                   NULL, NULL, NULL, NULL, NULL, NULL, NULL,
                   NULL
                  );
   EXCEPTION
      WHEN DUP_VAL_ON_INDEX
      THEN
         NULL;
   END;

   BEGIN
      INSERT INTO sgt_subtabs_det
                  (sdetalle, cempres, csubtabla, cversubt, ccla1, ccla2,
                   ccla3, ccla4, ccla5, ccla6, ccla7, ccla8, nval1,
                   nval2, nval3, nval4, nval5, nval6, falta, cusualt,
                   fmodifi, cusumod, ccla9, ccla10, nval7, nval8, nval9,
                   nval10
                  )
           VALUES (sdetalle_conf.NEXTVAL, 24, 8000047, 1, 80003, 1,
                   1884720, NULL, NULL, NULL, NULL, NULL, 25842.7274927296,
                   NULL, NULL, NULL, NULL, NULL, f_sysdate, f_user,
                   NULL, NULL, NULL, NULL, NULL, NULL, NULL,
                   NULL
                  );
   EXCEPTION
      WHEN DUP_VAL_ON_INDEX
      THEN
         NULL;
   END;

   BEGIN
      INSERT INTO sgt_subtabs_det
                  (sdetalle, cempres, csubtabla, cversubt, ccla1, ccla2,
                   ccla3, ccla4, ccla5, ccla6, ccla7, ccla8, nval1,
                   nval2, nval3, nval4, nval5, nval6, falta, cusualt,
                   fmodifi, cusumod, ccla9, ccla10, nval7, nval8, nval9,
                   nval10
                  )
           VALUES (sdetalle_conf.NEXTVAL, 24, 8000047, 1, 80001, 2,
                   1884720, NULL, NULL, NULL, NULL, NULL, 23898.2812551874,
                   NULL, NULL, NULL, NULL, NULL, f_sysdate, f_user,
                   NULL, NULL, NULL, NULL, NULL, NULL, NULL,
                   NULL
                  );
   EXCEPTION
      WHEN DUP_VAL_ON_INDEX
      THEN
         NULL;
   END;

   BEGIN
      INSERT INTO sgt_subtabs_det
                  (sdetalle, cempres, csubtabla, cversubt, ccla1, ccla2,
                   ccla3, ccla4, ccla5, ccla6, ccla7, ccla8, nval1,
                   nval2, nval3, nval4, nval5, nval6, falta, cusualt,
                   fmodifi, cusumod, ccla9, ccla10, nval7, nval8, nval9,
                   nval10
                  )
           VALUES (sdetalle_conf.NEXTVAL, 24, 8000047, 1, 80002, 2,
                   1884720, NULL, NULL, NULL, NULL, NULL, 23898.2812551874,
                   NULL, NULL, NULL, NULL, NULL, f_sysdate, f_user,
                   NULL, NULL, NULL, NULL, NULL, NULL, NULL,
                   NULL
                  );
   EXCEPTION
      WHEN DUP_VAL_ON_INDEX
      THEN
         NULL;
   END;

   BEGIN
      INSERT INTO sgt_subtabs_det
                  (sdetalle, cempres, csubtabla, cversubt, ccla1, ccla2,
                   ccla3, ccla4, ccla5, ccla6, ccla7, ccla8, nval1,
                   nval2, nval3, nval4, nval5, nval6, falta, cusualt,
                   fmodifi, cusumod, ccla9, ccla10, nval7, nval8, nval9,
                   nval10
                  )
           VALUES (sdetalle_conf.NEXTVAL, 24, 8000047, 1, 80003, 2,
                   1884720, NULL, NULL, NULL, NULL, NULL, 23898.2812551874,
                   NULL, NULL, NULL, NULL, NULL, f_sysdate, f_user,
                   NULL, NULL, NULL, NULL, NULL, NULL, NULL,
                   NULL
                  );
   EXCEPTION
      WHEN DUP_VAL_ON_INDEX
      THEN
         NULL;
   END;

   BEGIN
      INSERT INTO sgt_subtabs_det
                  (sdetalle, cempres, csubtabla, cversubt, ccla1, ccla2,
                   ccla3, ccla4, ccla5, ccla6, ccla7, ccla8, nval1,
                   nval2, nval3, nval4, nval5, nval6, falta, cusualt,
                   fmodifi, cusumod, ccla9, ccla10, nval7, nval8, nval9,
                   nval10
                  )
           VALUES (sdetalle_conf.NEXTVAL, 24, 8000047, 1, 80001, 1,
                   1884720, NULL, NULL, NULL, NULL, NULL, 25842.7274927296,
                   NULL, NULL, NULL, NULL, NULL, f_sysdate, f_user,
                   NULL, NULL, NULL, NULL, NULL, NULL, NULL,
                   NULL
                  );
   EXCEPTION
      WHEN DUP_VAL_ON_INDEX
      THEN
         NULL;
   END;

   BEGIN
      INSERT INTO sgt_subtabs_det
                  (sdetalle, cempres, csubtabla, cversubt, ccla1, ccla2,
                   ccla3, ccla4, ccla5, ccla6, ccla7, ccla8, nval1,
                   nval2, nval3, nval4, nval5, nval6, falta, cusualt,
                   fmodifi, cusumod, ccla9, ccla10, nval7, nval8, nval9,
                   nval10
                  )
           VALUES (sdetalle_conf.NEXTVAL, 24, 8000047, 1, 80002, 1,
                   1884720, NULL, NULL, NULL, NULL, NULL, 25842.7274927296,
                   NULL, NULL, NULL, NULL, NULL, f_sysdate, f_user,
                   NULL, NULL, NULL, NULL, NULL, NULL, NULL,
                   NULL
                  );
   EXCEPTION
      WHEN DUP_VAL_ON_INDEX
      THEN
         NULL;
   END;

   BEGIN
      INSERT INTO sgt_subtabs_det
                  (sdetalle, cempres, csubtabla, cversubt, ccla1, ccla2,
                   ccla3, ccla4, ccla5, ccla6, ccla7, ccla8, nval1,
                   nval2, nval3, nval4, nval5, nval6, falta, cusualt,
                   fmodifi, cusumod, ccla9, ccla10, nval7, nval8, nval9,
                   nval10
                  )
           VALUES (sdetalle_conf.NEXTVAL, 24, 8000047, 1, 80003, 1,
                   1884720, NULL, NULL, NULL, NULL, NULL, 25842.7274927296,
                   NULL, NULL, NULL, NULL, NULL, f_sysdate, f_user,
                   NULL, NULL, NULL, NULL, NULL, NULL, NULL,
                   NULL
                  );
   EXCEPTION
      WHEN DUP_VAL_ON_INDEX
      THEN
         NULL;
   END;

   BEGIN
      INSERT INTO sgt_subtabs_det
                  (sdetalle, cempres, csubtabla, cversubt, ccla1, ccla2,
                   ccla3, ccla4, ccla5, ccla6, ccla7, ccla8, nval1,
                   nval2, nval3, nval4, nval5, nval6, falta, cusualt,
                   fmodifi, cusumod, ccla9, ccla10, nval7, nval8, nval9,
                   nval10
                  )
           VALUES (sdetalle_conf.NEXTVAL, 24, 8000047, 1, 80001, 0,
                   1874720, NULL, NULL, NULL, NULL, NULL, 23898.2812551874,
                   NULL, NULL, NULL, NULL, NULL, f_sysdate, f_user,
                   NULL, NULL, NULL, NULL, NULL, NULL, NULL,
                   NULL
                  );
   EXCEPTION
      WHEN DUP_VAL_ON_INDEX
      THEN
         NULL;
   END;

   BEGIN
      INSERT INTO sgt_subtabs_det
                  (sdetalle, cempres, csubtabla, cversubt, ccla1, ccla2,
                   ccla3, ccla4, ccla5, ccla6, ccla7, ccla8, nval1,
                   nval2, nval3, nval4, nval5, nval6, falta, cusualt,
                   fmodifi, cusumod, ccla9, ccla10, nval7, nval8, nval9,
                   nval10
                  )
           VALUES (sdetalle_conf.NEXTVAL, 24, 8000047, 1, 80002, 0,
                   1874720, NULL, NULL, NULL, NULL, NULL, 23898.2812551874,
                   NULL, NULL, NULL, NULL, NULL, f_sysdate, f_user,
                   NULL, NULL, NULL, NULL, NULL, NULL, NULL,
                   NULL
                  );
   EXCEPTION
      WHEN DUP_VAL_ON_INDEX
      THEN
         NULL;
   END;

   BEGIN
      INSERT INTO sgt_subtabs_det
                  (sdetalle, cempres, csubtabla, cversubt, ccla1, ccla2,
                   ccla3, ccla4, ccla5, ccla6, ccla7, ccla8, nval1,
                   nval2, nval3, nval4, nval5, nval6, falta, cusualt,
                   fmodifi, cusumod, ccla9, ccla10, nval7, nval8, nval9,
                   nval10
                  )
           VALUES (sdetalle_conf.NEXTVAL, 24, 8000047, 1, 80003, 0,
                   1874720, NULL, NULL, NULL, NULL, NULL, 23898.2812551874,
                   NULL, NULL, NULL, NULL, NULL, f_sysdate, f_user,
                   NULL, NULL, NULL, NULL, NULL, NULL, NULL,
                   NULL
                  );
   EXCEPTION
      WHEN DUP_VAL_ON_INDEX
      THEN
         NULL;
   END;

   BEGIN
      INSERT INTO clasecontrato
                  (ccodcontrato, cclacontrato
                  )
           VALUES (150, 4290
                  );
   EXCEPTION
      WHEN DUP_VAL_ON_INDEX
      THEN
         NULL;
   END;

   BEGIN
      INSERT INTO detclasecontrato
                  (ccodcontrato, cclacontrato, cidioma, tdescripcion
                  )
           VALUES (150, 4290, 1, 'Construccion de Cable Aereo'
                  );
   EXCEPTION
      WHEN DUP_VAL_ON_INDEX
      THEN
         NULL;
   END;

   BEGIN
      INSERT INTO detclasecontrato
                  (ccodcontrato, cclacontrato, cidioma, tdescripcion
                  )
           VALUES (150, 4290, 2, 'Construccion de Cable Aereo'
                  );
   EXCEPTION
      WHEN DUP_VAL_ON_INDEX
      THEN
         NULL;
   END;

   BEGIN
      INSERT INTO detclasecontrato
                  (ccodcontrato, cclacontrato, cidioma, tdescripcion
                  )
           VALUES (150, 4290, 8, 'Construccion de Cable Aereo'
                  );
   EXCEPTION
      WHEN DUP_VAL_ON_INDEX
      THEN
         NULL;
   END;

   BEGIN
      INSERT INTO sectoresprod
                  (cempres, cramo, cmodali, ctipseg, ccolect, cactivi,
                   cgarant, csector, ccodcontrato, cclacontrato, precarg,
                   iextrap, creten, ffecini, ffecfin, cgruries, cusualt,
                   falta, cusumod, fmodifi
                  )
           VALUES (24, 801, 6, 1, 0, 0,
                   NULL, 1, 150, 4290, 0,
                   0, 'N', f_sysdate, NULL, NULL, NULL,
                   NULL, NULL, NULL
                  );
   EXCEPTION
      WHEN DUP_VAL_ON_INDEX
      THEN
         NULL;
   END;

   BEGIN
      INSERT INTO sectoresprod
                  (cempres, cramo, cmodali, ctipseg, ccolect, cactivi,
                   cgarant, csector, ccodcontrato, cclacontrato, precarg,
                   iextrap, creten, ffecini, ffecfin, cgruries, cusualt,
                   falta, cusumod, fmodifi
                  )
           VALUES (24, 801, 11, 1, 0, 0,
                   NULL, 1, 150, 4290, 0,
                   0, 'N', f_sysdate, NULL, NULL, NULL,
                   NULL, NULL, NULL
                  );
   EXCEPTION
      WHEN DUP_VAL_ON_INDEX
      THEN
         NULL;
   END;

   BEGIN
      INSERT INTO sectoresprod
                  (cempres, cramo, cmodali, ctipseg, ccolect, cactivi,
                   cgarant, csector, ccodcontrato, cclacontrato, precarg,
                   iextrap, creten, ffecini, ffecfin, cgruries, cusualt,
                   falta, cusumod, fmodifi
                  )
           VALUES (24, 801, 12, 1, 0, 0,
                   NULL, 1, 150, 4290, 0,
                   0, 'N', f_sysdate, NULL, NULL, NULL,
                   NULL, NULL, NULL
                  );
   EXCEPTION
      WHEN DUP_VAL_ON_INDEX
      THEN
         NULL;
   END;

   BEGIN
      INSERT INTO sectoresprod
                  (cempres, cramo, cmodali, ctipseg, ccolect, cactivi,
                   cgarant, csector, ccodcontrato, cclacontrato, precarg,
                   iextrap, creten, ffecini, ffecfin, cgruries, cusualt,
                   falta, cusumod, fmodifi
                  )
           VALUES (24, 801, 13, 1, 0, 0,
                   NULL, 1, 150, 4290, 0,
                   0, 'N', f_sysdate, NULL, NULL, NULL,
                   NULL, NULL, NULL
                  );
   EXCEPTION
      WHEN DUP_VAL_ON_INDEX
      THEN
         NULL;
   END;

   BEGIN
      INSERT INTO sectoresprod
                  (cempres, cramo, cmodali, ctipseg, ccolect, cactivi,
                   cgarant, csector, ccodcontrato, cclacontrato, precarg,
                   iextrap, creten, ffecini, ffecfin, cgruries, cusualt,
                   falta, cusumod, fmodifi
                  )
           VALUES (24, 801, 7, 1, 0, 0,
                   NULL, 1, 150, 4290, 0,
                   0, 'N', f_sysdate, NULL, NULL, NULL,
                   NULL, NULL, NULL
                  );
   EXCEPTION
      WHEN DUP_VAL_ON_INDEX
      THEN
         NULL;
   END;

   BEGIN
      INSERT INTO sectoresprod
                  (cempres, cramo, cmodali, ctipseg, ccolect, cactivi,
                   cgarant, csector, ccodcontrato, cclacontrato, precarg,
                   iextrap, creten, ffecini, ffecfin, cgruries, cusualt,
                   falta, cusumod, fmodifi
                  )
           VALUES (24, 801, 7, 2, 0, 0,
                   NULL, 1, 150, 4290, 0,
                   0, 'N', f_sysdate, NULL, NULL, NULL,
                   NULL, NULL, NULL
                  );
   EXCEPTION
      WHEN DUP_VAL_ON_INDEX
      THEN
         NULL;
   END;

   BEGIN
      INSERT INTO sectoresprod
                  (cempres, cramo, cmodali, ctipseg, ccolect, cactivi,
                   cgarant, csector, ccodcontrato, cclacontrato, precarg,
                   iextrap, creten, ffecini, ffecfin, cgruries, cusualt,
                   falta, cusumod, fmodifi
                  )
           VALUES (24, 801, 8, 1, 0, 0,
                   NULL, 1, 150, 4290, 0,
                   0, 'N', f_sysdate, NULL, NULL, NULL,
                   NULL, NULL, NULL
                  );
   EXCEPTION
      WHEN DUP_VAL_ON_INDEX
      THEN
         NULL;
   END;

   BEGIN
      INSERT INTO sectoresprod
                  (cempres, cramo, cmodali, ctipseg, ccolect, cactivi,
                   cgarant, csector, ccodcontrato, cclacontrato, precarg,
                   iextrap, creten, ffecini, ffecfin, cgruries, cusualt,
                   falta, cusumod, fmodifi
                  )
           VALUES (24, 801, 14, 1, 0, 0,
                   NULL, 1, 150, 4290, 0,
                   0, 'N', f_sysdate, NULL, NULL, NULL,
                   NULL, NULL, NULL
                  );
   EXCEPTION
      WHEN DUP_VAL_ON_INDEX
      THEN
         NULL;
   END;

   BEGIN
      INSERT INTO sectoresprod
                  (cempres, cramo, cmodali, ctipseg, ccolect, cactivi,
                   cgarant, csector, ccodcontrato, cclacontrato, precarg,
                   iextrap, creten, ffecini, ffecfin, cgruries, cusualt,
                   falta, cusumod, fmodifi
                  )
           VALUES (24, 801, 9, 1, 0, 0,
                   NULL, 1, 150, 4290, 0,
                   0, 'N', f_sysdate, NULL, NULL, NULL,
                   NULL, NULL, NULL
                  );
   EXCEPTION
      WHEN DUP_VAL_ON_INDEX
      THEN
         NULL;
   END;

   BEGIN
      INSERT INTO sectoresprod
                  (cempres, cramo, cmodali, ctipseg, ccolect, cactivi,
                   cgarant, csector, ccodcontrato, cclacontrato, precarg,
                   iextrap, creten, ffecini, ffecfin, cgruries, cusualt,
                   falta, cusumod, fmodifi
                  )
           VALUES (24, 801, 9, 2, 0, 0,
                   NULL, 1, 150, 4290, 0,
                   0, 'N', f_sysdate, NULL, NULL, NULL,
                   NULL, NULL, NULL
                  );
   EXCEPTION
      WHEN DUP_VAL_ON_INDEX
      THEN
         NULL;
   END;

   BEGIN
      INSERT INTO sectoresprod
                  (cempres, cramo, cmodali, ctipseg, ccolect, cactivi,
                   cgarant, csector, ccodcontrato, cclacontrato, precarg,
                   iextrap, creten, ffecini, ffecfin, cgruries, cusualt,
                   falta, cusumod, fmodifi
                  )
           VALUES (24, 801, 10, 1, 0, 0,
                   NULL, 1, 150, 4290, 0,
                   0, 'N', f_sysdate, NULL, NULL, NULL,
                   NULL, NULL, NULL
                  );
   EXCEPTION
      WHEN DUP_VAL_ON_INDEX
      THEN
         NULL;
   END;

   BEGIN
      INSERT INTO sectoresprod
                  (cempres, cramo, cmodali, ctipseg, ccolect, cactivi,
                   cgarant, csector, ccodcontrato, cclacontrato, precarg,
                   iextrap, creten, ffecini, ffecfin, cgruries, cusualt,
                   falta, cusumod, fmodifi
                  )
           VALUES (24, 801, 15, 1, 0, 0,
                   NULL, 1, 150, 4290, 0,
                   0, 'N', f_sysdate, NULL, NULL, NULL,
                   NULL, NULL, NULL
                  );
   EXCEPTION
      WHEN DUP_VAL_ON_INDEX
      THEN
         NULL;
   END;

   BEGIN
      INSERT INTO clasecontrato
                  (ccodcontrato, cclacontrato
                  )
           VALUES (151, 4290
                  );
   EXCEPTION
      WHEN DUP_VAL_ON_INDEX
      THEN
         NULL;
   END;

   BEGIN
      INSERT INTO detclasecontrato
                  (ccodcontrato, cclacontrato, cidioma, tdescripcion
                  )
           VALUES (151, 4290, 1, 'Construccion de obras de urbanismo'
                  );
   EXCEPTION
      WHEN DUP_VAL_ON_INDEX
      THEN
         NULL;
   END;

   BEGIN
      INSERT INTO detclasecontrato
                  (ccodcontrato, cclacontrato, cidioma, tdescripcion
                  )
           VALUES (151, 4290, 2, 'Construccion de obras de urbanismo'
                  );
   EXCEPTION
      WHEN DUP_VAL_ON_INDEX
      THEN
         NULL;
   END;

   BEGIN
      INSERT INTO detclasecontrato
                  (ccodcontrato, cclacontrato, cidioma, tdescripcion
                  )
           VALUES (151, 4290, 8, 'Construccion de obras de urbanismo'
                  );
   EXCEPTION
      WHEN DUP_VAL_ON_INDEX
      THEN
         NULL;
   END;

   BEGIN
      INSERT INTO sectoresprod
                  (cempres, cramo, cmodali, ctipseg, ccolect, cactivi,
                   cgarant, csector, ccodcontrato, cclacontrato, precarg,
                   iextrap, creten, ffecini, ffecfin, cgruries, cusualt,
                   falta, cusumod, fmodifi
                  )
           VALUES (24, 801, 6, 1, 0, 0,
                   NULL, 1, 151, 4290, 0,
                   0, 'N', f_sysdate, NULL, NULL, NULL,
                   NULL, NULL, NULL
                  );
   EXCEPTION
      WHEN DUP_VAL_ON_INDEX
      THEN
         NULL;
   END;

   BEGIN
      INSERT INTO sectoresprod
                  (cempres, cramo, cmodali, ctipseg, ccolect, cactivi,
                   cgarant, csector, ccodcontrato, cclacontrato, precarg,
                   iextrap, creten, ffecini, ffecfin, cgruries, cusualt,
                   falta, cusumod, fmodifi
                  )
           VALUES (24, 801, 11, 1, 0, 0,
                   NULL, 1, 151, 4290, 0,
                   0, 'N', f_sysdate, NULL, NULL, NULL,
                   NULL, NULL, NULL
                  );
   EXCEPTION
      WHEN DUP_VAL_ON_INDEX
      THEN
         NULL;
   END;

   BEGIN
      INSERT INTO sectoresprod
                  (cempres, cramo, cmodali, ctipseg, ccolect, cactivi,
                   cgarant, csector, ccodcontrato, cclacontrato, precarg,
                   iextrap, creten, ffecini, ffecfin, cgruries, cusualt,
                   falta, cusumod, fmodifi
                  )
           VALUES (24, 801, 12, 1, 0, 0,
                   NULL, 1, 151, 4290, 0,
                   0, 'N', f_sysdate, NULL, NULL, NULL,
                   NULL, NULL, NULL
                  );
   EXCEPTION
      WHEN DUP_VAL_ON_INDEX
      THEN
         NULL;
   END;

   BEGIN
      INSERT INTO sectoresprod
                  (cempres, cramo, cmodali, ctipseg, ccolect, cactivi,
                   cgarant, csector, ccodcontrato, cclacontrato, precarg,
                   iextrap, creten, ffecini, ffecfin, cgruries, cusualt,
                   falta, cusumod, fmodifi
                  )
           VALUES (24, 801, 13, 1, 0, 0,
                   NULL, 1, 151, 4290, 0,
                   0, 'N', f_sysdate, NULL, NULL, NULL,
                   NULL, NULL, NULL
                  );
   EXCEPTION
      WHEN DUP_VAL_ON_INDEX
      THEN
         NULL;
   END;

   BEGIN
      INSERT INTO sectoresprod
                  (cempres, cramo, cmodali, ctipseg, ccolect, cactivi,
                   cgarant, csector, ccodcontrato, cclacontrato, precarg,
                   iextrap, creten, ffecini, ffecfin, cgruries, cusualt,
                   falta, cusumod, fmodifi
                  )
           VALUES (24, 801, 7, 1, 0, 0,
                   NULL, 1, 151, 4290, 0,
                   0, 'N', f_sysdate, NULL, NULL, NULL,
                   NULL, NULL, NULL
                  );
   EXCEPTION
      WHEN DUP_VAL_ON_INDEX
      THEN
         NULL;
   END;

   BEGIN
      INSERT INTO sectoresprod
                  (cempres, cramo, cmodali, ctipseg, ccolect, cactivi,
                   cgarant, csector, ccodcontrato, cclacontrato, precarg,
                   iextrap, creten, ffecini, ffecfin, cgruries, cusualt,
                   falta, cusumod, fmodifi
                  )
           VALUES (24, 801, 7, 2, 0, 0,
                   NULL, 1, 151, 4290, 0,
                   0, 'N', f_sysdate, NULL, NULL, NULL,
                   NULL, NULL, NULL
                  );
   EXCEPTION
      WHEN DUP_VAL_ON_INDEX
      THEN
         NULL;
   END;

   BEGIN
      INSERT INTO sectoresprod
                  (cempres, cramo, cmodali, ctipseg, ccolect, cactivi,
                   cgarant, csector, ccodcontrato, cclacontrato, precarg,
                   iextrap, creten, ffecini, ffecfin, cgruries, cusualt,
                   falta, cusumod, fmodifi
                  )
           VALUES (24, 801, 8, 1, 0, 0,
                   NULL, 1, 151, 4290, 0,
                   0, 'N', f_sysdate, NULL, NULL, NULL,
                   NULL, NULL, NULL
                  );
   EXCEPTION
      WHEN DUP_VAL_ON_INDEX
      THEN
         NULL;
   END;

   BEGIN
      INSERT INTO sectoresprod
                  (cempres, cramo, cmodali, ctipseg, ccolect, cactivi,
                   cgarant, csector, ccodcontrato, cclacontrato, precarg,
                   iextrap, creten, ffecini, ffecfin, cgruries, cusualt,
                   falta, cusumod, fmodifi
                  )
           VALUES (24, 801, 14, 1, 0, 0,
                   NULL, 1, 151, 4290, 0,
                   0, 'N', f_sysdate, NULL, NULL, NULL,
                   NULL, NULL, NULL
                  );
   EXCEPTION
      WHEN DUP_VAL_ON_INDEX
      THEN
         NULL;
   END;

   BEGIN
      INSERT INTO sectoresprod
                  (cempres, cramo, cmodali, ctipseg, ccolect, cactivi,
                   cgarant, csector, ccodcontrato, cclacontrato, precarg,
                   iextrap, creten, ffecini, ffecfin, cgruries, cusualt,
                   falta, cusumod, fmodifi
                  )
           VALUES (24, 801, 9, 1, 0, 0,
                   NULL, 1, 151, 4290, 0,
                   0, 'N', f_sysdate, NULL, NULL, NULL,
                   NULL, NULL, NULL
                  );
   EXCEPTION
      WHEN DUP_VAL_ON_INDEX
      THEN
         NULL;
   END;

   BEGIN
      INSERT INTO sectoresprod
                  (cempres, cramo, cmodali, ctipseg, ccolect, cactivi,
                   cgarant, csector, ccodcontrato, cclacontrato, precarg,
                   iextrap, creten, ffecini, ffecfin, cgruries, cusualt,
                   falta, cusumod, fmodifi
                  )
           VALUES (24, 801, 9, 2, 0, 0,
                   NULL, 1, 151, 4290, 0,
                   0, 'N', f_sysdate, NULL, NULL, NULL,
                   NULL, NULL, NULL
                  );
   EXCEPTION
      WHEN DUP_VAL_ON_INDEX
      THEN
         NULL;
   END;

   BEGIN
      INSERT INTO sectoresprod
                  (cempres, cramo, cmodali, ctipseg, ccolect, cactivi,
                   cgarant, csector, ccodcontrato, cclacontrato, precarg,
                   iextrap, creten, ffecini, ffecfin, cgruries, cusualt,
                   falta, cusumod, fmodifi
                  )
           VALUES (24, 801, 10, 1, 0, 0,
                   NULL, 1, 151, 4290, 0,
                   0, 'N', f_sysdate, NULL, NULL, NULL,
                   NULL, NULL, NULL
                  );
   EXCEPTION
      WHEN DUP_VAL_ON_INDEX
      THEN
         NULL;
   END;

   BEGIN
      INSERT INTO sectoresprod
                  (cempres, cramo, cmodali, ctipseg, ccolect, cactivi,
                   cgarant, csector, ccodcontrato, cclacontrato, precarg,
                   iextrap, creten, ffecini, ffecfin, cgruries, cusualt,
                   falta, cusumod, fmodifi
                  )
           VALUES (24, 801, 15, 1, 0, 0,
                   NULL, 1, 151, 4290, 0,
                   0, 'N', f_sysdate, NULL, NULL, NULL,
                   NULL, NULL, NULL
                  );
   EXCEPTION
      WHEN DUP_VAL_ON_INDEX
      THEN
         NULL;
   END;

   BEGIN
      INSERT INTO clasecontrato
                  (ccodcontrato, cclacontrato
                  )
           VALUES (152, 4290
                  );
   EXCEPTION
      WHEN DUP_VAL_ON_INDEX
      THEN
         NULL;
   END;

   BEGIN
      INSERT INTO detclasecontrato
                  (ccodcontrato, cclacontrato, cidioma, tdescripcion
                  )
           VALUES (152, 4290, 1, 'Construccion de Vias en Adoquin'
                  );
   EXCEPTION
      WHEN DUP_VAL_ON_INDEX
      THEN
         NULL;
   END;

   BEGIN
      INSERT INTO detclasecontrato
                  (ccodcontrato, cclacontrato, cidioma, tdescripcion
                  )
           VALUES (152, 4290, 2, 'Construccion de Vias en Adoquin'
                  );
   EXCEPTION
      WHEN DUP_VAL_ON_INDEX
      THEN
         NULL;
   END;

   BEGIN
      INSERT INTO detclasecontrato
                  (ccodcontrato, cclacontrato, cidioma, tdescripcion
                  )
           VALUES (152, 4290, 8, 'Construccion de Vias en Adoquin'
                  );
   EXCEPTION
      WHEN DUP_VAL_ON_INDEX
      THEN
         NULL;
   END;

   BEGIN
      INSERT INTO sectoresprod
                  (cempres, cramo, cmodali, ctipseg, ccolect, cactivi,
                   cgarant, csector, ccodcontrato, cclacontrato, precarg,
                   iextrap, creten, ffecini, ffecfin, cgruries, cusualt,
                   falta, cusumod, fmodifi
                  )
           VALUES (24, 801, 6, 1, 0, 0,
                   NULL, 1, 152, 4290, 0,
                   0, 'N', f_sysdate, NULL, NULL, NULL,
                   NULL, NULL, NULL
                  );
   EXCEPTION
      WHEN DUP_VAL_ON_INDEX
      THEN
         NULL;
   END;

   BEGIN
      INSERT INTO sectoresprod
                  (cempres, cramo, cmodali, ctipseg, ccolect, cactivi,
                   cgarant, csector, ccodcontrato, cclacontrato, precarg,
                   iextrap, creten, ffecini, ffecfin, cgruries, cusualt,
                   falta, cusumod, fmodifi
                  )
           VALUES (24, 801, 11, 1, 0, 0,
                   NULL, 1, 152, 4290, 0,
                   0, 'N', f_sysdate, NULL, NULL, NULL,
                   NULL, NULL, NULL
                  );
   EXCEPTION
      WHEN DUP_VAL_ON_INDEX
      THEN
         NULL;
   END;

   BEGIN
      INSERT INTO sectoresprod
                  (cempres, cramo, cmodali, ctipseg, ccolect, cactivi,
                   cgarant, csector, ccodcontrato, cclacontrato, precarg,
                   iextrap, creten, ffecini, ffecfin, cgruries, cusualt,
                   falta, cusumod, fmodifi
                  )
           VALUES (24, 801, 12, 1, 0, 0,
                   NULL, 1, 152, 4290, 0,
                   0, 'N', f_sysdate, NULL, NULL, NULL,
                   NULL, NULL, NULL
                  );
   EXCEPTION
      WHEN DUP_VAL_ON_INDEX
      THEN
         NULL;
   END;

   BEGIN
      INSERT INTO sectoresprod
                  (cempres, cramo, cmodali, ctipseg, ccolect, cactivi,
                   cgarant, csector, ccodcontrato, cclacontrato, precarg,
                   iextrap, creten, ffecini, ffecfin, cgruries, cusualt,
                   falta, cusumod, fmodifi
                  )
           VALUES (24, 801, 13, 1, 0, 0,
                   NULL, 1, 152, 4290, 0,
                   0, 'N', f_sysdate, NULL, NULL, NULL,
                   NULL, NULL, NULL
                  );
   EXCEPTION
      WHEN DUP_VAL_ON_INDEX
      THEN
         NULL;
   END;

   BEGIN
      INSERT INTO sectoresprod
                  (cempres, cramo, cmodali, ctipseg, ccolect, cactivi,
                   cgarant, csector, ccodcontrato, cclacontrato, precarg,
                   iextrap, creten, ffecini, ffecfin, cgruries, cusualt,
                   falta, cusumod, fmodifi
                  )
           VALUES (24, 801, 7, 1, 0, 0,
                   NULL, 1, 152, 4290, 0,
                   0, 'N', f_sysdate, NULL, NULL, NULL,
                   NULL, NULL, NULL
                  );
   EXCEPTION
      WHEN DUP_VAL_ON_INDEX
      THEN
         NULL;
   END;

   BEGIN
      INSERT INTO sectoresprod
                  (cempres, cramo, cmodali, ctipseg, ccolect, cactivi,
                   cgarant, csector, ccodcontrato, cclacontrato, precarg,
                   iextrap, creten, ffecini, ffecfin, cgruries, cusualt,
                   falta, cusumod, fmodifi
                  )
           VALUES (24, 801, 7, 2, 0, 0,
                   NULL, 1, 152, 4290, 0,
                   0, 'N', f_sysdate, NULL, NULL, NULL,
                   NULL, NULL, NULL
                  );
   EXCEPTION
      WHEN DUP_VAL_ON_INDEX
      THEN
         NULL;
   END;

   BEGIN
      INSERT INTO sectoresprod
                  (cempres, cramo, cmodali, ctipseg, ccolect, cactivi,
                   cgarant, csector, ccodcontrato, cclacontrato, precarg,
                   iextrap, creten, ffecini, ffecfin, cgruries, cusualt,
                   falta, cusumod, fmodifi
                  )
           VALUES (24, 801, 8, 1, 0, 0,
                   NULL, 1, 152, 4290, 0,
                   0, 'N', f_sysdate, NULL, NULL, NULL,
                   NULL, NULL, NULL
                  );
   EXCEPTION
      WHEN DUP_VAL_ON_INDEX
      THEN
         NULL;
   END;

   BEGIN
      INSERT INTO sectoresprod
                  (cempres, cramo, cmodali, ctipseg, ccolect, cactivi,
                   cgarant, csector, ccodcontrato, cclacontrato, precarg,
                   iextrap, creten, ffecini, ffecfin, cgruries, cusualt,
                   falta, cusumod, fmodifi
                  )
           VALUES (24, 801, 14, 1, 0, 0,
                   NULL, 1, 152, 4290, 0,
                   0, 'N', f_sysdate, NULL, NULL, NULL,
                   NULL, NULL, NULL
                  );
   EXCEPTION
      WHEN DUP_VAL_ON_INDEX
      THEN
         NULL;
   END;

   BEGIN
      INSERT INTO sectoresprod
                  (cempres, cramo, cmodali, ctipseg, ccolect, cactivi,
                   cgarant, csector, ccodcontrato, cclacontrato, precarg,
                   iextrap, creten, ffecini, ffecfin, cgruries, cusualt,
                   falta, cusumod, fmodifi
                  )
           VALUES (24, 801, 9, 1, 0, 0,
                   NULL, 1, 152, 4290, 0,
                   0, 'N', f_sysdate, NULL, NULL, NULL,
                   NULL, NULL, NULL
                  );
   EXCEPTION
      WHEN DUP_VAL_ON_INDEX
      THEN
         NULL;
   END;

   BEGIN
      INSERT INTO sectoresprod
                  (cempres, cramo, cmodali, ctipseg, ccolect, cactivi,
                   cgarant, csector, ccodcontrato, cclacontrato, precarg,
                   iextrap, creten, ffecini, ffecfin, cgruries, cusualt,
                   falta, cusumod, fmodifi
                  )
           VALUES (24, 801, 9, 2, 0, 0,
                   NULL, 1, 152, 4290, 0,
                   0, 'N', f_sysdate, NULL, NULL, NULL,
                   NULL, NULL, NULL
                  );
   EXCEPTION
      WHEN DUP_VAL_ON_INDEX
      THEN
         NULL;
   END;

   BEGIN
      INSERT INTO sectoresprod
                  (cempres, cramo, cmodali, ctipseg, ccolect, cactivi,
                   cgarant, csector, ccodcontrato, cclacontrato, precarg,
                   iextrap, creten, ffecini, ffecfin, cgruries, cusualt,
                   falta, cusumod, fmodifi
                  )
           VALUES (24, 801, 10, 1, 0, 0,
                   NULL, 1, 152, 4290, 0,
                   0, 'N', f_sysdate, NULL, NULL, NULL,
                   NULL, NULL, NULL
                  );
   EXCEPTION
      WHEN DUP_VAL_ON_INDEX
      THEN
         NULL;
   END;

   BEGIN
      INSERT INTO sectoresprod
                  (cempres, cramo, cmodali, ctipseg, ccolect, cactivi,
                   cgarant, csector, ccodcontrato, cclacontrato, precarg,
                   iextrap, creten, ffecini, ffecfin, cgruries, cusualt,
                   falta, cusumod, fmodifi
                  )
           VALUES (24, 801, 15, 1, 0, 0,
                   NULL, 1, 152, 4290, 0,
                   0, 'N', f_sysdate, NULL, NULL, NULL,
                   NULL, NULL, NULL
                  );
   EXCEPTION
      WHEN DUP_VAL_ON_INDEX
      THEN
         NULL;
   END;

   BEGIN
      INSERT INTO clasecontrato
                  (ccodcontrato, cclacontrato
                  )
           VALUES (153, 4290
                  );
   EXCEPTION
      WHEN DUP_VAL_ON_INDEX
      THEN
         NULL;
   END;

   BEGIN
      INSERT INTO detclasecontrato
                  (ccodcontrato, cclacontrato, cidioma, tdescripcion
                  )
           VALUES (153, 4290, 1, 'Construccion de Vias en Afirmado'
                  );
   EXCEPTION
      WHEN DUP_VAL_ON_INDEX
      THEN
         NULL;
   END;

   BEGIN
      INSERT INTO detclasecontrato
                  (ccodcontrato, cclacontrato, cidioma, tdescripcion
                  )
           VALUES (153, 4290, 2, 'Construccion de Vias en Afirmado'
                  );
   EXCEPTION
      WHEN DUP_VAL_ON_INDEX
      THEN
         NULL;
   END;

   BEGIN
      INSERT INTO detclasecontrato
                  (ccodcontrato, cclacontrato, cidioma, tdescripcion
                  )
           VALUES (153, 4290, 8, 'Construccion de Vias en Afirmado'
                  );
   EXCEPTION
      WHEN DUP_VAL_ON_INDEX
      THEN
         NULL;
   END;

   BEGIN
      INSERT INTO sectoresprod
                  (cempres, cramo, cmodali, ctipseg, ccolect, cactivi,
                   cgarant, csector, ccodcontrato, cclacontrato, precarg,
                   iextrap, creten, ffecini, ffecfin, cgruries, cusualt,
                   falta, cusumod, fmodifi
                  )
           VALUES (24, 801, 6, 1, 0, 0,
                   NULL, 1, 153, 4290, 0,
                   0, 'N', f_sysdate, NULL, NULL, NULL,
                   NULL, NULL, NULL
                  );
   EXCEPTION
      WHEN DUP_VAL_ON_INDEX
      THEN
         NULL;
   END;

   BEGIN
      INSERT INTO sectoresprod
                  (cempres, cramo, cmodali, ctipseg, ccolect, cactivi,
                   cgarant, csector, ccodcontrato, cclacontrato, precarg,
                   iextrap, creten, ffecini, ffecfin, cgruries, cusualt,
                   falta, cusumod, fmodifi
                  )
           VALUES (24, 801, 11, 1, 0, 0,
                   NULL, 1, 153, 4290, 0,
                   0, 'N', f_sysdate, NULL, NULL, NULL,
                   NULL, NULL, NULL
                  );
   EXCEPTION
      WHEN DUP_VAL_ON_INDEX
      THEN
         NULL;
   END;

   BEGIN
      INSERT INTO sectoresprod
                  (cempres, cramo, cmodali, ctipseg, ccolect, cactivi,
                   cgarant, csector, ccodcontrato, cclacontrato, precarg,
                   iextrap, creten, ffecini, ffecfin, cgruries, cusualt,
                   falta, cusumod, fmodifi
                  )
           VALUES (24, 801, 12, 1, 0, 0,
                   NULL, 1, 153, 4290, 0,
                   0, 'N', f_sysdate, NULL, NULL, NULL,
                   NULL, NULL, NULL
                  );
   EXCEPTION
      WHEN DUP_VAL_ON_INDEX
      THEN
         NULL;
   END;

   BEGIN
      INSERT INTO sectoresprod
                  (cempres, cramo, cmodali, ctipseg, ccolect, cactivi,
                   cgarant, csector, ccodcontrato, cclacontrato, precarg,
                   iextrap, creten, ffecini, ffecfin, cgruries, cusualt,
                   falta, cusumod, fmodifi
                  )
           VALUES (24, 801, 13, 1, 0, 0,
                   NULL, 1, 153, 4290, 0,
                   0, 'N', f_sysdate, NULL, NULL, NULL,
                   NULL, NULL, NULL
                  );
   EXCEPTION
      WHEN DUP_VAL_ON_INDEX
      THEN
         NULL;
   END;

   BEGIN
      INSERT INTO sectoresprod
                  (cempres, cramo, cmodali, ctipseg, ccolect, cactivi,
                   cgarant, csector, ccodcontrato, cclacontrato, precarg,
                   iextrap, creten, ffecini, ffecfin, cgruries, cusualt,
                   falta, cusumod, fmodifi
                  )
           VALUES (24, 801, 7, 1, 0, 0,
                   NULL, 1, 153, 4290, 0,
                   0, 'N', f_sysdate, NULL, NULL, NULL,
                   NULL, NULL, NULL
                  );
   EXCEPTION
      WHEN DUP_VAL_ON_INDEX
      THEN
         NULL;
   END;

   BEGIN
      INSERT INTO sectoresprod
                  (cempres, cramo, cmodali, ctipseg, ccolect, cactivi,
                   cgarant, csector, ccodcontrato, cclacontrato, precarg,
                   iextrap, creten, ffecini, ffecfin, cgruries, cusualt,
                   falta, cusumod, fmodifi
                  )
           VALUES (24, 801, 7, 2, 0, 0,
                   NULL, 1, 153, 4290, 0,
                   0, 'N', f_sysdate, NULL, NULL, NULL,
                   NULL, NULL, NULL
                  );
   EXCEPTION
      WHEN DUP_VAL_ON_INDEX
      THEN
         NULL;
   END;

   BEGIN
      INSERT INTO sectoresprod
                  (cempres, cramo, cmodali, ctipseg, ccolect, cactivi,
                   cgarant, csector, ccodcontrato, cclacontrato, precarg,
                   iextrap, creten, ffecini, ffecfin, cgruries, cusualt,
                   falta, cusumod, fmodifi
                  )
           VALUES (24, 801, 8, 1, 0, 0,
                   NULL, 1, 153, 4290, 0,
                   0, 'N', f_sysdate, NULL, NULL, NULL,
                   NULL, NULL, NULL
                  );
   EXCEPTION
      WHEN DUP_VAL_ON_INDEX
      THEN
         NULL;
   END;

   BEGIN
      INSERT INTO sectoresprod
                  (cempres, cramo, cmodali, ctipseg, ccolect, cactivi,
                   cgarant, csector, ccodcontrato, cclacontrato, precarg,
                   iextrap, creten, ffecini, ffecfin, cgruries, cusualt,
                   falta, cusumod, fmodifi
                  )
           VALUES (24, 801, 14, 1, 0, 0,
                   NULL, 1, 153, 4290, 0,
                   0, 'N', f_sysdate, NULL, NULL, NULL,
                   NULL, NULL, NULL
                  );
   EXCEPTION
      WHEN DUP_VAL_ON_INDEX
      THEN
         NULL;
   END;

   BEGIN
      INSERT INTO sectoresprod
                  (cempres, cramo, cmodali, ctipseg, ccolect, cactivi,
                   cgarant, csector, ccodcontrato, cclacontrato, precarg,
                   iextrap, creten, ffecini, ffecfin, cgruries, cusualt,
                   falta, cusumod, fmodifi
                  )
           VALUES (24, 801, 9, 1, 0, 0,
                   NULL, 1, 153, 4290, 0,
                   0, 'N', f_sysdate, NULL, NULL, NULL,
                   NULL, NULL, NULL
                  );
   EXCEPTION
      WHEN DUP_VAL_ON_INDEX
      THEN
         NULL;
   END;

   BEGIN
      INSERT INTO sectoresprod
                  (cempres, cramo, cmodali, ctipseg, ccolect, cactivi,
                   cgarant, csector, ccodcontrato, cclacontrato, precarg,
                   iextrap, creten, ffecini, ffecfin, cgruries, cusualt,
                   falta, cusumod, fmodifi
                  )
           VALUES (24, 801, 9, 2, 0, 0,
                   NULL, 1, 153, 4290, 0,
                   0, 'N', f_sysdate, NULL, NULL, NULL,
                   NULL, NULL, NULL
                  );
   EXCEPTION
      WHEN DUP_VAL_ON_INDEX
      THEN
         NULL;
   END;

   BEGIN
      INSERT INTO sectoresprod
                  (cempres, cramo, cmodali, ctipseg, ccolect, cactivi,
                   cgarant, csector, ccodcontrato, cclacontrato, precarg,
                   iextrap, creten, ffecini, ffecfin, cgruries, cusualt,
                   falta, cusumod, fmodifi
                  )
           VALUES (24, 801, 10, 1, 0, 0,
                   NULL, 1, 153, 4290, 0,
                   0, 'N', f_sysdate, NULL, NULL, NULL,
                   NULL, NULL, NULL
                  );
   EXCEPTION
      WHEN DUP_VAL_ON_INDEX
      THEN
         NULL;
   END;

   BEGIN
      INSERT INTO sectoresprod
                  (cempres, cramo, cmodali, ctipseg, ccolect, cactivi,
                   cgarant, csector, ccodcontrato, cclacontrato, precarg,
                   iextrap, creten, ffecini, ffecfin, cgruries, cusualt,
                   falta, cusumod, fmodifi
                  )
           VALUES (24, 801, 15, 1, 0, 0,
                   NULL, 1, 153, 4290, 0,
                   0, 'N', f_sysdate, NULL, NULL, NULL,
                   NULL, NULL, NULL
                  );
   EXCEPTION
      WHEN DUP_VAL_ON_INDEX
      THEN
         NULL;
   END;

   BEGIN
      INSERT INTO clasecontrato
                  (ccodcontrato, cclacontrato
                  )
           VALUES (154, 4290
                  );
   EXCEPTION
      WHEN DUP_VAL_ON_INDEX
      THEN
         NULL;
   END;

   BEGIN
      INSERT INTO detclasecontrato
                  (ccodcontrato, cclacontrato, cidioma, tdescripcion
                  )
           VALUES (154, 4290, 1, 'Construccion de vias en placa huella'
                  );
   EXCEPTION
      WHEN DUP_VAL_ON_INDEX
      THEN
         NULL;
   END;

   BEGIN
      INSERT INTO detclasecontrato
                  (ccodcontrato, cclacontrato, cidioma, tdescripcion
                  )
           VALUES (154, 4290, 2, 'Construccion de vias en placa huella'
                  );
   EXCEPTION
      WHEN DUP_VAL_ON_INDEX
      THEN
         NULL;
   END;

   BEGIN
      INSERT INTO detclasecontrato
                  (ccodcontrato, cclacontrato, cidioma, tdescripcion
                  )
           VALUES (154, 4290, 8, 'Construccion de vias en placa huella'
                  );
   EXCEPTION
      WHEN DUP_VAL_ON_INDEX
      THEN
         NULL;
   END;

   BEGIN
      INSERT INTO sectoresprod
                  (cempres, cramo, cmodali, ctipseg, ccolect, cactivi,
                   cgarant, csector, ccodcontrato, cclacontrato, precarg,
                   iextrap, creten, ffecini, ffecfin, cgruries, cusualt,
                   falta, cusumod, fmodifi
                  )
           VALUES (24, 801, 6, 1, 0, 0,
                   NULL, 1, 154, 4290, 0,
                   0, 'N', f_sysdate, NULL, NULL, NULL,
                   NULL, NULL, NULL
                  );
   EXCEPTION
      WHEN DUP_VAL_ON_INDEX
      THEN
         NULL;
   END;

   BEGIN
      INSERT INTO sectoresprod
                  (cempres, cramo, cmodali, ctipseg, ccolect, cactivi,
                   cgarant, csector, ccodcontrato, cclacontrato, precarg,
                   iextrap, creten, ffecini, ffecfin, cgruries, cusualt,
                   falta, cusumod, fmodifi
                  )
           VALUES (24, 801, 11, 1, 0, 0,
                   NULL, 1, 154, 4290, 0,
                   0, 'N', f_sysdate, NULL, NULL, NULL,
                   NULL, NULL, NULL
                  );
   EXCEPTION
      WHEN DUP_VAL_ON_INDEX
      THEN
         NULL;
   END;

   BEGIN
      INSERT INTO sectoresprod
                  (cempres, cramo, cmodali, ctipseg, ccolect, cactivi,
                   cgarant, csector, ccodcontrato, cclacontrato, precarg,
                   iextrap, creten, ffecini, ffecfin, cgruries, cusualt,
                   falta, cusumod, fmodifi
                  )
           VALUES (24, 801, 12, 1, 0, 0,
                   NULL, 1, 154, 4290, 0,
                   0, 'N', f_sysdate, NULL, NULL, NULL,
                   NULL, NULL, NULL
                  );
   EXCEPTION
      WHEN DUP_VAL_ON_INDEX
      THEN
         NULL;
   END;

   BEGIN
      INSERT INTO sectoresprod
                  (cempres, cramo, cmodali, ctipseg, ccolect, cactivi,
                   cgarant, csector, ccodcontrato, cclacontrato, precarg,
                   iextrap, creten, ffecini, ffecfin, cgruries, cusualt,
                   falta, cusumod, fmodifi
                  )
           VALUES (24, 801, 13, 1, 0, 0,
                   NULL, 1, 154, 4290, 0,
                   0, 'N', f_sysdate, NULL, NULL, NULL,
                   NULL, NULL, NULL
                  );
   EXCEPTION
      WHEN DUP_VAL_ON_INDEX
      THEN
         NULL;
   END;

   BEGIN
      INSERT INTO sectoresprod
                  (cempres, cramo, cmodali, ctipseg, ccolect, cactivi,
                   cgarant, csector, ccodcontrato, cclacontrato, precarg,
                   iextrap, creten, ffecini, ffecfin, cgruries, cusualt,
                   falta, cusumod, fmodifi
                  )
           VALUES (24, 801, 7, 1, 0, 0,
                   NULL, 1, 154, 4290, 0,
                   0, 'N', f_sysdate, NULL, NULL, NULL,
                   NULL, NULL, NULL
                  );
   EXCEPTION
      WHEN DUP_VAL_ON_INDEX
      THEN
         NULL;
   END;

   BEGIN
      INSERT INTO sectoresprod
                  (cempres, cramo, cmodali, ctipseg, ccolect, cactivi,
                   cgarant, csector, ccodcontrato, cclacontrato, precarg,
                   iextrap, creten, ffecini, ffecfin, cgruries, cusualt,
                   falta, cusumod, fmodifi
                  )
           VALUES (24, 801, 7, 2, 0, 0,
                   NULL, 1, 154, 4290, 0,
                   0, 'N', f_sysdate, NULL, NULL, NULL,
                   NULL, NULL, NULL
                  );
   EXCEPTION
      WHEN DUP_VAL_ON_INDEX
      THEN
         NULL;
   END;

   BEGIN
      INSERT INTO sectoresprod
                  (cempres, cramo, cmodali, ctipseg, ccolect, cactivi,
                   cgarant, csector, ccodcontrato, cclacontrato, precarg,
                   iextrap, creten, ffecini, ffecfin, cgruries, cusualt,
                   falta, cusumod, fmodifi
                  )
           VALUES (24, 801, 8, 1, 0, 0,
                   NULL, 1, 154, 4290, 0,
                   0, 'N', f_sysdate, NULL, NULL, NULL,
                   NULL, NULL, NULL
                  );
   EXCEPTION
      WHEN DUP_VAL_ON_INDEX
      THEN
         NULL;
   END;

   BEGIN
      INSERT INTO sectoresprod
                  (cempres, cramo, cmodali, ctipseg, ccolect, cactivi,
                   cgarant, csector, ccodcontrato, cclacontrato, precarg,
                   iextrap, creten, ffecini, ffecfin, cgruries, cusualt,
                   falta, cusumod, fmodifi
                  )
           VALUES (24, 801, 14, 1, 0, 0,
                   NULL, 1, 154, 4290, 0,
                   0, 'N', f_sysdate, NULL, NULL, NULL,
                   NULL, NULL, NULL
                  );
   EXCEPTION
      WHEN DUP_VAL_ON_INDEX
      THEN
         NULL;
   END;

   BEGIN
      INSERT INTO sectoresprod
                  (cempres, cramo, cmodali, ctipseg, ccolect, cactivi,
                   cgarant, csector, ccodcontrato, cclacontrato, precarg,
                   iextrap, creten, ffecini, ffecfin, cgruries, cusualt,
                   falta, cusumod, fmodifi
                  )
           VALUES (24, 801, 9, 1, 0, 0,
                   NULL, 1, 154, 4290, 0,
                   0, 'N', f_sysdate, NULL, NULL, NULL,
                   NULL, NULL, NULL
                  );
   EXCEPTION
      WHEN DUP_VAL_ON_INDEX
      THEN
         NULL;
   END;

   BEGIN
      INSERT INTO sectoresprod
                  (cempres, cramo, cmodali, ctipseg, ccolect, cactivi,
                   cgarant, csector, ccodcontrato, cclacontrato, precarg,
                   iextrap, creten, ffecini, ffecfin, cgruries, cusualt,
                   falta, cusumod, fmodifi
                  )
           VALUES (24, 801, 9, 2, 0, 0,
                   NULL, 1, 154, 4290, 0,
                   0, 'N', f_sysdate, NULL, NULL, NULL,
                   NULL, NULL, NULL
                  );
   EXCEPTION
      WHEN DUP_VAL_ON_INDEX
      THEN
         NULL;
   END;

   BEGIN
      INSERT INTO sectoresprod
                  (cempres, cramo, cmodali, ctipseg, ccolect, cactivi,
                   cgarant, csector, ccodcontrato, cclacontrato, precarg,
                   iextrap, creten, ffecini, ffecfin, cgruries, cusualt,
                   falta, cusumod, fmodifi
                  )
           VALUES (24, 801, 10, 1, 0, 0,
                   NULL, 1, 154, 4290, 0,
                   0, 'N', f_sysdate, NULL, NULL, NULL,
                   NULL, NULL, NULL
                  );
   EXCEPTION
      WHEN DUP_VAL_ON_INDEX
      THEN
         NULL;
   END;

   BEGIN
      INSERT INTO sectoresprod
                  (cempres, cramo, cmodali, ctipseg, ccolect, cactivi,
                   cgarant, csector, ccodcontrato, cclacontrato, precarg,
                   iextrap, creten, ffecini, ffecfin, cgruries, cusualt,
                   falta, cusumod, fmodifi
                  )
           VALUES (24, 801, 15, 1, 0, 0,
                   NULL, 1, 154, 4290, 0,
                   0, 'N', f_sysdate, NULL, NULL, NULL,
                   NULL, NULL, NULL
                  );
   EXCEPTION
      WHEN DUP_VAL_ON_INDEX
      THEN
         NULL;
   END;

   BEGIN
      INSERT INTO clasecontrato
                  (ccodcontrato, cclacontrato
                  )
           VALUES (155, 4290
                  );
   EXCEPTION
      WHEN DUP_VAL_ON_INDEX
      THEN
         NULL;
   END;

   BEGIN
      INSERT INTO detclasecontrato
                  (ccodcontrato, cclacontrato, cidioma,
                   tdescripcion
                  )
           VALUES (155, 4290, 1,
                   'Construccion y/o Mantenimiento de Cubiertas'
                  );
   EXCEPTION
      WHEN DUP_VAL_ON_INDEX
      THEN
         NULL;
   END;

   BEGIN
      INSERT INTO detclasecontrato
                  (ccodcontrato, cclacontrato, cidioma,
                   tdescripcion
                  )
           VALUES (155, 4290, 2,
                   'Construccion y/o Mantenimiento de Cubiertas'
                  );
   EXCEPTION
      WHEN DUP_VAL_ON_INDEX
      THEN
         NULL;
   END;

   BEGIN
      INSERT INTO detclasecontrato
                  (ccodcontrato, cclacontrato, cidioma,
                   tdescripcion
                  )
           VALUES (155, 4290, 8,
                   'Construccion y/o Mantenimiento de Cubiertas'
                  );
   EXCEPTION
      WHEN DUP_VAL_ON_INDEX
      THEN
         NULL;
   END;

   BEGIN
      INSERT INTO sectoresprod
                  (cempres, cramo, cmodali, ctipseg, ccolect, cactivi,
                   cgarant, csector, ccodcontrato, cclacontrato, precarg,
                   iextrap, creten, ffecini, ffecfin, cgruries, cusualt,
                   falta, cusumod, fmodifi
                  )
           VALUES (24, 801, 6, 1, 0, 0,
                   NULL, 1, 155, 4290, 0,
                   0, 'N', f_sysdate, NULL, NULL, NULL,
                   NULL, NULL, NULL
                  );
   EXCEPTION
      WHEN DUP_VAL_ON_INDEX
      THEN
         NULL;
   END;

   BEGIN
      INSERT INTO sectoresprod
                  (cempres, cramo, cmodali, ctipseg, ccolect, cactivi,
                   cgarant, csector, ccodcontrato, cclacontrato, precarg,
                   iextrap, creten, ffecini, ffecfin, cgruries, cusualt,
                   falta, cusumod, fmodifi
                  )
           VALUES (24, 801, 11, 1, 0, 0,
                   NULL, 1, 155, 4290, 0,
                   0, 'N', f_sysdate, NULL, NULL, NULL,
                   NULL, NULL, NULL
                  );
   EXCEPTION
      WHEN DUP_VAL_ON_INDEX
      THEN
         NULL;
   END;

   BEGIN
      INSERT INTO sectoresprod
                  (cempres, cramo, cmodali, ctipseg, ccolect, cactivi,
                   cgarant, csector, ccodcontrato, cclacontrato, precarg,
                   iextrap, creten, ffecini, ffecfin, cgruries, cusualt,
                   falta, cusumod, fmodifi
                  )
           VALUES (24, 801, 12, 1, 0, 0,
                   NULL, 1, 155, 4290, 0,
                   0, 'N', f_sysdate, NULL, NULL, NULL,
                   NULL, NULL, NULL
                  );
   EXCEPTION
      WHEN DUP_VAL_ON_INDEX
      THEN
         NULL;
   END;

   BEGIN
      INSERT INTO sectoresprod
                  (cempres, cramo, cmodali, ctipseg, ccolect, cactivi,
                   cgarant, csector, ccodcontrato, cclacontrato, precarg,
                   iextrap, creten, ffecini, ffecfin, cgruries, cusualt,
                   falta, cusumod, fmodifi
                  )
           VALUES (24, 801, 13, 1, 0, 0,
                   NULL, 1, 155, 4290, 0,
                   0, 'N', f_sysdate, NULL, NULL, NULL,
                   NULL, NULL, NULL
                  );
   EXCEPTION
      WHEN DUP_VAL_ON_INDEX
      THEN
         NULL;
   END;

   BEGIN
      INSERT INTO sectoresprod
                  (cempres, cramo, cmodali, ctipseg, ccolect, cactivi,
                   cgarant, csector, ccodcontrato, cclacontrato, precarg,
                   iextrap, creten, ffecini, ffecfin, cgruries, cusualt,
                   falta, cusumod, fmodifi
                  )
           VALUES (24, 801, 7, 1, 0, 0,
                   NULL, 1, 155, 4290, 0,
                   0, 'N', f_sysdate, NULL, NULL, NULL,
                   NULL, NULL, NULL
                  );
   EXCEPTION
      WHEN DUP_VAL_ON_INDEX
      THEN
         NULL;
   END;

   BEGIN
      INSERT INTO sectoresprod
                  (cempres, cramo, cmodali, ctipseg, ccolect, cactivi,
                   cgarant, csector, ccodcontrato, cclacontrato, precarg,
                   iextrap, creten, ffecini, ffecfin, cgruries, cusualt,
                   falta, cusumod, fmodifi
                  )
           VALUES (24, 801, 7, 2, 0, 0,
                   NULL, 1, 155, 4290, 0,
                   0, 'N', f_sysdate, NULL, NULL, NULL,
                   NULL, NULL, NULL
                  );
   EXCEPTION
      WHEN DUP_VAL_ON_INDEX
      THEN
         NULL;
   END;

   BEGIN
      INSERT INTO sectoresprod
                  (cempres, cramo, cmodali, ctipseg, ccolect, cactivi,
                   cgarant, csector, ccodcontrato, cclacontrato, precarg,
                   iextrap, creten, ffecini, ffecfin, cgruries, cusualt,
                   falta, cusumod, fmodifi
                  )
           VALUES (24, 801, 8, 1, 0, 0,
                   NULL, 1, 155, 4290, 0,
                   0, 'N', f_sysdate, NULL, NULL, NULL,
                   NULL, NULL, NULL
                  );
   EXCEPTION
      WHEN DUP_VAL_ON_INDEX
      THEN
         NULL;
   END;

   BEGIN
      INSERT INTO sectoresprod
                  (cempres, cramo, cmodali, ctipseg, ccolect, cactivi,
                   cgarant, csector, ccodcontrato, cclacontrato, precarg,
                   iextrap, creten, ffecini, ffecfin, cgruries, cusualt,
                   falta, cusumod, fmodifi
                  )
           VALUES (24, 801, 14, 1, 0, 0,
                   NULL, 1, 155, 4290, 0,
                   0, 'N', f_sysdate, NULL, NULL, NULL,
                   NULL, NULL, NULL
                  );
   EXCEPTION
      WHEN DUP_VAL_ON_INDEX
      THEN
         NULL;
   END;

   BEGIN
      INSERT INTO sectoresprod
                  (cempres, cramo, cmodali, ctipseg, ccolect, cactivi,
                   cgarant, csector, ccodcontrato, cclacontrato, precarg,
                   iextrap, creten, ffecini, ffecfin, cgruries, cusualt,
                   falta, cusumod, fmodifi
                  )
           VALUES (24, 801, 9, 1, 0, 0,
                   NULL, 1, 155, 4290, 0,
                   0, 'N', f_sysdate, NULL, NULL, NULL,
                   NULL, NULL, NULL
                  );
   EXCEPTION
      WHEN DUP_VAL_ON_INDEX
      THEN
         NULL;
   END;

   BEGIN
      INSERT INTO sectoresprod
                  (cempres, cramo, cmodali, ctipseg, ccolect, cactivi,
                   cgarant, csector, ccodcontrato, cclacontrato, precarg,
                   iextrap, creten, ffecini, ffecfin, cgruries, cusualt,
                   falta, cusumod, fmodifi
                  )
           VALUES (24, 801, 9, 2, 0, 0,
                   NULL, 1, 155, 4290, 0,
                   0, 'N', f_sysdate, NULL, NULL, NULL,
                   NULL, NULL, NULL
                  );
   EXCEPTION
      WHEN DUP_VAL_ON_INDEX
      THEN
         NULL;
   END;

   BEGIN
      INSERT INTO sectoresprod
                  (cempres, cramo, cmodali, ctipseg, ccolect, cactivi,
                   cgarant, csector, ccodcontrato, cclacontrato, precarg,
                   iextrap, creten, ffecini, ffecfin, cgruries, cusualt,
                   falta, cusumod, fmodifi
                  )
           VALUES (24, 801, 10, 1, 0, 0,
                   NULL, 1, 155, 4290, 0,
                   0, 'N', f_sysdate, NULL, NULL, NULL,
                   NULL, NULL, NULL
                  );
   EXCEPTION
      WHEN DUP_VAL_ON_INDEX
      THEN
         NULL;
   END;

   BEGIN
      INSERT INTO sectoresprod
                  (cempres, cramo, cmodali, ctipseg, ccolect, cactivi,
                   cgarant, csector, ccodcontrato, cclacontrato, precarg,
                   iextrap, creten, ffecini, ffecfin, cgruries, cusualt,
                   falta, cusumod, fmodifi
                  )
           VALUES (24, 801, 15, 1, 0, 0,
                   NULL, 1, 155, 4290, 0,
                   0, 'N', f_sysdate, NULL, NULL, NULL,
                   NULL, NULL, NULL
                  );
   EXCEPTION
      WHEN DUP_VAL_ON_INDEX
      THEN
         NULL;
   END;

   BEGIN
      INSERT INTO clasecontrato
                  (ccodcontrato, cclacontrato
                  )
           VALUES (156, 4290
                  );
   EXCEPTION
      WHEN DUP_VAL_ON_INDEX
      THEN
         NULL;
   END;

   BEGIN
      INSERT INTO detclasecontrato
                  (ccodcontrato, cclacontrato, cidioma,
                   tdescripcion
                  )
           VALUES (156, 4290, 1,
                   'Construccion y/o Mantenimiento de Plantas de Tratamiento'
                  );
   EXCEPTION
      WHEN DUP_VAL_ON_INDEX
      THEN
         NULL;
   END;

   BEGIN
      INSERT INTO detclasecontrato
                  (ccodcontrato, cclacontrato, cidioma,
                   tdescripcion
                  )
           VALUES (156, 4290, 2,
                   'Construccion y/o Mantenimiento de Plantas de Tratamiento'
                  );
   EXCEPTION
      WHEN DUP_VAL_ON_INDEX
      THEN
         NULL;
   END;

   BEGIN
      INSERT INTO detclasecontrato
                  (ccodcontrato, cclacontrato, cidioma,
                   tdescripcion
                  )
           VALUES (156, 4290, 8,
                   'Construccion y/o Mantenimiento de Plantas de Tratamiento'
                  );
   EXCEPTION
      WHEN DUP_VAL_ON_INDEX
      THEN
         NULL;
   END;

   BEGIN
      INSERT INTO sectoresprod
                  (cempres, cramo, cmodali, ctipseg, ccolect, cactivi,
                   cgarant, csector, ccodcontrato, cclacontrato, precarg,
                   iextrap, creten, ffecini, ffecfin, cgruries, cusualt,
                   falta, cusumod, fmodifi
                  )
           VALUES (24, 801, 6, 1, 0, 0,
                   NULL, 1, 156, 4290, 0,
                   0, 'N', f_sysdate, NULL, NULL, NULL,
                   NULL, NULL, NULL
                  );
   EXCEPTION
      WHEN DUP_VAL_ON_INDEX
      THEN
         NULL;
   END;

   BEGIN
      INSERT INTO sectoresprod
                  (cempres, cramo, cmodali, ctipseg, ccolect, cactivi,
                   cgarant, csector, ccodcontrato, cclacontrato, precarg,
                   iextrap, creten, ffecini, ffecfin, cgruries, cusualt,
                   falta, cusumod, fmodifi
                  )
           VALUES (24, 801, 11, 1, 0, 0,
                   NULL, 1, 156, 4290, 0,
                   0, 'N', f_sysdate, NULL, NULL, NULL,
                   NULL, NULL, NULL
                  );
   EXCEPTION
      WHEN DUP_VAL_ON_INDEX
      THEN
         NULL;
   END;

   BEGIN
      INSERT INTO sectoresprod
                  (cempres, cramo, cmodali, ctipseg, ccolect, cactivi,
                   cgarant, csector, ccodcontrato, cclacontrato, precarg,
                   iextrap, creten, ffecini, ffecfin, cgruries, cusualt,
                   falta, cusumod, fmodifi
                  )
           VALUES (24, 801, 12, 1, 0, 0,
                   NULL, 1, 156, 4290, 0,
                   0, 'N', f_sysdate, NULL, NULL, NULL,
                   NULL, NULL, NULL
                  );
   EXCEPTION
      WHEN DUP_VAL_ON_INDEX
      THEN
         NULL;
   END;

   BEGIN
      INSERT INTO sectoresprod
                  (cempres, cramo, cmodali, ctipseg, ccolect, cactivi,
                   cgarant, csector, ccodcontrato, cclacontrato, precarg,
                   iextrap, creten, ffecini, ffecfin, cgruries, cusualt,
                   falta, cusumod, fmodifi
                  )
           VALUES (24, 801, 13, 1, 0, 0,
                   NULL, 1, 156, 4290, 0,
                   0, 'N', f_sysdate, NULL, NULL, NULL,
                   NULL, NULL, NULL
                  );
   EXCEPTION
      WHEN DUP_VAL_ON_INDEX
      THEN
         NULL;
   END;

   BEGIN
      INSERT INTO sectoresprod
                  (cempres, cramo, cmodali, ctipseg, ccolect, cactivi,
                   cgarant, csector, ccodcontrato, cclacontrato, precarg,
                   iextrap, creten, ffecini, ffecfin, cgruries, cusualt,
                   falta, cusumod, fmodifi
                  )
           VALUES (24, 801, 7, 1, 0, 0,
                   NULL, 1, 156, 4290, 0,
                   0, 'N', f_sysdate, NULL, NULL, NULL,
                   NULL, NULL, NULL
                  );
   EXCEPTION
      WHEN DUP_VAL_ON_INDEX
      THEN
         NULL;
   END;

   BEGIN
      INSERT INTO sectoresprod
                  (cempres, cramo, cmodali, ctipseg, ccolect, cactivi,
                   cgarant, csector, ccodcontrato, cclacontrato, precarg,
                   iextrap, creten, ffecini, ffecfin, cgruries, cusualt,
                   falta, cusumod, fmodifi
                  )
           VALUES (24, 801, 7, 2, 0, 0,
                   NULL, 1, 156, 4290, 0,
                   0, 'N', f_sysdate, NULL, NULL, NULL,
                   NULL, NULL, NULL
                  );
   EXCEPTION
      WHEN DUP_VAL_ON_INDEX
      THEN
         NULL;
   END;

   BEGIN
      INSERT INTO sectoresprod
                  (cempres, cramo, cmodali, ctipseg, ccolect, cactivi,
                   cgarant, csector, ccodcontrato, cclacontrato, precarg,
                   iextrap, creten, ffecini, ffecfin, cgruries, cusualt,
                   falta, cusumod, fmodifi
                  )
           VALUES (24, 801, 8, 1, 0, 0,
                   NULL, 1, 156, 4290, 0,
                   0, 'N', f_sysdate, NULL, NULL, NULL,
                   NULL, NULL, NULL
                  );
   EXCEPTION
      WHEN DUP_VAL_ON_INDEX
      THEN
         NULL;
   END;

   BEGIN
      INSERT INTO sectoresprod
                  (cempres, cramo, cmodali, ctipseg, ccolect, cactivi,
                   cgarant, csector, ccodcontrato, cclacontrato, precarg,
                   iextrap, creten, ffecini, ffecfin, cgruries, cusualt,
                   falta, cusumod, fmodifi
                  )
           VALUES (24, 801, 14, 1, 0, 0,
                   NULL, 1, 156, 4290, 0,
                   0, 'N', f_sysdate, NULL, NULL, NULL,
                   NULL, NULL, NULL
                  );
   EXCEPTION
      WHEN DUP_VAL_ON_INDEX
      THEN
         NULL;
   END;

   BEGIN
      INSERT INTO sectoresprod
                  (cempres, cramo, cmodali, ctipseg, ccolect, cactivi,
                   cgarant, csector, ccodcontrato, cclacontrato, precarg,
                   iextrap, creten, ffecini, ffecfin, cgruries, cusualt,
                   falta, cusumod, fmodifi
                  )
           VALUES (24, 801, 9, 1, 0, 0,
                   NULL, 1, 156, 4290, 0,
                   0, 'N', f_sysdate, NULL, NULL, NULL,
                   NULL, NULL, NULL
                  );
   EXCEPTION
      WHEN DUP_VAL_ON_INDEX
      THEN
         NULL;
   END;

   BEGIN
      INSERT INTO sectoresprod
                  (cempres, cramo, cmodali, ctipseg, ccolect, cactivi,
                   cgarant, csector, ccodcontrato, cclacontrato, precarg,
                   iextrap, creten, ffecini, ffecfin, cgruries, cusualt,
                   falta, cusumod, fmodifi
                  )
           VALUES (24, 801, 9, 2, 0, 0,
                   NULL, 1, 156, 4290, 0,
                   0, 'N', f_sysdate, NULL, NULL, NULL,
                   NULL, NULL, NULL
                  );
   EXCEPTION
      WHEN DUP_VAL_ON_INDEX
      THEN
         NULL;
   END;

   BEGIN
      INSERT INTO sectoresprod
                  (cempres, cramo, cmodali, ctipseg, ccolect, cactivi,
                   cgarant, csector, ccodcontrato, cclacontrato, precarg,
                   iextrap, creten, ffecini, ffecfin, cgruries, cusualt,
                   falta, cusumod, fmodifi
                  )
           VALUES (24, 801, 10, 1, 0, 0,
                   NULL, 1, 156, 4290, 0,
                   0, 'N', f_sysdate, NULL, NULL, NULL,
                   NULL, NULL, NULL
                  );
   EXCEPTION
      WHEN DUP_VAL_ON_INDEX
      THEN
         NULL;
   END;

   BEGIN
      INSERT INTO sectoresprod
                  (cempres, cramo, cmodali, ctipseg, ccolect, cactivi,
                   cgarant, csector, ccodcontrato, cclacontrato, precarg,
                   iextrap, creten, ffecini, ffecfin, cgruries, cusualt,
                   falta, cusumod, fmodifi
                  )
           VALUES (24, 801, 15, 1, 0, 0,
                   NULL, 1, 156, 4290, 0,
                   0, 'N', f_sysdate, NULL, NULL, NULL,
                   NULL, NULL, NULL
                  );
   EXCEPTION
      WHEN DUP_VAL_ON_INDEX
      THEN
         NULL;
   END;

   BEGIN
      INSERT INTO clasecontrato
                  (ccodcontrato, cclacontrato
                  )
           VALUES (157, 4290
                  );
   EXCEPTION
      WHEN DUP_VAL_ON_INDEX
      THEN
         NULL;
   END;

   BEGIN
      INSERT INTO detclasecontrato
                  (ccodcontrato, cclacontrato, cidioma, tdescripcion
                  )
           VALUES (157, 4290, 1, 'Construcción y/o Mantenimiento de Vias'
                  );
   EXCEPTION
      WHEN DUP_VAL_ON_INDEX
      THEN
         NULL;
   END;

   BEGIN
      INSERT INTO detclasecontrato
                  (ccodcontrato, cclacontrato, cidioma, tdescripcion
                  )
           VALUES (157, 4290, 2, 'Construcción y/o Mantenimiento de Vias'
                  );
   EXCEPTION
      WHEN DUP_VAL_ON_INDEX
      THEN
         NULL;
   END;

   BEGIN
      INSERT INTO detclasecontrato
                  (ccodcontrato, cclacontrato, cidioma, tdescripcion
                  )
           VALUES (157, 4290, 8, 'Construcción y/o Mantenimiento de Vias'
                  );
   EXCEPTION
      WHEN DUP_VAL_ON_INDEX
      THEN
         NULL;
   END;

   BEGIN
      INSERT INTO sectoresprod
                  (cempres, cramo, cmodali, ctipseg, ccolect, cactivi,
                   cgarant, csector, ccodcontrato, cclacontrato, precarg,
                   iextrap, creten, ffecini, ffecfin, cgruries, cusualt,
                   falta, cusumod, fmodifi
                  )
           VALUES (24, 801, 6, 1, 0, 0,
                   NULL, 1, 157, 4290, 0,
                   0, 'N', f_sysdate, NULL, NULL, NULL,
                   NULL, NULL, NULL
                  );
   EXCEPTION
      WHEN DUP_VAL_ON_INDEX
      THEN
         NULL;
   END;

   BEGIN
      INSERT INTO sectoresprod
                  (cempres, cramo, cmodali, ctipseg, ccolect, cactivi,
                   cgarant, csector, ccodcontrato, cclacontrato, precarg,
                   iextrap, creten, ffecini, ffecfin, cgruries, cusualt,
                   falta, cusumod, fmodifi
                  )
           VALUES (24, 801, 11, 1, 0, 0,
                   NULL, 1, 157, 4290, 0,
                   0, 'N', f_sysdate, NULL, NULL, NULL,
                   NULL, NULL, NULL
                  );
   EXCEPTION
      WHEN DUP_VAL_ON_INDEX
      THEN
         NULL;
   END;

   BEGIN
      INSERT INTO sectoresprod
                  (cempres, cramo, cmodali, ctipseg, ccolect, cactivi,
                   cgarant, csector, ccodcontrato, cclacontrato, precarg,
                   iextrap, creten, ffecini, ffecfin, cgruries, cusualt,
                   falta, cusumod, fmodifi
                  )
           VALUES (24, 801, 12, 1, 0, 0,
                   NULL, 1, 157, 4290, 0,
                   0, 'N', f_sysdate, NULL, NULL, NULL,
                   NULL, NULL, NULL
                  );
   EXCEPTION
      WHEN DUP_VAL_ON_INDEX
      THEN
         NULL;
   END;

   BEGIN
      INSERT INTO sectoresprod
                  (cempres, cramo, cmodali, ctipseg, ccolect, cactivi,
                   cgarant, csector, ccodcontrato, cclacontrato, precarg,
                   iextrap, creten, ffecini, ffecfin, cgruries, cusualt,
                   falta, cusumod, fmodifi
                  )
           VALUES (24, 801, 13, 1, 0, 0,
                   NULL, 1, 157, 4290, 0,
                   0, 'N', f_sysdate, NULL, NULL, NULL,
                   NULL, NULL, NULL
                  );
   EXCEPTION
      WHEN DUP_VAL_ON_INDEX
      THEN
         NULL;
   END;

   BEGIN
      INSERT INTO sectoresprod
                  (cempres, cramo, cmodali, ctipseg, ccolect, cactivi,
                   cgarant, csector, ccodcontrato, cclacontrato, precarg,
                   iextrap, creten, ffecini, ffecfin, cgruries, cusualt,
                   falta, cusumod, fmodifi
                  )
           VALUES (24, 801, 7, 1, 0, 0,
                   NULL, 1, 157, 4290, 0,
                   0, 'N', f_sysdate, NULL, NULL, NULL,
                   NULL, NULL, NULL
                  );
   EXCEPTION
      WHEN DUP_VAL_ON_INDEX
      THEN
         NULL;
   END;

   BEGIN
      INSERT INTO sectoresprod
                  (cempres, cramo, cmodali, ctipseg, ccolect, cactivi,
                   cgarant, csector, ccodcontrato, cclacontrato, precarg,
                   iextrap, creten, ffecini, ffecfin, cgruries, cusualt,
                   falta, cusumod, fmodifi
                  )
           VALUES (24, 801, 7, 2, 0, 0,
                   NULL, 1, 157, 4290, 0,
                   0, 'N', f_sysdate, NULL, NULL, NULL,
                   NULL, NULL, NULL
                  );
   EXCEPTION
      WHEN DUP_VAL_ON_INDEX
      THEN
         NULL;
   END;

   BEGIN
      INSERT INTO sectoresprod
                  (cempres, cramo, cmodali, ctipseg, ccolect, cactivi,
                   cgarant, csector, ccodcontrato, cclacontrato, precarg,
                   iextrap, creten, ffecini, ffecfin, cgruries, cusualt,
                   falta, cusumod, fmodifi
                  )
           VALUES (24, 801, 8, 1, 0, 0,
                   NULL, 1, 157, 4290, 0,
                   0, 'N', f_sysdate, NULL, NULL, NULL,
                   NULL, NULL, NULL
                  );
   EXCEPTION
      WHEN DUP_VAL_ON_INDEX
      THEN
         NULL;
   END;

   BEGIN
      INSERT INTO sectoresprod
                  (cempres, cramo, cmodali, ctipseg, ccolect, cactivi,
                   cgarant, csector, ccodcontrato, cclacontrato, precarg,
                   iextrap, creten, ffecini, ffecfin, cgruries, cusualt,
                   falta, cusumod, fmodifi
                  )
           VALUES (24, 801, 14, 1, 0, 0,
                   NULL, 1, 157, 4290, 0,
                   0, 'N', f_sysdate, NULL, NULL, NULL,
                   NULL, NULL, NULL
                  );
   EXCEPTION
      WHEN DUP_VAL_ON_INDEX
      THEN
         NULL;
   END;

   BEGIN
      INSERT INTO sectoresprod
                  (cempres, cramo, cmodali, ctipseg, ccolect, cactivi,
                   cgarant, csector, ccodcontrato, cclacontrato, precarg,
                   iextrap, creten, ffecini, ffecfin, cgruries, cusualt,
                   falta, cusumod, fmodifi
                  )
           VALUES (24, 801, 9, 1, 0, 0,
                   NULL, 1, 157, 4290, 0,
                   0, 'N', f_sysdate, NULL, NULL, NULL,
                   NULL, NULL, NULL
                  );
   EXCEPTION
      WHEN DUP_VAL_ON_INDEX
      THEN
         NULL;
   END;

   BEGIN
      INSERT INTO sectoresprod
                  (cempres, cramo, cmodali, ctipseg, ccolect, cactivi,
                   cgarant, csector, ccodcontrato, cclacontrato, precarg,
                   iextrap, creten, ffecini, ffecfin, cgruries, cusualt,
                   falta, cusumod, fmodifi
                  )
           VALUES (24, 801, 9, 2, 0, 0,
                   NULL, 1, 157, 4290, 0,
                   0, 'N', f_sysdate, NULL, NULL, NULL,
                   NULL, NULL, NULL
                  );
   EXCEPTION
      WHEN DUP_VAL_ON_INDEX
      THEN
         NULL;
   END;

   BEGIN
      INSERT INTO sectoresprod
                  (cempres, cramo, cmodali, ctipseg, ccolect, cactivi,
                   cgarant, csector, ccodcontrato, cclacontrato, precarg,
                   iextrap, creten, ffecini, ffecfin, cgruries, cusualt,
                   falta, cusumod, fmodifi
                  )
           VALUES (24, 801, 10, 1, 0, 0,
                   NULL, 1, 157, 4290, 0,
                   0, 'N', f_sysdate, NULL, NULL, NULL,
                   NULL, NULL, NULL
                  );
   EXCEPTION
      WHEN DUP_VAL_ON_INDEX
      THEN
         NULL;
   END;

   BEGIN
      INSERT INTO sectoresprod
                  (cempres, cramo, cmodali, ctipseg, ccolect, cactivi,
                   cgarant, csector, ccodcontrato, cclacontrato, precarg,
                   iextrap, creten, ffecini, ffecfin, cgruries, cusualt,
                   falta, cusumod, fmodifi
                  )
           VALUES (24, 801, 15, 1, 0, 0,
                   NULL, 1, 157, 4290, 0,
                   0, 'N', f_sysdate, NULL, NULL, NULL,
                   NULL, NULL, NULL
                  );
   EXCEPTION
      WHEN DUP_VAL_ON_INDEX
      THEN
         NULL;
   END;

   BEGIN
      INSERT INTO clasecontrato
                  (ccodcontrato, cclacontrato
                  )
           VALUES (158, 4290
                  );
   EXCEPTION
      WHEN DUP_VAL_ON_INDEX
      THEN
         NULL;
   END;

   BEGIN
      INSERT INTO detclasecontrato
                  (ccodcontrato, cclacontrato, cidioma,
                   tdescripcion
                  )
           VALUES (158, 4290, 1,
                   'Construccion y/o manteniminto de pistas aeroportuarias'
                  );
   EXCEPTION
      WHEN DUP_VAL_ON_INDEX
      THEN
         NULL;
   END;

   BEGIN
      INSERT INTO detclasecontrato
                  (ccodcontrato, cclacontrato, cidioma,
                   tdescripcion
                  )
           VALUES (158, 4290, 2,
                   'Construccion y/o manteniminto de pistas aeroportuarias'
                  );
   EXCEPTION
      WHEN DUP_VAL_ON_INDEX
      THEN
         NULL;
   END;

   BEGIN
      INSERT INTO detclasecontrato
                  (ccodcontrato, cclacontrato, cidioma,
                   tdescripcion
                  )
           VALUES (158, 4290, 8,
                   'Construccion y/o manteniminto de pistas aeroportuarias'
                  );
   EXCEPTION
      WHEN DUP_VAL_ON_INDEX
      THEN
         NULL;
   END;

   BEGIN
      INSERT INTO sectoresprod
                  (cempres, cramo, cmodali, ctipseg, ccolect, cactivi,
                   cgarant, csector, ccodcontrato, cclacontrato, precarg,
                   iextrap, creten, ffecini, ffecfin, cgruries, cusualt,
                   falta, cusumod, fmodifi
                  )
           VALUES (24, 801, 6, 1, 0, 0,
                   NULL, 1, 158, 4290, 0,
                   0, 'N', f_sysdate, NULL, NULL, NULL,
                   NULL, NULL, NULL
                  );
   EXCEPTION
      WHEN DUP_VAL_ON_INDEX
      THEN
         NULL;
   END;

   BEGIN
      INSERT INTO sectoresprod
                  (cempres, cramo, cmodali, ctipseg, ccolect, cactivi,
                   cgarant, csector, ccodcontrato, cclacontrato, precarg,
                   iextrap, creten, ffecini, ffecfin, cgruries, cusualt,
                   falta, cusumod, fmodifi
                  )
           VALUES (24, 801, 11, 1, 0, 0,
                   NULL, 1, 158, 4290, 0,
                   0, 'N', f_sysdate, NULL, NULL, NULL,
                   NULL, NULL, NULL
                  );
   EXCEPTION
      WHEN DUP_VAL_ON_INDEX
      THEN
         NULL;
   END;

   BEGIN
      INSERT INTO sectoresprod
                  (cempres, cramo, cmodali, ctipseg, ccolect, cactivi,
                   cgarant, csector, ccodcontrato, cclacontrato, precarg,
                   iextrap, creten, ffecini, ffecfin, cgruries, cusualt,
                   falta, cusumod, fmodifi
                  )
           VALUES (24, 801, 12, 1, 0, 0,
                   NULL, 1, 158, 4290, 0,
                   0, 'N', f_sysdate, NULL, NULL, NULL,
                   NULL, NULL, NULL
                  );
   EXCEPTION
      WHEN DUP_VAL_ON_INDEX
      THEN
         NULL;
   END;

   BEGIN
      INSERT INTO sectoresprod
                  (cempres, cramo, cmodali, ctipseg, ccolect, cactivi,
                   cgarant, csector, ccodcontrato, cclacontrato, precarg,
                   iextrap, creten, ffecini, ffecfin, cgruries, cusualt,
                   falta, cusumod, fmodifi
                  )
           VALUES (24, 801, 13, 1, 0, 0,
                   NULL, 1, 158, 4290, 0,
                   0, 'N', f_sysdate, NULL, NULL, NULL,
                   NULL, NULL, NULL
                  );
   EXCEPTION
      WHEN DUP_VAL_ON_INDEX
      THEN
         NULL;
   END;

   BEGIN
      INSERT INTO sectoresprod
                  (cempres, cramo, cmodali, ctipseg, ccolect, cactivi,
                   cgarant, csector, ccodcontrato, cclacontrato, precarg,
                   iextrap, creten, ffecini, ffecfin, cgruries, cusualt,
                   falta, cusumod, fmodifi
                  )
           VALUES (24, 801, 7, 1, 0, 0,
                   NULL, 1, 158, 4290, 0,
                   0, 'N', f_sysdate, NULL, NULL, NULL,
                   NULL, NULL, NULL
                  );
   EXCEPTION
      WHEN DUP_VAL_ON_INDEX
      THEN
         NULL;
   END;

   BEGIN
      INSERT INTO sectoresprod
                  (cempres, cramo, cmodali, ctipseg, ccolect, cactivi,
                   cgarant, csector, ccodcontrato, cclacontrato, precarg,
                   iextrap, creten, ffecini, ffecfin, cgruries, cusualt,
                   falta, cusumod, fmodifi
                  )
           VALUES (24, 801, 7, 2, 0, 0,
                   NULL, 1, 158, 4290, 0,
                   0, 'N', f_sysdate, NULL, NULL, NULL,
                   NULL, NULL, NULL
                  );
   EXCEPTION
      WHEN DUP_VAL_ON_INDEX
      THEN
         NULL;
   END;

   BEGIN
      INSERT INTO sectoresprod
                  (cempres, cramo, cmodali, ctipseg, ccolect, cactivi,
                   cgarant, csector, ccodcontrato, cclacontrato, precarg,
                   iextrap, creten, ffecini, ffecfin, cgruries, cusualt,
                   falta, cusumod, fmodifi
                  )
           VALUES (24, 801, 8, 1, 0, 0,
                   NULL, 1, 158, 4290, 0,
                   0, 'N', f_sysdate, NULL, NULL, NULL,
                   NULL, NULL, NULL
                  );
   EXCEPTION
      WHEN DUP_VAL_ON_INDEX
      THEN
         NULL;
   END;

   BEGIN
      INSERT INTO sectoresprod
                  (cempres, cramo, cmodali, ctipseg, ccolect, cactivi,
                   cgarant, csector, ccodcontrato, cclacontrato, precarg,
                   iextrap, creten, ffecini, ffecfin, cgruries, cusualt,
                   falta, cusumod, fmodifi
                  )
           VALUES (24, 801, 14, 1, 0, 0,
                   NULL, 1, 158, 4290, 0,
                   0, 'N', f_sysdate, NULL, NULL, NULL,
                   NULL, NULL, NULL
                  );
   EXCEPTION
      WHEN DUP_VAL_ON_INDEX
      THEN
         NULL;
   END;

   BEGIN
      INSERT INTO sectoresprod
                  (cempres, cramo, cmodali, ctipseg, ccolect, cactivi,
                   cgarant, csector, ccodcontrato, cclacontrato, precarg,
                   iextrap, creten, ffecini, ffecfin, cgruries, cusualt,
                   falta, cusumod, fmodifi
                  )
           VALUES (24, 801, 9, 1, 0, 0,
                   NULL, 1, 158, 4290, 0,
                   0, 'N', f_sysdate, NULL, NULL, NULL,
                   NULL, NULL, NULL
                  );
   EXCEPTION
      WHEN DUP_VAL_ON_INDEX
      THEN
         NULL;
   END;

   BEGIN
      INSERT INTO sectoresprod
                  (cempres, cramo, cmodali, ctipseg, ccolect, cactivi,
                   cgarant, csector, ccodcontrato, cclacontrato, precarg,
                   iextrap, creten, ffecini, ffecfin, cgruries, cusualt,
                   falta, cusumod, fmodifi
                  )
           VALUES (24, 801, 9, 2, 0, 0,
                   NULL, 1, 158, 4290, 0,
                   0, 'N', f_sysdate, NULL, NULL, NULL,
                   NULL, NULL, NULL
                  );
   EXCEPTION
      WHEN DUP_VAL_ON_INDEX
      THEN
         NULL;
   END;

   BEGIN
      INSERT INTO sectoresprod
                  (cempres, cramo, cmodali, ctipseg, ccolect, cactivi,
                   cgarant, csector, ccodcontrato, cclacontrato, precarg,
                   iextrap, creten, ffecini, ffecfin, cgruries, cusualt,
                   falta, cusumod, fmodifi
                  )
           VALUES (24, 801, 10, 1, 0, 0,
                   NULL, 1, 158, 4290, 0,
                   0, 'N', f_sysdate, NULL, NULL, NULL,
                   NULL, NULL, NULL
                  );
   EXCEPTION
      WHEN DUP_VAL_ON_INDEX
      THEN
         NULL;
   END;

   BEGIN
      INSERT INTO sectoresprod
                  (cempres, cramo, cmodali, ctipseg, ccolect, cactivi,
                   cgarant, csector, ccodcontrato, cclacontrato, precarg,
                   iextrap, creten, ffecini, ffecfin, cgruries, cusualt,
                   falta, cusumod, fmodifi
                  )
           VALUES (24, 801, 15, 1, 0, 0,
                   NULL, 1, 158, 4290, 0,
                   0, 'N', f_sysdate, NULL, NULL, NULL,
                   NULL, NULL, NULL
                  );
   EXCEPTION
      WHEN DUP_VAL_ON_INDEX
      THEN
         NULL;
   END;

   BEGIN
      INSERT INTO clasecontrato
                  (ccodcontrato, cclacontrato
                  )
           VALUES (159, 4290
                  );
   EXCEPTION
      WHEN DUP_VAL_ON_INDEX
      THEN
         NULL;
   END;

   BEGIN
      INSERT INTO detclasecontrato
                  (ccodcontrato, cclacontrato, cidioma, tdescripcion
                  )
           VALUES (159, 4290, 1, 'Contratos de vivienda de interés social'
                  );
   EXCEPTION
      WHEN DUP_VAL_ON_INDEX
      THEN
         NULL;
   END;

   BEGIN
      INSERT INTO detclasecontrato
                  (ccodcontrato, cclacontrato, cidioma, tdescripcion
                  )
           VALUES (159, 4290, 2, 'Contratos de vivienda de interés social'
                  );
   EXCEPTION
      WHEN DUP_VAL_ON_INDEX
      THEN
         NULL;
   END;

   BEGIN
      INSERT INTO detclasecontrato
                  (ccodcontrato, cclacontrato, cidioma, tdescripcion
                  )
           VALUES (159, 4290, 8, 'Contratos de vivienda de interés social'
                  );
   EXCEPTION
      WHEN DUP_VAL_ON_INDEX
      THEN
         NULL;
   END;

   BEGIN
      INSERT INTO sectoresprod
                  (cempres, cramo, cmodali, ctipseg, ccolect, cactivi,
                   cgarant, csector, ccodcontrato, cclacontrato, precarg,
                   iextrap, creten, ffecini, ffecfin, cgruries, cusualt,
                   falta, cusumod, fmodifi
                  )
           VALUES (24, 801, 6, 1, 0, 0,
                   NULL, 1, 159, 4290, 0,
                   0, 'N', f_sysdate, NULL, NULL, NULL,
                   NULL, NULL, NULL
                  );
   EXCEPTION
      WHEN DUP_VAL_ON_INDEX
      THEN
         NULL;
   END;

   BEGIN
      INSERT INTO sectoresprod
                  (cempres, cramo, cmodali, ctipseg, ccolect, cactivi,
                   cgarant, csector, ccodcontrato, cclacontrato, precarg,
                   iextrap, creten, ffecini, ffecfin, cgruries, cusualt,
                   falta, cusumod, fmodifi
                  )
           VALUES (24, 801, 11, 1, 0, 0,
                   NULL, 1, 159, 4290, 0,
                   0, 'N', f_sysdate, NULL, NULL, NULL,
                   NULL, NULL, NULL
                  );
   EXCEPTION
      WHEN DUP_VAL_ON_INDEX
      THEN
         NULL;
   END;

   BEGIN
      INSERT INTO sectoresprod
                  (cempres, cramo, cmodali, ctipseg, ccolect, cactivi,
                   cgarant, csector, ccodcontrato, cclacontrato, precarg,
                   iextrap, creten, ffecini, ffecfin, cgruries, cusualt,
                   falta, cusumod, fmodifi
                  )
           VALUES (24, 801, 12, 1, 0, 0,
                   NULL, 1, 159, 4290, 0,
                   0, 'N', f_sysdate, NULL, NULL, NULL,
                   NULL, NULL, NULL
                  );
   EXCEPTION
      WHEN DUP_VAL_ON_INDEX
      THEN
         NULL;
   END;

   BEGIN
      INSERT INTO sectoresprod
                  (cempres, cramo, cmodali, ctipseg, ccolect, cactivi,
                   cgarant, csector, ccodcontrato, cclacontrato, precarg,
                   iextrap, creten, ffecini, ffecfin, cgruries, cusualt,
                   falta, cusumod, fmodifi
                  )
           VALUES (24, 801, 13, 1, 0, 0,
                   NULL, 1, 159, 4290, 0,
                   0, 'N', f_sysdate, NULL, NULL, NULL,
                   NULL, NULL, NULL
                  );
   EXCEPTION
      WHEN DUP_VAL_ON_INDEX
      THEN
         NULL;
   END;

   BEGIN
      INSERT INTO sectoresprod
                  (cempres, cramo, cmodali, ctipseg, ccolect, cactivi,
                   cgarant, csector, ccodcontrato, cclacontrato, precarg,
                   iextrap, creten, ffecini, ffecfin, cgruries, cusualt,
                   falta, cusumod, fmodifi
                  )
           VALUES (24, 801, 7, 1, 0, 0,
                   NULL, 1, 159, 4290, 0,
                   0, 'N', f_sysdate, NULL, NULL, NULL,
                   NULL, NULL, NULL
                  );
   EXCEPTION
      WHEN DUP_VAL_ON_INDEX
      THEN
         NULL;
   END;

   BEGIN
      INSERT INTO sectoresprod
                  (cempres, cramo, cmodali, ctipseg, ccolect, cactivi,
                   cgarant, csector, ccodcontrato, cclacontrato, precarg,
                   iextrap, creten, ffecini, ffecfin, cgruries, cusualt,
                   falta, cusumod, fmodifi
                  )
           VALUES (24, 801, 7, 2, 0, 0,
                   NULL, 1, 159, 4290, 0,
                   0, 'N', f_sysdate, NULL, NULL, NULL,
                   NULL, NULL, NULL
                  );
   EXCEPTION
      WHEN DUP_VAL_ON_INDEX
      THEN
         NULL;
   END;

   BEGIN
      INSERT INTO sectoresprod
                  (cempres, cramo, cmodali, ctipseg, ccolect, cactivi,
                   cgarant, csector, ccodcontrato, cclacontrato, precarg,
                   iextrap, creten, ffecini, ffecfin, cgruries, cusualt,
                   falta, cusumod, fmodifi
                  )
           VALUES (24, 801, 8, 1, 0, 0,
                   NULL, 1, 159, 4290, 0,
                   0, 'N', f_sysdate, NULL, NULL, NULL,
                   NULL, NULL, NULL
                  );
   EXCEPTION
      WHEN DUP_VAL_ON_INDEX
      THEN
         NULL;
   END;

   BEGIN
      INSERT INTO sectoresprod
                  (cempres, cramo, cmodali, ctipseg, ccolect, cactivi,
                   cgarant, csector, ccodcontrato, cclacontrato, precarg,
                   iextrap, creten, ffecini, ffecfin, cgruries, cusualt,
                   falta, cusumod, fmodifi
                  )
           VALUES (24, 801, 14, 1, 0, 0,
                   NULL, 1, 159, 4290, 0,
                   0, 'N', f_sysdate, NULL, NULL, NULL,
                   NULL, NULL, NULL
                  );
   EXCEPTION
      WHEN DUP_VAL_ON_INDEX
      THEN
         NULL;
   END;

   BEGIN
      INSERT INTO sectoresprod
                  (cempres, cramo, cmodali, ctipseg, ccolect, cactivi,
                   cgarant, csector, ccodcontrato, cclacontrato, precarg,
                   iextrap, creten, ffecini, ffecfin, cgruries, cusualt,
                   falta, cusumod, fmodifi
                  )
           VALUES (24, 801, 9, 1, 0, 0,
                   NULL, 1, 159, 4290, 0,
                   0, 'N', f_sysdate, NULL, NULL, NULL,
                   NULL, NULL, NULL
                  );
   EXCEPTION
      WHEN DUP_VAL_ON_INDEX
      THEN
         NULL;
   END;

   BEGIN
      INSERT INTO sectoresprod
                  (cempres, cramo, cmodali, ctipseg, ccolect, cactivi,
                   cgarant, csector, ccodcontrato, cclacontrato, precarg,
                   iextrap, creten, ffecini, ffecfin, cgruries, cusualt,
                   falta, cusumod, fmodifi
                  )
           VALUES (24, 801, 9, 2, 0, 0,
                   NULL, 1, 159, 4290, 0,
                   0, 'N', f_sysdate, NULL, NULL, NULL,
                   NULL, NULL, NULL
                  );
   EXCEPTION
      WHEN DUP_VAL_ON_INDEX
      THEN
         NULL;
   END;

   BEGIN
      INSERT INTO sectoresprod
                  (cempres, cramo, cmodali, ctipseg, ccolect, cactivi,
                   cgarant, csector, ccodcontrato, cclacontrato, precarg,
                   iextrap, creten, ffecini, ffecfin, cgruries, cusualt,
                   falta, cusumod, fmodifi
                  )
           VALUES (24, 801, 10, 1, 0, 0,
                   NULL, 1, 159, 4290, 0,
                   0, 'N', f_sysdate, NULL, NULL, NULL,
                   NULL, NULL, NULL
                  );
   EXCEPTION
      WHEN DUP_VAL_ON_INDEX
      THEN
         NULL;
   END;

   BEGIN
      INSERT INTO sectoresprod
                  (cempres, cramo, cmodali, ctipseg, ccolect, cactivi,
                   cgarant, csector, ccodcontrato, cclacontrato, precarg,
                   iextrap, creten, ffecini, ffecfin, cgruries, cusualt,
                   falta, cusumod, fmodifi
                  )
           VALUES (24, 801, 15, 1, 0, 0,
                   NULL, 1, 159, 4290, 0,
                   0, 'N', f_sysdate, NULL, NULL, NULL,
                   NULL, NULL, NULL
                  );
   EXCEPTION
      WHEN DUP_VAL_ON_INDEX
      THEN
         NULL;
   END;

   BEGIN
      INSERT INTO clasecontrato
                  (ccodcontrato, cclacontrato
                  )
           VALUES (160, 4290
                  );
   EXCEPTION
      WHEN DUP_VAL_ON_INDEX
      THEN
         NULL;
   END;

   BEGIN
      INSERT INTO detclasecontrato
                  (ccodcontrato, cclacontrato, cidioma, tdescripcion
                  )
           VALUES (160, 4290, 1, 'Contratos para obras de Dragado'
                  );
   EXCEPTION
      WHEN DUP_VAL_ON_INDEX
      THEN
         NULL;
   END;

   BEGIN
      INSERT INTO detclasecontrato
                  (ccodcontrato, cclacontrato, cidioma, tdescripcion
                  )
           VALUES (160, 4290, 2, 'Contratos para obras de Dragado'
                  );
   EXCEPTION
      WHEN DUP_VAL_ON_INDEX
      THEN
         NULL;
   END;

   BEGIN
      INSERT INTO detclasecontrato
                  (ccodcontrato, cclacontrato, cidioma, tdescripcion
                  )
           VALUES (160, 4290, 8, 'Contratos para obras de Dragado'
                  );
   EXCEPTION
      WHEN DUP_VAL_ON_INDEX
      THEN
         NULL;
   END;

   BEGIN
      INSERT INTO sectoresprod
                  (cempres, cramo, cmodali, ctipseg, ccolect, cactivi,
                   cgarant, csector, ccodcontrato, cclacontrato, precarg,
                   iextrap, creten, ffecini, ffecfin, cgruries, cusualt,
                   falta, cusumod, fmodifi
                  )
           VALUES (24, 801, 6, 1, 0, 0,
                   NULL, 1, 160, 4290, 0,
                   0, 'N', f_sysdate, NULL, NULL, NULL,
                   NULL, NULL, NULL
                  );
   EXCEPTION
      WHEN DUP_VAL_ON_INDEX
      THEN
         NULL;
   END;

   BEGIN
      INSERT INTO sectoresprod
                  (cempres, cramo, cmodali, ctipseg, ccolect, cactivi,
                   cgarant, csector, ccodcontrato, cclacontrato, precarg,
                   iextrap, creten, ffecini, ffecfin, cgruries, cusualt,
                   falta, cusumod, fmodifi
                  )
           VALUES (24, 801, 11, 1, 0, 0,
                   NULL, 1, 160, 4290, 0,
                   0, 'N', f_sysdate, NULL, NULL, NULL,
                   NULL, NULL, NULL
                  );
   EXCEPTION
      WHEN DUP_VAL_ON_INDEX
      THEN
         NULL;
   END;

   BEGIN
      INSERT INTO sectoresprod
                  (cempres, cramo, cmodali, ctipseg, ccolect, cactivi,
                   cgarant, csector, ccodcontrato, cclacontrato, precarg,
                   iextrap, creten, ffecini, ffecfin, cgruries, cusualt,
                   falta, cusumod, fmodifi
                  )
           VALUES (24, 801, 12, 1, 0, 0,
                   NULL, 1, 160, 4290, 0,
                   0, 'N', f_sysdate, NULL, NULL, NULL,
                   NULL, NULL, NULL
                  );
   EXCEPTION
      WHEN DUP_VAL_ON_INDEX
      THEN
         NULL;
   END;

   BEGIN
      INSERT INTO sectoresprod
                  (cempres, cramo, cmodali, ctipseg, ccolect, cactivi,
                   cgarant, csector, ccodcontrato, cclacontrato, precarg,
                   iextrap, creten, ffecini, ffecfin, cgruries, cusualt,
                   falta, cusumod, fmodifi
                  )
           VALUES (24, 801, 13, 1, 0, 0,
                   NULL, 1, 160, 4290, 0,
                   0, 'N', f_sysdate, NULL, NULL, NULL,
                   NULL, NULL, NULL
                  );
   EXCEPTION
      WHEN DUP_VAL_ON_INDEX
      THEN
         NULL;
   END;

   BEGIN
      INSERT INTO sectoresprod
                  (cempres, cramo, cmodali, ctipseg, ccolect, cactivi,
                   cgarant, csector, ccodcontrato, cclacontrato, precarg,
                   iextrap, creten, ffecini, ffecfin, cgruries, cusualt,
                   falta, cusumod, fmodifi
                  )
           VALUES (24, 801, 7, 1, 0, 0,
                   NULL, 1, 160, 4290, 0,
                   0, 'N', f_sysdate, NULL, NULL, NULL,
                   NULL, NULL, NULL
                  );
   EXCEPTION
      WHEN DUP_VAL_ON_INDEX
      THEN
         NULL;
   END;

   BEGIN
      INSERT INTO sectoresprod
                  (cempres, cramo, cmodali, ctipseg, ccolect, cactivi,
                   cgarant, csector, ccodcontrato, cclacontrato, precarg,
                   iextrap, creten, ffecini, ffecfin, cgruries, cusualt,
                   falta, cusumod, fmodifi
                  )
           VALUES (24, 801, 7, 2, 0, 0,
                   NULL, 1, 160, 4290, 0,
                   0, 'N', f_sysdate, NULL, NULL, NULL,
                   NULL, NULL, NULL
                  );
   EXCEPTION
      WHEN DUP_VAL_ON_INDEX
      THEN
         NULL;
   END;

   BEGIN
      INSERT INTO sectoresprod
                  (cempres, cramo, cmodali, ctipseg, ccolect, cactivi,
                   cgarant, csector, ccodcontrato, cclacontrato, precarg,
                   iextrap, creten, ffecini, ffecfin, cgruries, cusualt,
                   falta, cusumod, fmodifi
                  )
           VALUES (24, 801, 8, 1, 0, 0,
                   NULL, 1, 160, 4290, 0,
                   0, 'N', f_sysdate, NULL, NULL, NULL,
                   NULL, NULL, NULL
                  );
   EXCEPTION
      WHEN DUP_VAL_ON_INDEX
      THEN
         NULL;
   END;

   BEGIN
      INSERT INTO sectoresprod
                  (cempres, cramo, cmodali, ctipseg, ccolect, cactivi,
                   cgarant, csector, ccodcontrato, cclacontrato, precarg,
                   iextrap, creten, ffecini, ffecfin, cgruries, cusualt,
                   falta, cusumod, fmodifi
                  )
           VALUES (24, 801, 14, 1, 0, 0,
                   NULL, 1, 160, 4290, 0,
                   0, 'N', f_sysdate, NULL, NULL, NULL,
                   NULL, NULL, NULL
                  );
   EXCEPTION
      WHEN DUP_VAL_ON_INDEX
      THEN
         NULL;
   END;

   BEGIN
      INSERT INTO sectoresprod
                  (cempres, cramo, cmodali, ctipseg, ccolect, cactivi,
                   cgarant, csector, ccodcontrato, cclacontrato, precarg,
                   iextrap, creten, ffecini, ffecfin, cgruries, cusualt,
                   falta, cusumod, fmodifi
                  )
           VALUES (24, 801, 9, 1, 0, 0,
                   NULL, 1, 160, 4290, 0,
                   0, 'N', f_sysdate, NULL, NULL, NULL,
                   NULL, NULL, NULL
                  );
   EXCEPTION
      WHEN DUP_VAL_ON_INDEX
      THEN
         NULL;
   END;

   BEGIN
      INSERT INTO sectoresprod
                  (cempres, cramo, cmodali, ctipseg, ccolect, cactivi,
                   cgarant, csector, ccodcontrato, cclacontrato, precarg,
                   iextrap, creten, ffecini, ffecfin, cgruries, cusualt,
                   falta, cusumod, fmodifi
                  )
           VALUES (24, 801, 9, 2, 0, 0,
                   NULL, 1, 160, 4290, 0,
                   0, 'N', f_sysdate, NULL, NULL, NULL,
                   NULL, NULL, NULL
                  );
   EXCEPTION
      WHEN DUP_VAL_ON_INDEX
      THEN
         NULL;
   END;

   BEGIN
      INSERT INTO sectoresprod
                  (cempres, cramo, cmodali, ctipseg, ccolect, cactivi,
                   cgarant, csector, ccodcontrato, cclacontrato, precarg,
                   iextrap, creten, ffecini, ffecfin, cgruries, cusualt,
                   falta, cusumod, fmodifi
                  )
           VALUES (24, 801, 10, 1, 0, 0,
                   NULL, 1, 160, 4290, 0,
                   0, 'N', f_sysdate, NULL, NULL, NULL,
                   NULL, NULL, NULL
                  );
   EXCEPTION
      WHEN DUP_VAL_ON_INDEX
      THEN
         NULL;
   END;

   BEGIN
      INSERT INTO sectoresprod
                  (cempres, cramo, cmodali, ctipseg, ccolect, cactivi,
                   cgarant, csector, ccodcontrato, cclacontrato, precarg,
                   iextrap, creten, ffecini, ffecfin, cgruries, cusualt,
                   falta, cusumod, fmodifi
                  )
           VALUES (24, 801, 15, 1, 0, 0,
                   NULL, 1, 160, 4290, 0,
                   0, 'N', f_sysdate, NULL, NULL, NULL,
                   NULL, NULL, NULL
                  );
   EXCEPTION
      WHEN DUP_VAL_ON_INDEX
      THEN
         NULL;
   END;

   BEGIN
      INSERT INTO clasecontrato
                  (ccodcontrato, cclacontrato
                  )
           VALUES (161, 4290
                  );
   EXCEPTION
      WHEN DUP_VAL_ON_INDEX
      THEN
         NULL;
   END;

   BEGIN
      INSERT INTO detclasecontrato
                  (ccodcontrato, cclacontrato, cidioma, tdescripcion
                  )
           VALUES (161, 4290, 1, 'Estabilizacion de taludes'
                  );
   EXCEPTION
      WHEN DUP_VAL_ON_INDEX
      THEN
         NULL;
   END;

   BEGIN
      INSERT INTO detclasecontrato
                  (ccodcontrato, cclacontrato, cidioma, tdescripcion
                  )
           VALUES (161, 4290, 2, 'Estabilizacion de taludes'
                  );
   EXCEPTION
      WHEN DUP_VAL_ON_INDEX
      THEN
         NULL;
   END;

   BEGIN
      INSERT INTO detclasecontrato
                  (ccodcontrato, cclacontrato, cidioma, tdescripcion
                  )
           VALUES (161, 4290, 8, 'Estabilizacion de taludes'
                  );
   EXCEPTION
      WHEN DUP_VAL_ON_INDEX
      THEN
         NULL;
   END;

   BEGIN
      INSERT INTO sectoresprod
                  (cempres, cramo, cmodali, ctipseg, ccolect, cactivi,
                   cgarant, csector, ccodcontrato, cclacontrato, precarg,
                   iextrap, creten, ffecini, ffecfin, cgruries, cusualt,
                   falta, cusumod, fmodifi
                  )
           VALUES (24, 801, 6, 1, 0, 0,
                   NULL, 1, 161, 4290, 0,
                   0, 'N', f_sysdate, NULL, NULL, NULL,
                   NULL, NULL, NULL
                  );
   EXCEPTION
      WHEN DUP_VAL_ON_INDEX
      THEN
         NULL;
   END;

   BEGIN
      INSERT INTO sectoresprod
                  (cempres, cramo, cmodali, ctipseg, ccolect, cactivi,
                   cgarant, csector, ccodcontrato, cclacontrato, precarg,
                   iextrap, creten, ffecini, ffecfin, cgruries, cusualt,
                   falta, cusumod, fmodifi
                  )
           VALUES (24, 801, 11, 1, 0, 0,
                   NULL, 1, 161, 4290, 0,
                   0, 'N', f_sysdate, NULL, NULL, NULL,
                   NULL, NULL, NULL
                  );
   EXCEPTION
      WHEN DUP_VAL_ON_INDEX
      THEN
         NULL;
   END;

   BEGIN
      INSERT INTO sectoresprod
                  (cempres, cramo, cmodali, ctipseg, ccolect, cactivi,
                   cgarant, csector, ccodcontrato, cclacontrato, precarg,
                   iextrap, creten, ffecini, ffecfin, cgruries, cusualt,
                   falta, cusumod, fmodifi
                  )
           VALUES (24, 801, 12, 1, 0, 0,
                   NULL, 1, 161, 4290, 0,
                   0, 'N', f_sysdate, NULL, NULL, NULL,
                   NULL, NULL, NULL
                  );
   EXCEPTION
      WHEN DUP_VAL_ON_INDEX
      THEN
         NULL;
   END;

   BEGIN
      INSERT INTO sectoresprod
                  (cempres, cramo, cmodali, ctipseg, ccolect, cactivi,
                   cgarant, csector, ccodcontrato, cclacontrato, precarg,
                   iextrap, creten, ffecini, ffecfin, cgruries, cusualt,
                   falta, cusumod, fmodifi
                  )
           VALUES (24, 801, 13, 1, 0, 0,
                   NULL, 1, 161, 4290, 0,
                   0, 'N', f_sysdate, NULL, NULL, NULL,
                   NULL, NULL, NULL
                  );
   EXCEPTION
      WHEN DUP_VAL_ON_INDEX
      THEN
         NULL;
   END;

   BEGIN
      INSERT INTO sectoresprod
                  (cempres, cramo, cmodali, ctipseg, ccolect, cactivi,
                   cgarant, csector, ccodcontrato, cclacontrato, precarg,
                   iextrap, creten, ffecini, ffecfin, cgruries, cusualt,
                   falta, cusumod, fmodifi
                  )
           VALUES (24, 801, 7, 1, 0, 0,
                   NULL, 1, 161, 4290, 0,
                   0, 'N', f_sysdate, NULL, NULL, NULL,
                   NULL, NULL, NULL
                  );
   EXCEPTION
      WHEN DUP_VAL_ON_INDEX
      THEN
         NULL;
   END;

   BEGIN
      INSERT INTO sectoresprod
                  (cempres, cramo, cmodali, ctipseg, ccolect, cactivi,
                   cgarant, csector, ccodcontrato, cclacontrato, precarg,
                   iextrap, creten, ffecini, ffecfin, cgruries, cusualt,
                   falta, cusumod, fmodifi
                  )
           VALUES (24, 801, 7, 2, 0, 0,
                   NULL, 1, 161, 4290, 0,
                   0, 'N', f_sysdate, NULL, NULL, NULL,
                   NULL, NULL, NULL
                  );
   EXCEPTION
      WHEN DUP_VAL_ON_INDEX
      THEN
         NULL;
   END;

   BEGIN
      INSERT INTO sectoresprod
                  (cempres, cramo, cmodali, ctipseg, ccolect, cactivi,
                   cgarant, csector, ccodcontrato, cclacontrato, precarg,
                   iextrap, creten, ffecini, ffecfin, cgruries, cusualt,
                   falta, cusumod, fmodifi
                  )
           VALUES (24, 801, 8, 1, 0, 0,
                   NULL, 1, 161, 4290, 0,
                   0, 'N', f_sysdate, NULL, NULL, NULL,
                   NULL, NULL, NULL
                  );
   EXCEPTION
      WHEN DUP_VAL_ON_INDEX
      THEN
         NULL;
   END;

   BEGIN
      INSERT INTO sectoresprod
                  (cempres, cramo, cmodali, ctipseg, ccolect, cactivi,
                   cgarant, csector, ccodcontrato, cclacontrato, precarg,
                   iextrap, creten, ffecini, ffecfin, cgruries, cusualt,
                   falta, cusumod, fmodifi
                  )
           VALUES (24, 801, 14, 1, 0, 0,
                   NULL, 1, 161, 4290, 0,
                   0, 'N', f_sysdate, NULL, NULL, NULL,
                   NULL, NULL, NULL
                  );
   EXCEPTION
      WHEN DUP_VAL_ON_INDEX
      THEN
         NULL;
   END;

   BEGIN
      INSERT INTO sectoresprod
                  (cempres, cramo, cmodali, ctipseg, ccolect, cactivi,
                   cgarant, csector, ccodcontrato, cclacontrato, precarg,
                   iextrap, creten, ffecini, ffecfin, cgruries, cusualt,
                   falta, cusumod, fmodifi
                  )
           VALUES (24, 801, 9, 1, 0, 0,
                   NULL, 1, 161, 4290, 0,
                   0, 'N', f_sysdate, NULL, NULL, NULL,
                   NULL, NULL, NULL
                  );
   EXCEPTION
      WHEN DUP_VAL_ON_INDEX
      THEN
         NULL;
   END;

   BEGIN
      INSERT INTO sectoresprod
                  (cempres, cramo, cmodali, ctipseg, ccolect, cactivi,
                   cgarant, csector, ccodcontrato, cclacontrato, precarg,
                   iextrap, creten, ffecini, ffecfin, cgruries, cusualt,
                   falta, cusumod, fmodifi
                  )
           VALUES (24, 801, 9, 2, 0, 0,
                   NULL, 1, 161, 4290, 0,
                   0, 'N', f_sysdate, NULL, NULL, NULL,
                   NULL, NULL, NULL
                  );
   EXCEPTION
      WHEN DUP_VAL_ON_INDEX
      THEN
         NULL;
   END;

   BEGIN
      INSERT INTO sectoresprod
                  (cempres, cramo, cmodali, ctipseg, ccolect, cactivi,
                   cgarant, csector, ccodcontrato, cclacontrato, precarg,
                   iextrap, creten, ffecini, ffecfin, cgruries, cusualt,
                   falta, cusumod, fmodifi
                  )
           VALUES (24, 801, 10, 1, 0, 0,
                   NULL, 1, 161, 4290, 0,
                   0, 'N', f_sysdate, NULL, NULL, NULL,
                   NULL, NULL, NULL
                  );
   EXCEPTION
      WHEN DUP_VAL_ON_INDEX
      THEN
         NULL;
   END;

   BEGIN
      INSERT INTO sectoresprod
                  (cempres, cramo, cmodali, ctipseg, ccolect, cactivi,
                   cgarant, csector, ccodcontrato, cclacontrato, precarg,
                   iextrap, creten, ffecini, ffecfin, cgruries, cusualt,
                   falta, cusumod, fmodifi
                  )
           VALUES (24, 801, 15, 1, 0, 0,
                   NULL, 1, 161, 4290, 0,
                   0, 'N', f_sysdate, NULL, NULL, NULL,
                   NULL, NULL, NULL
                  );
   EXCEPTION
      WHEN DUP_VAL_ON_INDEX
      THEN
         NULL;
   END;

   BEGIN
      INSERT INTO clasecontrato
                  (ccodcontrato, cclacontrato
                  )
           VALUES (162, 4290
                  );
   EXCEPTION
      WHEN DUP_VAL_ON_INDEX
      THEN
         NULL;
   END;

   BEGIN
      INSERT INTO detclasecontrato
                  (ccodcontrato, cclacontrato, cidioma,
                   tdescripcion
                  )
           VALUES (162, 4290, 1,
                   'Instalación de acometidas de sistemas contra Incendio'
                  );
   EXCEPTION
      WHEN DUP_VAL_ON_INDEX
      THEN
         NULL;
   END;

   BEGIN
      INSERT INTO detclasecontrato
                  (ccodcontrato, cclacontrato, cidioma,
                   tdescripcion
                  )
           VALUES (162, 4290, 2,
                   'Instalación de acometidas de sistemas contra Incendio'
                  );
   EXCEPTION
      WHEN DUP_VAL_ON_INDEX
      THEN
         NULL;
   END;

   BEGIN
      INSERT INTO detclasecontrato
                  (ccodcontrato, cclacontrato, cidioma,
                   tdescripcion
                  )
           VALUES (162, 4290, 8,
                   'Instalación de acometidas de sistemas contra Incendio'
                  );
   EXCEPTION
      WHEN DUP_VAL_ON_INDEX
      THEN
         NULL;
   END;

   BEGIN
      INSERT INTO sectoresprod
                  (cempres, cramo, cmodali, ctipseg, ccolect, cactivi,
                   cgarant, csector, ccodcontrato, cclacontrato, precarg,
                   iextrap, creten, ffecini, ffecfin, cgruries, cusualt,
                   falta, cusumod, fmodifi
                  )
           VALUES (24, 801, 6, 1, 0, 0,
                   NULL, 1, 162, 4290, 0,
                   0, 'N', f_sysdate, NULL, NULL, NULL,
                   NULL, NULL, NULL
                  );
   EXCEPTION
      WHEN DUP_VAL_ON_INDEX
      THEN
         NULL;
   END;

   BEGIN
      INSERT INTO sectoresprod
                  (cempres, cramo, cmodali, ctipseg, ccolect, cactivi,
                   cgarant, csector, ccodcontrato, cclacontrato, precarg,
                   iextrap, creten, ffecini, ffecfin, cgruries, cusualt,
                   falta, cusumod, fmodifi
                  )
           VALUES (24, 801, 11, 1, 0, 0,
                   NULL, 1, 162, 4290, 0,
                   0, 'N', f_sysdate, NULL, NULL, NULL,
                   NULL, NULL, NULL
                  );
   EXCEPTION
      WHEN DUP_VAL_ON_INDEX
      THEN
         NULL;
   END;

   BEGIN
      INSERT INTO sectoresprod
                  (cempres, cramo, cmodali, ctipseg, ccolect, cactivi,
                   cgarant, csector, ccodcontrato, cclacontrato, precarg,
                   iextrap, creten, ffecini, ffecfin, cgruries, cusualt,
                   falta, cusumod, fmodifi
                  )
           VALUES (24, 801, 12, 1, 0, 0,
                   NULL, 1, 162, 4290, 0,
                   0, 'N', f_sysdate, NULL, NULL, NULL,
                   NULL, NULL, NULL
                  );
   EXCEPTION
      WHEN DUP_VAL_ON_INDEX
      THEN
         NULL;
   END;

   BEGIN
      INSERT INTO sectoresprod
                  (cempres, cramo, cmodali, ctipseg, ccolect, cactivi,
                   cgarant, csector, ccodcontrato, cclacontrato, precarg,
                   iextrap, creten, ffecini, ffecfin, cgruries, cusualt,
                   falta, cusumod, fmodifi
                  )
           VALUES (24, 801, 13, 1, 0, 0,
                   NULL, 1, 162, 4290, 0,
                   0, 'N', f_sysdate, NULL, NULL, NULL,
                   NULL, NULL, NULL
                  );
   EXCEPTION
      WHEN DUP_VAL_ON_INDEX
      THEN
         NULL;
   END;

   BEGIN
      INSERT INTO sectoresprod
                  (cempres, cramo, cmodali, ctipseg, ccolect, cactivi,
                   cgarant, csector, ccodcontrato, cclacontrato, precarg,
                   iextrap, creten, ffecini, ffecfin, cgruries, cusualt,
                   falta, cusumod, fmodifi
                  )
           VALUES (24, 801, 7, 1, 0, 0,
                   NULL, 1, 162, 4290, 0,
                   0, 'N', f_sysdate, NULL, NULL, NULL,
                   NULL, NULL, NULL
                  );
   EXCEPTION
      WHEN DUP_VAL_ON_INDEX
      THEN
         NULL;
   END;

   BEGIN
      INSERT INTO sectoresprod
                  (cempres, cramo, cmodali, ctipseg, ccolect, cactivi,
                   cgarant, csector, ccodcontrato, cclacontrato, precarg,
                   iextrap, creten, ffecini, ffecfin, cgruries, cusualt,
                   falta, cusumod, fmodifi
                  )
           VALUES (24, 801, 7, 2, 0, 0,
                   NULL, 1, 162, 4290, 0,
                   0, 'N', f_sysdate, NULL, NULL, NULL,
                   NULL, NULL, NULL
                  );
   EXCEPTION
      WHEN DUP_VAL_ON_INDEX
      THEN
         NULL;
   END;

   BEGIN
      INSERT INTO sectoresprod
                  (cempres, cramo, cmodali, ctipseg, ccolect, cactivi,
                   cgarant, csector, ccodcontrato, cclacontrato, precarg,
                   iextrap, creten, ffecini, ffecfin, cgruries, cusualt,
                   falta, cusumod, fmodifi
                  )
           VALUES (24, 801, 8, 1, 0, 0,
                   NULL, 1, 162, 4290, 0,
                   0, 'N', f_sysdate, NULL, NULL, NULL,
                   NULL, NULL, NULL
                  );
   EXCEPTION
      WHEN DUP_VAL_ON_INDEX
      THEN
         NULL;
   END;

   BEGIN
      INSERT INTO sectoresprod
                  (cempres, cramo, cmodali, ctipseg, ccolect, cactivi,
                   cgarant, csector, ccodcontrato, cclacontrato, precarg,
                   iextrap, creten, ffecini, ffecfin, cgruries, cusualt,
                   falta, cusumod, fmodifi
                  )
           VALUES (24, 801, 14, 1, 0, 0,
                   NULL, 1, 162, 4290, 0,
                   0, 'N', f_sysdate, NULL, NULL, NULL,
                   NULL, NULL, NULL
                  );
   EXCEPTION
      WHEN DUP_VAL_ON_INDEX
      THEN
         NULL;
   END;

   BEGIN
      INSERT INTO sectoresprod
                  (cempres, cramo, cmodali, ctipseg, ccolect, cactivi,
                   cgarant, csector, ccodcontrato, cclacontrato, precarg,
                   iextrap, creten, ffecini, ffecfin, cgruries, cusualt,
                   falta, cusumod, fmodifi
                  )
           VALUES (24, 801, 9, 1, 0, 0,
                   NULL, 1, 162, 4290, 0,
                   0, 'N', f_sysdate, NULL, NULL, NULL,
                   NULL, NULL, NULL
                  );
   EXCEPTION
      WHEN DUP_VAL_ON_INDEX
      THEN
         NULL;
   END;

   BEGIN
      INSERT INTO sectoresprod
                  (cempres, cramo, cmodali, ctipseg, ccolect, cactivi,
                   cgarant, csector, ccodcontrato, cclacontrato, precarg,
                   iextrap, creten, ffecini, ffecfin, cgruries, cusualt,
                   falta, cusumod, fmodifi
                  )
           VALUES (24, 801, 9, 2, 0, 0,
                   NULL, 1, 162, 4290, 0,
                   0, 'N', f_sysdate, NULL, NULL, NULL,
                   NULL, NULL, NULL
                  );
   EXCEPTION
      WHEN DUP_VAL_ON_INDEX
      THEN
         NULL;
   END;

   BEGIN
      INSERT INTO sectoresprod
                  (cempres, cramo, cmodali, ctipseg, ccolect, cactivi,
                   cgarant, csector, ccodcontrato, cclacontrato, precarg,
                   iextrap, creten, ffecini, ffecfin, cgruries, cusualt,
                   falta, cusumod, fmodifi
                  )
           VALUES (24, 801, 10, 1, 0, 0,
                   NULL, 1, 162, 4290, 0,
                   0, 'N', f_sysdate, NULL, NULL, NULL,
                   NULL, NULL, NULL
                  );
   EXCEPTION
      WHEN DUP_VAL_ON_INDEX
      THEN
         NULL;
   END;

   BEGIN
      INSERT INTO sectoresprod
                  (cempres, cramo, cmodali, ctipseg, ccolect, cactivi,
                   cgarant, csector, ccodcontrato, cclacontrato, precarg,
                   iextrap, creten, ffecini, ffecfin, cgruries, cusualt,
                   falta, cusumod, fmodifi
                  )
           VALUES (24, 801, 15, 1, 0, 0,
                   NULL, 1, 162, 4290, 0,
                   0, 'N', f_sysdate, NULL, NULL, NULL,
                   NULL, NULL, NULL
                  );
   EXCEPTION
      WHEN DUP_VAL_ON_INDEX
      THEN
         NULL;
   END;

   BEGIN
      INSERT INTO clasecontrato
                  (ccodcontrato, cclacontrato
                  )
           VALUES (163, 4290
                  );
   EXCEPTION
      WHEN DUP_VAL_ON_INDEX
      THEN
         NULL;
   END;

   BEGIN
      INSERT INTO detclasecontrato
                  (ccodcontrato, cclacontrato, cidioma, tdescripcion
                  )
           VALUES (163, 4290, 1, 'instalacion de acometidas Hidraúlicas'
                  );
   EXCEPTION
      WHEN DUP_VAL_ON_INDEX
      THEN
         NULL;
   END;

   BEGIN
      INSERT INTO detclasecontrato
                  (ccodcontrato, cclacontrato, cidioma, tdescripcion
                  )
           VALUES (163, 4290, 2, 'instalacion de acometidas Hidraúlicas'
                  );
   EXCEPTION
      WHEN DUP_VAL_ON_INDEX
      THEN
         NULL;
   END;

   BEGIN
      INSERT INTO detclasecontrato
                  (ccodcontrato, cclacontrato, cidioma, tdescripcion
                  )
           VALUES (163, 4290, 8, 'instalacion de acometidas Hidraúlicas'
                  );
   EXCEPTION
      WHEN DUP_VAL_ON_INDEX
      THEN
         NULL;
   END;

   BEGIN
      INSERT INTO sectoresprod
                  (cempres, cramo, cmodali, ctipseg, ccolect, cactivi,
                   cgarant, csector, ccodcontrato, cclacontrato, precarg,
                   iextrap, creten, ffecini, ffecfin, cgruries, cusualt,
                   falta, cusumod, fmodifi
                  )
           VALUES (24, 801, 6, 1, 0, 0,
                   NULL, 1, 163, 4290, 0,
                   0, 'N', f_sysdate, NULL, NULL, NULL,
                   NULL, NULL, NULL
                  );
   EXCEPTION
      WHEN DUP_VAL_ON_INDEX
      THEN
         NULL;
   END;

   BEGIN
      INSERT INTO sectoresprod
                  (cempres, cramo, cmodali, ctipseg, ccolect, cactivi,
                   cgarant, csector, ccodcontrato, cclacontrato, precarg,
                   iextrap, creten, ffecini, ffecfin, cgruries, cusualt,
                   falta, cusumod, fmodifi
                  )
           VALUES (24, 801, 11, 1, 0, 0,
                   NULL, 1, 163, 4290, 0,
                   0, 'N', f_sysdate, NULL, NULL, NULL,
                   NULL, NULL, NULL
                  );
   EXCEPTION
      WHEN DUP_VAL_ON_INDEX
      THEN
         NULL;
   END;

   BEGIN
      INSERT INTO sectoresprod
                  (cempres, cramo, cmodali, ctipseg, ccolect, cactivi,
                   cgarant, csector, ccodcontrato, cclacontrato, precarg,
                   iextrap, creten, ffecini, ffecfin, cgruries, cusualt,
                   falta, cusumod, fmodifi
                  )
           VALUES (24, 801, 12, 1, 0, 0,
                   NULL, 1, 163, 4290, 0,
                   0, 'N', f_sysdate, NULL, NULL, NULL,
                   NULL, NULL, NULL
                  );
   EXCEPTION
      WHEN DUP_VAL_ON_INDEX
      THEN
         NULL;
   END;

   BEGIN
      INSERT INTO sectoresprod
                  (cempres, cramo, cmodali, ctipseg, ccolect, cactivi,
                   cgarant, csector, ccodcontrato, cclacontrato, precarg,
                   iextrap, creten, ffecini, ffecfin, cgruries, cusualt,
                   falta, cusumod, fmodifi
                  )
           VALUES (24, 801, 13, 1, 0, 0,
                   NULL, 1, 163, 4290, 0,
                   0, 'N', f_sysdate, NULL, NULL, NULL,
                   NULL, NULL, NULL
                  );
   EXCEPTION
      WHEN DUP_VAL_ON_INDEX
      THEN
         NULL;
   END;

   BEGIN
      INSERT INTO sectoresprod
                  (cempres, cramo, cmodali, ctipseg, ccolect, cactivi,
                   cgarant, csector, ccodcontrato, cclacontrato, precarg,
                   iextrap, creten, ffecini, ffecfin, cgruries, cusualt,
                   falta, cusumod, fmodifi
                  )
           VALUES (24, 801, 7, 1, 0, 0,
                   NULL, 1, 163, 4290, 0,
                   0, 'N', f_sysdate, NULL, NULL, NULL,
                   NULL, NULL, NULL
                  );
   EXCEPTION
      WHEN DUP_VAL_ON_INDEX
      THEN
         NULL;
   END;

   BEGIN
      INSERT INTO sectoresprod
                  (cempres, cramo, cmodali, ctipseg, ccolect, cactivi,
                   cgarant, csector, ccodcontrato, cclacontrato, precarg,
                   iextrap, creten, ffecini, ffecfin, cgruries, cusualt,
                   falta, cusumod, fmodifi
                  )
           VALUES (24, 801, 7, 2, 0, 0,
                   NULL, 1, 163, 4290, 0,
                   0, 'N', f_sysdate, NULL, NULL, NULL,
                   NULL, NULL, NULL
                  );
   EXCEPTION
      WHEN DUP_VAL_ON_INDEX
      THEN
         NULL;
   END;

   BEGIN
      INSERT INTO sectoresprod
                  (cempres, cramo, cmodali, ctipseg, ccolect, cactivi,
                   cgarant, csector, ccodcontrato, cclacontrato, precarg,
                   iextrap, creten, ffecini, ffecfin, cgruries, cusualt,
                   falta, cusumod, fmodifi
                  )
           VALUES (24, 801, 8, 1, 0, 0,
                   NULL, 1, 163, 4290, 0,
                   0, 'N', f_sysdate, NULL, NULL, NULL,
                   NULL, NULL, NULL
                  );
   EXCEPTION
      WHEN DUP_VAL_ON_INDEX
      THEN
         NULL;
   END;

   BEGIN
      INSERT INTO sectoresprod
                  (cempres, cramo, cmodali, ctipseg, ccolect, cactivi,
                   cgarant, csector, ccodcontrato, cclacontrato, precarg,
                   iextrap, creten, ffecini, ffecfin, cgruries, cusualt,
                   falta, cusumod, fmodifi
                  )
           VALUES (24, 801, 14, 1, 0, 0,
                   NULL, 1, 163, 4290, 0,
                   0, 'N', f_sysdate, NULL, NULL, NULL,
                   NULL, NULL, NULL
                  );
   EXCEPTION
      WHEN DUP_VAL_ON_INDEX
      THEN
         NULL;
   END;

   BEGIN
      INSERT INTO sectoresprod
                  (cempres, cramo, cmodali, ctipseg, ccolect, cactivi,
                   cgarant, csector, ccodcontrato, cclacontrato, precarg,
                   iextrap, creten, ffecini, ffecfin, cgruries, cusualt,
                   falta, cusumod, fmodifi
                  )
           VALUES (24, 801, 9, 1, 0, 0,
                   NULL, 1, 163, 4290, 0,
                   0, 'N', f_sysdate, NULL, NULL, NULL,
                   NULL, NULL, NULL
                  );
   EXCEPTION
      WHEN DUP_VAL_ON_INDEX
      THEN
         NULL;
   END;

   BEGIN
      INSERT INTO sectoresprod
                  (cempres, cramo, cmodali, ctipseg, ccolect, cactivi,
                   cgarant, csector, ccodcontrato, cclacontrato, precarg,
                   iextrap, creten, ffecini, ffecfin, cgruries, cusualt,
                   falta, cusumod, fmodifi
                  )
           VALUES (24, 801, 9, 2, 0, 0,
                   NULL, 1, 163, 4290, 0,
                   0, 'N', f_sysdate, NULL, NULL, NULL,
                   NULL, NULL, NULL
                  );
   EXCEPTION
      WHEN DUP_VAL_ON_INDEX
      THEN
         NULL;
   END;

   BEGIN
      INSERT INTO sectoresprod
                  (cempres, cramo, cmodali, ctipseg, ccolect, cactivi,
                   cgarant, csector, ccodcontrato, cclacontrato, precarg,
                   iextrap, creten, ffecini, ffecfin, cgruries, cusualt,
                   falta, cusumod, fmodifi
                  )
           VALUES (24, 801, 10, 1, 0, 0,
                   NULL, 1, 163, 4290, 0,
                   0, 'N', f_sysdate, NULL, NULL, NULL,
                   NULL, NULL, NULL
                  );
   EXCEPTION
      WHEN DUP_VAL_ON_INDEX
      THEN
         NULL;
   END;

   BEGIN
      INSERT INTO sectoresprod
                  (cempres, cramo, cmodali, ctipseg, ccolect, cactivi,
                   cgarant, csector, ccodcontrato, cclacontrato, precarg,
                   iextrap, creten, ffecini, ffecfin, cgruries, cusualt,
                   falta, cusumod, fmodifi
                  )
           VALUES (24, 801, 15, 1, 0, 0,
                   NULL, 1, 163, 4290, 0,
                   0, 'N', f_sysdate, NULL, NULL, NULL,
                   NULL, NULL, NULL
                  );
   EXCEPTION
      WHEN DUP_VAL_ON_INDEX
      THEN
         NULL;
   END;

   BEGIN
      INSERT INTO clasecontrato
                  (ccodcontrato, cclacontrato
                  )
           VALUES (164, 4290
                  );
   EXCEPTION
      WHEN DUP_VAL_ON_INDEX
      THEN
         NULL;
   END;

   BEGIN
      INSERT INTO detclasecontrato
                  (ccodcontrato, cclacontrato, cidioma, tdescripcion
                  )
           VALUES (164, 4290, 1, 'Instalación de acometidas inalámbricas'
                  );
   EXCEPTION
      WHEN DUP_VAL_ON_INDEX
      THEN
         NULL;
   END;

   BEGIN
      INSERT INTO detclasecontrato
                  (ccodcontrato, cclacontrato, cidioma, tdescripcion
                  )
           VALUES (164, 4290, 2, 'Instalación de acometidas inalámbricas'
                  );
   EXCEPTION
      WHEN DUP_VAL_ON_INDEX
      THEN
         NULL;
   END;

   BEGIN
      INSERT INTO detclasecontrato
                  (ccodcontrato, cclacontrato, cidioma, tdescripcion
                  )
           VALUES (164, 4290, 8, 'Instalación de acometidas inalámbricas'
                  );
   EXCEPTION
      WHEN DUP_VAL_ON_INDEX
      THEN
         NULL;
   END;

   BEGIN
      INSERT INTO sectoresprod
                  (cempres, cramo, cmodali, ctipseg, ccolect, cactivi,
                   cgarant, csector, ccodcontrato, cclacontrato, precarg,
                   iextrap, creten, ffecini, ffecfin, cgruries, cusualt,
                   falta, cusumod, fmodifi
                  )
           VALUES (24, 801, 6, 1, 0, 0,
                   NULL, 1, 164, 4290, 0,
                   0, 'N', f_sysdate, NULL, NULL, NULL,
                   NULL, NULL, NULL
                  );
   EXCEPTION
      WHEN DUP_VAL_ON_INDEX
      THEN
         NULL;
   END;

   BEGIN
      INSERT INTO sectoresprod
                  (cempres, cramo, cmodali, ctipseg, ccolect, cactivi,
                   cgarant, csector, ccodcontrato, cclacontrato, precarg,
                   iextrap, creten, ffecini, ffecfin, cgruries, cusualt,
                   falta, cusumod, fmodifi
                  )
           VALUES (24, 801, 11, 1, 0, 0,
                   NULL, 1, 164, 4290, 0,
                   0, 'N', f_sysdate, NULL, NULL, NULL,
                   NULL, NULL, NULL
                  );
   EXCEPTION
      WHEN DUP_VAL_ON_INDEX
      THEN
         NULL;
   END;

   BEGIN
      INSERT INTO sectoresprod
                  (cempres, cramo, cmodali, ctipseg, ccolect, cactivi,
                   cgarant, csector, ccodcontrato, cclacontrato, precarg,
                   iextrap, creten, ffecini, ffecfin, cgruries, cusualt,
                   falta, cusumod, fmodifi
                  )
           VALUES (24, 801, 12, 1, 0, 0,
                   NULL, 1, 164, 4290, 0,
                   0, 'N', f_sysdate, NULL, NULL, NULL,
                   NULL, NULL, NULL
                  );
   EXCEPTION
      WHEN DUP_VAL_ON_INDEX
      THEN
         NULL;
   END;

   BEGIN
      INSERT INTO sectoresprod
                  (cempres, cramo, cmodali, ctipseg, ccolect, cactivi,
                   cgarant, csector, ccodcontrato, cclacontrato, precarg,
                   iextrap, creten, ffecini, ffecfin, cgruries, cusualt,
                   falta, cusumod, fmodifi
                  )
           VALUES (24, 801, 13, 1, 0, 0,
                   NULL, 1, 164, 4290, 0,
                   0, 'N', f_sysdate, NULL, NULL, NULL,
                   NULL, NULL, NULL
                  );
   EXCEPTION
      WHEN DUP_VAL_ON_INDEX
      THEN
         NULL;
   END;

   BEGIN
      INSERT INTO sectoresprod
                  (cempres, cramo, cmodali, ctipseg, ccolect, cactivi,
                   cgarant, csector, ccodcontrato, cclacontrato, precarg,
                   iextrap, creten, ffecini, ffecfin, cgruries, cusualt,
                   falta, cusumod, fmodifi
                  )
           VALUES (24, 801, 7, 1, 0, 0,
                   NULL, 1, 164, 4290, 0,
                   0, 'N', f_sysdate, NULL, NULL, NULL,
                   NULL, NULL, NULL
                  );
   EXCEPTION
      WHEN DUP_VAL_ON_INDEX
      THEN
         NULL;
   END;

   BEGIN
      INSERT INTO sectoresprod
                  (cempres, cramo, cmodali, ctipseg, ccolect, cactivi,
                   cgarant, csector, ccodcontrato, cclacontrato, precarg,
                   iextrap, creten, ffecini, ffecfin, cgruries, cusualt,
                   falta, cusumod, fmodifi
                  )
           VALUES (24, 801, 7, 2, 0, 0,
                   NULL, 1, 164, 4290, 0,
                   0, 'N', f_sysdate, NULL, NULL, NULL,
                   NULL, NULL, NULL
                  );
   EXCEPTION
      WHEN DUP_VAL_ON_INDEX
      THEN
         NULL;
   END;

   BEGIN
      INSERT INTO sectoresprod
                  (cempres, cramo, cmodali, ctipseg, ccolect, cactivi,
                   cgarant, csector, ccodcontrato, cclacontrato, precarg,
                   iextrap, creten, ffecini, ffecfin, cgruries, cusualt,
                   falta, cusumod, fmodifi
                  )
           VALUES (24, 801, 8, 1, 0, 0,
                   NULL, 1, 164, 4290, 0,
                   0, 'N', f_sysdate, NULL, NULL, NULL,
                   NULL, NULL, NULL
                  );
   EXCEPTION
      WHEN DUP_VAL_ON_INDEX
      THEN
         NULL;
   END;

   BEGIN
      INSERT INTO sectoresprod
                  (cempres, cramo, cmodali, ctipseg, ccolect, cactivi,
                   cgarant, csector, ccodcontrato, cclacontrato, precarg,
                   iextrap, creten, ffecini, ffecfin, cgruries, cusualt,
                   falta, cusumod, fmodifi
                  )
           VALUES (24, 801, 14, 1, 0, 0,
                   NULL, 1, 164, 4290, 0,
                   0, 'N', f_sysdate, NULL, NULL, NULL,
                   NULL, NULL, NULL
                  );
   EXCEPTION
      WHEN DUP_VAL_ON_INDEX
      THEN
         NULL;
   END;

   BEGIN
      INSERT INTO sectoresprod
                  (cempres, cramo, cmodali, ctipseg, ccolect, cactivi,
                   cgarant, csector, ccodcontrato, cclacontrato, precarg,
                   iextrap, creten, ffecini, ffecfin, cgruries, cusualt,
                   falta, cusumod, fmodifi
                  )
           VALUES (24, 801, 9, 1, 0, 0,
                   NULL, 1, 164, 4290, 0,
                   0, 'N', f_sysdate, NULL, NULL, NULL,
                   NULL, NULL, NULL
                  );
   EXCEPTION
      WHEN DUP_VAL_ON_INDEX
      THEN
         NULL;
   END;

   BEGIN
      INSERT INTO sectoresprod
                  (cempres, cramo, cmodali, ctipseg, ccolect, cactivi,
                   cgarant, csector, ccodcontrato, cclacontrato, precarg,
                   iextrap, creten, ffecini, ffecfin, cgruries, cusualt,
                   falta, cusumod, fmodifi
                  )
           VALUES (24, 801, 9, 2, 0, 0,
                   NULL, 1, 164, 4290, 0,
                   0, 'N', f_sysdate, NULL, NULL, NULL,
                   NULL, NULL, NULL
                  );
   EXCEPTION
      WHEN DUP_VAL_ON_INDEX
      THEN
         NULL;
   END;

   BEGIN
      INSERT INTO sectoresprod
                  (cempres, cramo, cmodali, ctipseg, ccolect, cactivi,
                   cgarant, csector, ccodcontrato, cclacontrato, precarg,
                   iextrap, creten, ffecini, ffecfin, cgruries, cusualt,
                   falta, cusumod, fmodifi
                  )
           VALUES (24, 801, 10, 1, 0, 0,
                   NULL, 1, 164, 4290, 0,
                   0, 'N', f_sysdate, NULL, NULL, NULL,
                   NULL, NULL, NULL
                  );
   EXCEPTION
      WHEN DUP_VAL_ON_INDEX
      THEN
         NULL;
   END;

   BEGIN
      INSERT INTO sectoresprod
                  (cempres, cramo, cmodali, ctipseg, ccolect, cactivi,
                   cgarant, csector, ccodcontrato, cclacontrato, precarg,
                   iextrap, creten, ffecini, ffecfin, cgruries, cusualt,
                   falta, cusumod, fmodifi
                  )
           VALUES (24, 801, 15, 1, 0, 0,
                   NULL, 1, 164, 4290, 0,
                   0, 'N', f_sysdate, NULL, NULL, NULL,
                   NULL, NULL, NULL
                  );
   EXCEPTION
      WHEN DUP_VAL_ON_INDEX
      THEN
         NULL;
   END;

   BEGIN
      INSERT INTO clasecontrato
                  (ccodcontrato, cclacontrato
                  )
           VALUES (165, 4290
                  );
   EXCEPTION
      WHEN DUP_VAL_ON_INDEX
      THEN
         NULL;
   END;

   BEGIN
      INSERT INTO detclasecontrato
                  (ccodcontrato, cclacontrato, cidioma, tdescripcion
                  )
           VALUES (165, 4290, 1, 'Reforzamiento estructural de edificaciones'
                  );
   EXCEPTION
      WHEN DUP_VAL_ON_INDEX
      THEN
         NULL;
   END;

   BEGIN
      INSERT INTO detclasecontrato
                  (ccodcontrato, cclacontrato, cidioma, tdescripcion
                  )
           VALUES (165, 4290, 2, 'Reforzamiento estructural de edificaciones'
                  );
   EXCEPTION
      WHEN DUP_VAL_ON_INDEX
      THEN
         NULL;
   END;

   BEGIN
      INSERT INTO detclasecontrato
                  (ccodcontrato, cclacontrato, cidioma, tdescripcion
                  )
           VALUES (165, 4290, 8, 'Reforzamiento estructural de edificaciones'
                  );
   EXCEPTION
      WHEN DUP_VAL_ON_INDEX
      THEN
         NULL;
   END;

   BEGIN
      INSERT INTO sectoresprod
                  (cempres, cramo, cmodali, ctipseg, ccolect, cactivi,
                   cgarant, csector, ccodcontrato, cclacontrato, precarg,
                   iextrap, creten, ffecini, ffecfin, cgruries, cusualt,
                   falta, cusumod, fmodifi
                  )
           VALUES (24, 801, 6, 1, 0, 0,
                   NULL, 1, 165, 4290, 0,
                   0, 'N', f_sysdate, NULL, NULL, NULL,
                   NULL, NULL, NULL
                  );
   EXCEPTION
      WHEN DUP_VAL_ON_INDEX
      THEN
         NULL;
   END;

   BEGIN
      INSERT INTO sectoresprod
                  (cempres, cramo, cmodali, ctipseg, ccolect, cactivi,
                   cgarant, csector, ccodcontrato, cclacontrato, precarg,
                   iextrap, creten, ffecini, ffecfin, cgruries, cusualt,
                   falta, cusumod, fmodifi
                  )
           VALUES (24, 801, 11, 1, 0, 0,
                   NULL, 1, 165, 4290, 0,
                   0, 'N', f_sysdate, NULL, NULL, NULL,
                   NULL, NULL, NULL
                  );
   EXCEPTION
      WHEN DUP_VAL_ON_INDEX
      THEN
         NULL;
   END;

   BEGIN
      INSERT INTO sectoresprod
                  (cempres, cramo, cmodali, ctipseg, ccolect, cactivi,
                   cgarant, csector, ccodcontrato, cclacontrato, precarg,
                   iextrap, creten, ffecini, ffecfin, cgruries, cusualt,
                   falta, cusumod, fmodifi
                  )
           VALUES (24, 801, 12, 1, 0, 0,
                   NULL, 1, 165, 4290, 0,
                   0, 'N', f_sysdate, NULL, NULL, NULL,
                   NULL, NULL, NULL
                  );
   EXCEPTION
      WHEN DUP_VAL_ON_INDEX
      THEN
         NULL;
   END;

   BEGIN
      INSERT INTO sectoresprod
                  (cempres, cramo, cmodali, ctipseg, ccolect, cactivi,
                   cgarant, csector, ccodcontrato, cclacontrato, precarg,
                   iextrap, creten, ffecini, ffecfin, cgruries, cusualt,
                   falta, cusumod, fmodifi
                  )
           VALUES (24, 801, 13, 1, 0, 0,
                   NULL, 1, 165, 4290, 0,
                   0, 'N', f_sysdate, NULL, NULL, NULL,
                   NULL, NULL, NULL
                  );
   EXCEPTION
      WHEN DUP_VAL_ON_INDEX
      THEN
         NULL;
   END;

   BEGIN
      INSERT INTO sectoresprod
                  (cempres, cramo, cmodali, ctipseg, ccolect, cactivi,
                   cgarant, csector, ccodcontrato, cclacontrato, precarg,
                   iextrap, creten, ffecini, ffecfin, cgruries, cusualt,
                   falta, cusumod, fmodifi
                  )
           VALUES (24, 801, 7, 1, 0, 0,
                   NULL, 1, 165, 4290, 0,
                   0, 'N', f_sysdate, NULL, NULL, NULL,
                   NULL, NULL, NULL
                  );
   EXCEPTION
      WHEN DUP_VAL_ON_INDEX
      THEN
         NULL;
   END;

   BEGIN
      INSERT INTO sectoresprod
                  (cempres, cramo, cmodali, ctipseg, ccolect, cactivi,
                   cgarant, csector, ccodcontrato, cclacontrato, precarg,
                   iextrap, creten, ffecini, ffecfin, cgruries, cusualt,
                   falta, cusumod, fmodifi
                  )
           VALUES (24, 801, 7, 2, 0, 0,
                   NULL, 1, 165, 4290, 0,
                   0, 'N', f_sysdate, NULL, NULL, NULL,
                   NULL, NULL, NULL
                  );
   EXCEPTION
      WHEN DUP_VAL_ON_INDEX
      THEN
         NULL;
   END;

   BEGIN
      INSERT INTO sectoresprod
                  (cempres, cramo, cmodali, ctipseg, ccolect, cactivi,
                   cgarant, csector, ccodcontrato, cclacontrato, precarg,
                   iextrap, creten, ffecini, ffecfin, cgruries, cusualt,
                   falta, cusumod, fmodifi
                  )
           VALUES (24, 801, 8, 1, 0, 0,
                   NULL, 1, 165, 4290, 0,
                   0, 'N', f_sysdate, NULL, NULL, NULL,
                   NULL, NULL, NULL
                  );
   EXCEPTION
      WHEN DUP_VAL_ON_INDEX
      THEN
         NULL;
   END;

   BEGIN
      INSERT INTO sectoresprod
                  (cempres, cramo, cmodali, ctipseg, ccolect, cactivi,
                   cgarant, csector, ccodcontrato, cclacontrato, precarg,
                   iextrap, creten, ffecini, ffecfin, cgruries, cusualt,
                   falta, cusumod, fmodifi
                  )
           VALUES (24, 801, 14, 1, 0, 0,
                   NULL, 1, 165, 4290, 0,
                   0, 'N', f_sysdate, NULL, NULL, NULL,
                   NULL, NULL, NULL
                  );
   EXCEPTION
      WHEN DUP_VAL_ON_INDEX
      THEN
         NULL;
   END;

   BEGIN
      INSERT INTO sectoresprod
                  (cempres, cramo, cmodali, ctipseg, ccolect, cactivi,
                   cgarant, csector, ccodcontrato, cclacontrato, precarg,
                   iextrap, creten, ffecini, ffecfin, cgruries, cusualt,
                   falta, cusumod, fmodifi
                  )
           VALUES (24, 801, 9, 1, 0, 0,
                   NULL, 1, 165, 4290, 0,
                   0, 'N', f_sysdate, NULL, NULL, NULL,
                   NULL, NULL, NULL
                  );
   EXCEPTION
      WHEN DUP_VAL_ON_INDEX
      THEN
         NULL;
   END;

   BEGIN
      INSERT INTO sectoresprod
                  (cempres, cramo, cmodali, ctipseg, ccolect, cactivi,
                   cgarant, csector, ccodcontrato, cclacontrato, precarg,
                   iextrap, creten, ffecini, ffecfin, cgruries, cusualt,
                   falta, cusumod, fmodifi
                  )
           VALUES (24, 801, 9, 2, 0, 0,
                   NULL, 1, 165, 4290, 0,
                   0, 'N', f_sysdate, NULL, NULL, NULL,
                   NULL, NULL, NULL
                  );
   EXCEPTION
      WHEN DUP_VAL_ON_INDEX
      THEN
         NULL;
   END;

   BEGIN
      INSERT INTO sectoresprod
                  (cempres, cramo, cmodali, ctipseg, ccolect, cactivi,
                   cgarant, csector, ccodcontrato, cclacontrato, precarg,
                   iextrap, creten, ffecini, ffecfin, cgruries, cusualt,
                   falta, cusumod, fmodifi
                  )
           VALUES (24, 801, 10, 1, 0, 0,
                   NULL, 1, 165, 4290, 0,
                   0, 'N', f_sysdate, NULL, NULL, NULL,
                   NULL, NULL, NULL
                  );
   EXCEPTION
      WHEN DUP_VAL_ON_INDEX
      THEN
         NULL;
   END;

   BEGIN
      INSERT INTO sectoresprod
                  (cempres, cramo, cmodali, ctipseg, ccolect, cactivi,
                   cgarant, csector, ccodcontrato, cclacontrato, precarg,
                   iextrap, creten, ffecini, ffecfin, cgruries, cusualt,
                   falta, cusumod, fmodifi
                  )
           VALUES (24, 801, 15, 1, 0, 0,
                   NULL, 1, 165, 4290, 0,
                   0, 'N', f_sysdate, NULL, NULL, NULL,
                   NULL, NULL, NULL
                  );
   EXCEPTION
      WHEN DUP_VAL_ON_INDEX
      THEN
         NULL;
   END;

   BEGIN
      INSERT INTO clasecontrato
                  (ccodcontrato, cclacontrato
                  )
           VALUES (205, 4720
                  );
   EXCEPTION
      WHEN DUP_VAL_ON_INDEX
      THEN
         NULL;
   END;

   BEGIN
      INSERT INTO detclasecontrato
                  (ccodcontrato, cclacontrato, cidioma, tdescripcion
                  )
           VALUES (205, 4720, 1, 'Impresión de Libros'
                  );
   EXCEPTION
      WHEN DUP_VAL_ON_INDEX
      THEN
         NULL;
   END;

   BEGIN
      INSERT INTO detclasecontrato
                  (ccodcontrato, cclacontrato, cidioma, tdescripcion
                  )
           VALUES (205, 4720, 2, 'Impresión de Libros'
                  );
   EXCEPTION
      WHEN DUP_VAL_ON_INDEX
      THEN
         NULL;
   END;

   BEGIN
      INSERT INTO detclasecontrato
                  (ccodcontrato, cclacontrato, cidioma, tdescripcion
                  )
           VALUES (205, 4720, 8, 'Impresión de Libros'
                  );
   EXCEPTION
      WHEN DUP_VAL_ON_INDEX
      THEN
         NULL;
   END;

   BEGIN
      INSERT INTO sectoresprod
                  (cempres, cramo, cmodali, ctipseg, ccolect, cactivi,
                   cgarant, csector, ccodcontrato, cclacontrato, precarg,
                   iextrap, creten, ffecini, ffecfin, cgruries, cusualt,
                   falta, cusumod, fmodifi
                  )
           VALUES (24, 801, 6, 1, 0, 0,
                   NULL, 2, 205, 4720, 0,
                   0, 'N', f_sysdate, NULL, NULL, NULL,
                   NULL, NULL, NULL
                  );
   EXCEPTION
      WHEN DUP_VAL_ON_INDEX
      THEN
         NULL;
   END;

   BEGIN
      INSERT INTO sectoresprod
                  (cempres, cramo, cmodali, ctipseg, ccolect, cactivi,
                   cgarant, csector, ccodcontrato, cclacontrato, precarg,
                   iextrap, creten, ffecini, ffecfin, cgruries, cusualt,
                   falta, cusumod, fmodifi
                  )
           VALUES (24, 801, 11, 1, 0, 0,
                   NULL, 2, 205, 4720, 0,
                   0, 'N', f_sysdate, NULL, NULL, NULL,
                   NULL, NULL, NULL
                  );
   EXCEPTION
      WHEN DUP_VAL_ON_INDEX
      THEN
         NULL;
   END;

   BEGIN
      INSERT INTO sectoresprod
                  (cempres, cramo, cmodali, ctipseg, ccolect, cactivi,
                   cgarant, csector, ccodcontrato, cclacontrato, precarg,
                   iextrap, creten, ffecini, ffecfin, cgruries, cusualt,
                   falta, cusumod, fmodifi
                  )
           VALUES (24, 801, 12, 1, 0, 0,
                   NULL, 2, 205, 4720, 0,
                   0, 'N', f_sysdate, NULL, NULL, NULL,
                   NULL, NULL, NULL
                  );
   EXCEPTION
      WHEN DUP_VAL_ON_INDEX
      THEN
         NULL;
   END;

   BEGIN
      INSERT INTO sectoresprod
                  (cempres, cramo, cmodali, ctipseg, ccolect, cactivi,
                   cgarant, csector, ccodcontrato, cclacontrato, precarg,
                   iextrap, creten, ffecini, ffecfin, cgruries, cusualt,
                   falta, cusumod, fmodifi
                  )
           VALUES (24, 801, 13, 1, 0, 0,
                   NULL, 2, 205, 4720, 0,
                   0, 'N', f_sysdate, NULL, NULL, NULL,
                   NULL, NULL, NULL
                  );
   EXCEPTION
      WHEN DUP_VAL_ON_INDEX
      THEN
         NULL;
   END;

   BEGIN
      INSERT INTO sectoresprod
                  (cempres, cramo, cmodali, ctipseg, ccolect, cactivi,
                   cgarant, csector, ccodcontrato, cclacontrato, precarg,
                   iextrap, creten, ffecini, ffecfin, cgruries, cusualt,
                   falta, cusumod, fmodifi
                  )
           VALUES (24, 801, 7, 1, 0, 0,
                   NULL, 2, 205, 4720, 0,
                   0, 'N', f_sysdate, NULL, NULL, NULL,
                   NULL, NULL, NULL
                  );
   EXCEPTION
      WHEN DUP_VAL_ON_INDEX
      THEN
         NULL;
   END;

   BEGIN
      INSERT INTO sectoresprod
                  (cempres, cramo, cmodali, ctipseg, ccolect, cactivi,
                   cgarant, csector, ccodcontrato, cclacontrato, precarg,
                   iextrap, creten, ffecini, ffecfin, cgruries, cusualt,
                   falta, cusumod, fmodifi
                  )
           VALUES (24, 801, 7, 2, 0, 0,
                   NULL, 2, 205, 4720, 0,
                   0, 'N', f_sysdate, NULL, NULL, NULL,
                   NULL, NULL, NULL
                  );
   EXCEPTION
      WHEN DUP_VAL_ON_INDEX
      THEN
         NULL;
   END;

   BEGIN
      INSERT INTO sectoresprod
                  (cempres, cramo, cmodali, ctipseg, ccolect, cactivi,
                   cgarant, csector, ccodcontrato, cclacontrato, precarg,
                   iextrap, creten, ffecini, ffecfin, cgruries, cusualt,
                   falta, cusumod, fmodifi
                  )
           VALUES (24, 801, 8, 1, 0, 0,
                   NULL, 2, 205, 4720, 0,
                   0, 'N', f_sysdate, NULL, NULL, NULL,
                   NULL, NULL, NULL
                  );
   EXCEPTION
      WHEN DUP_VAL_ON_INDEX
      THEN
         NULL;
   END;

   BEGIN
      INSERT INTO sectoresprod
                  (cempres, cramo, cmodali, ctipseg, ccolect, cactivi,
                   cgarant, csector, ccodcontrato, cclacontrato, precarg,
                   iextrap, creten, ffecini, ffecfin, cgruries, cusualt,
                   falta, cusumod, fmodifi
                  )
           VALUES (24, 801, 14, 1, 0, 0,
                   NULL, 2, 205, 4720, 0,
                   0, 'N', f_sysdate, NULL, NULL, NULL,
                   NULL, NULL, NULL
                  );
   EXCEPTION
      WHEN DUP_VAL_ON_INDEX
      THEN
         NULL;
   END;

   BEGIN
      INSERT INTO sectoresprod
                  (cempres, cramo, cmodali, ctipseg, ccolect, cactivi,
                   cgarant, csector, ccodcontrato, cclacontrato, precarg,
                   iextrap, creten, ffecini, ffecfin, cgruries, cusualt,
                   falta, cusumod, fmodifi
                  )
           VALUES (24, 801, 9, 1, 0, 0,
                   NULL, 2, 205, 4720, 0,
                   0, 'N', f_sysdate, NULL, NULL, NULL,
                   NULL, NULL, NULL
                  );
   EXCEPTION
      WHEN DUP_VAL_ON_INDEX
      THEN
         NULL;
   END;

   BEGIN
      INSERT INTO sectoresprod
                  (cempres, cramo, cmodali, ctipseg, ccolect, cactivi,
                   cgarant, csector, ccodcontrato, cclacontrato, precarg,
                   iextrap, creten, ffecini, ffecfin, cgruries, cusualt,
                   falta, cusumod, fmodifi
                  )
           VALUES (24, 801, 9, 2, 0, 0,
                   NULL, 2, 205, 4720, 0,
                   0, 'N', f_sysdate, NULL, NULL, NULL,
                   NULL, NULL, NULL
                  );
   EXCEPTION
      WHEN DUP_VAL_ON_INDEX
      THEN
         NULL;
   END;

   BEGIN
      INSERT INTO sectoresprod
                  (cempres, cramo, cmodali, ctipseg, ccolect, cactivi,
                   cgarant, csector, ccodcontrato, cclacontrato, precarg,
                   iextrap, creten, ffecini, ffecfin, cgruries, cusualt,
                   falta, cusumod, fmodifi
                  )
           VALUES (24, 801, 10, 1, 0, 0,
                   NULL, 2, 205, 4720, 0,
                   0, 'N', f_sysdate, NULL, NULL, NULL,
                   NULL, NULL, NULL
                  );
   EXCEPTION
      WHEN DUP_VAL_ON_INDEX
      THEN
         NULL;
   END;

   BEGIN
      INSERT INTO sectoresprod
                  (cempres, cramo, cmodali, ctipseg, ccolect, cactivi,
                   cgarant, csector, ccodcontrato, cclacontrato, precarg,
                   iextrap, creten, ffecini, ffecfin, cgruries, cusualt,
                   falta, cusumod, fmodifi
                  )
           VALUES (24, 801, 15, 1, 0, 0,
                   NULL, 2, 205, 4720, 0,
                   0, 'N', f_sysdate, NULL, NULL, NULL,
                   NULL, NULL, NULL
                  );
   EXCEPTION
      WHEN DUP_VAL_ON_INDEX
      THEN
         NULL;
   END;

   BEGIN
      INSERT INTO clasecontrato
                  (ccodcontrato, cclacontrato
                  )
           VALUES (206, 4720
                  );
   EXCEPTION
      WHEN DUP_VAL_ON_INDEX
      THEN
         NULL;
   END;

   BEGIN
      INSERT INTO detclasecontrato
                  (ccodcontrato, cclacontrato, cidioma, tdescripcion
                  )
           VALUES (206, 4720, 1, 'Representaciones comerciales Franquicias'
                  );
   EXCEPTION
      WHEN DUP_VAL_ON_INDEX
      THEN
         NULL;
   END;

   BEGIN
      INSERT INTO detclasecontrato
                  (ccodcontrato, cclacontrato, cidioma, tdescripcion
                  )
           VALUES (206, 4720, 2, 'Representaciones comerciales Franquicias'
                  );
   EXCEPTION
      WHEN DUP_VAL_ON_INDEX
      THEN
         NULL;
   END;

   BEGIN
      INSERT INTO detclasecontrato
                  (ccodcontrato, cclacontrato, cidioma, tdescripcion
                  )
           VALUES (206, 4720, 8, 'Representaciones comerciales Franquicias'
                  );
   EXCEPTION
      WHEN DUP_VAL_ON_INDEX
      THEN
         NULL;
   END;

   BEGIN
      INSERT INTO sectoresprod
                  (cempres, cramo, cmodali, ctipseg, ccolect, cactivi,
                   cgarant, csector, ccodcontrato, cclacontrato, precarg,
                   iextrap, creten, ffecini, ffecfin, cgruries, cusualt,
                   falta, cusumod, fmodifi
                  )
           VALUES (24, 801, 6, 1, 0, 0,
                   NULL, 2, 206, 4720, 0,
                   0, 'N', f_sysdate, NULL, NULL, NULL,
                   NULL, NULL, NULL
                  );
   EXCEPTION
      WHEN DUP_VAL_ON_INDEX
      THEN
         NULL;
   END;

   BEGIN
      INSERT INTO sectoresprod
                  (cempres, cramo, cmodali, ctipseg, ccolect, cactivi,
                   cgarant, csector, ccodcontrato, cclacontrato, precarg,
                   iextrap, creten, ffecini, ffecfin, cgruries, cusualt,
                   falta, cusumod, fmodifi
                  )
           VALUES (24, 801, 11, 1, 0, 0,
                   NULL, 2, 206, 4720, 0,
                   0, 'N', f_sysdate, NULL, NULL, NULL,
                   NULL, NULL, NULL
                  );
   EXCEPTION
      WHEN DUP_VAL_ON_INDEX
      THEN
         NULL;
   END;

   BEGIN
      INSERT INTO sectoresprod
                  (cempres, cramo, cmodali, ctipseg, ccolect, cactivi,
                   cgarant, csector, ccodcontrato, cclacontrato, precarg,
                   iextrap, creten, ffecini, ffecfin, cgruries, cusualt,
                   falta, cusumod, fmodifi
                  )
           VALUES (24, 801, 12, 1, 0, 0,
                   NULL, 2, 206, 4720, 0,
                   0, 'N', f_sysdate, NULL, NULL, NULL,
                   NULL, NULL, NULL
                  );
   EXCEPTION
      WHEN DUP_VAL_ON_INDEX
      THEN
         NULL;
   END;

   BEGIN
      INSERT INTO sectoresprod
                  (cempres, cramo, cmodali, ctipseg, ccolect, cactivi,
                   cgarant, csector, ccodcontrato, cclacontrato, precarg,
                   iextrap, creten, ffecini, ffecfin, cgruries, cusualt,
                   falta, cusumod, fmodifi
                  )
           VALUES (24, 801, 13, 1, 0, 0,
                   NULL, 2, 206, 4720, 0,
                   0, 'N', f_sysdate, NULL, NULL, NULL,
                   NULL, NULL, NULL
                  );
   EXCEPTION
      WHEN DUP_VAL_ON_INDEX
      THEN
         NULL;
   END;

   BEGIN
      INSERT INTO sectoresprod
                  (cempres, cramo, cmodali, ctipseg, ccolect, cactivi,
                   cgarant, csector, ccodcontrato, cclacontrato, precarg,
                   iextrap, creten, ffecini, ffecfin, cgruries, cusualt,
                   falta, cusumod, fmodifi
                  )
           VALUES (24, 801, 7, 1, 0, 0,
                   NULL, 2, 206, 4720, 0,
                   0, 'N', f_sysdate, NULL, NULL, NULL,
                   NULL, NULL, NULL
                  );
   EXCEPTION
      WHEN DUP_VAL_ON_INDEX
      THEN
         NULL;
   END;

   BEGIN
      INSERT INTO sectoresprod
                  (cempres, cramo, cmodali, ctipseg, ccolect, cactivi,
                   cgarant, csector, ccodcontrato, cclacontrato, precarg,
                   iextrap, creten, ffecini, ffecfin, cgruries, cusualt,
                   falta, cusumod, fmodifi
                  )
           VALUES (24, 801, 7, 2, 0, 0,
                   NULL, 2, 206, 4720, 0,
                   0, 'N', f_sysdate, NULL, NULL, NULL,
                   NULL, NULL, NULL
                  );
   EXCEPTION
      WHEN DUP_VAL_ON_INDEX
      THEN
         NULL;
   END;

   BEGIN
      INSERT INTO sectoresprod
                  (cempres, cramo, cmodali, ctipseg, ccolect, cactivi,
                   cgarant, csector, ccodcontrato, cclacontrato, precarg,
                   iextrap, creten, ffecini, ffecfin, cgruries, cusualt,
                   falta, cusumod, fmodifi
                  )
           VALUES (24, 801, 8, 1, 0, 0,
                   NULL, 2, 206, 4720, 0,
                   0, 'N', f_sysdate, NULL, NULL, NULL,
                   NULL, NULL, NULL
                  );
   EXCEPTION
      WHEN DUP_VAL_ON_INDEX
      THEN
         NULL;
   END;

   BEGIN
      INSERT INTO sectoresprod
                  (cempres, cramo, cmodali, ctipseg, ccolect, cactivi,
                   cgarant, csector, ccodcontrato, cclacontrato, precarg,
                   iextrap, creten, ffecini, ffecfin, cgruries, cusualt,
                   falta, cusumod, fmodifi
                  )
           VALUES (24, 801, 14, 1, 0, 0,
                   NULL, 2, 206, 4720, 0,
                   0, 'N', f_sysdate, NULL, NULL, NULL,
                   NULL, NULL, NULL
                  );
   EXCEPTION
      WHEN DUP_VAL_ON_INDEX
      THEN
         NULL;
   END;

   BEGIN
      INSERT INTO sectoresprod
                  (cempres, cramo, cmodali, ctipseg, ccolect, cactivi,
                   cgarant, csector, ccodcontrato, cclacontrato, precarg,
                   iextrap, creten, ffecini, ffecfin, cgruries, cusualt,
                   falta, cusumod, fmodifi
                  )
           VALUES (24, 801, 9, 1, 0, 0,
                   NULL, 2, 206, 4720, 0,
                   0, 'N', f_sysdate, NULL, NULL, NULL,
                   NULL, NULL, NULL
                  );
   EXCEPTION
      WHEN DUP_VAL_ON_INDEX
      THEN
         NULL;
   END;

   BEGIN
      INSERT INTO sectoresprod
                  (cempres, cramo, cmodali, ctipseg, ccolect, cactivi,
                   cgarant, csector, ccodcontrato, cclacontrato, precarg,
                   iextrap, creten, ffecini, ffecfin, cgruries, cusualt,
                   falta, cusumod, fmodifi
                  )
           VALUES (24, 801, 9, 2, 0, 0,
                   NULL, 2, 206, 4720, 0,
                   0, 'N', f_sysdate, NULL, NULL, NULL,
                   NULL, NULL, NULL
                  );
   EXCEPTION
      WHEN DUP_VAL_ON_INDEX
      THEN
         NULL;
   END;

   BEGIN
      INSERT INTO sectoresprod
                  (cempres, cramo, cmodali, ctipseg, ccolect, cactivi,
                   cgarant, csector, ccodcontrato, cclacontrato, precarg,
                   iextrap, creten, ffecini, ffecfin, cgruries, cusualt,
                   falta, cusumod, fmodifi
                  )
           VALUES (24, 801, 10, 1, 0, 0,
                   NULL, 2, 206, 4720, 0,
                   0, 'N', f_sysdate, NULL, NULL, NULL,
                   NULL, NULL, NULL
                  );
   EXCEPTION
      WHEN DUP_VAL_ON_INDEX
      THEN
         NULL;
   END;

   BEGIN
      INSERT INTO sectoresprod
                  (cempres, cramo, cmodali, ctipseg, ccolect, cactivi,
                   cgarant, csector, ccodcontrato, cclacontrato, precarg,
                   iextrap, creten, ffecini, ffecfin, cgruries, cusualt,
                   falta, cusumod, fmodifi
                  )
           VALUES (24, 801, 15, 1, 0, 0,
                   NULL, 2, 206, 4720, 0,
                   0, 'N', f_sysdate, NULL, NULL, NULL,
                   NULL, NULL, NULL
                  );
   EXCEPTION
      WHEN DUP_VAL_ON_INDEX
      THEN
         NULL;
   END;

   BEGIN
      INSERT INTO clasecontrato
                  (ccodcontrato, cclacontrato
                  )
           VALUES (207, 4720
                  );
   EXCEPTION
      WHEN DUP_VAL_ON_INDEX
      THEN
         NULL;
   END;

   BEGIN
      INSERT INTO detclasecontrato
                  (ccodcontrato, cclacontrato, cidioma, tdescripcion
                  )
           VALUES (207, 4720, 1, 'Transacciones de Energía'
                  );
   EXCEPTION
      WHEN DUP_VAL_ON_INDEX
      THEN
         NULL;
   END;

   BEGIN
      INSERT INTO detclasecontrato
                  (ccodcontrato, cclacontrato, cidioma, tdescripcion
                  )
           VALUES (207, 4720, 2, 'Transacciones de Energía'
                  );
   EXCEPTION
      WHEN DUP_VAL_ON_INDEX
      THEN
         NULL;
   END;

   BEGIN
      INSERT INTO detclasecontrato
                  (ccodcontrato, cclacontrato, cidioma, tdescripcion
                  )
           VALUES (207, 4720, 8, 'Transacciones de Energía'
                  );
   EXCEPTION
      WHEN DUP_VAL_ON_INDEX
      THEN
         NULL;
   END;

   BEGIN
      INSERT INTO sectoresprod
                  (cempres, cramo, cmodali, ctipseg, ccolect, cactivi,
                   cgarant, csector, ccodcontrato, cclacontrato, precarg,
                   iextrap, creten, ffecini, ffecfin, cgruries, cusualt,
                   falta, cusumod, fmodifi
                  )
           VALUES (24, 801, 6, 1, 0, 0,
                   NULL, 2, 207, 4720, 0,
                   0, 'N', f_sysdate, NULL, NULL, NULL,
                   NULL, NULL, NULL
                  );
   EXCEPTION
      WHEN DUP_VAL_ON_INDEX
      THEN
         NULL;
   END;

   BEGIN
      INSERT INTO sectoresprod
                  (cempres, cramo, cmodali, ctipseg, ccolect, cactivi,
                   cgarant, csector, ccodcontrato, cclacontrato, precarg,
                   iextrap, creten, ffecini, ffecfin, cgruries, cusualt,
                   falta, cusumod, fmodifi
                  )
           VALUES (24, 801, 11, 1, 0, 0,
                   NULL, 2, 207, 4720, 0,
                   0, 'N', f_sysdate, NULL, NULL, NULL,
                   NULL, NULL, NULL
                  );
   EXCEPTION
      WHEN DUP_VAL_ON_INDEX
      THEN
         NULL;
   END;

   BEGIN
      INSERT INTO sectoresprod
                  (cempres, cramo, cmodali, ctipseg, ccolect, cactivi,
                   cgarant, csector, ccodcontrato, cclacontrato, precarg,
                   iextrap, creten, ffecini, ffecfin, cgruries, cusualt,
                   falta, cusumod, fmodifi
                  )
           VALUES (24, 801, 12, 1, 0, 0,
                   NULL, 2, 207, 4720, 0,
                   0, 'N', f_sysdate, NULL, NULL, NULL,
                   NULL, NULL, NULL
                  );
   EXCEPTION
      WHEN DUP_VAL_ON_INDEX
      THEN
         NULL;
   END;

   BEGIN
      INSERT INTO sectoresprod
                  (cempres, cramo, cmodali, ctipseg, ccolect, cactivi,
                   cgarant, csector, ccodcontrato, cclacontrato, precarg,
                   iextrap, creten, ffecini, ffecfin, cgruries, cusualt,
                   falta, cusumod, fmodifi
                  )
           VALUES (24, 801, 13, 1, 0, 0,
                   NULL, 2, 207, 4720, 0,
                   0, 'N', f_sysdate, NULL, NULL, NULL,
                   NULL, NULL, NULL
                  );
   EXCEPTION
      WHEN DUP_VAL_ON_INDEX
      THEN
         NULL;
   END;

   BEGIN
      INSERT INTO sectoresprod
                  (cempres, cramo, cmodali, ctipseg, ccolect, cactivi,
                   cgarant, csector, ccodcontrato, cclacontrato, precarg,
                   iextrap, creten, ffecini, ffecfin, cgruries, cusualt,
                   falta, cusumod, fmodifi
                  )
           VALUES (24, 801, 7, 1, 0, 0,
                   NULL, 2, 207, 4720, 0,
                   0, 'N', f_sysdate, NULL, NULL, NULL,
                   NULL, NULL, NULL
                  );
   EXCEPTION
      WHEN DUP_VAL_ON_INDEX
      THEN
         NULL;
   END;

   BEGIN
      INSERT INTO sectoresprod
                  (cempres, cramo, cmodali, ctipseg, ccolect, cactivi,
                   cgarant, csector, ccodcontrato, cclacontrato, precarg,
                   iextrap, creten, ffecini, ffecfin, cgruries, cusualt,
                   falta, cusumod, fmodifi
                  )
           VALUES (24, 801, 7, 2, 0, 0,
                   NULL, 2, 207, 4720, 0,
                   0, 'N', f_sysdate, NULL, NULL, NULL,
                   NULL, NULL, NULL
                  );
   EXCEPTION
      WHEN DUP_VAL_ON_INDEX
      THEN
         NULL;
   END;

   BEGIN
      INSERT INTO sectoresprod
                  (cempres, cramo, cmodali, ctipseg, ccolect, cactivi,
                   cgarant, csector, ccodcontrato, cclacontrato, precarg,
                   iextrap, creten, ffecini, ffecfin, cgruries, cusualt,
                   falta, cusumod, fmodifi
                  )
           VALUES (24, 801, 8, 1, 0, 0,
                   NULL, 2, 207, 4720, 0,
                   0, 'N', f_sysdate, NULL, NULL, NULL,
                   NULL, NULL, NULL
                  );
   EXCEPTION
      WHEN DUP_VAL_ON_INDEX
      THEN
         NULL;
   END;

   BEGIN
      INSERT INTO sectoresprod
                  (cempres, cramo, cmodali, ctipseg, ccolect, cactivi,
                   cgarant, csector, ccodcontrato, cclacontrato, precarg,
                   iextrap, creten, ffecini, ffecfin, cgruries, cusualt,
                   falta, cusumod, fmodifi
                  )
           VALUES (24, 801, 14, 1, 0, 0,
                   NULL, 2, 207, 4720, 0,
                   0, 'N', f_sysdate, NULL, NULL, NULL,
                   NULL, NULL, NULL
                  );
   EXCEPTION
      WHEN DUP_VAL_ON_INDEX
      THEN
         NULL;
   END;

   BEGIN
      INSERT INTO sectoresprod
                  (cempres, cramo, cmodali, ctipseg, ccolect, cactivi,
                   cgarant, csector, ccodcontrato, cclacontrato, precarg,
                   iextrap, creten, ffecini, ffecfin, cgruries, cusualt,
                   falta, cusumod, fmodifi
                  )
           VALUES (24, 801, 9, 1, 0, 0,
                   NULL, 2, 207, 4720, 0,
                   0, 'N', f_sysdate, NULL, NULL, NULL,
                   NULL, NULL, NULL
                  );
   EXCEPTION
      WHEN DUP_VAL_ON_INDEX
      THEN
         NULL;
   END;

   BEGIN
      INSERT INTO sectoresprod
                  (cempres, cramo, cmodali, ctipseg, ccolect, cactivi,
                   cgarant, csector, ccodcontrato, cclacontrato, precarg,
                   iextrap, creten, ffecini, ffecfin, cgruries, cusualt,
                   falta, cusumod, fmodifi
                  )
           VALUES (24, 801, 9, 2, 0, 0,
                   NULL, 2, 207, 4720, 0,
                   0, 'N', f_sysdate, NULL, NULL, NULL,
                   NULL, NULL, NULL
                  );
   EXCEPTION
      WHEN DUP_VAL_ON_INDEX
      THEN
         NULL;
   END;

   BEGIN
      INSERT INTO sectoresprod
                  (cempres, cramo, cmodali, ctipseg, ccolect, cactivi,
                   cgarant, csector, ccodcontrato, cclacontrato, precarg,
                   iextrap, creten, ffecini, ffecfin, cgruries, cusualt,
                   falta, cusumod, fmodifi
                  )
           VALUES (24, 801, 10, 1, 0, 0,
                   NULL, 2, 207, 4720, 0,
                   0, 'N', f_sysdate, NULL, NULL, NULL,
                   NULL, NULL, NULL
                  );
   EXCEPTION
      WHEN DUP_VAL_ON_INDEX
      THEN
         NULL;
   END;

   BEGIN
      INSERT INTO sectoresprod
                  (cempres, cramo, cmodali, ctipseg, ccolect, cactivi,
                   cgarant, csector, ccodcontrato, cclacontrato, precarg,
                   iextrap, creten, ffecini, ffecfin, cgruries, cusualt,
                   falta, cusumod, fmodifi
                  )
           VALUES (24, 801, 15, 1, 0, 0,
                   NULL, 2, 207, 4720, 0,
                   0, 'N', f_sysdate, NULL, NULL, NULL,
                   NULL, NULL, NULL
                  );
   EXCEPTION
      WHEN DUP_VAL_ON_INDEX
      THEN
         NULL;
   END;

   BEGIN
      INSERT INTO clasecontrato
                  (ccodcontrato, cclacontrato
                  )
           VALUES (208, 4720
                  );
   EXCEPTION
      WHEN DUP_VAL_ON_INDEX
      THEN
         NULL;
   END;

   BEGIN
      INSERT INTO detclasecontrato
                  (ccodcontrato, cclacontrato, cidioma, tdescripcion
                  )
           VALUES (208, 4720, 1, 'Suministro de Calzado'
                  );
   EXCEPTION
      WHEN DUP_VAL_ON_INDEX
      THEN
         NULL;
   END;

   BEGIN
      INSERT INTO detclasecontrato
                  (ccodcontrato, cclacontrato, cidioma, tdescripcion
                  )
           VALUES (208, 4720, 2, 'Suministro de Calzado'
                  );
   EXCEPTION
      WHEN DUP_VAL_ON_INDEX
      THEN
         NULL;
   END;

   BEGIN
      INSERT INTO detclasecontrato
                  (ccodcontrato, cclacontrato, cidioma, tdescripcion
                  )
           VALUES (208, 4720, 8, 'Suministro de Calzado'
                  );
   EXCEPTION
      WHEN DUP_VAL_ON_INDEX
      THEN
         NULL;
   END;

   BEGIN
      INSERT INTO sectoresprod
                  (cempres, cramo, cmodali, ctipseg, ccolect, cactivi,
                   cgarant, csector, ccodcontrato, cclacontrato, precarg,
                   iextrap, creten, ffecini, ffecfin, cgruries, cusualt,
                   falta, cusumod, fmodifi
                  )
           VALUES (24, 801, 6, 1, 0, 0,
                   NULL, 2, 208, 4720, 0,
                   0, 'N', f_sysdate, NULL, NULL, NULL,
                   NULL, NULL, NULL
                  );
   EXCEPTION
      WHEN DUP_VAL_ON_INDEX
      THEN
         NULL;
   END;

   BEGIN
      INSERT INTO sectoresprod
                  (cempres, cramo, cmodali, ctipseg, ccolect, cactivi,
                   cgarant, csector, ccodcontrato, cclacontrato, precarg,
                   iextrap, creten, ffecini, ffecfin, cgruries, cusualt,
                   falta, cusumod, fmodifi
                  )
           VALUES (24, 801, 11, 1, 0, 0,
                   NULL, 2, 208, 4720, 0,
                   0, 'N', f_sysdate, NULL, NULL, NULL,
                   NULL, NULL, NULL
                  );
   EXCEPTION
      WHEN DUP_VAL_ON_INDEX
      THEN
         NULL;
   END;

   BEGIN
      INSERT INTO sectoresprod
                  (cempres, cramo, cmodali, ctipseg, ccolect, cactivi,
                   cgarant, csector, ccodcontrato, cclacontrato, precarg,
                   iextrap, creten, ffecini, ffecfin, cgruries, cusualt,
                   falta, cusumod, fmodifi
                  )
           VALUES (24, 801, 12, 1, 0, 0,
                   NULL, 2, 208, 4720, 0,
                   0, 'N', f_sysdate, NULL, NULL, NULL,
                   NULL, NULL, NULL
                  );
   EXCEPTION
      WHEN DUP_VAL_ON_INDEX
      THEN
         NULL;
   END;

   BEGIN
      INSERT INTO sectoresprod
                  (cempres, cramo, cmodali, ctipseg, ccolect, cactivi,
                   cgarant, csector, ccodcontrato, cclacontrato, precarg,
                   iextrap, creten, ffecini, ffecfin, cgruries, cusualt,
                   falta, cusumod, fmodifi
                  )
           VALUES (24, 801, 13, 1, 0, 0,
                   NULL, 2, 208, 4720, 0,
                   0, 'N', f_sysdate, NULL, NULL, NULL,
                   NULL, NULL, NULL
                  );
   EXCEPTION
      WHEN DUP_VAL_ON_INDEX
      THEN
         NULL;
   END;

   BEGIN
      INSERT INTO sectoresprod
                  (cempres, cramo, cmodali, ctipseg, ccolect, cactivi,
                   cgarant, csector, ccodcontrato, cclacontrato, precarg,
                   iextrap, creten, ffecini, ffecfin, cgruries, cusualt,
                   falta, cusumod, fmodifi
                  )
           VALUES (24, 801, 7, 1, 0, 0,
                   NULL, 2, 208, 4720, 0,
                   0, 'N', f_sysdate, NULL, NULL, NULL,
                   NULL, NULL, NULL
                  );
   EXCEPTION
      WHEN DUP_VAL_ON_INDEX
      THEN
         NULL;
   END;

   BEGIN
      INSERT INTO sectoresprod
                  (cempres, cramo, cmodali, ctipseg, ccolect, cactivi,
                   cgarant, csector, ccodcontrato, cclacontrato, precarg,
                   iextrap, creten, ffecini, ffecfin, cgruries, cusualt,
                   falta, cusumod, fmodifi
                  )
           VALUES (24, 801, 7, 2, 0, 0,
                   NULL, 2, 208, 4720, 0,
                   0, 'N', f_sysdate, NULL, NULL, NULL,
                   NULL, NULL, NULL
                  );
   EXCEPTION
      WHEN DUP_VAL_ON_INDEX
      THEN
         NULL;
   END;

   BEGIN
      INSERT INTO sectoresprod
                  (cempres, cramo, cmodali, ctipseg, ccolect, cactivi,
                   cgarant, csector, ccodcontrato, cclacontrato, precarg,
                   iextrap, creten, ffecini, ffecfin, cgruries, cusualt,
                   falta, cusumod, fmodifi
                  )
           VALUES (24, 801, 8, 1, 0, 0,
                   NULL, 2, 208, 4720, 0,
                   0, 'N', f_sysdate, NULL, NULL, NULL,
                   NULL, NULL, NULL
                  );
   EXCEPTION
      WHEN DUP_VAL_ON_INDEX
      THEN
         NULL;
   END;

   BEGIN
      INSERT INTO sectoresprod
                  (cempres, cramo, cmodali, ctipseg, ccolect, cactivi,
                   cgarant, csector, ccodcontrato, cclacontrato, precarg,
                   iextrap, creten, ffecini, ffecfin, cgruries, cusualt,
                   falta, cusumod, fmodifi
                  )
           VALUES (24, 801, 14, 1, 0, 0,
                   NULL, 2, 208, 4720, 0,
                   0, 'N', f_sysdate, NULL, NULL, NULL,
                   NULL, NULL, NULL
                  );
   EXCEPTION
      WHEN DUP_VAL_ON_INDEX
      THEN
         NULL;
   END;

   BEGIN
      INSERT INTO sectoresprod
                  (cempres, cramo, cmodali, ctipseg, ccolect, cactivi,
                   cgarant, csector, ccodcontrato, cclacontrato, precarg,
                   iextrap, creten, ffecini, ffecfin, cgruries, cusualt,
                   falta, cusumod, fmodifi
                  )
           VALUES (24, 801, 9, 1, 0, 0,
                   NULL, 2, 208, 4720, 0,
                   0, 'N', f_sysdate, NULL, NULL, NULL,
                   NULL, NULL, NULL
                  );
   EXCEPTION
      WHEN DUP_VAL_ON_INDEX
      THEN
         NULL;
   END;

   BEGIN
      INSERT INTO sectoresprod
                  (cempres, cramo, cmodali, ctipseg, ccolect, cactivi,
                   cgarant, csector, ccodcontrato, cclacontrato, precarg,
                   iextrap, creten, ffecini, ffecfin, cgruries, cusualt,
                   falta, cusumod, fmodifi
                  )
           VALUES (24, 801, 9, 2, 0, 0,
                   NULL, 2, 208, 4720, 0,
                   0, 'N', f_sysdate, NULL, NULL, NULL,
                   NULL, NULL, NULL
                  );
   EXCEPTION
      WHEN DUP_VAL_ON_INDEX
      THEN
         NULL;
   END;

   BEGIN
      INSERT INTO sectoresprod
                  (cempres, cramo, cmodali, ctipseg, ccolect, cactivi,
                   cgarant, csector, ccodcontrato, cclacontrato, precarg,
                   iextrap, creten, ffecini, ffecfin, cgruries, cusualt,
                   falta, cusumod, fmodifi
                  )
           VALUES (24, 801, 10, 1, 0, 0,
                   NULL, 2, 208, 4720, 0,
                   0, 'N', f_sysdate, NULL, NULL, NULL,
                   NULL, NULL, NULL
                  );
   EXCEPTION
      WHEN DUP_VAL_ON_INDEX
      THEN
         NULL;
   END;

   BEGIN
      INSERT INTO sectoresprod
                  (cempres, cramo, cmodali, ctipseg, ccolect, cactivi,
                   cgarant, csector, ccodcontrato, cclacontrato, precarg,
                   iextrap, creten, ffecini, ffecfin, cgruries, cusualt,
                   falta, cusumod, fmodifi
                  )
           VALUES (24, 801, 15, 1, 0, 0,
                   NULL, 2, 208, 4720, 0,
                   0, 'N', f_sysdate, NULL, NULL, NULL,
                   NULL, NULL, NULL
                  );
   EXCEPTION
      WHEN DUP_VAL_ON_INDEX
      THEN
         NULL;
   END;

   BEGIN
      INSERT INTO clasecontrato
                  (ccodcontrato, cclacontrato
                  )
           VALUES (209, 4720
                  );
   EXCEPTION
      WHEN DUP_VAL_ON_INDEX
      THEN
         NULL;
   END;

   BEGIN
      INSERT INTO detclasecontrato
                  (ccodcontrato, cclacontrato, cidioma, tdescripcion
                  )
           VALUES (209, 4720, 1, 'Suministro de Equipos Mecánicos'
                  );
   EXCEPTION
      WHEN DUP_VAL_ON_INDEX
      THEN
         NULL;
   END;

   BEGIN
      INSERT INTO detclasecontrato
                  (ccodcontrato, cclacontrato, cidioma, tdescripcion
                  )
           VALUES (209, 4720, 2, 'Suministro de Equipos Mecánicos'
                  );
   EXCEPTION
      WHEN DUP_VAL_ON_INDEX
      THEN
         NULL;
   END;

   BEGIN
      INSERT INTO detclasecontrato
                  (ccodcontrato, cclacontrato, cidioma, tdescripcion
                  )
           VALUES (209, 4720, 8, 'Suministro de Equipos Mecánicos'
                  );
   EXCEPTION
      WHEN DUP_VAL_ON_INDEX
      THEN
         NULL;
   END;

   BEGIN
      INSERT INTO sectoresprod
                  (cempres, cramo, cmodali, ctipseg, ccolect, cactivi,
                   cgarant, csector, ccodcontrato, cclacontrato, precarg,
                   iextrap, creten, ffecini, ffecfin, cgruries, cusualt,
                   falta, cusumod, fmodifi
                  )
           VALUES (24, 801, 6, 1, 0, 0,
                   NULL, 2, 209, 4720, 0,
                   0, 'N', f_sysdate, NULL, NULL, NULL,
                   NULL, NULL, NULL
                  );
   EXCEPTION
      WHEN DUP_VAL_ON_INDEX
      THEN
         NULL;
   END;

   BEGIN
      INSERT INTO sectoresprod
                  (cempres, cramo, cmodali, ctipseg, ccolect, cactivi,
                   cgarant, csector, ccodcontrato, cclacontrato, precarg,
                   iextrap, creten, ffecini, ffecfin, cgruries, cusualt,
                   falta, cusumod, fmodifi
                  )
           VALUES (24, 801, 11, 1, 0, 0,
                   NULL, 2, 209, 4720, 0,
                   0, 'N', f_sysdate, NULL, NULL, NULL,
                   NULL, NULL, NULL
                  );
   EXCEPTION
      WHEN DUP_VAL_ON_INDEX
      THEN
         NULL;
   END;

   BEGIN
      INSERT INTO sectoresprod
                  (cempres, cramo, cmodali, ctipseg, ccolect, cactivi,
                   cgarant, csector, ccodcontrato, cclacontrato, precarg,
                   iextrap, creten, ffecini, ffecfin, cgruries, cusualt,
                   falta, cusumod, fmodifi
                  )
           VALUES (24, 801, 12, 1, 0, 0,
                   NULL, 2, 209, 4720, 0,
                   0, 'N', f_sysdate, NULL, NULL, NULL,
                   NULL, NULL, NULL
                  );
   EXCEPTION
      WHEN DUP_VAL_ON_INDEX
      THEN
         NULL;
   END;

   BEGIN
      INSERT INTO sectoresprod
                  (cempres, cramo, cmodali, ctipseg, ccolect, cactivi,
                   cgarant, csector, ccodcontrato, cclacontrato, precarg,
                   iextrap, creten, ffecini, ffecfin, cgruries, cusualt,
                   falta, cusumod, fmodifi
                  )
           VALUES (24, 801, 13, 1, 0, 0,
                   NULL, 2, 209, 4720, 0,
                   0, 'N', f_sysdate, NULL, NULL, NULL,
                   NULL, NULL, NULL
                  );
   EXCEPTION
      WHEN DUP_VAL_ON_INDEX
      THEN
         NULL;
   END;

   BEGIN
      INSERT INTO sectoresprod
                  (cempres, cramo, cmodali, ctipseg, ccolect, cactivi,
                   cgarant, csector, ccodcontrato, cclacontrato, precarg,
                   iextrap, creten, ffecini, ffecfin, cgruries, cusualt,
                   falta, cusumod, fmodifi
                  )
           VALUES (24, 801, 7, 1, 0, 0,
                   NULL, 2, 209, 4720, 0,
                   0, 'N', f_sysdate, NULL, NULL, NULL,
                   NULL, NULL, NULL
                  );
   EXCEPTION
      WHEN DUP_VAL_ON_INDEX
      THEN
         NULL;
   END;

   BEGIN
      INSERT INTO sectoresprod
                  (cempres, cramo, cmodali, ctipseg, ccolect, cactivi,
                   cgarant, csector, ccodcontrato, cclacontrato, precarg,
                   iextrap, creten, ffecini, ffecfin, cgruries, cusualt,
                   falta, cusumod, fmodifi
                  )
           VALUES (24, 801, 7, 2, 0, 0,
                   NULL, 2, 209, 4720, 0,
                   0, 'N', f_sysdate, NULL, NULL, NULL,
                   NULL, NULL, NULL
                  );
   EXCEPTION
      WHEN DUP_VAL_ON_INDEX
      THEN
         NULL;
   END;

   BEGIN
      INSERT INTO sectoresprod
                  (cempres, cramo, cmodali, ctipseg, ccolect, cactivi,
                   cgarant, csector, ccodcontrato, cclacontrato, precarg,
                   iextrap, creten, ffecini, ffecfin, cgruries, cusualt,
                   falta, cusumod, fmodifi
                  )
           VALUES (24, 801, 8, 1, 0, 0,
                   NULL, 2, 209, 4720, 0,
                   0, 'N', f_sysdate, NULL, NULL, NULL,
                   NULL, NULL, NULL
                  );
   EXCEPTION
      WHEN DUP_VAL_ON_INDEX
      THEN
         NULL;
   END;

   BEGIN
      INSERT INTO sectoresprod
                  (cempres, cramo, cmodali, ctipseg, ccolect, cactivi,
                   cgarant, csector, ccodcontrato, cclacontrato, precarg,
                   iextrap, creten, ffecini, ffecfin, cgruries, cusualt,
                   falta, cusumod, fmodifi
                  )
           VALUES (24, 801, 14, 1, 0, 0,
                   NULL, 2, 209, 4720, 0,
                   0, 'N', f_sysdate, NULL, NULL, NULL,
                   NULL, NULL, NULL
                  );
   EXCEPTION
      WHEN DUP_VAL_ON_INDEX
      THEN
         NULL;
   END;

   BEGIN
      INSERT INTO sectoresprod
                  (cempres, cramo, cmodali, ctipseg, ccolect, cactivi,
                   cgarant, csector, ccodcontrato, cclacontrato, precarg,
                   iextrap, creten, ffecini, ffecfin, cgruries, cusualt,
                   falta, cusumod, fmodifi
                  )
           VALUES (24, 801, 9, 1, 0, 0,
                   NULL, 2, 209, 4720, 0,
                   0, 'N', f_sysdate, NULL, NULL, NULL,
                   NULL, NULL, NULL
                  );
   EXCEPTION
      WHEN DUP_VAL_ON_INDEX
      THEN
         NULL;
   END;

   BEGIN
      INSERT INTO sectoresprod
                  (cempres, cramo, cmodali, ctipseg, ccolect, cactivi,
                   cgarant, csector, ccodcontrato, cclacontrato, precarg,
                   iextrap, creten, ffecini, ffecfin, cgruries, cusualt,
                   falta, cusumod, fmodifi
                  )
           VALUES (24, 801, 9, 2, 0, 0,
                   NULL, 2, 209, 4720, 0,
                   0, 'N', f_sysdate, NULL, NULL, NULL,
                   NULL, NULL, NULL
                  );
   EXCEPTION
      WHEN DUP_VAL_ON_INDEX
      THEN
         NULL;
   END;

   BEGIN
      INSERT INTO sectoresprod
                  (cempres, cramo, cmodali, ctipseg, ccolect, cactivi,
                   cgarant, csector, ccodcontrato, cclacontrato, precarg,
                   iextrap, creten, ffecini, ffecfin, cgruries, cusualt,
                   falta, cusumod, fmodifi
                  )
           VALUES (24, 801, 10, 1, 0, 0,
                   NULL, 2, 209, 4720, 0,
                   0, 'N', f_sysdate, NULL, NULL, NULL,
                   NULL, NULL, NULL
                  );
   EXCEPTION
      WHEN DUP_VAL_ON_INDEX
      THEN
         NULL;
   END;

   BEGIN
      INSERT INTO sectoresprod
                  (cempres, cramo, cmodali, ctipseg, ccolect, cactivi,
                   cgarant, csector, ccodcontrato, cclacontrato, precarg,
                   iextrap, creten, ffecini, ffecfin, cgruries, cusualt,
                   falta, cusumod, fmodifi
                  )
           VALUES (24, 801, 15, 1, 0, 0,
                   NULL, 2, 209, 4720, 0,
                   0, 'N', f_sysdate, NULL, NULL, NULL,
                   NULL, NULL, NULL
                  );
   EXCEPTION
      WHEN DUP_VAL_ON_INDEX
      THEN
         NULL;
   END;

   BEGIN
      INSERT INTO clasecontrato
                  (ccodcontrato, cclacontrato
                  )
           VALUES (210, 4720
                  );
   EXCEPTION
      WHEN DUP_VAL_ON_INDEX
      THEN
         NULL;
   END;

   BEGIN
      INSERT INTO detclasecontrato
                  (ccodcontrato, cclacontrato, cidioma,
                   tdescripcion
                  )
           VALUES (210, 4720, 1,
                   'Suministro de implementos de Seguridad Industrial'
                  );
   EXCEPTION
      WHEN DUP_VAL_ON_INDEX
      THEN
         NULL;
   END;

   BEGIN
      INSERT INTO detclasecontrato
                  (ccodcontrato, cclacontrato, cidioma,
                   tdescripcion
                  )
           VALUES (210, 4720, 2,
                   'Suministro de implementos de Seguridad Industrial'
                  );
   EXCEPTION
      WHEN DUP_VAL_ON_INDEX
      THEN
         NULL;
   END;

   BEGIN
      INSERT INTO detclasecontrato
                  (ccodcontrato, cclacontrato, cidioma,
                   tdescripcion
                  )
           VALUES (210, 4720, 8,
                   'Suministro de implementos de Seguridad Industrial'
                  );
   EXCEPTION
      WHEN DUP_VAL_ON_INDEX
      THEN
         NULL;
   END;

   BEGIN
      INSERT INTO sectoresprod
                  (cempres, cramo, cmodali, ctipseg, ccolect, cactivi,
                   cgarant, csector, ccodcontrato, cclacontrato, precarg,
                   iextrap, creten, ffecini, ffecfin, cgruries, cusualt,
                   falta, cusumod, fmodifi
                  )
           VALUES (24, 801, 6, 1, 0, 0,
                   NULL, 2, 210, 4720, 0,
                   0, 'N', f_sysdate, NULL, NULL, NULL,
                   NULL, NULL, NULL
                  );
   EXCEPTION
      WHEN DUP_VAL_ON_INDEX
      THEN
         NULL;
   END;

   BEGIN
      INSERT INTO sectoresprod
                  (cempres, cramo, cmodali, ctipseg, ccolect, cactivi,
                   cgarant, csector, ccodcontrato, cclacontrato, precarg,
                   iextrap, creten, ffecini, ffecfin, cgruries, cusualt,
                   falta, cusumod, fmodifi
                  )
           VALUES (24, 801, 11, 1, 0, 0,
                   NULL, 2, 210, 4720, 0,
                   0, 'N', f_sysdate, NULL, NULL, NULL,
                   NULL, NULL, NULL
                  );
   EXCEPTION
      WHEN DUP_VAL_ON_INDEX
      THEN
         NULL;
   END;

   BEGIN
      INSERT INTO sectoresprod
                  (cempres, cramo, cmodali, ctipseg, ccolect, cactivi,
                   cgarant, csector, ccodcontrato, cclacontrato, precarg,
                   iextrap, creten, ffecini, ffecfin, cgruries, cusualt,
                   falta, cusumod, fmodifi
                  )
           VALUES (24, 801, 12, 1, 0, 0,
                   NULL, 2, 210, 4720, 0,
                   0, 'N', f_sysdate, NULL, NULL, NULL,
                   NULL, NULL, NULL
                  );
   EXCEPTION
      WHEN DUP_VAL_ON_INDEX
      THEN
         NULL;
   END;

   BEGIN
      INSERT INTO sectoresprod
                  (cempres, cramo, cmodali, ctipseg, ccolect, cactivi,
                   cgarant, csector, ccodcontrato, cclacontrato, precarg,
                   iextrap, creten, ffecini, ffecfin, cgruries, cusualt,
                   falta, cusumod, fmodifi
                  )
           VALUES (24, 801, 13, 1, 0, 0,
                   NULL, 2, 210, 4720, 0,
                   0, 'N', f_sysdate, NULL, NULL, NULL,
                   NULL, NULL, NULL
                  );
   EXCEPTION
      WHEN DUP_VAL_ON_INDEX
      THEN
         NULL;
   END;

   BEGIN
      INSERT INTO sectoresprod
                  (cempres, cramo, cmodali, ctipseg, ccolect, cactivi,
                   cgarant, csector, ccodcontrato, cclacontrato, precarg,
                   iextrap, creten, ffecini, ffecfin, cgruries, cusualt,
                   falta, cusumod, fmodifi
                  )
           VALUES (24, 801, 7, 1, 0, 0,
                   NULL, 2, 210, 4720, 0,
                   0, 'N', f_sysdate, NULL, NULL, NULL,
                   NULL, NULL, NULL
                  );
   EXCEPTION
      WHEN DUP_VAL_ON_INDEX
      THEN
         NULL;
   END;

   BEGIN
      INSERT INTO sectoresprod
                  (cempres, cramo, cmodali, ctipseg, ccolect, cactivi,
                   cgarant, csector, ccodcontrato, cclacontrato, precarg,
                   iextrap, creten, ffecini, ffecfin, cgruries, cusualt,
                   falta, cusumod, fmodifi
                  )
           VALUES (24, 801, 7, 2, 0, 0,
                   NULL, 2, 210, 4720, 0,
                   0, 'N', f_sysdate, NULL, NULL, NULL,
                   NULL, NULL, NULL
                  );
   EXCEPTION
      WHEN DUP_VAL_ON_INDEX
      THEN
         NULL;
   END;

   BEGIN
      INSERT INTO sectoresprod
                  (cempres, cramo, cmodali, ctipseg, ccolect, cactivi,
                   cgarant, csector, ccodcontrato, cclacontrato, precarg,
                   iextrap, creten, ffecini, ffecfin, cgruries, cusualt,
                   falta, cusumod, fmodifi
                  )
           VALUES (24, 801, 8, 1, 0, 0,
                   NULL, 2, 210, 4720, 0,
                   0, 'N', f_sysdate, NULL, NULL, NULL,
                   NULL, NULL, NULL
                  );
   EXCEPTION
      WHEN DUP_VAL_ON_INDEX
      THEN
         NULL;
   END;

   BEGIN
      INSERT INTO sectoresprod
                  (cempres, cramo, cmodali, ctipseg, ccolect, cactivi,
                   cgarant, csector, ccodcontrato, cclacontrato, precarg,
                   iextrap, creten, ffecini, ffecfin, cgruries, cusualt,
                   falta, cusumod, fmodifi
                  )
           VALUES (24, 801, 14, 1, 0, 0,
                   NULL, 2, 210, 4720, 0,
                   0, 'N', f_sysdate, NULL, NULL, NULL,
                   NULL, NULL, NULL
                  );
   EXCEPTION
      WHEN DUP_VAL_ON_INDEX
      THEN
         NULL;
   END;

   BEGIN
      INSERT INTO sectoresprod
                  (cempres, cramo, cmodali, ctipseg, ccolect, cactivi,
                   cgarant, csector, ccodcontrato, cclacontrato, precarg,
                   iextrap, creten, ffecini, ffecfin, cgruries, cusualt,
                   falta, cusumod, fmodifi
                  )
           VALUES (24, 801, 9, 1, 0, 0,
                   NULL, 2, 210, 4720, 0,
                   0, 'N', f_sysdate, NULL, NULL, NULL,
                   NULL, NULL, NULL
                  );
   EXCEPTION
      WHEN DUP_VAL_ON_INDEX
      THEN
         NULL;
   END;

   BEGIN
      INSERT INTO sectoresprod
                  (cempres, cramo, cmodali, ctipseg, ccolect, cactivi,
                   cgarant, csector, ccodcontrato, cclacontrato, precarg,
                   iextrap, creten, ffecini, ffecfin, cgruries, cusualt,
                   falta, cusumod, fmodifi
                  )
           VALUES (24, 801, 9, 2, 0, 0,
                   NULL, 2, 210, 4720, 0,
                   0, 'N', f_sysdate, NULL, NULL, NULL,
                   NULL, NULL, NULL
                  );
   EXCEPTION
      WHEN DUP_VAL_ON_INDEX
      THEN
         NULL;
   END;

   BEGIN
      INSERT INTO sectoresprod
                  (cempres, cramo, cmodali, ctipseg, ccolect, cactivi,
                   cgarant, csector, ccodcontrato, cclacontrato, precarg,
                   iextrap, creten, ffecini, ffecfin, cgruries, cusualt,
                   falta, cusumod, fmodifi
                  )
           VALUES (24, 801, 10, 1, 0, 0,
                   NULL, 2, 210, 4720, 0,
                   0, 'N', f_sysdate, NULL, NULL, NULL,
                   NULL, NULL, NULL
                  );
   EXCEPTION
      WHEN DUP_VAL_ON_INDEX
      THEN
         NULL;
   END;

   BEGIN
      INSERT INTO sectoresprod
                  (cempres, cramo, cmodali, ctipseg, ccolect, cactivi,
                   cgarant, csector, ccodcontrato, cclacontrato, precarg,
                   iextrap, creten, ffecini, ffecfin, cgruries, cusualt,
                   falta, cusumod, fmodifi
                  )
           VALUES (24, 801, 15, 1, 0, 0,
                   NULL, 2, 210, 4720, 0,
                   0, 'N', f_sysdate, NULL, NULL, NULL,
                   NULL, NULL, NULL
                  );
   EXCEPTION
      WHEN DUP_VAL_ON_INDEX
      THEN
         NULL;
   END;

   BEGIN
      INSERT INTO clasecontrato
                  (ccodcontrato, cclacontrato
                  )
           VALUES (461, 0
                  );
   EXCEPTION
      WHEN DUP_VAL_ON_INDEX
      THEN
         NULL;
   END;

   BEGIN
      INSERT INTO detclasecontrato
                  (ccodcontrato, cclacontrato, cidioma, tdescripcion
                  )
           VALUES (461, 0, 1, 'Concesión de Espacios de tv Nacional'
                  );
   EXCEPTION
      WHEN DUP_VAL_ON_INDEX
      THEN
         NULL;
   END;

   BEGIN
      INSERT INTO detclasecontrato
                  (ccodcontrato, cclacontrato, cidioma, tdescripcion
                  )
           VALUES (461, 0, 2, 'Concesión de Espacios de tv Nacional'
                  );
   EXCEPTION
      WHEN DUP_VAL_ON_INDEX
      THEN
         NULL;
   END;

   BEGIN
      INSERT INTO detclasecontrato
                  (ccodcontrato, cclacontrato, cidioma, tdescripcion
                  )
           VALUES (461, 0, 8, 'Concesión de Espacios de tv Nacional'
                  );
   EXCEPTION
      WHEN DUP_VAL_ON_INDEX
      THEN
         NULL;
   END;

   BEGIN
      INSERT INTO sectoresprod
                  (cempres, cramo, cmodali, ctipseg, ccolect, cactivi,
                   cgarant, csector, ccodcontrato, cclacontrato, precarg,
                   iextrap, creten, ffecini, ffecfin, cgruries, cusualt,
                   falta, cusumod, fmodifi
                  )
           VALUES (24, 801, 6, 1, 0, 0,
                   NULL, 3, 461, 0, 0,
                   0, 'N', f_sysdate, NULL, NULL, NULL,
                   NULL, NULL, NULL
                  );
   EXCEPTION
      WHEN DUP_VAL_ON_INDEX
      THEN
         NULL;
   END;

   BEGIN
      INSERT INTO sectoresprod
                  (cempres, cramo, cmodali, ctipseg, ccolect, cactivi,
                   cgarant, csector, ccodcontrato, cclacontrato, precarg,
                   iextrap, creten, ffecini, ffecfin, cgruries, cusualt,
                   falta, cusumod, fmodifi
                  )
           VALUES (24, 801, 11, 1, 0, 0,
                   NULL, 3, 461, 0, 0,
                   0, 'N', f_sysdate, NULL, NULL, NULL,
                   NULL, NULL, NULL
                  );
   EXCEPTION
      WHEN DUP_VAL_ON_INDEX
      THEN
         NULL;
   END;

   BEGIN
      INSERT INTO sectoresprod
                  (cempres, cramo, cmodali, ctipseg, ccolect, cactivi,
                   cgarant, csector, ccodcontrato, cclacontrato, precarg,
                   iextrap, creten, ffecini, ffecfin, cgruries, cusualt,
                   falta, cusumod, fmodifi
                  )
           VALUES (24, 801, 12, 1, 0, 0,
                   NULL, 3, 461, 0, 0,
                   0, 'N', f_sysdate, NULL, NULL, NULL,
                   NULL, NULL, NULL
                  );
   EXCEPTION
      WHEN DUP_VAL_ON_INDEX
      THEN
         NULL;
   END;

   BEGIN
      INSERT INTO sectoresprod
                  (cempres, cramo, cmodali, ctipseg, ccolect, cactivi,
                   cgarant, csector, ccodcontrato, cclacontrato, precarg,
                   iextrap, creten, ffecini, ffecfin, cgruries, cusualt,
                   falta, cusumod, fmodifi
                  )
           VALUES (24, 801, 13, 1, 0, 0,
                   NULL, 3, 461, 0, 0,
                   0, 'N', f_sysdate, NULL, NULL, NULL,
                   NULL, NULL, NULL
                  );
   EXCEPTION
      WHEN DUP_VAL_ON_INDEX
      THEN
         NULL;
   END;

   BEGIN
      INSERT INTO sectoresprod
                  (cempres, cramo, cmodali, ctipseg, ccolect, cactivi,
                   cgarant, csector, ccodcontrato, cclacontrato, precarg,
                   iextrap, creten, ffecini, ffecfin, cgruries, cusualt,
                   falta, cusumod, fmodifi
                  )
           VALUES (24, 801, 7, 1, 0, 0,
                   NULL, 3, 461, 0, 0,
                   0, 'N', f_sysdate, NULL, NULL, NULL,
                   NULL, NULL, NULL
                  );
   EXCEPTION
      WHEN DUP_VAL_ON_INDEX
      THEN
         NULL;
   END;

   BEGIN
      INSERT INTO sectoresprod
                  (cempres, cramo, cmodali, ctipseg, ccolect, cactivi,
                   cgarant, csector, ccodcontrato, cclacontrato, precarg,
                   iextrap, creten, ffecini, ffecfin, cgruries, cusualt,
                   falta, cusumod, fmodifi
                  )
           VALUES (24, 801, 7, 2, 0, 0,
                   NULL, 3, 461, 0, 0,
                   0, 'N', f_sysdate, NULL, NULL, NULL,
                   NULL, NULL, NULL
                  );
   EXCEPTION
      WHEN DUP_VAL_ON_INDEX
      THEN
         NULL;
   END;

   BEGIN
      INSERT INTO sectoresprod
                  (cempres, cramo, cmodali, ctipseg, ccolect, cactivi,
                   cgarant, csector, ccodcontrato, cclacontrato, precarg,
                   iextrap, creten, ffecini, ffecfin, cgruries, cusualt,
                   falta, cusumod, fmodifi
                  )
           VALUES (24, 801, 8, 1, 0, 0,
                   NULL, 3, 461, 0, 0,
                   0, 'N', f_sysdate, NULL, NULL, NULL,
                   NULL, NULL, NULL
                  );
   EXCEPTION
      WHEN DUP_VAL_ON_INDEX
      THEN
         NULL;
   END;

   BEGIN
      INSERT INTO sectoresprod
                  (cempres, cramo, cmodali, ctipseg, ccolect, cactivi,
                   cgarant, csector, ccodcontrato, cclacontrato, precarg,
                   iextrap, creten, ffecini, ffecfin, cgruries, cusualt,
                   falta, cusumod, fmodifi
                  )
           VALUES (24, 801, 14, 1, 0, 0,
                   NULL, 3, 461, 0, 0,
                   0, 'N', f_sysdate, NULL, NULL, NULL,
                   NULL, NULL, NULL
                  );
   EXCEPTION
      WHEN DUP_VAL_ON_INDEX
      THEN
         NULL;
   END;

   BEGIN
      INSERT INTO sectoresprod
                  (cempres, cramo, cmodali, ctipseg, ccolect, cactivi,
                   cgarant, csector, ccodcontrato, cclacontrato, precarg,
                   iextrap, creten, ffecini, ffecfin, cgruries, cusualt,
                   falta, cusumod, fmodifi
                  )
           VALUES (24, 801, 9, 1, 0, 0,
                   NULL, 3, 461, 0, 0,
                   0, 'N', f_sysdate, NULL, NULL, NULL,
                   NULL, NULL, NULL
                  );
   EXCEPTION
      WHEN DUP_VAL_ON_INDEX
      THEN
         NULL;
   END;

   BEGIN
      INSERT INTO sectoresprod
                  (cempres, cramo, cmodali, ctipseg, ccolect, cactivi,
                   cgarant, csector, ccodcontrato, cclacontrato, precarg,
                   iextrap, creten, ffecini, ffecfin, cgruries, cusualt,
                   falta, cusumod, fmodifi
                  )
           VALUES (24, 801, 9, 2, 0, 0,
                   NULL, 3, 461, 0, 0,
                   0, 'N', f_sysdate, NULL, NULL, NULL,
                   NULL, NULL, NULL
                  );
   EXCEPTION
      WHEN DUP_VAL_ON_INDEX
      THEN
         NULL;
   END;

   BEGIN
      INSERT INTO sectoresprod
                  (cempres, cramo, cmodali, ctipseg, ccolect, cactivi,
                   cgarant, csector, ccodcontrato, cclacontrato, precarg,
                   iextrap, creten, ffecini, ffecfin, cgruries, cusualt,
                   falta, cusumod, fmodifi
                  )
           VALUES (24, 801, 10, 1, 0, 0,
                   NULL, 3, 461, 0, 0,
                   0, 'N', f_sysdate, NULL, NULL, NULL,
                   NULL, NULL, NULL
                  );
   EXCEPTION
      WHEN DUP_VAL_ON_INDEX
      THEN
         NULL;
   END;

   BEGIN
      INSERT INTO sectoresprod
                  (cempres, cramo, cmodali, ctipseg, ccolect, cactivi,
                   cgarant, csector, ccodcontrato, cclacontrato, precarg,
                   iextrap, creten, ffecini, ffecfin, cgruries, cusualt,
                   falta, cusumod, fmodifi
                  )
           VALUES (24, 801, 15, 1, 0, 0,
                   NULL, 3, 461, 0, 0,
                   0, 'N', f_sysdate, NULL, NULL, NULL,
                   NULL, NULL, NULL
                  );
   EXCEPTION
      WHEN DUP_VAL_ON_INDEX
      THEN
         NULL;
   END;

   BEGIN
      INSERT INTO clasecontrato
                  (ccodcontrato, cclacontrato
                  )
           VALUES (462, 0
                  );
   EXCEPTION
      WHEN DUP_VAL_ON_INDEX
      THEN
         NULL;
   END;

   BEGIN
      INSERT INTO detclasecontrato
                  (ccodcontrato, cclacontrato, cidioma, tdescripcion
                  )
           VALUES (462, 0, 1, 'Contrato de Concesion Minera'
                  );
   EXCEPTION
      WHEN DUP_VAL_ON_INDEX
      THEN
         NULL;
   END;

   BEGIN
      INSERT INTO detclasecontrato
                  (ccodcontrato, cclacontrato, cidioma, tdescripcion
                  )
           VALUES (462, 0, 2, 'Contrato de Concesion Minera'
                  );
   EXCEPTION
      WHEN DUP_VAL_ON_INDEX
      THEN
         NULL;
   END;

   BEGIN
      INSERT INTO detclasecontrato
                  (ccodcontrato, cclacontrato, cidioma, tdescripcion
                  )
           VALUES (462, 0, 8, 'Contrato de Concesion Minera'
                  );
   EXCEPTION
      WHEN DUP_VAL_ON_INDEX
      THEN
         NULL;
   END;

   BEGIN
      INSERT INTO sectoresprod
                  (cempres, cramo, cmodali, ctipseg, ccolect, cactivi,
                   cgarant, csector, ccodcontrato, cclacontrato, precarg,
                   iextrap, creten, ffecini, ffecfin, cgruries, cusualt,
                   falta, cusumod, fmodifi
                  )
           VALUES (24, 801, 6, 1, 0, 0,
                   NULL, 3, 462, 0, 0,
                   0, 'N', f_sysdate, NULL, NULL, NULL,
                   NULL, NULL, NULL
                  );
   EXCEPTION
      WHEN DUP_VAL_ON_INDEX
      THEN
         NULL;
   END;

   BEGIN
      INSERT INTO sectoresprod
                  (cempres, cramo, cmodali, ctipseg, ccolect, cactivi,
                   cgarant, csector, ccodcontrato, cclacontrato, precarg,
                   iextrap, creten, ffecini, ffecfin, cgruries, cusualt,
                   falta, cusumod, fmodifi
                  )
           VALUES (24, 801, 11, 1, 0, 0,
                   NULL, 3, 462, 0, 0,
                   0, 'N', f_sysdate, NULL, NULL, NULL,
                   NULL, NULL, NULL
                  );
   EXCEPTION
      WHEN DUP_VAL_ON_INDEX
      THEN
         NULL;
   END;

   BEGIN
      INSERT INTO sectoresprod
                  (cempres, cramo, cmodali, ctipseg, ccolect, cactivi,
                   cgarant, csector, ccodcontrato, cclacontrato, precarg,
                   iextrap, creten, ffecini, ffecfin, cgruries, cusualt,
                   falta, cusumod, fmodifi
                  )
           VALUES (24, 801, 12, 1, 0, 0,
                   NULL, 3, 462, 0, 0,
                   0, 'N', f_sysdate, NULL, NULL, NULL,
                   NULL, NULL, NULL
                  );
   EXCEPTION
      WHEN DUP_VAL_ON_INDEX
      THEN
         NULL;
   END;

   BEGIN
      INSERT INTO sectoresprod
                  (cempres, cramo, cmodali, ctipseg, ccolect, cactivi,
                   cgarant, csector, ccodcontrato, cclacontrato, precarg,
                   iextrap, creten, ffecini, ffecfin, cgruries, cusualt,
                   falta, cusumod, fmodifi
                  )
           VALUES (24, 801, 13, 1, 0, 0,
                   NULL, 3, 462, 0, 0,
                   0, 'N', f_sysdate, NULL, NULL, NULL,
                   NULL, NULL, NULL
                  );
   EXCEPTION
      WHEN DUP_VAL_ON_INDEX
      THEN
         NULL;
   END;

   BEGIN
      INSERT INTO sectoresprod
                  (cempres, cramo, cmodali, ctipseg, ccolect, cactivi,
                   cgarant, csector, ccodcontrato, cclacontrato, precarg,
                   iextrap, creten, ffecini, ffecfin, cgruries, cusualt,
                   falta, cusumod, fmodifi
                  )
           VALUES (24, 801, 7, 1, 0, 0,
                   NULL, 3, 462, 0, 0,
                   0, 'N', f_sysdate, NULL, NULL, NULL,
                   NULL, NULL, NULL
                  );
   EXCEPTION
      WHEN DUP_VAL_ON_INDEX
      THEN
         NULL;
   END;

   BEGIN
      INSERT INTO sectoresprod
                  (cempres, cramo, cmodali, ctipseg, ccolect, cactivi,
                   cgarant, csector, ccodcontrato, cclacontrato, precarg,
                   iextrap, creten, ffecini, ffecfin, cgruries, cusualt,
                   falta, cusumod, fmodifi
                  )
           VALUES (24, 801, 7, 2, 0, 0,
                   NULL, 3, 462, 0, 0,
                   0, 'N', f_sysdate, NULL, NULL, NULL,
                   NULL, NULL, NULL
                  );
   EXCEPTION
      WHEN DUP_VAL_ON_INDEX
      THEN
         NULL;
   END;

   BEGIN
      INSERT INTO sectoresprod
                  (cempres, cramo, cmodali, ctipseg, ccolect, cactivi,
                   cgarant, csector, ccodcontrato, cclacontrato, precarg,
                   iextrap, creten, ffecini, ffecfin, cgruries, cusualt,
                   falta, cusumod, fmodifi
                  )
           VALUES (24, 801, 8, 1, 0, 0,
                   NULL, 3, 462, 0, 0,
                   0, 'N', f_sysdate, NULL, NULL, NULL,
                   NULL, NULL, NULL
                  );
   EXCEPTION
      WHEN DUP_VAL_ON_INDEX
      THEN
         NULL;
   END;

   BEGIN
      INSERT INTO sectoresprod
                  (cempres, cramo, cmodali, ctipseg, ccolect, cactivi,
                   cgarant, csector, ccodcontrato, cclacontrato, precarg,
                   iextrap, creten, ffecini, ffecfin, cgruries, cusualt,
                   falta, cusumod, fmodifi
                  )
           VALUES (24, 801, 14, 1, 0, 0,
                   NULL, 3, 462, 0, 0,
                   0, 'N', f_sysdate, NULL, NULL, NULL,
                   NULL, NULL, NULL
                  );
   EXCEPTION
      WHEN DUP_VAL_ON_INDEX
      THEN
         NULL;
   END;

   BEGIN
      INSERT INTO sectoresprod
                  (cempres, cramo, cmodali, ctipseg, ccolect, cactivi,
                   cgarant, csector, ccodcontrato, cclacontrato, precarg,
                   iextrap, creten, ffecini, ffecfin, cgruries, cusualt,
                   falta, cusumod, fmodifi
                  )
           VALUES (24, 801, 9, 1, 0, 0,
                   NULL, 3, 462, 0, 0,
                   0, 'N', f_sysdate, NULL, NULL, NULL,
                   NULL, NULL, NULL
                  );
   EXCEPTION
      WHEN DUP_VAL_ON_INDEX
      THEN
         NULL;
   END;

   BEGIN
      INSERT INTO sectoresprod
                  (cempres, cramo, cmodali, ctipseg, ccolect, cactivi,
                   cgarant, csector, ccodcontrato, cclacontrato, precarg,
                   iextrap, creten, ffecini, ffecfin, cgruries, cusualt,
                   falta, cusumod, fmodifi
                  )
           VALUES (24, 801, 9, 2, 0, 0,
                   NULL, 3, 462, 0, 0,
                   0, 'N', f_sysdate, NULL, NULL, NULL,
                   NULL, NULL, NULL
                  );
   EXCEPTION
      WHEN DUP_VAL_ON_INDEX
      THEN
         NULL;
   END;

   BEGIN
      INSERT INTO sectoresprod
                  (cempres, cramo, cmodali, ctipseg, ccolect, cactivi,
                   cgarant, csector, ccodcontrato, cclacontrato, precarg,
                   iextrap, creten, ffecini, ffecfin, cgruries, cusualt,
                   falta, cusumod, fmodifi
                  )
           VALUES (24, 801, 10, 1, 0, 0,
                   NULL, 3, 462, 0, 0,
                   0, 'N', f_sysdate, NULL, NULL, NULL,
                   NULL, NULL, NULL
                  );
   EXCEPTION
      WHEN DUP_VAL_ON_INDEX
      THEN
         NULL;
   END;

   BEGIN
      INSERT INTO sectoresprod
                  (cempres, cramo, cmodali, ctipseg, ccolect, cactivi,
                   cgarant, csector, ccodcontrato, cclacontrato, precarg,
                   iextrap, creten, ffecini, ffecfin, cgruries, cusualt,
                   falta, cusumod, fmodifi
                  )
           VALUES (24, 801, 15, 1, 0, 0,
                   NULL, 3, 462, 0, 0,
                   0, 'N', f_sysdate, NULL, NULL, NULL,
                   NULL, NULL, NULL
                  );
   EXCEPTION
      WHEN DUP_VAL_ON_INDEX
      THEN
         NULL;
   END;

   BEGIN
      INSERT INTO clasecontrato
                  (ccodcontrato, cclacontrato
                  )
           VALUES (463, 0
                  );
   EXCEPTION
      WHEN DUP_VAL_ON_INDEX
      THEN
         NULL;
   END;

   BEGIN
      INSERT INTO detclasecontrato
                  (ccodcontrato, cclacontrato, cidioma, tdescripcion
                  )
           VALUES (463, 0, 1, 'Contrato de Concesion Portuaria'
                  );
   EXCEPTION
      WHEN DUP_VAL_ON_INDEX
      THEN
         NULL;
   END;

   BEGIN
      INSERT INTO detclasecontrato
                  (ccodcontrato, cclacontrato, cidioma, tdescripcion
                  )
           VALUES (463, 0, 2, 'Contrato de Concesion Portuaria'
                  );
   EXCEPTION
      WHEN DUP_VAL_ON_INDEX
      THEN
         NULL;
   END;

   BEGIN
      INSERT INTO detclasecontrato
                  (ccodcontrato, cclacontrato, cidioma, tdescripcion
                  )
           VALUES (463, 0, 8, 'Contrato de Concesion Portuaria'
                  );
   EXCEPTION
      WHEN DUP_VAL_ON_INDEX
      THEN
         NULL;
   END;

   BEGIN
      INSERT INTO sectoresprod
                  (cempres, cramo, cmodali, ctipseg, ccolect, cactivi,
                   cgarant, csector, ccodcontrato, cclacontrato, precarg,
                   iextrap, creten, ffecini, ffecfin, cgruries, cusualt,
                   falta, cusumod, fmodifi
                  )
           VALUES (24, 801, 6, 1, 0, 0,
                   NULL, 3, 463, 0, 0,
                   0, 'N', f_sysdate, NULL, NULL, NULL,
                   NULL, NULL, NULL
                  );
   EXCEPTION
      WHEN DUP_VAL_ON_INDEX
      THEN
         NULL;
   END;

   BEGIN
      INSERT INTO sectoresprod
                  (cempres, cramo, cmodali, ctipseg, ccolect, cactivi,
                   cgarant, csector, ccodcontrato, cclacontrato, precarg,
                   iextrap, creten, ffecini, ffecfin, cgruries, cusualt,
                   falta, cusumod, fmodifi
                  )
           VALUES (24, 801, 11, 1, 0, 0,
                   NULL, 3, 463, 0, 0,
                   0, 'N', f_sysdate, NULL, NULL, NULL,
                   NULL, NULL, NULL
                  );
   EXCEPTION
      WHEN DUP_VAL_ON_INDEX
      THEN
         NULL;
   END;

   BEGIN
      INSERT INTO sectoresprod
                  (cempres, cramo, cmodali, ctipseg, ccolect, cactivi,
                   cgarant, csector, ccodcontrato, cclacontrato, precarg,
                   iextrap, creten, ffecini, ffecfin, cgruries, cusualt,
                   falta, cusumod, fmodifi
                  )
           VALUES (24, 801, 12, 1, 0, 0,
                   NULL, 3, 463, 0, 0,
                   0, 'N', f_sysdate, NULL, NULL, NULL,
                   NULL, NULL, NULL
                  );
   EXCEPTION
      WHEN DUP_VAL_ON_INDEX
      THEN
         NULL;
   END;

   BEGIN
      INSERT INTO sectoresprod
                  (cempres, cramo, cmodali, ctipseg, ccolect, cactivi,
                   cgarant, csector, ccodcontrato, cclacontrato, precarg,
                   iextrap, creten, ffecini, ffecfin, cgruries, cusualt,
                   falta, cusumod, fmodifi
                  )
           VALUES (24, 801, 13, 1, 0, 0,
                   NULL, 3, 463, 0, 0,
                   0, 'N', f_sysdate, NULL, NULL, NULL,
                   NULL, NULL, NULL
                  );
   EXCEPTION
      WHEN DUP_VAL_ON_INDEX
      THEN
         NULL;
   END;

   BEGIN
      INSERT INTO sectoresprod
                  (cempres, cramo, cmodali, ctipseg, ccolect, cactivi,
                   cgarant, csector, ccodcontrato, cclacontrato, precarg,
                   iextrap, creten, ffecini, ffecfin, cgruries, cusualt,
                   falta, cusumod, fmodifi
                  )
           VALUES (24, 801, 7, 1, 0, 0,
                   NULL, 3, 463, 0, 0,
                   0, 'N', f_sysdate, NULL, NULL, NULL,
                   NULL, NULL, NULL
                  );
   EXCEPTION
      WHEN DUP_VAL_ON_INDEX
      THEN
         NULL;
   END;

   BEGIN
      INSERT INTO sectoresprod
                  (cempres, cramo, cmodali, ctipseg, ccolect, cactivi,
                   cgarant, csector, ccodcontrato, cclacontrato, precarg,
                   iextrap, creten, ffecini, ffecfin, cgruries, cusualt,
                   falta, cusumod, fmodifi
                  )
           VALUES (24, 801, 7, 2, 0, 0,
                   NULL, 3, 463, 0, 0,
                   0, 'N', f_sysdate, NULL, NULL, NULL,
                   NULL, NULL, NULL
                  );
   EXCEPTION
      WHEN DUP_VAL_ON_INDEX
      THEN
         NULL;
   END;

   BEGIN
      INSERT INTO sectoresprod
                  (cempres, cramo, cmodali, ctipseg, ccolect, cactivi,
                   cgarant, csector, ccodcontrato, cclacontrato, precarg,
                   iextrap, creten, ffecini, ffecfin, cgruries, cusualt,
                   falta, cusumod, fmodifi
                  )
           VALUES (24, 801, 8, 1, 0, 0,
                   NULL, 3, 463, 0, 0,
                   0, 'N', f_sysdate, NULL, NULL, NULL,
                   NULL, NULL, NULL
                  );
   EXCEPTION
      WHEN DUP_VAL_ON_INDEX
      THEN
         NULL;
   END;

   BEGIN
      INSERT INTO sectoresprod
                  (cempres, cramo, cmodali, ctipseg, ccolect, cactivi,
                   cgarant, csector, ccodcontrato, cclacontrato, precarg,
                   iextrap, creten, ffecini, ffecfin, cgruries, cusualt,
                   falta, cusumod, fmodifi
                  )
           VALUES (24, 801, 14, 1, 0, 0,
                   NULL, 3, 463, 0, 0,
                   0, 'N', f_sysdate, NULL, NULL, NULL,
                   NULL, NULL, NULL
                  );
   EXCEPTION
      WHEN DUP_VAL_ON_INDEX
      THEN
         NULL;
   END;

   BEGIN
      INSERT INTO sectoresprod
                  (cempres, cramo, cmodali, ctipseg, ccolect, cactivi,
                   cgarant, csector, ccodcontrato, cclacontrato, precarg,
                   iextrap, creten, ffecini, ffecfin, cgruries, cusualt,
                   falta, cusumod, fmodifi
                  )
           VALUES (24, 801, 9, 1, 0, 0,
                   NULL, 3, 463, 0, 0,
                   0, 'N', f_sysdate, NULL, NULL, NULL,
                   NULL, NULL, NULL
                  );
   EXCEPTION
      WHEN DUP_VAL_ON_INDEX
      THEN
         NULL;
   END;

   BEGIN
      INSERT INTO sectoresprod
                  (cempres, cramo, cmodali, ctipseg, ccolect, cactivi,
                   cgarant, csector, ccodcontrato, cclacontrato, precarg,
                   iextrap, creten, ffecini, ffecfin, cgruries, cusualt,
                   falta, cusumod, fmodifi
                  )
           VALUES (24, 801, 9, 2, 0, 0,
                   NULL, 3, 463, 0, 0,
                   0, 'N', f_sysdate, NULL, NULL, NULL,
                   NULL, NULL, NULL
                  );
   EXCEPTION
      WHEN DUP_VAL_ON_INDEX
      THEN
         NULL;
   END;

   BEGIN
      INSERT INTO sectoresprod
                  (cempres, cramo, cmodali, ctipseg, ccolect, cactivi,
                   cgarant, csector, ccodcontrato, cclacontrato, precarg,
                   iextrap, creten, ffecini, ffecfin, cgruries, cusualt,
                   falta, cusumod, fmodifi
                  )
           VALUES (24, 801, 10, 1, 0, 0,
                   NULL, 3, 463, 0, 0,
                   0, 'N', f_sysdate, NULL, NULL, NULL,
                   NULL, NULL, NULL
                  );
   EXCEPTION
      WHEN DUP_VAL_ON_INDEX
      THEN
         NULL;
   END;

   BEGIN
      INSERT INTO sectoresprod
                  (cempres, cramo, cmodali, ctipseg, ccolect, cactivi,
                   cgarant, csector, ccodcontrato, cclacontrato, precarg,
                   iextrap, creten, ffecini, ffecfin, cgruries, cusualt,
                   falta, cusumod, fmodifi
                  )
           VALUES (24, 801, 15, 1, 0, 0,
                   NULL, 3, 463, 0, 0,
                   0, 'N', f_sysdate, NULL, NULL, NULL,
                   NULL, NULL, NULL
                  );
   EXCEPTION
      WHEN DUP_VAL_ON_INDEX
      THEN
         NULL;
   END;

   BEGIN
      INSERT INTO clasecontrato
                  (ccodcontrato, cclacontrato
                  )
           VALUES (464, 0
                  );
   EXCEPTION
      WHEN DUP_VAL_ON_INDEX
      THEN
         NULL;
   END;

   BEGIN
      INSERT INTO detclasecontrato
                  (ccodcontrato, cclacontrato, cidioma, tdescripcion
                  )
           VALUES (464, 0, 1, 'Contrato de desarrollo de Software'
                  );
   EXCEPTION
      WHEN DUP_VAL_ON_INDEX
      THEN
         NULL;
   END;

   BEGIN
      INSERT INTO detclasecontrato
                  (ccodcontrato, cclacontrato, cidioma, tdescripcion
                  )
           VALUES (464, 0, 2, 'Contrato de desarrollo de Software'
                  );
   EXCEPTION
      WHEN DUP_VAL_ON_INDEX
      THEN
         NULL;
   END;

   BEGIN
      INSERT INTO detclasecontrato
                  (ccodcontrato, cclacontrato, cidioma, tdescripcion
                  )
           VALUES (464, 0, 8, 'Contrato de desarrollo de Software'
                  );
   EXCEPTION
      WHEN DUP_VAL_ON_INDEX
      THEN
         NULL;
   END;

   BEGIN
      INSERT INTO sectoresprod
                  (cempres, cramo, cmodali, ctipseg, ccolect, cactivi,
                   cgarant, csector, ccodcontrato, cclacontrato, precarg,
                   iextrap, creten, ffecini, ffecfin, cgruries, cusualt,
                   falta, cusumod, fmodifi
                  )
           VALUES (24, 801, 6, 1, 0, 0,
                   NULL, 3, 464, 0, 0,
                   0, 'N', f_sysdate, NULL, NULL, NULL,
                   NULL, NULL, NULL
                  );
   EXCEPTION
      WHEN DUP_VAL_ON_INDEX
      THEN
         NULL;
   END;

   BEGIN
      INSERT INTO sectoresprod
                  (cempres, cramo, cmodali, ctipseg, ccolect, cactivi,
                   cgarant, csector, ccodcontrato, cclacontrato, precarg,
                   iextrap, creten, ffecini, ffecfin, cgruries, cusualt,
                   falta, cusumod, fmodifi
                  )
           VALUES (24, 801, 11, 1, 0, 0,
                   NULL, 3, 464, 0, 0,
                   0, 'N', f_sysdate, NULL, NULL, NULL,
                   NULL, NULL, NULL
                  );
   EXCEPTION
      WHEN DUP_VAL_ON_INDEX
      THEN
         NULL;
   END;

   BEGIN
      INSERT INTO sectoresprod
                  (cempres, cramo, cmodali, ctipseg, ccolect, cactivi,
                   cgarant, csector, ccodcontrato, cclacontrato, precarg,
                   iextrap, creten, ffecini, ffecfin, cgruries, cusualt,
                   falta, cusumod, fmodifi
                  )
           VALUES (24, 801, 12, 1, 0, 0,
                   NULL, 3, 464, 0, 0,
                   0, 'N', f_sysdate, NULL, NULL, NULL,
                   NULL, NULL, NULL
                  );
   EXCEPTION
      WHEN DUP_VAL_ON_INDEX
      THEN
         NULL;
   END;

   BEGIN
      INSERT INTO sectoresprod
                  (cempres, cramo, cmodali, ctipseg, ccolect, cactivi,
                   cgarant, csector, ccodcontrato, cclacontrato, precarg,
                   iextrap, creten, ffecini, ffecfin, cgruries, cusualt,
                   falta, cusumod, fmodifi
                  )
           VALUES (24, 801, 13, 1, 0, 0,
                   NULL, 3, 464, 0, 0,
                   0, 'N', f_sysdate, NULL, NULL, NULL,
                   NULL, NULL, NULL
                  );
   EXCEPTION
      WHEN DUP_VAL_ON_INDEX
      THEN
         NULL;
   END;

   BEGIN
      INSERT INTO sectoresprod
                  (cempres, cramo, cmodali, ctipseg, ccolect, cactivi,
                   cgarant, csector, ccodcontrato, cclacontrato, precarg,
                   iextrap, creten, ffecini, ffecfin, cgruries, cusualt,
                   falta, cusumod, fmodifi
                  )
           VALUES (24, 801, 7, 1, 0, 0,
                   NULL, 3, 464, 0, 0,
                   0, 'N', f_sysdate, NULL, NULL, NULL,
                   NULL, NULL, NULL
                  );
   EXCEPTION
      WHEN DUP_VAL_ON_INDEX
      THEN
         NULL;
   END;

   BEGIN
      INSERT INTO sectoresprod
                  (cempres, cramo, cmodali, ctipseg, ccolect, cactivi,
                   cgarant, csector, ccodcontrato, cclacontrato, precarg,
                   iextrap, creten, ffecini, ffecfin, cgruries, cusualt,
                   falta, cusumod, fmodifi
                  )
           VALUES (24, 801, 7, 2, 0, 0,
                   NULL, 3, 464, 0, 0,
                   0, 'N', f_sysdate, NULL, NULL, NULL,
                   NULL, NULL, NULL
                  );
   EXCEPTION
      WHEN DUP_VAL_ON_INDEX
      THEN
         NULL;
   END;

   BEGIN
      INSERT INTO sectoresprod
                  (cempres, cramo, cmodali, ctipseg, ccolect, cactivi,
                   cgarant, csector, ccodcontrato, cclacontrato, precarg,
                   iextrap, creten, ffecini, ffecfin, cgruries, cusualt,
                   falta, cusumod, fmodifi
                  )
           VALUES (24, 801, 8, 1, 0, 0,
                   NULL, 3, 464, 0, 0,
                   0, 'N', f_sysdate, NULL, NULL, NULL,
                   NULL, NULL, NULL
                  );
   EXCEPTION
      WHEN DUP_VAL_ON_INDEX
      THEN
         NULL;
   END;

   BEGIN
      INSERT INTO sectoresprod
                  (cempres, cramo, cmodali, ctipseg, ccolect, cactivi,
                   cgarant, csector, ccodcontrato, cclacontrato, precarg,
                   iextrap, creten, ffecini, ffecfin, cgruries, cusualt,
                   falta, cusumod, fmodifi
                  )
           VALUES (24, 801, 14, 1, 0, 0,
                   NULL, 3, 464, 0, 0,
                   0, 'N', f_sysdate, NULL, NULL, NULL,
                   NULL, NULL, NULL
                  );
   EXCEPTION
      WHEN DUP_VAL_ON_INDEX
      THEN
         NULL;
   END;

   BEGIN
      INSERT INTO sectoresprod
                  (cempres, cramo, cmodali, ctipseg, ccolect, cactivi,
                   cgarant, csector, ccodcontrato, cclacontrato, precarg,
                   iextrap, creten, ffecini, ffecfin, cgruries, cusualt,
                   falta, cusumod, fmodifi
                  )
           VALUES (24, 801, 9, 1, 0, 0,
                   NULL, 3, 464, 0, 0,
                   0, 'N', f_sysdate, NULL, NULL, NULL,
                   NULL, NULL, NULL
                  );
   EXCEPTION
      WHEN DUP_VAL_ON_INDEX
      THEN
         NULL;
   END;

   BEGIN
      INSERT INTO sectoresprod
                  (cempres, cramo, cmodali, ctipseg, ccolect, cactivi,
                   cgarant, csector, ccodcontrato, cclacontrato, precarg,
                   iextrap, creten, ffecini, ffecfin, cgruries, cusualt,
                   falta, cusumod, fmodifi
                  )
           VALUES (24, 801, 9, 2, 0, 0,
                   NULL, 3, 464, 0, 0,
                   0, 'N', f_sysdate, NULL, NULL, NULL,
                   NULL, NULL, NULL
                  );
   EXCEPTION
      WHEN DUP_VAL_ON_INDEX
      THEN
         NULL;
   END;

   BEGIN
      INSERT INTO sectoresprod
                  (cempres, cramo, cmodali, ctipseg, ccolect, cactivi,
                   cgarant, csector, ccodcontrato, cclacontrato, precarg,
                   iextrap, creten, ffecini, ffecfin, cgruries, cusualt,
                   falta, cusumod, fmodifi
                  )
           VALUES (24, 801, 10, 1, 0, 0,
                   NULL, 3, 464, 0, 0,
                   0, 'N', f_sysdate, NULL, NULL, NULL,
                   NULL, NULL, NULL
                  );
   EXCEPTION
      WHEN DUP_VAL_ON_INDEX
      THEN
         NULL;
   END;

   BEGIN
      INSERT INTO sectoresprod
                  (cempres, cramo, cmodali, ctipseg, ccolect, cactivi,
                   cgarant, csector, ccodcontrato, cclacontrato, precarg,
                   iextrap, creten, ffecini, ffecfin, cgruries, cusualt,
                   falta, cusumod, fmodifi
                  )
           VALUES (24, 801, 15, 1, 0, 0,
                   NULL, 3, 464, 0, 0,
                   0, 'N', f_sysdate, NULL, NULL, NULL,
                   NULL, NULL, NULL
                  );
   EXCEPTION
      WHEN DUP_VAL_ON_INDEX
      THEN
         NULL;
   END;

   BEGIN
      INSERT INTO clasecontrato
                  (ccodcontrato, cclacontrato
                  )
           VALUES (465, 0
                  );
   EXCEPTION
      WHEN DUP_VAL_ON_INDEX
      THEN
         NULL;
   END;

   BEGIN
      INSERT INTO detclasecontrato
                  (ccodcontrato, cclacontrato, cidioma, tdescripcion
                  )
           VALUES (465, 0, 1, 'Contratos a realizarse en el exterior'
                  );
   EXCEPTION
      WHEN DUP_VAL_ON_INDEX
      THEN
         NULL;
   END;

   BEGIN
      INSERT INTO detclasecontrato
                  (ccodcontrato, cclacontrato, cidioma, tdescripcion
                  )
           VALUES (465, 0, 2, 'Contratos a realizarse en el exterior'
                  );
   EXCEPTION
      WHEN DUP_VAL_ON_INDEX
      THEN
         NULL;
   END;

   BEGIN
      INSERT INTO detclasecontrato
                  (ccodcontrato, cclacontrato, cidioma, tdescripcion
                  )
           VALUES (465, 0, 8, 'Contratos a realizarse en el exterior'
                  );
   EXCEPTION
      WHEN DUP_VAL_ON_INDEX
      THEN
         NULL;
   END;

   BEGIN
      INSERT INTO sectoresprod
                  (cempres, cramo, cmodali, ctipseg, ccolect, cactivi,
                   cgarant, csector, ccodcontrato, cclacontrato, precarg,
                   iextrap, creten, ffecini, ffecfin, cgruries, cusualt,
                   falta, cusumod, fmodifi
                  )
           VALUES (24, 801, 6, 1, 0, 0,
                   NULL, 3, 465, 0, 0,
                   0, 'N', f_sysdate, NULL, NULL, NULL,
                   NULL, NULL, NULL
                  );
   EXCEPTION
      WHEN DUP_VAL_ON_INDEX
      THEN
         NULL;
   END;

   BEGIN
      INSERT INTO sectoresprod
                  (cempres, cramo, cmodali, ctipseg, ccolect, cactivi,
                   cgarant, csector, ccodcontrato, cclacontrato, precarg,
                   iextrap, creten, ffecini, ffecfin, cgruries, cusualt,
                   falta, cusumod, fmodifi
                  )
           VALUES (24, 801, 11, 1, 0, 0,
                   NULL, 3, 465, 0, 0,
                   0, 'N', f_sysdate, NULL, NULL, NULL,
                   NULL, NULL, NULL
                  );
   EXCEPTION
      WHEN DUP_VAL_ON_INDEX
      THEN
         NULL;
   END;

   BEGIN
      INSERT INTO sectoresprod
                  (cempres, cramo, cmodali, ctipseg, ccolect, cactivi,
                   cgarant, csector, ccodcontrato, cclacontrato, precarg,
                   iextrap, creten, ffecini, ffecfin, cgruries, cusualt,
                   falta, cusumod, fmodifi
                  )
           VALUES (24, 801, 12, 1, 0, 0,
                   NULL, 3, 465, 0, 0,
                   0, 'N', f_sysdate, NULL, NULL, NULL,
                   NULL, NULL, NULL
                  );
   EXCEPTION
      WHEN DUP_VAL_ON_INDEX
      THEN
         NULL;
   END;

   BEGIN
      INSERT INTO sectoresprod
                  (cempres, cramo, cmodali, ctipseg, ccolect, cactivi,
                   cgarant, csector, ccodcontrato, cclacontrato, precarg,
                   iextrap, creten, ffecini, ffecfin, cgruries, cusualt,
                   falta, cusumod, fmodifi
                  )
           VALUES (24, 801, 13, 1, 0, 0,
                   NULL, 3, 465, 0, 0,
                   0, 'N', f_sysdate, NULL, NULL, NULL,
                   NULL, NULL, NULL
                  );
   EXCEPTION
      WHEN DUP_VAL_ON_INDEX
      THEN
         NULL;
   END;

   BEGIN
      INSERT INTO sectoresprod
                  (cempres, cramo, cmodali, ctipseg, ccolect, cactivi,
                   cgarant, csector, ccodcontrato, cclacontrato, precarg,
                   iextrap, creten, ffecini, ffecfin, cgruries, cusualt,
                   falta, cusumod, fmodifi
                  )
           VALUES (24, 801, 7, 1, 0, 0,
                   NULL, 3, 465, 0, 0,
                   0, 'N', f_sysdate, NULL, NULL, NULL,
                   NULL, NULL, NULL
                  );
   EXCEPTION
      WHEN DUP_VAL_ON_INDEX
      THEN
         NULL;
   END;

   BEGIN
      INSERT INTO sectoresprod
                  (cempres, cramo, cmodali, ctipseg, ccolect, cactivi,
                   cgarant, csector, ccodcontrato, cclacontrato, precarg,
                   iextrap, creten, ffecini, ffecfin, cgruries, cusualt,
                   falta, cusumod, fmodifi
                  )
           VALUES (24, 801, 7, 2, 0, 0,
                   NULL, 3, 465, 0, 0,
                   0, 'N', f_sysdate, NULL, NULL, NULL,
                   NULL, NULL, NULL
                  );
   EXCEPTION
      WHEN DUP_VAL_ON_INDEX
      THEN
         NULL;
   END;

   BEGIN
      INSERT INTO sectoresprod
                  (cempres, cramo, cmodali, ctipseg, ccolect, cactivi,
                   cgarant, csector, ccodcontrato, cclacontrato, precarg,
                   iextrap, creten, ffecini, ffecfin, cgruries, cusualt,
                   falta, cusumod, fmodifi
                  )
           VALUES (24, 801, 8, 1, 0, 0,
                   NULL, 3, 465, 0, 0,
                   0, 'N', f_sysdate, NULL, NULL, NULL,
                   NULL, NULL, NULL
                  );
   EXCEPTION
      WHEN DUP_VAL_ON_INDEX
      THEN
         NULL;
   END;

   BEGIN
      INSERT INTO sectoresprod
                  (cempres, cramo, cmodali, ctipseg, ccolect, cactivi,
                   cgarant, csector, ccodcontrato, cclacontrato, precarg,
                   iextrap, creten, ffecini, ffecfin, cgruries, cusualt,
                   falta, cusumod, fmodifi
                  )
           VALUES (24, 801, 14, 1, 0, 0,
                   NULL, 3, 465, 0, 0,
                   0, 'N', f_sysdate, NULL, NULL, NULL,
                   NULL, NULL, NULL
                  );
   EXCEPTION
      WHEN DUP_VAL_ON_INDEX
      THEN
         NULL;
   END;

   BEGIN
      INSERT INTO sectoresprod
                  (cempres, cramo, cmodali, ctipseg, ccolect, cactivi,
                   cgarant, csector, ccodcontrato, cclacontrato, precarg,
                   iextrap, creten, ffecini, ffecfin, cgruries, cusualt,
                   falta, cusumod, fmodifi
                  )
           VALUES (24, 801, 9, 1, 0, 0,
                   NULL, 3, 465, 0, 0,
                   0, 'N', f_sysdate, NULL, NULL, NULL,
                   NULL, NULL, NULL
                  );
   EXCEPTION
      WHEN DUP_VAL_ON_INDEX
      THEN
         NULL;
   END;

   BEGIN
      INSERT INTO sectoresprod
                  (cempres, cramo, cmodali, ctipseg, ccolect, cactivi,
                   cgarant, csector, ccodcontrato, cclacontrato, precarg,
                   iextrap, creten, ffecini, ffecfin, cgruries, cusualt,
                   falta, cusumod, fmodifi
                  )
           VALUES (24, 801, 9, 2, 0, 0,
                   NULL, 3, 465, 0, 0,
                   0, 'N', f_sysdate, NULL, NULL, NULL,
                   NULL, NULL, NULL
                  );
   EXCEPTION
      WHEN DUP_VAL_ON_INDEX
      THEN
         NULL;
   END;

   BEGIN
      INSERT INTO sectoresprod
                  (cempres, cramo, cmodali, ctipseg, ccolect, cactivi,
                   cgarant, csector, ccodcontrato, cclacontrato, precarg,
                   iextrap, creten, ffecini, ffecfin, cgruries, cusualt,
                   falta, cusumod, fmodifi
                  )
           VALUES (24, 801, 10, 1, 0, 0,
                   NULL, 3, 465, 0, 0,
                   0, 'N', f_sysdate, NULL, NULL, NULL,
                   NULL, NULL, NULL
                  );
   EXCEPTION
      WHEN DUP_VAL_ON_INDEX
      THEN
         NULL;
   END;

   BEGIN
      INSERT INTO sectoresprod
                  (cempres, cramo, cmodali, ctipseg, ccolect, cactivi,
                   cgarant, csector, ccodcontrato, cclacontrato, precarg,
                   iextrap, creten, ffecini, ffecfin, cgruries, cusualt,
                   falta, cusumod, fmodifi
                  )
           VALUES (24, 801, 15, 1, 0, 0,
                   NULL, 3, 465, 0, 0,
                   0, 'N', f_sysdate, NULL, NULL, NULL,
                   NULL, NULL, NULL
                  );
   EXCEPTION
      WHEN DUP_VAL_ON_INDEX
      THEN
         NULL;
   END;

   BEGIN
      INSERT INTO clasecontrato
                  (ccodcontrato, cclacontrato
                  )
           VALUES (466, 0
                  );
   EXCEPTION
      WHEN DUP_VAL_ON_INDEX
      THEN
         NULL;
   END;

   BEGIN
      INSERT INTO detclasecontrato
                  (ccodcontrato, cclacontrato, cidioma, tdescripcion
                  )
           VALUES (466, 0, 1, 'Contratos Celebrado entre personas naturales'
                  );
   EXCEPTION
      WHEN DUP_VAL_ON_INDEX
      THEN
         NULL;
   END;

   BEGIN
      INSERT INTO detclasecontrato
                  (ccodcontrato, cclacontrato, cidioma, tdescripcion
                  )
           VALUES (466, 0, 2, 'Contratos Celebrado entre personas naturales'
                  );
   EXCEPTION
      WHEN DUP_VAL_ON_INDEX
      THEN
         NULL;
   END;

   BEGIN
      INSERT INTO detclasecontrato
                  (ccodcontrato, cclacontrato, cidioma, tdescripcion
                  )
           VALUES (466, 0, 8, 'Contratos Celebrado entre personas naturales'
                  );
   EXCEPTION
      WHEN DUP_VAL_ON_INDEX
      THEN
         NULL;
   END;

   BEGIN
      INSERT INTO sectoresprod
                  (cempres, cramo, cmodali, ctipseg, ccolect, cactivi,
                   cgarant, csector, ccodcontrato, cclacontrato, precarg,
                   iextrap, creten, ffecini, ffecfin, cgruries, cusualt,
                   falta, cusumod, fmodifi
                  )
           VALUES (24, 801, 6, 1, 0, 0,
                   NULL, 3, 466, 0, 0,
                   0, 'N', f_sysdate, NULL, NULL, NULL,
                   NULL, NULL, NULL
                  );
   EXCEPTION
      WHEN DUP_VAL_ON_INDEX
      THEN
         NULL;
   END;

   BEGIN
      INSERT INTO sectoresprod
                  (cempres, cramo, cmodali, ctipseg, ccolect, cactivi,
                   cgarant, csector, ccodcontrato, cclacontrato, precarg,
                   iextrap, creten, ffecini, ffecfin, cgruries, cusualt,
                   falta, cusumod, fmodifi
                  )
           VALUES (24, 801, 11, 1, 0, 0,
                   NULL, 3, 466, 0, 0,
                   0, 'N', f_sysdate, NULL, NULL, NULL,
                   NULL, NULL, NULL
                  );
   EXCEPTION
      WHEN DUP_VAL_ON_INDEX
      THEN
         NULL;
   END;

   BEGIN
      INSERT INTO sectoresprod
                  (cempres, cramo, cmodali, ctipseg, ccolect, cactivi,
                   cgarant, csector, ccodcontrato, cclacontrato, precarg,
                   iextrap, creten, ffecini, ffecfin, cgruries, cusualt,
                   falta, cusumod, fmodifi
                  )
           VALUES (24, 801, 12, 1, 0, 0,
                   NULL, 3, 466, 0, 0,
                   0, 'N', f_sysdate, NULL, NULL, NULL,
                   NULL, NULL, NULL
                  );
   EXCEPTION
      WHEN DUP_VAL_ON_INDEX
      THEN
         NULL;
   END;

   BEGIN
      INSERT INTO sectoresprod
                  (cempres, cramo, cmodali, ctipseg, ccolect, cactivi,
                   cgarant, csector, ccodcontrato, cclacontrato, precarg,
                   iextrap, creten, ffecini, ffecfin, cgruries, cusualt,
                   falta, cusumod, fmodifi
                  )
           VALUES (24, 801, 13, 1, 0, 0,
                   NULL, 3, 466, 0, 0,
                   0, 'N', f_sysdate, NULL, NULL, NULL,
                   NULL, NULL, NULL
                  );
   EXCEPTION
      WHEN DUP_VAL_ON_INDEX
      THEN
         NULL;
   END;

   BEGIN
      INSERT INTO sectoresprod
                  (cempres, cramo, cmodali, ctipseg, ccolect, cactivi,
                   cgarant, csector, ccodcontrato, cclacontrato, precarg,
                   iextrap, creten, ffecini, ffecfin, cgruries, cusualt,
                   falta, cusumod, fmodifi
                  )
           VALUES (24, 801, 7, 1, 0, 0,
                   NULL, 3, 466, 0, 0,
                   0, 'N', f_sysdate, NULL, NULL, NULL,
                   NULL, NULL, NULL
                  );
   EXCEPTION
      WHEN DUP_VAL_ON_INDEX
      THEN
         NULL;
   END;

   BEGIN
      INSERT INTO sectoresprod
                  (cempres, cramo, cmodali, ctipseg, ccolect, cactivi,
                   cgarant, csector, ccodcontrato, cclacontrato, precarg,
                   iextrap, creten, ffecini, ffecfin, cgruries, cusualt,
                   falta, cusumod, fmodifi
                  )
           VALUES (24, 801, 7, 2, 0, 0,
                   NULL, 3, 466, 0, 0,
                   0, 'N', f_sysdate, NULL, NULL, NULL,
                   NULL, NULL, NULL
                  );
   EXCEPTION
      WHEN DUP_VAL_ON_INDEX
      THEN
         NULL;
   END;

   BEGIN
      INSERT INTO sectoresprod
                  (cempres, cramo, cmodali, ctipseg, ccolect, cactivi,
                   cgarant, csector, ccodcontrato, cclacontrato, precarg,
                   iextrap, creten, ffecini, ffecfin, cgruries, cusualt,
                   falta, cusumod, fmodifi
                  )
           VALUES (24, 801, 8, 1, 0, 0,
                   NULL, 3, 466, 0, 0,
                   0, 'N', f_sysdate, NULL, NULL, NULL,
                   NULL, NULL, NULL
                  );
   EXCEPTION
      WHEN DUP_VAL_ON_INDEX
      THEN
         NULL;
   END;

   BEGIN
      INSERT INTO sectoresprod
                  (cempres, cramo, cmodali, ctipseg, ccolect, cactivi,
                   cgarant, csector, ccodcontrato, cclacontrato, precarg,
                   iextrap, creten, ffecini, ffecfin, cgruries, cusualt,
                   falta, cusumod, fmodifi
                  )
           VALUES (24, 801, 14, 1, 0, 0,
                   NULL, 3, 466, 0, 0,
                   0, 'N', f_sysdate, NULL, NULL, NULL,
                   NULL, NULL, NULL
                  );
   EXCEPTION
      WHEN DUP_VAL_ON_INDEX
      THEN
         NULL;
   END;

   BEGIN
      INSERT INTO sectoresprod
                  (cempres, cramo, cmodali, ctipseg, ccolect, cactivi,
                   cgarant, csector, ccodcontrato, cclacontrato, precarg,
                   iextrap, creten, ffecini, ffecfin, cgruries, cusualt,
                   falta, cusumod, fmodifi
                  )
           VALUES (24, 801, 9, 1, 0, 0,
                   NULL, 3, 466, 0, 0,
                   0, 'N', f_sysdate, NULL, NULL, NULL,
                   NULL, NULL, NULL
                  );
   EXCEPTION
      WHEN DUP_VAL_ON_INDEX
      THEN
         NULL;
   END;

   BEGIN
      INSERT INTO sectoresprod
                  (cempres, cramo, cmodali, ctipseg, ccolect, cactivi,
                   cgarant, csector, ccodcontrato, cclacontrato, precarg,
                   iextrap, creten, ffecini, ffecfin, cgruries, cusualt,
                   falta, cusumod, fmodifi
                  )
           VALUES (24, 801, 9, 2, 0, 0,
                   NULL, 3, 466, 0, 0,
                   0, 'N', f_sysdate, NULL, NULL, NULL,
                   NULL, NULL, NULL
                  );
   EXCEPTION
      WHEN DUP_VAL_ON_INDEX
      THEN
         NULL;
   END;

   BEGIN
      INSERT INTO sectoresprod
                  (cempres, cramo, cmodali, ctipseg, ccolect, cactivi,
                   cgarant, csector, ccodcontrato, cclacontrato, precarg,
                   iextrap, creten, ffecini, ffecfin, cgruries, cusualt,
                   falta, cusumod, fmodifi
                  )
           VALUES (24, 801, 10, 1, 0, 0,
                   NULL, 3, 466, 0, 0,
                   0, 'N', f_sysdate, NULL, NULL, NULL,
                   NULL, NULL, NULL
                  );
   EXCEPTION
      WHEN DUP_VAL_ON_INDEX
      THEN
         NULL;
   END;

   BEGIN
      INSERT INTO sectoresprod
                  (cempres, cramo, cmodali, ctipseg, ccolect, cactivi,
                   cgarant, csector, ccodcontrato, cclacontrato, precarg,
                   iextrap, creten, ffecini, ffecfin, cgruries, cusualt,
                   falta, cusumod, fmodifi
                  )
           VALUES (24, 801, 15, 1, 0, 0,
                   NULL, 3, 466, 0, 0,
                   0, 'N', f_sysdate, NULL, NULL, NULL,
                   NULL, NULL, NULL
                  );
   EXCEPTION
      WHEN DUP_VAL_ON_INDEX
      THEN
         NULL;
   END;

   BEGIN
      INSERT INTO clasecontrato
                  (ccodcontrato, cclacontrato
                  )
           VALUES (467, 0
                  );
   EXCEPTION
      WHEN DUP_VAL_ON_INDEX
      THEN
         NULL;
   END;

   BEGIN
      INSERT INTO detclasecontrato
                  (ccodcontrato, cclacontrato, cidioma, tdescripcion
                  )
           VALUES (467, 0, 1, 'Contratos con precios y plazos fijos'
                  );
   EXCEPTION
      WHEN DUP_VAL_ON_INDEX
      THEN
         NULL;
   END;

   BEGIN
      INSERT INTO detclasecontrato
                  (ccodcontrato, cclacontrato, cidioma, tdescripcion
                  )
           VALUES (467, 0, 2, 'Contratos con precios y plazos fijos'
                  );
   EXCEPTION
      WHEN DUP_VAL_ON_INDEX
      THEN
         NULL;
   END;

   BEGIN
      INSERT INTO detclasecontrato
                  (ccodcontrato, cclacontrato, cidioma, tdescripcion
                  )
           VALUES (467, 0, 8, 'Contratos con precios y plazos fijos'
                  );
   EXCEPTION
      WHEN DUP_VAL_ON_INDEX
      THEN
         NULL;
   END;

   BEGIN
      INSERT INTO sectoresprod
                  (cempres, cramo, cmodali, ctipseg, ccolect, cactivi,
                   cgarant, csector, ccodcontrato, cclacontrato, precarg,
                   iextrap, creten, ffecini, ffecfin, cgruries, cusualt,
                   falta, cusumod, fmodifi
                  )
           VALUES (24, 801, 6, 1, 0, 0,
                   NULL, 3, 467, 0, 0,
                   0, 'N', f_sysdate, NULL, NULL, NULL,
                   NULL, NULL, NULL
                  );
   EXCEPTION
      WHEN DUP_VAL_ON_INDEX
      THEN
         NULL;
   END;

   BEGIN
      INSERT INTO sectoresprod
                  (cempres, cramo, cmodali, ctipseg, ccolect, cactivi,
                   cgarant, csector, ccodcontrato, cclacontrato, precarg,
                   iextrap, creten, ffecini, ffecfin, cgruries, cusualt,
                   falta, cusumod, fmodifi
                  )
           VALUES (24, 801, 11, 1, 0, 0,
                   NULL, 3, 467, 0, 0,
                   0, 'N', f_sysdate, NULL, NULL, NULL,
                   NULL, NULL, NULL
                  );
   EXCEPTION
      WHEN DUP_VAL_ON_INDEX
      THEN
         NULL;
   END;

   BEGIN
      INSERT INTO sectoresprod
                  (cempres, cramo, cmodali, ctipseg, ccolect, cactivi,
                   cgarant, csector, ccodcontrato, cclacontrato, precarg,
                   iextrap, creten, ffecini, ffecfin, cgruries, cusualt,
                   falta, cusumod, fmodifi
                  )
           VALUES (24, 801, 12, 1, 0, 0,
                   NULL, 3, 467, 0, 0,
                   0, 'N', f_sysdate, NULL, NULL, NULL,
                   NULL, NULL, NULL
                  );
   EXCEPTION
      WHEN DUP_VAL_ON_INDEX
      THEN
         NULL;
   END;

   BEGIN
      INSERT INTO sectoresprod
                  (cempres, cramo, cmodali, ctipseg, ccolect, cactivi,
                   cgarant, csector, ccodcontrato, cclacontrato, precarg,
                   iextrap, creten, ffecini, ffecfin, cgruries, cusualt,
                   falta, cusumod, fmodifi
                  )
           VALUES (24, 801, 13, 1, 0, 0,
                   NULL, 3, 467, 0, 0,
                   0, 'N', f_sysdate, NULL, NULL, NULL,
                   NULL, NULL, NULL
                  );
   EXCEPTION
      WHEN DUP_VAL_ON_INDEX
      THEN
         NULL;
   END;

   BEGIN
      INSERT INTO sectoresprod
                  (cempres, cramo, cmodali, ctipseg, ccolect, cactivi,
                   cgarant, csector, ccodcontrato, cclacontrato, precarg,
                   iextrap, creten, ffecini, ffecfin, cgruries, cusualt,
                   falta, cusumod, fmodifi
                  )
           VALUES (24, 801, 7, 1, 0, 0,
                   NULL, 3, 467, 0, 0,
                   0, 'N', f_sysdate, NULL, NULL, NULL,
                   NULL, NULL, NULL
                  );
   EXCEPTION
      WHEN DUP_VAL_ON_INDEX
      THEN
         NULL;
   END;

   BEGIN
      INSERT INTO sectoresprod
                  (cempres, cramo, cmodali, ctipseg, ccolect, cactivi,
                   cgarant, csector, ccodcontrato, cclacontrato, precarg,
                   iextrap, creten, ffecini, ffecfin, cgruries, cusualt,
                   falta, cusumod, fmodifi
                  )
           VALUES (24, 801, 7, 2, 0, 0,
                   NULL, 3, 467, 0, 0,
                   0, 'N', f_sysdate, NULL, NULL, NULL,
                   NULL, NULL, NULL
                  );
   EXCEPTION
      WHEN DUP_VAL_ON_INDEX
      THEN
         NULL;
   END;

   BEGIN
      INSERT INTO sectoresprod
                  (cempres, cramo, cmodali, ctipseg, ccolect, cactivi,
                   cgarant, csector, ccodcontrato, cclacontrato, precarg,
                   iextrap, creten, ffecini, ffecfin, cgruries, cusualt,
                   falta, cusumod, fmodifi
                  )
           VALUES (24, 801, 8, 1, 0, 0,
                   NULL, 3, 467, 0, 0,
                   0, 'N', f_sysdate, NULL, NULL, NULL,
                   NULL, NULL, NULL
                  );
   EXCEPTION
      WHEN DUP_VAL_ON_INDEX
      THEN
         NULL;
   END;

   BEGIN
      INSERT INTO sectoresprod
                  (cempres, cramo, cmodali, ctipseg, ccolect, cactivi,
                   cgarant, csector, ccodcontrato, cclacontrato, precarg,
                   iextrap, creten, ffecini, ffecfin, cgruries, cusualt,
                   falta, cusumod, fmodifi
                  )
           VALUES (24, 801, 14, 1, 0, 0,
                   NULL, 3, 467, 0, 0,
                   0, 'N', f_sysdate, NULL, NULL, NULL,
                   NULL, NULL, NULL
                  );
   EXCEPTION
      WHEN DUP_VAL_ON_INDEX
      THEN
         NULL;
   END;

   BEGIN
      INSERT INTO sectoresprod
                  (cempres, cramo, cmodali, ctipseg, ccolect, cactivi,
                   cgarant, csector, ccodcontrato, cclacontrato, precarg,
                   iextrap, creten, ffecini, ffecfin, cgruries, cusualt,
                   falta, cusumod, fmodifi
                  )
           VALUES (24, 801, 9, 1, 0, 0,
                   NULL, 3, 467, 0, 0,
                   0, 'N', f_sysdate, NULL, NULL, NULL,
                   NULL, NULL, NULL
                  );
   EXCEPTION
      WHEN DUP_VAL_ON_INDEX
      THEN
         NULL;
   END;

   BEGIN
      INSERT INTO sectoresprod
                  (cempres, cramo, cmodali, ctipseg, ccolect, cactivi,
                   cgarant, csector, ccodcontrato, cclacontrato, precarg,
                   iextrap, creten, ffecini, ffecfin, cgruries, cusualt,
                   falta, cusumod, fmodifi
                  )
           VALUES (24, 801, 9, 2, 0, 0,
                   NULL, 3, 467, 0, 0,
                   0, 'N', f_sysdate, NULL, NULL, NULL,
                   NULL, NULL, NULL
                  );
   EXCEPTION
      WHEN DUP_VAL_ON_INDEX
      THEN
         NULL;
   END;

   BEGIN
      INSERT INTO sectoresprod
                  (cempres, cramo, cmodali, ctipseg, ccolect, cactivi,
                   cgarant, csector, ccodcontrato, cclacontrato, precarg,
                   iextrap, creten, ffecini, ffecfin, cgruries, cusualt,
                   falta, cusumod, fmodifi
                  )
           VALUES (24, 801, 10, 1, 0, 0,
                   NULL, 3, 467, 0, 0,
                   0, 'N', f_sysdate, NULL, NULL, NULL,
                   NULL, NULL, NULL
                  );
   EXCEPTION
      WHEN DUP_VAL_ON_INDEX
      THEN
         NULL;
   END;

   BEGIN
      INSERT INTO sectoresprod
                  (cempres, cramo, cmodali, ctipseg, ccolect, cactivi,
                   cgarant, csector, ccodcontrato, cclacontrato, precarg,
                   iextrap, creten, ffecini, ffecfin, cgruries, cusualt,
                   falta, cusumod, fmodifi
                  )
           VALUES (24, 801, 15, 1, 0, 0,
                   NULL, 3, 467, 0, 0,
                   0, 'N', f_sysdate, NULL, NULL, NULL,
                   NULL, NULL, NULL
                  );
   EXCEPTION
      WHEN DUP_VAL_ON_INDEX
      THEN
         NULL;
   END;

   BEGIN
      INSERT INTO clasecontrato
                  (ccodcontrato, cclacontrato
                  )
           VALUES (468, 0
                  );
   EXCEPTION
      WHEN DUP_VAL_ON_INDEX
      THEN
         NULL;
   END;

   BEGIN
      INSERT INTO detclasecontrato
                  (ccodcontrato, cclacontrato, cidioma, tdescripcion
                  )
           VALUES (468, 0, 1, 'Contratos de Alumbrado Público'
                  );
   EXCEPTION
      WHEN DUP_VAL_ON_INDEX
      THEN
         NULL;
   END;

   BEGIN
      INSERT INTO detclasecontrato
                  (ccodcontrato, cclacontrato, cidioma, tdescripcion
                  )
           VALUES (468, 0, 2, 'Contratos de Alumbrado Público'
                  );
   EXCEPTION
      WHEN DUP_VAL_ON_INDEX
      THEN
         NULL;
   END;

   BEGIN
      INSERT INTO detclasecontrato
                  (ccodcontrato, cclacontrato, cidioma, tdescripcion
                  )
           VALUES (468, 0, 8, 'Contratos de Alumbrado Público'
                  );
   EXCEPTION
      WHEN DUP_VAL_ON_INDEX
      THEN
         NULL;
   END;

   BEGIN
      INSERT INTO sectoresprod
                  (cempres, cramo, cmodali, ctipseg, ccolect, cactivi,
                   cgarant, csector, ccodcontrato, cclacontrato, precarg,
                   iextrap, creten, ffecini, ffecfin, cgruries, cusualt,
                   falta, cusumod, fmodifi
                  )
           VALUES (24, 801, 6, 1, 0, 0,
                   NULL, 3, 468, 0, 0,
                   0, 'N', f_sysdate, NULL, NULL, NULL,
                   NULL, NULL, NULL
                  );
   EXCEPTION
      WHEN DUP_VAL_ON_INDEX
      THEN
         NULL;
   END;

   BEGIN
      INSERT INTO sectoresprod
                  (cempres, cramo, cmodali, ctipseg, ccolect, cactivi,
                   cgarant, csector, ccodcontrato, cclacontrato, precarg,
                   iextrap, creten, ffecini, ffecfin, cgruries, cusualt,
                   falta, cusumod, fmodifi
                  )
           VALUES (24, 801, 11, 1, 0, 0,
                   NULL, 3, 468, 0, 0,
                   0, 'N', f_sysdate, NULL, NULL, NULL,
                   NULL, NULL, NULL
                  );
   EXCEPTION
      WHEN DUP_VAL_ON_INDEX
      THEN
         NULL;
   END;

   BEGIN
      INSERT INTO sectoresprod
                  (cempres, cramo, cmodali, ctipseg, ccolect, cactivi,
                   cgarant, csector, ccodcontrato, cclacontrato, precarg,
                   iextrap, creten, ffecini, ffecfin, cgruries, cusualt,
                   falta, cusumod, fmodifi
                  )
           VALUES (24, 801, 12, 1, 0, 0,
                   NULL, 3, 468, 0, 0,
                   0, 'N', f_sysdate, NULL, NULL, NULL,
                   NULL, NULL, NULL
                  );
   EXCEPTION
      WHEN DUP_VAL_ON_INDEX
      THEN
         NULL;
   END;

   BEGIN
      INSERT INTO sectoresprod
                  (cempres, cramo, cmodali, ctipseg, ccolect, cactivi,
                   cgarant, csector, ccodcontrato, cclacontrato, precarg,
                   iextrap, creten, ffecini, ffecfin, cgruries, cusualt,
                   falta, cusumod, fmodifi
                  )
           VALUES (24, 801, 13, 1, 0, 0,
                   NULL, 3, 468, 0, 0,
                   0, 'N', f_sysdate, NULL, NULL, NULL,
                   NULL, NULL, NULL
                  );
   EXCEPTION
      WHEN DUP_VAL_ON_INDEX
      THEN
         NULL;
   END;

   BEGIN
      INSERT INTO sectoresprod
                  (cempres, cramo, cmodali, ctipseg, ccolect, cactivi,
                   cgarant, csector, ccodcontrato, cclacontrato, precarg,
                   iextrap, creten, ffecini, ffecfin, cgruries, cusualt,
                   falta, cusumod, fmodifi
                  )
           VALUES (24, 801, 7, 1, 0, 0,
                   NULL, 3, 468, 0, 0,
                   0, 'N', f_sysdate, NULL, NULL, NULL,
                   NULL, NULL, NULL
                  );
   EXCEPTION
      WHEN DUP_VAL_ON_INDEX
      THEN
         NULL;
   END;

   BEGIN
      INSERT INTO sectoresprod
                  (cempres, cramo, cmodali, ctipseg, ccolect, cactivi,
                   cgarant, csector, ccodcontrato, cclacontrato, precarg,
                   iextrap, creten, ffecini, ffecfin, cgruries, cusualt,
                   falta, cusumod, fmodifi
                  )
           VALUES (24, 801, 7, 2, 0, 0,
                   NULL, 3, 468, 0, 0,
                   0, 'N', f_sysdate, NULL, NULL, NULL,
                   NULL, NULL, NULL
                  );
   EXCEPTION
      WHEN DUP_VAL_ON_INDEX
      THEN
         NULL;
   END;

   BEGIN
      INSERT INTO sectoresprod
                  (cempres, cramo, cmodali, ctipseg, ccolect, cactivi,
                   cgarant, csector, ccodcontrato, cclacontrato, precarg,
                   iextrap, creten, ffecini, ffecfin, cgruries, cusualt,
                   falta, cusumod, fmodifi
                  )
           VALUES (24, 801, 8, 1, 0, 0,
                   NULL, 3, 468, 0, 0,
                   0, 'N', f_sysdate, NULL, NULL, NULL,
                   NULL, NULL, NULL
                  );
   EXCEPTION
      WHEN DUP_VAL_ON_INDEX
      THEN
         NULL;
   END;

   BEGIN
      INSERT INTO sectoresprod
                  (cempres, cramo, cmodali, ctipseg, ccolect, cactivi,
                   cgarant, csector, ccodcontrato, cclacontrato, precarg,
                   iextrap, creten, ffecini, ffecfin, cgruries, cusualt,
                   falta, cusumod, fmodifi
                  )
           VALUES (24, 801, 14, 1, 0, 0,
                   NULL, 3, 468, 0, 0,
                   0, 'N', f_sysdate, NULL, NULL, NULL,
                   NULL, NULL, NULL
                  );
   EXCEPTION
      WHEN DUP_VAL_ON_INDEX
      THEN
         NULL;
   END;

   BEGIN
      INSERT INTO sectoresprod
                  (cempres, cramo, cmodali, ctipseg, ccolect, cactivi,
                   cgarant, csector, ccodcontrato, cclacontrato, precarg,
                   iextrap, creten, ffecini, ffecfin, cgruries, cusualt,
                   falta, cusumod, fmodifi
                  )
           VALUES (24, 801, 9, 1, 0, 0,
                   NULL, 3, 468, 0, 0,
                   0, 'N', f_sysdate, NULL, NULL, NULL,
                   NULL, NULL, NULL
                  );
   EXCEPTION
      WHEN DUP_VAL_ON_INDEX
      THEN
         NULL;
   END;

   BEGIN
      INSERT INTO sectoresprod
                  (cempres, cramo, cmodali, ctipseg, ccolect, cactivi,
                   cgarant, csector, ccodcontrato, cclacontrato, precarg,
                   iextrap, creten, ffecini, ffecfin, cgruries, cusualt,
                   falta, cusumod, fmodifi
                  )
           VALUES (24, 801, 9, 2, 0, 0,
                   NULL, 3, 468, 0, 0,
                   0, 'N', f_sysdate, NULL, NULL, NULL,
                   NULL, NULL, NULL
                  );
   EXCEPTION
      WHEN DUP_VAL_ON_INDEX
      THEN
         NULL;
   END;

   BEGIN
      INSERT INTO sectoresprod
                  (cempres, cramo, cmodali, ctipseg, ccolect, cactivi,
                   cgarant, csector, ccodcontrato, cclacontrato, precarg,
                   iextrap, creten, ffecini, ffecfin, cgruries, cusualt,
                   falta, cusumod, fmodifi
                  )
           VALUES (24, 801, 10, 1, 0, 0,
                   NULL, 3, 468, 0, 0,
                   0, 'N', f_sysdate, NULL, NULL, NULL,
                   NULL, NULL, NULL
                  );
   EXCEPTION
      WHEN DUP_VAL_ON_INDEX
      THEN
         NULL;
   END;

   BEGIN
      INSERT INTO sectoresprod
                  (cempres, cramo, cmodali, ctipseg, ccolect, cactivi,
                   cgarant, csector, ccodcontrato, cclacontrato, precarg,
                   iextrap, creten, ffecini, ffecfin, cgruries, cusualt,
                   falta, cusumod, fmodifi
                  )
           VALUES (24, 801, 15, 1, 0, 0,
                   NULL, 3, 468, 0, 0,
                   0, 'N', f_sysdate, NULL, NULL, NULL,
                   NULL, NULL, NULL
                  );
   EXCEPTION
      WHEN DUP_VAL_ON_INDEX
      THEN
         NULL;
   END;

   BEGIN
      INSERT INTO clasecontrato
                  (ccodcontrato, cclacontrato
                  )
           VALUES (469, 0
                  );
   EXCEPTION
      WHEN DUP_VAL_ON_INDEX
      THEN
         NULL;
   END;

   BEGIN
      INSERT INTO detclasecontrato
                  (ccodcontrato, cclacontrato, cidioma, tdescripcion
                  )
           VALUES (469, 0, 1, 'Contratos de Fracking'
                  );
   EXCEPTION
      WHEN DUP_VAL_ON_INDEX
      THEN
         NULL;
   END;

   BEGIN
      INSERT INTO detclasecontrato
                  (ccodcontrato, cclacontrato, cidioma, tdescripcion
                  )
           VALUES (469, 0, 2, 'Contratos de Fracking'
                  );
   EXCEPTION
      WHEN DUP_VAL_ON_INDEX
      THEN
         NULL;
   END;

   BEGIN
      INSERT INTO detclasecontrato
                  (ccodcontrato, cclacontrato, cidioma, tdescripcion
                  )
           VALUES (469, 0, 8, 'Contratos de Fracking'
                  );
   EXCEPTION
      WHEN DUP_VAL_ON_INDEX
      THEN
         NULL;
   END;

   BEGIN
      INSERT INTO sectoresprod
                  (cempres, cramo, cmodali, ctipseg, ccolect, cactivi,
                   cgarant, csector, ccodcontrato, cclacontrato, precarg,
                   iextrap, creten, ffecini, ffecfin, cgruries, cusualt,
                   falta, cusumod, fmodifi
                  )
           VALUES (24, 801, 6, 1, 0, 0,
                   NULL, 3, 469, 0, 0,
                   0, 'N', f_sysdate, NULL, NULL, NULL,
                   NULL, NULL, NULL
                  );
   EXCEPTION
      WHEN DUP_VAL_ON_INDEX
      THEN
         NULL;
   END;

   BEGIN
      INSERT INTO sectoresprod
                  (cempres, cramo, cmodali, ctipseg, ccolect, cactivi,
                   cgarant, csector, ccodcontrato, cclacontrato, precarg,
                   iextrap, creten, ffecini, ffecfin, cgruries, cusualt,
                   falta, cusumod, fmodifi
                  )
           VALUES (24, 801, 11, 1, 0, 0,
                   NULL, 3, 469, 0, 0,
                   0, 'N', f_sysdate, NULL, NULL, NULL,
                   NULL, NULL, NULL
                  );
   EXCEPTION
      WHEN DUP_VAL_ON_INDEX
      THEN
         NULL;
   END;

   BEGIN
      INSERT INTO sectoresprod
                  (cempres, cramo, cmodali, ctipseg, ccolect, cactivi,
                   cgarant, csector, ccodcontrato, cclacontrato, precarg,
                   iextrap, creten, ffecini, ffecfin, cgruries, cusualt,
                   falta, cusumod, fmodifi
                  )
           VALUES (24, 801, 12, 1, 0, 0,
                   NULL, 3, 469, 0, 0,
                   0, 'N', f_sysdate, NULL, NULL, NULL,
                   NULL, NULL, NULL
                  );
   EXCEPTION
      WHEN DUP_VAL_ON_INDEX
      THEN
         NULL;
   END;

   BEGIN
      INSERT INTO sectoresprod
                  (cempres, cramo, cmodali, ctipseg, ccolect, cactivi,
                   cgarant, csector, ccodcontrato, cclacontrato, precarg,
                   iextrap, creten, ffecini, ffecfin, cgruries, cusualt,
                   falta, cusumod, fmodifi
                  )
           VALUES (24, 801, 13, 1, 0, 0,
                   NULL, 3, 469, 0, 0,
                   0, 'N', f_sysdate, NULL, NULL, NULL,
                   NULL, NULL, NULL
                  );
   EXCEPTION
      WHEN DUP_VAL_ON_INDEX
      THEN
         NULL;
   END;

   BEGIN
      INSERT INTO sectoresprod
                  (cempres, cramo, cmodali, ctipseg, ccolect, cactivi,
                   cgarant, csector, ccodcontrato, cclacontrato, precarg,
                   iextrap, creten, ffecini, ffecfin, cgruries, cusualt,
                   falta, cusumod, fmodifi
                  )
           VALUES (24, 801, 7, 1, 0, 0,
                   NULL, 3, 469, 0, 0,
                   0, 'N', f_sysdate, NULL, NULL, NULL,
                   NULL, NULL, NULL
                  );
   EXCEPTION
      WHEN DUP_VAL_ON_INDEX
      THEN
         NULL;
   END;

   BEGIN
      INSERT INTO sectoresprod
                  (cempres, cramo, cmodali, ctipseg, ccolect, cactivi,
                   cgarant, csector, ccodcontrato, cclacontrato, precarg,
                   iextrap, creten, ffecini, ffecfin, cgruries, cusualt,
                   falta, cusumod, fmodifi
                  )
           VALUES (24, 801, 7, 2, 0, 0,
                   NULL, 3, 469, 0, 0,
                   0, 'N', f_sysdate, NULL, NULL, NULL,
                   NULL, NULL, NULL
                  );
   EXCEPTION
      WHEN DUP_VAL_ON_INDEX
      THEN
         NULL;
   END;

   BEGIN
      INSERT INTO sectoresprod
                  (cempres, cramo, cmodali, ctipseg, ccolect, cactivi,
                   cgarant, csector, ccodcontrato, cclacontrato, precarg,
                   iextrap, creten, ffecini, ffecfin, cgruries, cusualt,
                   falta, cusumod, fmodifi
                  )
           VALUES (24, 801, 8, 1, 0, 0,
                   NULL, 3, 469, 0, 0,
                   0, 'N', f_sysdate, NULL, NULL, NULL,
                   NULL, NULL, NULL
                  );
   EXCEPTION
      WHEN DUP_VAL_ON_INDEX
      THEN
         NULL;
   END;

   BEGIN
      INSERT INTO sectoresprod
                  (cempres, cramo, cmodali, ctipseg, ccolect, cactivi,
                   cgarant, csector, ccodcontrato, cclacontrato, precarg,
                   iextrap, creten, ffecini, ffecfin, cgruries, cusualt,
                   falta, cusumod, fmodifi
                  )
           VALUES (24, 801, 14, 1, 0, 0,
                   NULL, 3, 469, 0, 0,
                   0, 'N', f_sysdate, NULL, NULL, NULL,
                   NULL, NULL, NULL
                  );
   EXCEPTION
      WHEN DUP_VAL_ON_INDEX
      THEN
         NULL;
   END;

   BEGIN
      INSERT INTO sectoresprod
                  (cempres, cramo, cmodali, ctipseg, ccolect, cactivi,
                   cgarant, csector, ccodcontrato, cclacontrato, precarg,
                   iextrap, creten, ffecini, ffecfin, cgruries, cusualt,
                   falta, cusumod, fmodifi
                  )
           VALUES (24, 801, 9, 1, 0, 0,
                   NULL, 3, 469, 0, 0,
                   0, 'N', f_sysdate, NULL, NULL, NULL,
                   NULL, NULL, NULL
                  );
   EXCEPTION
      WHEN DUP_VAL_ON_INDEX
      THEN
         NULL;
   END;

   BEGIN
      INSERT INTO sectoresprod
                  (cempres, cramo, cmodali, ctipseg, ccolect, cactivi,
                   cgarant, csector, ccodcontrato, cclacontrato, precarg,
                   iextrap, creten, ffecini, ffecfin, cgruries, cusualt,
                   falta, cusumod, fmodifi
                  )
           VALUES (24, 801, 9, 2, 0, 0,
                   NULL, 3, 469, 0, 0,
                   0, 'N', f_sysdate, NULL, NULL, NULL,
                   NULL, NULL, NULL
                  );
   EXCEPTION
      WHEN DUP_VAL_ON_INDEX
      THEN
         NULL;
   END;

   BEGIN
      INSERT INTO sectoresprod
                  (cempres, cramo, cmodali, ctipseg, ccolect, cactivi,
                   cgarant, csector, ccodcontrato, cclacontrato, precarg,
                   iextrap, creten, ffecini, ffecfin, cgruries, cusualt,
                   falta, cusumod, fmodifi
                  )
           VALUES (24, 801, 10, 1, 0, 0,
                   NULL, 3, 469, 0, 0,
                   0, 'N', f_sysdate, NULL, NULL, NULL,
                   NULL, NULL, NULL
                  );
   EXCEPTION
      WHEN DUP_VAL_ON_INDEX
      THEN
         NULL;
   END;

   BEGIN
      INSERT INTO sectoresprod
                  (cempres, cramo, cmodali, ctipseg, ccolect, cactivi,
                   cgarant, csector, ccodcontrato, cclacontrato, precarg,
                   iextrap, creten, ffecini, ffecfin, cgruries, cusualt,
                   falta, cusumod, fmodifi
                  )
           VALUES (24, 801, 15, 1, 0, 0,
                   NULL, 3, 469, 0, 0,
                   0, 'N', f_sysdate, NULL, NULL, NULL,
                   NULL, NULL, NULL
                  );
   EXCEPTION
      WHEN DUP_VAL_ON_INDEX
      THEN
         NULL;
   END;

   BEGIN
      INSERT INTO clasecontrato
                  (ccodcontrato, cclacontrato
                  )
           VALUES (470, 0
                  );
   EXCEPTION
      WHEN DUP_VAL_ON_INDEX
      THEN
         NULL;
   END;

   BEGIN
      INSERT INTO detclasecontrato
                  (ccodcontrato, cclacontrato, cidioma,
                   tdescripcion
                  )
           VALUES (470, 0, 1,
                   'Contratos desarrollados por Asociacion de municipios'
                  );
   EXCEPTION
      WHEN DUP_VAL_ON_INDEX
      THEN
         NULL;
   END;

   BEGIN
      INSERT INTO detclasecontrato
                  (ccodcontrato, cclacontrato, cidioma,
                   tdescripcion
                  )
           VALUES (470, 0, 2,
                   'Contratos desarrollados por Asociacion de municipios'
                  );
   EXCEPTION
      WHEN DUP_VAL_ON_INDEX
      THEN
         NULL;
   END;

   BEGIN
      INSERT INTO detclasecontrato
                  (ccodcontrato, cclacontrato, cidioma,
                   tdescripcion
                  )
           VALUES (470, 0, 8,
                   'Contratos desarrollados por Asociacion de municipios'
                  );
   EXCEPTION
      WHEN DUP_VAL_ON_INDEX
      THEN
         NULL;
   END;

   BEGIN
      INSERT INTO sectoresprod
                  (cempres, cramo, cmodali, ctipseg, ccolect, cactivi,
                   cgarant, csector, ccodcontrato, cclacontrato, precarg,
                   iextrap, creten, ffecini, ffecfin, cgruries, cusualt,
                   falta, cusumod, fmodifi
                  )
           VALUES (24, 801, 6, 1, 0, 0,
                   NULL, 3, 470, 0, 0,
                   0, 'N', f_sysdate, NULL, NULL, NULL,
                   NULL, NULL, NULL
                  );
   EXCEPTION
      WHEN DUP_VAL_ON_INDEX
      THEN
         NULL;
   END;

   BEGIN
      INSERT INTO sectoresprod
                  (cempres, cramo, cmodali, ctipseg, ccolect, cactivi,
                   cgarant, csector, ccodcontrato, cclacontrato, precarg,
                   iextrap, creten, ffecini, ffecfin, cgruries, cusualt,
                   falta, cusumod, fmodifi
                  )
           VALUES (24, 801, 11, 1, 0, 0,
                   NULL, 3, 470, 0, 0,
                   0, 'N', f_sysdate, NULL, NULL, NULL,
                   NULL, NULL, NULL
                  );
   EXCEPTION
      WHEN DUP_VAL_ON_INDEX
      THEN
         NULL;
   END;

   BEGIN
      INSERT INTO sectoresprod
                  (cempres, cramo, cmodali, ctipseg, ccolect, cactivi,
                   cgarant, csector, ccodcontrato, cclacontrato, precarg,
                   iextrap, creten, ffecini, ffecfin, cgruries, cusualt,
                   falta, cusumod, fmodifi
                  )
           VALUES (24, 801, 12, 1, 0, 0,
                   NULL, 3, 470, 0, 0,
                   0, 'N', f_sysdate, NULL, NULL, NULL,
                   NULL, NULL, NULL
                  );
   EXCEPTION
      WHEN DUP_VAL_ON_INDEX
      THEN
         NULL;
   END;

   BEGIN
      INSERT INTO sectoresprod
                  (cempres, cramo, cmodali, ctipseg, ccolect, cactivi,
                   cgarant, csector, ccodcontrato, cclacontrato, precarg,
                   iextrap, creten, ffecini, ffecfin, cgruries, cusualt,
                   falta, cusumod, fmodifi
                  )
           VALUES (24, 801, 13, 1, 0, 0,
                   NULL, 3, 470, 0, 0,
                   0, 'N', f_sysdate, NULL, NULL, NULL,
                   NULL, NULL, NULL
                  );
   EXCEPTION
      WHEN DUP_VAL_ON_INDEX
      THEN
         NULL;
   END;

   BEGIN
      INSERT INTO sectoresprod
                  (cempres, cramo, cmodali, ctipseg, ccolect, cactivi,
                   cgarant, csector, ccodcontrato, cclacontrato, precarg,
                   iextrap, creten, ffecini, ffecfin, cgruries, cusualt,
                   falta, cusumod, fmodifi
                  )
           VALUES (24, 801, 7, 1, 0, 0,
                   NULL, 3, 470, 0, 0,
                   0, 'N', f_sysdate, NULL, NULL, NULL,
                   NULL, NULL, NULL
                  );
   EXCEPTION
      WHEN DUP_VAL_ON_INDEX
      THEN
         NULL;
   END;

   BEGIN
      INSERT INTO sectoresprod
                  (cempres, cramo, cmodali, ctipseg, ccolect, cactivi,
                   cgarant, csector, ccodcontrato, cclacontrato, precarg,
                   iextrap, creten, ffecini, ffecfin, cgruries, cusualt,
                   falta, cusumod, fmodifi
                  )
           VALUES (24, 801, 7, 2, 0, 0,
                   NULL, 3, 470, 0, 0,
                   0, 'N', f_sysdate, NULL, NULL, NULL,
                   NULL, NULL, NULL
                  );
   EXCEPTION
      WHEN DUP_VAL_ON_INDEX
      THEN
         NULL;
   END;

   BEGIN
      INSERT INTO sectoresprod
                  (cempres, cramo, cmodali, ctipseg, ccolect, cactivi,
                   cgarant, csector, ccodcontrato, cclacontrato, precarg,
                   iextrap, creten, ffecini, ffecfin, cgruries, cusualt,
                   falta, cusumod, fmodifi
                  )
           VALUES (24, 801, 8, 1, 0, 0,
                   NULL, 3, 470, 0, 0,
                   0, 'N', f_sysdate, NULL, NULL, NULL,
                   NULL, NULL, NULL
                  );
   EXCEPTION
      WHEN DUP_VAL_ON_INDEX
      THEN
         NULL;
   END;

   BEGIN
      INSERT INTO sectoresprod
                  (cempres, cramo, cmodali, ctipseg, ccolect, cactivi,
                   cgarant, csector, ccodcontrato, cclacontrato, precarg,
                   iextrap, creten, ffecini, ffecfin, cgruries, cusualt,
                   falta, cusumod, fmodifi
                  )
           VALUES (24, 801, 14, 1, 0, 0,
                   NULL, 3, 470, 0, 0,
                   0, 'N', f_sysdate, NULL, NULL, NULL,
                   NULL, NULL, NULL
                  );
   EXCEPTION
      WHEN DUP_VAL_ON_INDEX
      THEN
         NULL;
   END;

   BEGIN
      INSERT INTO sectoresprod
                  (cempres, cramo, cmodali, ctipseg, ccolect, cactivi,
                   cgarant, csector, ccodcontrato, cclacontrato, precarg,
                   iextrap, creten, ffecini, ffecfin, cgruries, cusualt,
                   falta, cusumod, fmodifi
                  )
           VALUES (24, 801, 9, 1, 0, 0,
                   NULL, 3, 470, 0, 0,
                   0, 'N', f_sysdate, NULL, NULL, NULL,
                   NULL, NULL, NULL
                  );
   EXCEPTION
      WHEN DUP_VAL_ON_INDEX
      THEN
         NULL;
   END;

   BEGIN
      INSERT INTO sectoresprod
                  (cempres, cramo, cmodali, ctipseg, ccolect, cactivi,
                   cgarant, csector, ccodcontrato, cclacontrato, precarg,
                   iextrap, creten, ffecini, ffecfin, cgruries, cusualt,
                   falta, cusumod, fmodifi
                  )
           VALUES (24, 801, 9, 2, 0, 0,
                   NULL, 3, 470, 0, 0,
                   0, 'N', f_sysdate, NULL, NULL, NULL,
                   NULL, NULL, NULL
                  );
   EXCEPTION
      WHEN DUP_VAL_ON_INDEX
      THEN
         NULL;
   END;

   BEGIN
      INSERT INTO sectoresprod
                  (cempres, cramo, cmodali, ctipseg, ccolect, cactivi,
                   cgarant, csector, ccodcontrato, cclacontrato, precarg,
                   iextrap, creten, ffecini, ffecfin, cgruries, cusualt,
                   falta, cusumod, fmodifi
                  )
           VALUES (24, 801, 10, 1, 0, 0,
                   NULL, 3, 470, 0, 0,
                   0, 'N', f_sysdate, NULL, NULL, NULL,
                   NULL, NULL, NULL
                  );
   EXCEPTION
      WHEN DUP_VAL_ON_INDEX
      THEN
         NULL;
   END;

   BEGIN
      INSERT INTO sectoresprod
                  (cempres, cramo, cmodali, ctipseg, ccolect, cactivi,
                   cgarant, csector, ccodcontrato, cclacontrato, precarg,
                   iextrap, creten, ffecini, ffecfin, cgruries, cusualt,
                   falta, cusumod, fmodifi
                  )
           VALUES (24, 801, 15, 1, 0, 0,
                   NULL, 3, 470, 0, 0,
                   0, 'N', f_sysdate, NULL, NULL, NULL,
                   NULL, NULL, NULL
                  );
   EXCEPTION
      WHEN DUP_VAL_ON_INDEX
      THEN
         NULL;
   END;

   BEGIN
      INSERT INTO clasecontrato
                  (ccodcontrato, cclacontrato
                  )
           VALUES (471, 0
                  );
   EXCEPTION
      WHEN DUP_VAL_ON_INDEX
      THEN
         NULL;
   END;

   BEGIN
      INSERT INTO detclasecontrato
                  (ccodcontrato, cclacontrato, cidioma, tdescripcion
                  )
           VALUES (471, 0, 1, 'Contratos en subasta inversa'
                  );
   EXCEPTION
      WHEN DUP_VAL_ON_INDEX
      THEN
         NULL;
   END;

   BEGIN
      INSERT INTO detclasecontrato
                  (ccodcontrato, cclacontrato, cidioma, tdescripcion
                  )
           VALUES (471, 0, 2, 'Contratos en subasta inversa'
                  );
   EXCEPTION
      WHEN DUP_VAL_ON_INDEX
      THEN
         NULL;
   END;

   BEGIN
      INSERT INTO detclasecontrato
                  (ccodcontrato, cclacontrato, cidioma, tdescripcion
                  )
           VALUES (471, 0, 8, 'Contratos en subasta inversa'
                  );
   EXCEPTION
      WHEN DUP_VAL_ON_INDEX
      THEN
         NULL;
   END;

   BEGIN
      INSERT INTO sectoresprod
                  (cempres, cramo, cmodali, ctipseg, ccolect, cactivi,
                   cgarant, csector, ccodcontrato, cclacontrato, precarg,
                   iextrap, creten, ffecini, ffecfin, cgruries, cusualt,
                   falta, cusumod, fmodifi
                  )
           VALUES (24, 801, 6, 1, 0, 0,
                   NULL, 3, 471, 0, 0,
                   0, 'N', f_sysdate, NULL, NULL, NULL,
                   NULL, NULL, NULL
                  );
   EXCEPTION
      WHEN DUP_VAL_ON_INDEX
      THEN
         NULL;
   END;

   BEGIN
      INSERT INTO sectoresprod
                  (cempres, cramo, cmodali, ctipseg, ccolect, cactivi,
                   cgarant, csector, ccodcontrato, cclacontrato, precarg,
                   iextrap, creten, ffecini, ffecfin, cgruries, cusualt,
                   falta, cusumod, fmodifi
                  )
           VALUES (24, 801, 11, 1, 0, 0,
                   NULL, 3, 471, 0, 0,
                   0, 'N', f_sysdate, NULL, NULL, NULL,
                   NULL, NULL, NULL
                  );
   EXCEPTION
      WHEN DUP_VAL_ON_INDEX
      THEN
         NULL;
   END;

   BEGIN
      INSERT INTO sectoresprod
                  (cempres, cramo, cmodali, ctipseg, ccolect, cactivi,
                   cgarant, csector, ccodcontrato, cclacontrato, precarg,
                   iextrap, creten, ffecini, ffecfin, cgruries, cusualt,
                   falta, cusumod, fmodifi
                  )
           VALUES (24, 801, 12, 1, 0, 0,
                   NULL, 3, 471, 0, 0,
                   0, 'N', f_sysdate, NULL, NULL, NULL,
                   NULL, NULL, NULL
                  );
   EXCEPTION
      WHEN DUP_VAL_ON_INDEX
      THEN
         NULL;
   END;

   BEGIN
      INSERT INTO sectoresprod
                  (cempres, cramo, cmodali, ctipseg, ccolect, cactivi,
                   cgarant, csector, ccodcontrato, cclacontrato, precarg,
                   iextrap, creten, ffecini, ffecfin, cgruries, cusualt,
                   falta, cusumod, fmodifi
                  )
           VALUES (24, 801, 13, 1, 0, 0,
                   NULL, 3, 471, 0, 0,
                   0, 'N', f_sysdate, NULL, NULL, NULL,
                   NULL, NULL, NULL
                  );
   EXCEPTION
      WHEN DUP_VAL_ON_INDEX
      THEN
         NULL;
   END;

   BEGIN
      INSERT INTO sectoresprod
                  (cempres, cramo, cmodali, ctipseg, ccolect, cactivi,
                   cgarant, csector, ccodcontrato, cclacontrato, precarg,
                   iextrap, creten, ffecini, ffecfin, cgruries, cusualt,
                   falta, cusumod, fmodifi
                  )
           VALUES (24, 801, 7, 1, 0, 0,
                   NULL, 3, 471, 0, 0,
                   0, 'N', f_sysdate, NULL, NULL, NULL,
                   NULL, NULL, NULL
                  );
   EXCEPTION
      WHEN DUP_VAL_ON_INDEX
      THEN
         NULL;
   END;

   BEGIN
      INSERT INTO sectoresprod
                  (cempres, cramo, cmodali, ctipseg, ccolect, cactivi,
                   cgarant, csector, ccodcontrato, cclacontrato, precarg,
                   iextrap, creten, ffecini, ffecfin, cgruries, cusualt,
                   falta, cusumod, fmodifi
                  )
           VALUES (24, 801, 7, 2, 0, 0,
                   NULL, 3, 471, 0, 0,
                   0, 'N', f_sysdate, NULL, NULL, NULL,
                   NULL, NULL, NULL
                  );
   EXCEPTION
      WHEN DUP_VAL_ON_INDEX
      THEN
         NULL;
   END;

   BEGIN
      INSERT INTO sectoresprod
                  (cempres, cramo, cmodali, ctipseg, ccolect, cactivi,
                   cgarant, csector, ccodcontrato, cclacontrato, precarg,
                   iextrap, creten, ffecini, ffecfin, cgruries, cusualt,
                   falta, cusumod, fmodifi
                  )
           VALUES (24, 801, 8, 1, 0, 0,
                   NULL, 3, 471, 0, 0,
                   0, 'N', f_sysdate, NULL, NULL, NULL,
                   NULL, NULL, NULL
                  );
   EXCEPTION
      WHEN DUP_VAL_ON_INDEX
      THEN
         NULL;
   END;

   BEGIN
      INSERT INTO sectoresprod
                  (cempres, cramo, cmodali, ctipseg, ccolect, cactivi,
                   cgarant, csector, ccodcontrato, cclacontrato, precarg,
                   iextrap, creten, ffecini, ffecfin, cgruries, cusualt,
                   falta, cusumod, fmodifi
                  )
           VALUES (24, 801, 14, 1, 0, 0,
                   NULL, 3, 471, 0, 0,
                   0, 'N', f_sysdate, NULL, NULL, NULL,
                   NULL, NULL, NULL
                  );
   EXCEPTION
      WHEN DUP_VAL_ON_INDEX
      THEN
         NULL;
   END;

   BEGIN
      INSERT INTO sectoresprod
                  (cempres, cramo, cmodali, ctipseg, ccolect, cactivi,
                   cgarant, csector, ccodcontrato, cclacontrato, precarg,
                   iextrap, creten, ffecini, ffecfin, cgruries, cusualt,
                   falta, cusumod, fmodifi
                  )
           VALUES (24, 801, 9, 1, 0, 0,
                   NULL, 3, 471, 0, 0,
                   0, 'N', f_sysdate, NULL, NULL, NULL,
                   NULL, NULL, NULL
                  );
   EXCEPTION
      WHEN DUP_VAL_ON_INDEX
      THEN
         NULL;
   END;

   BEGIN
      INSERT INTO sectoresprod
                  (cempres, cramo, cmodali, ctipseg, ccolect, cactivi,
                   cgarant, csector, ccodcontrato, cclacontrato, precarg,
                   iextrap, creten, ffecini, ffecfin, cgruries, cusualt,
                   falta, cusumod, fmodifi
                  )
           VALUES (24, 801, 9, 2, 0, 0,
                   NULL, 3, 471, 0, 0,
                   0, 'N', f_sysdate, NULL, NULL, NULL,
                   NULL, NULL, NULL
                  );
   EXCEPTION
      WHEN DUP_VAL_ON_INDEX
      THEN
         NULL;
   END;

   BEGIN
      INSERT INTO sectoresprod
                  (cempres, cramo, cmodali, ctipseg, ccolect, cactivi,
                   cgarant, csector, ccodcontrato, cclacontrato, precarg,
                   iextrap, creten, ffecini, ffecfin, cgruries, cusualt,
                   falta, cusumod, fmodifi
                  )
           VALUES (24, 801, 10, 1, 0, 0,
                   NULL, 3, 471, 0, 0,
                   0, 'N', f_sysdate, NULL, NULL, NULL,
                   NULL, NULL, NULL
                  );
   EXCEPTION
      WHEN DUP_VAL_ON_INDEX
      THEN
         NULL;
   END;

   BEGIN
      INSERT INTO sectoresprod
                  (cempres, cramo, cmodali, ctipseg, ccolect, cactivi,
                   cgarant, csector, ccodcontrato, cclacontrato, precarg,
                   iextrap, creten, ffecini, ffecfin, cgruries, cusualt,
                   falta, cusumod, fmodifi
                  )
           VALUES (24, 801, 15, 1, 0, 0,
                   NULL, 3, 471, 0, 0,
                   0, 'N', f_sysdate, NULL, NULL, NULL,
                   NULL, NULL, NULL
                  );
   EXCEPTION
      WHEN DUP_VAL_ON_INDEX
      THEN
         NULL;
   END;

   BEGIN
      INSERT INTO clasecontrato
                  (ccodcontrato, cclacontrato
                  )
           VALUES (472, 0
                  );
   EXCEPTION
      WHEN DUP_VAL_ON_INDEX
      THEN
         NULL;
   END;

   BEGIN
      INSERT INTO detclasecontrato
                  (ccodcontrato, cclacontrato, cidioma, tdescripcion
                  )
           VALUES (472, 0, 1, 'Convenio de Compensación'
                  );
   EXCEPTION
      WHEN DUP_VAL_ON_INDEX
      THEN
         NULL;
   END;

   BEGIN
      INSERT INTO detclasecontrato
                  (ccodcontrato, cclacontrato, cidioma, tdescripcion
                  )
           VALUES (472, 0, 2, 'Convenio de Compensación'
                  );
   EXCEPTION
      WHEN DUP_VAL_ON_INDEX
      THEN
         NULL;
   END;

   BEGIN
      INSERT INTO detclasecontrato
                  (ccodcontrato, cclacontrato, cidioma, tdescripcion
                  )
           VALUES (472, 0, 8, 'Convenio de Compensación'
                  );
   EXCEPTION
      WHEN DUP_VAL_ON_INDEX
      THEN
         NULL;
   END;

   BEGIN
      INSERT INTO sectoresprod
                  (cempres, cramo, cmodali, ctipseg, ccolect, cactivi,
                   cgarant, csector, ccodcontrato, cclacontrato, precarg,
                   iextrap, creten, ffecini, ffecfin, cgruries, cusualt,
                   falta, cusumod, fmodifi
                  )
           VALUES (24, 801, 6, 1, 0, 0,
                   NULL, 3, 472, 0, 0,
                   0, 'N', f_sysdate, NULL, NULL, NULL,
                   NULL, NULL, NULL
                  );
   EXCEPTION
      WHEN DUP_VAL_ON_INDEX
      THEN
         NULL;
   END;

   BEGIN
      INSERT INTO sectoresprod
                  (cempres, cramo, cmodali, ctipseg, ccolect, cactivi,
                   cgarant, csector, ccodcontrato, cclacontrato, precarg,
                   iextrap, creten, ffecini, ffecfin, cgruries, cusualt,
                   falta, cusumod, fmodifi
                  )
           VALUES (24, 801, 11, 1, 0, 0,
                   NULL, 3, 472, 0, 0,
                   0, 'N', f_sysdate, NULL, NULL, NULL,
                   NULL, NULL, NULL
                  );
   EXCEPTION
      WHEN DUP_VAL_ON_INDEX
      THEN
         NULL;
   END;

   BEGIN
      INSERT INTO sectoresprod
                  (cempres, cramo, cmodali, ctipseg, ccolect, cactivi,
                   cgarant, csector, ccodcontrato, cclacontrato, precarg,
                   iextrap, creten, ffecini, ffecfin, cgruries, cusualt,
                   falta, cusumod, fmodifi
                  )
           VALUES (24, 801, 12, 1, 0, 0,
                   NULL, 3, 472, 0, 0,
                   0, 'N', f_sysdate, NULL, NULL, NULL,
                   NULL, NULL, NULL
                  );
   EXCEPTION
      WHEN DUP_VAL_ON_INDEX
      THEN
         NULL;
   END;

   BEGIN
      INSERT INTO sectoresprod
                  (cempres, cramo, cmodali, ctipseg, ccolect, cactivi,
                   cgarant, csector, ccodcontrato, cclacontrato, precarg,
                   iextrap, creten, ffecini, ffecfin, cgruries, cusualt,
                   falta, cusumod, fmodifi
                  )
           VALUES (24, 801, 13, 1, 0, 0,
                   NULL, 3, 472, 0, 0,
                   0, 'N', f_sysdate, NULL, NULL, NULL,
                   NULL, NULL, NULL
                  );
   EXCEPTION
      WHEN DUP_VAL_ON_INDEX
      THEN
         NULL;
   END;

   BEGIN
      INSERT INTO sectoresprod
                  (cempres, cramo, cmodali, ctipseg, ccolect, cactivi,
                   cgarant, csector, ccodcontrato, cclacontrato, precarg,
                   iextrap, creten, ffecini, ffecfin, cgruries, cusualt,
                   falta, cusumod, fmodifi
                  )
           VALUES (24, 801, 7, 1, 0, 0,
                   NULL, 3, 472, 0, 0,
                   0, 'N', f_sysdate, NULL, NULL, NULL,
                   NULL, NULL, NULL
                  );
   EXCEPTION
      WHEN DUP_VAL_ON_INDEX
      THEN
         NULL;
   END;

   BEGIN
      INSERT INTO sectoresprod
                  (cempres, cramo, cmodali, ctipseg, ccolect, cactivi,
                   cgarant, csector, ccodcontrato, cclacontrato, precarg,
                   iextrap, creten, ffecini, ffecfin, cgruries, cusualt,
                   falta, cusumod, fmodifi
                  )
           VALUES (24, 801, 7, 2, 0, 0,
                   NULL, 3, 472, 0, 0,
                   0, 'N', f_sysdate, NULL, NULL, NULL,
                   NULL, NULL, NULL
                  );
   EXCEPTION
      WHEN DUP_VAL_ON_INDEX
      THEN
         NULL;
   END;

   BEGIN
      INSERT INTO sectoresprod
                  (cempres, cramo, cmodali, ctipseg, ccolect, cactivi,
                   cgarant, csector, ccodcontrato, cclacontrato, precarg,
                   iextrap, creten, ffecini, ffecfin, cgruries, cusualt,
                   falta, cusumod, fmodifi
                  )
           VALUES (24, 801, 8, 1, 0, 0,
                   NULL, 3, 472, 0, 0,
                   0, 'N', f_sysdate, NULL, NULL, NULL,
                   NULL, NULL, NULL
                  );
   EXCEPTION
      WHEN DUP_VAL_ON_INDEX
      THEN
         NULL;
   END;

   BEGIN
      INSERT INTO sectoresprod
                  (cempres, cramo, cmodali, ctipseg, ccolect, cactivi,
                   cgarant, csector, ccodcontrato, cclacontrato, precarg,
                   iextrap, creten, ffecini, ffecfin, cgruries, cusualt,
                   falta, cusumod, fmodifi
                  )
           VALUES (24, 801, 14, 1, 0, 0,
                   NULL, 3, 472, 0, 0,
                   0, 'N', f_sysdate, NULL, NULL, NULL,
                   NULL, NULL, NULL
                  );
   EXCEPTION
      WHEN DUP_VAL_ON_INDEX
      THEN
         NULL;
   END;

   BEGIN
      INSERT INTO sectoresprod
                  (cempres, cramo, cmodali, ctipseg, ccolect, cactivi,
                   cgarant, csector, ccodcontrato, cclacontrato, precarg,
                   iextrap, creten, ffecini, ffecfin, cgruries, cusualt,
                   falta, cusumod, fmodifi
                  )
           VALUES (24, 801, 9, 1, 0, 0,
                   NULL, 3, 472, 0, 0,
                   0, 'N', f_sysdate, NULL, NULL, NULL,
                   NULL, NULL, NULL
                  );
   EXCEPTION
      WHEN DUP_VAL_ON_INDEX
      THEN
         NULL;
   END;

   BEGIN
      INSERT INTO sectoresprod
                  (cempres, cramo, cmodali, ctipseg, ccolect, cactivi,
                   cgarant, csector, ccodcontrato, cclacontrato, precarg,
                   iextrap, creten, ffecini, ffecfin, cgruries, cusualt,
                   falta, cusumod, fmodifi
                  )
           VALUES (24, 801, 9, 2, 0, 0,
                   NULL, 3, 472, 0, 0,
                   0, 'N', f_sysdate, NULL, NULL, NULL,
                   NULL, NULL, NULL
                  );
   EXCEPTION
      WHEN DUP_VAL_ON_INDEX
      THEN
         NULL;
   END;

   BEGIN
      INSERT INTO sectoresprod
                  (cempres, cramo, cmodali, ctipseg, ccolect, cactivi,
                   cgarant, csector, ccodcontrato, cclacontrato, precarg,
                   iextrap, creten, ffecini, ffecfin, cgruries, cusualt,
                   falta, cusumod, fmodifi
                  )
           VALUES (24, 801, 10, 1, 0, 0,
                   NULL, 3, 472, 0, 0,
                   0, 'N', f_sysdate, NULL, NULL, NULL,
                   NULL, NULL, NULL
                  );
   EXCEPTION
      WHEN DUP_VAL_ON_INDEX
      THEN
         NULL;
   END;

   BEGIN
      INSERT INTO sectoresprod
                  (cempres, cramo, cmodali, ctipseg, ccolect, cactivi,
                   cgarant, csector, ccodcontrato, cclacontrato, precarg,
                   iextrap, creten, ffecini, ffecfin, cgruries, cusualt,
                   falta, cusumod, fmodifi
                  )
           VALUES (24, 801, 15, 1, 0, 0,
                   NULL, 3, 472, 0, 0,
                   0, 'N', f_sysdate, NULL, NULL, NULL,
                   NULL, NULL, NULL
                  );
   EXCEPTION
      WHEN DUP_VAL_ON_INDEX
      THEN
         NULL;
   END;

   BEGIN
      INSERT INTO clasecontrato
                  (ccodcontrato, cclacontrato
                  )
           VALUES (473, 0
                  );
   EXCEPTION
      WHEN DUP_VAL_ON_INDEX
      THEN
         NULL;
   END;

   BEGIN
      INSERT INTO detclasecontrato
                  (ccodcontrato, cclacontrato, cidioma,
                   tdescripcion
                  )
           VALUES (473, 0, 1,
                   'Empresas que se encuentren en Ley 116 (insolvencia)'
                  );
   EXCEPTION
      WHEN DUP_VAL_ON_INDEX
      THEN
         NULL;
   END;

   BEGIN
      INSERT INTO detclasecontrato
                  (ccodcontrato, cclacontrato, cidioma,
                   tdescripcion
                  )
           VALUES (473, 0, 2,
                   'Empresas que se encuentren en Ley 116 (insolvencia)'
                  );
   EXCEPTION
      WHEN DUP_VAL_ON_INDEX
      THEN
         NULL;
   END;

   BEGIN
      INSERT INTO detclasecontrato
                  (ccodcontrato, cclacontrato, cidioma,
                   tdescripcion
                  )
           VALUES (473, 0, 8,
                   'Empresas que se encuentren en Ley 116 (insolvencia)'
                  );
   EXCEPTION
      WHEN DUP_VAL_ON_INDEX
      THEN
         NULL;
   END;

   BEGIN
      INSERT INTO sectoresprod
                  (cempres, cramo, cmodali, ctipseg, ccolect, cactivi,
                   cgarant, csector, ccodcontrato, cclacontrato, precarg,
                   iextrap, creten, ffecini, ffecfin, cgruries, cusualt,
                   falta, cusumod, fmodifi
                  )
           VALUES (24, 801, 6, 1, 0, 0,
                   NULL, 3, 473, 0, 0,
                   0, 'N', f_sysdate, NULL, NULL, NULL,
                   NULL, NULL, NULL
                  );
   EXCEPTION
      WHEN DUP_VAL_ON_INDEX
      THEN
         NULL;
   END;

   BEGIN
      INSERT INTO sectoresprod
                  (cempres, cramo, cmodali, ctipseg, ccolect, cactivi,
                   cgarant, csector, ccodcontrato, cclacontrato, precarg,
                   iextrap, creten, ffecini, ffecfin, cgruries, cusualt,
                   falta, cusumod, fmodifi
                  )
           VALUES (24, 801, 11, 1, 0, 0,
                   NULL, 3, 473, 0, 0,
                   0, 'N', f_sysdate, NULL, NULL, NULL,
                   NULL, NULL, NULL
                  );
   EXCEPTION
      WHEN DUP_VAL_ON_INDEX
      THEN
         NULL;
   END;

   BEGIN
      INSERT INTO sectoresprod
                  (cempres, cramo, cmodali, ctipseg, ccolect, cactivi,
                   cgarant, csector, ccodcontrato, cclacontrato, precarg,
                   iextrap, creten, ffecini, ffecfin, cgruries, cusualt,
                   falta, cusumod, fmodifi
                  )
           VALUES (24, 801, 12, 1, 0, 0,
                   NULL, 3, 473, 0, 0,
                   0, 'N', f_sysdate, NULL, NULL, NULL,
                   NULL, NULL, NULL
                  );
   EXCEPTION
      WHEN DUP_VAL_ON_INDEX
      THEN
         NULL;
   END;

   BEGIN
      INSERT INTO sectoresprod
                  (cempres, cramo, cmodali, ctipseg, ccolect, cactivi,
                   cgarant, csector, ccodcontrato, cclacontrato, precarg,
                   iextrap, creten, ffecini, ffecfin, cgruries, cusualt,
                   falta, cusumod, fmodifi
                  )
           VALUES (24, 801, 13, 1, 0, 0,
                   NULL, 3, 473, 0, 0,
                   0, 'N', f_sysdate, NULL, NULL, NULL,
                   NULL, NULL, NULL
                  );
   EXCEPTION
      WHEN DUP_VAL_ON_INDEX
      THEN
         NULL;
   END;

   BEGIN
      INSERT INTO sectoresprod
                  (cempres, cramo, cmodali, ctipseg, ccolect, cactivi,
                   cgarant, csector, ccodcontrato, cclacontrato, precarg,
                   iextrap, creten, ffecini, ffecfin, cgruries, cusualt,
                   falta, cusumod, fmodifi
                  )
           VALUES (24, 801, 7, 1, 0, 0,
                   NULL, 3, 473, 0, 0,
                   0, 'N', f_sysdate, NULL, NULL, NULL,
                   NULL, NULL, NULL
                  );
   EXCEPTION
      WHEN DUP_VAL_ON_INDEX
      THEN
         NULL;
   END;

   BEGIN
      INSERT INTO sectoresprod
                  (cempres, cramo, cmodali, ctipseg, ccolect, cactivi,
                   cgarant, csector, ccodcontrato, cclacontrato, precarg,
                   iextrap, creten, ffecini, ffecfin, cgruries, cusualt,
                   falta, cusumod, fmodifi
                  )
           VALUES (24, 801, 7, 2, 0, 0,
                   NULL, 3, 473, 0, 0,
                   0, 'N', f_sysdate, NULL, NULL, NULL,
                   NULL, NULL, NULL
                  );
   EXCEPTION
      WHEN DUP_VAL_ON_INDEX
      THEN
         NULL;
   END;

   BEGIN
      INSERT INTO sectoresprod
                  (cempres, cramo, cmodali, ctipseg, ccolect, cactivi,
                   cgarant, csector, ccodcontrato, cclacontrato, precarg,
                   iextrap, creten, ffecini, ffecfin, cgruries, cusualt,
                   falta, cusumod, fmodifi
                  )
           VALUES (24, 801, 8, 1, 0, 0,
                   NULL, 3, 473, 0, 0,
                   0, 'N', f_sysdate, NULL, NULL, NULL,
                   NULL, NULL, NULL
                  );
   EXCEPTION
      WHEN DUP_VAL_ON_INDEX
      THEN
         NULL;
   END;

   BEGIN
      INSERT INTO sectoresprod
                  (cempres, cramo, cmodali, ctipseg, ccolect, cactivi,
                   cgarant, csector, ccodcontrato, cclacontrato, precarg,
                   iextrap, creten, ffecini, ffecfin, cgruries, cusualt,
                   falta, cusumod, fmodifi
                  )
           VALUES (24, 801, 14, 1, 0, 0,
                   NULL, 3, 473, 0, 0,
                   0, 'N', f_sysdate, NULL, NULL, NULL,
                   NULL, NULL, NULL
                  );
   EXCEPTION
      WHEN DUP_VAL_ON_INDEX
      THEN
         NULL;
   END;

   BEGIN
      INSERT INTO sectoresprod
                  (cempres, cramo, cmodali, ctipseg, ccolect, cactivi,
                   cgarant, csector, ccodcontrato, cclacontrato, precarg,
                   iextrap, creten, ffecini, ffecfin, cgruries, cusualt,
                   falta, cusumod, fmodifi
                  )
           VALUES (24, 801, 9, 1, 0, 0,
                   NULL, 3, 473, 0, 0,
                   0, 'N', f_sysdate, NULL, NULL, NULL,
                   NULL, NULL, NULL
                  );
   EXCEPTION
      WHEN DUP_VAL_ON_INDEX
      THEN
         NULL;
   END;

   BEGIN
      INSERT INTO sectoresprod
                  (cempres, cramo, cmodali, ctipseg, ccolect, cactivi,
                   cgarant, csector, ccodcontrato, cclacontrato, precarg,
                   iextrap, creten, ffecini, ffecfin, cgruries, cusualt,
                   falta, cusumod, fmodifi
                  )
           VALUES (24, 801, 9, 2, 0, 0,
                   NULL, 3, 473, 0, 0,
                   0, 'N', f_sysdate, NULL, NULL, NULL,
                   NULL, NULL, NULL
                  );
   EXCEPTION
      WHEN DUP_VAL_ON_INDEX
      THEN
         NULL;
   END;

   BEGIN
      INSERT INTO sectoresprod
                  (cempres, cramo, cmodali, ctipseg, ccolect, cactivi,
                   cgarant, csector, ccodcontrato, cclacontrato, precarg,
                   iextrap, creten, ffecini, ffecfin, cgruries, cusualt,
                   falta, cusumod, fmodifi
                  )
           VALUES (24, 801, 10, 1, 0, 0,
                   NULL, 3, 473, 0, 0,
                   0, 'N', f_sysdate, NULL, NULL, NULL,
                   NULL, NULL, NULL
                  );
   EXCEPTION
      WHEN DUP_VAL_ON_INDEX
      THEN
         NULL;
   END;

   BEGIN
      INSERT INTO sectoresprod
                  (cempres, cramo, cmodali, ctipseg, ccolect, cactivi,
                   cgarant, csector, ccodcontrato, cclacontrato, precarg,
                   iextrap, creten, ffecini, ffecfin, cgruries, cusualt,
                   falta, cusumod, fmodifi
                  )
           VALUES (24, 801, 15, 1, 0, 0,
                   NULL, 3, 473, 0, 0,
                   0, 'N', f_sysdate, NULL, NULL, NULL,
                   NULL, NULL, NULL
                  );
   EXCEPTION
      WHEN DUP_VAL_ON_INDEX
      THEN
         NULL;
   END;

   BEGIN
      INSERT INTO clasecontrato
                  (ccodcontrato, cclacontrato
                  )
           VALUES (474, 0
                  );
   EXCEPTION
      WHEN DUP_VAL_ON_INDEX
      THEN
         NULL;
   END;

   BEGIN
      INSERT INTO detclasecontrato
                  (ccodcontrato, cclacontrato, cidioma,
                   tdescripcion
                  )
           VALUES (474, 0, 1,
                   'Garant. contratos de estud. con y/o sin poster'
                  );
   EXCEPTION
      WHEN DUP_VAL_ON_INDEX
      THEN
         NULL;
   END;

   BEGIN
      INSERT INTO detclasecontrato
                  (ccodcontrato, cclacontrato, cidioma,
                   tdescripcion
                  )
           VALUES (474, 0, 2,
                   'Garant. contratos de estud. con y/o sin poster'
                  );
   EXCEPTION
      WHEN DUP_VAL_ON_INDEX
      THEN
         NULL;
   END;

   BEGIN
      INSERT INTO detclasecontrato
                  (ccodcontrato, cclacontrato, cidioma,
                   tdescripcion
                  )
           VALUES (474, 0, 8,
                   'Garant. contratos de estud. con y/o sin poster'
                  );
   EXCEPTION
      WHEN DUP_VAL_ON_INDEX
      THEN
         NULL;
   END;

   BEGIN
      INSERT INTO sectoresprod
                  (cempres, cramo, cmodali, ctipseg, ccolect, cactivi,
                   cgarant, csector, ccodcontrato, cclacontrato, precarg,
                   iextrap, creten, ffecini, ffecfin, cgruries, cusualt,
                   falta, cusumod, fmodifi
                  )
           VALUES (24, 801, 6, 1, 0, 0,
                   NULL, 3, 474, 0, 0,
                   0, 'N', f_sysdate, NULL, NULL, NULL,
                   NULL, NULL, NULL
                  );
   EXCEPTION
      WHEN DUP_VAL_ON_INDEX
      THEN
         NULL;
   END;

   BEGIN
      INSERT INTO sectoresprod
                  (cempres, cramo, cmodali, ctipseg, ccolect, cactivi,
                   cgarant, csector, ccodcontrato, cclacontrato, precarg,
                   iextrap, creten, ffecini, ffecfin, cgruries, cusualt,
                   falta, cusumod, fmodifi
                  )
           VALUES (24, 801, 11, 1, 0, 0,
                   NULL, 3, 474, 0, 0,
                   0, 'N', f_sysdate, NULL, NULL, NULL,
                   NULL, NULL, NULL
                  );
   EXCEPTION
      WHEN DUP_VAL_ON_INDEX
      THEN
         NULL;
   END;

   BEGIN
      INSERT INTO sectoresprod
                  (cempres, cramo, cmodali, ctipseg, ccolect, cactivi,
                   cgarant, csector, ccodcontrato, cclacontrato, precarg,
                   iextrap, creten, ffecini, ffecfin, cgruries, cusualt,
                   falta, cusumod, fmodifi
                  )
           VALUES (24, 801, 12, 1, 0, 0,
                   NULL, 3, 474, 0, 0,
                   0, 'N', f_sysdate, NULL, NULL, NULL,
                   NULL, NULL, NULL
                  );
   EXCEPTION
      WHEN DUP_VAL_ON_INDEX
      THEN
         NULL;
   END;

   BEGIN
      INSERT INTO sectoresprod
                  (cempres, cramo, cmodali, ctipseg, ccolect, cactivi,
                   cgarant, csector, ccodcontrato, cclacontrato, precarg,
                   iextrap, creten, ffecini, ffecfin, cgruries, cusualt,
                   falta, cusumod, fmodifi
                  )
           VALUES (24, 801, 13, 1, 0, 0,
                   NULL, 3, 474, 0, 0,
                   0, 'N', f_sysdate, NULL, NULL, NULL,
                   NULL, NULL, NULL
                  );
   EXCEPTION
      WHEN DUP_VAL_ON_INDEX
      THEN
         NULL;
   END;

   BEGIN
      INSERT INTO sectoresprod
                  (cempres, cramo, cmodali, ctipseg, ccolect, cactivi,
                   cgarant, csector, ccodcontrato, cclacontrato, precarg,
                   iextrap, creten, ffecini, ffecfin, cgruries, cusualt,
                   falta, cusumod, fmodifi
                  )
           VALUES (24, 801, 7, 1, 0, 0,
                   NULL, 3, 474, 0, 0,
                   0, 'N', f_sysdate, NULL, NULL, NULL,
                   NULL, NULL, NULL
                  );
   EXCEPTION
      WHEN DUP_VAL_ON_INDEX
      THEN
         NULL;
   END;

   BEGIN
      INSERT INTO sectoresprod
                  (cempres, cramo, cmodali, ctipseg, ccolect, cactivi,
                   cgarant, csector, ccodcontrato, cclacontrato, precarg,
                   iextrap, creten, ffecini, ffecfin, cgruries, cusualt,
                   falta, cusumod, fmodifi
                  )
           VALUES (24, 801, 7, 2, 0, 0,
                   NULL, 3, 474, 0, 0,
                   0, 'N', f_sysdate, NULL, NULL, NULL,
                   NULL, NULL, NULL
                  );
   EXCEPTION
      WHEN DUP_VAL_ON_INDEX
      THEN
         NULL;
   END;

   BEGIN
      INSERT INTO sectoresprod
                  (cempres, cramo, cmodali, ctipseg, ccolect, cactivi,
                   cgarant, csector, ccodcontrato, cclacontrato, precarg,
                   iextrap, creten, ffecini, ffecfin, cgruries, cusualt,
                   falta, cusumod, fmodifi
                  )
           VALUES (24, 801, 8, 1, 0, 0,
                   NULL, 3, 474, 0, 0,
                   0, 'N', f_sysdate, NULL, NULL, NULL,
                   NULL, NULL, NULL
                  );
   EXCEPTION
      WHEN DUP_VAL_ON_INDEX
      THEN
         NULL;
   END;

   BEGIN
      INSERT INTO sectoresprod
                  (cempres, cramo, cmodali, ctipseg, ccolect, cactivi,
                   cgarant, csector, ccodcontrato, cclacontrato, precarg,
                   iextrap, creten, ffecini, ffecfin, cgruries, cusualt,
                   falta, cusumod, fmodifi
                  )
           VALUES (24, 801, 14, 1, 0, 0,
                   NULL, 3, 474, 0, 0,
                   0, 'N', f_sysdate, NULL, NULL, NULL,
                   NULL, NULL, NULL
                  );
   EXCEPTION
      WHEN DUP_VAL_ON_INDEX
      THEN
         NULL;
   END;

   BEGIN
      INSERT INTO sectoresprod
                  (cempres, cramo, cmodali, ctipseg, ccolect, cactivi,
                   cgarant, csector, ccodcontrato, cclacontrato, precarg,
                   iextrap, creten, ffecini, ffecfin, cgruries, cusualt,
                   falta, cusumod, fmodifi
                  )
           VALUES (24, 801, 9, 1, 0, 0,
                   NULL, 3, 474, 0, 0,
                   0, 'N', f_sysdate, NULL, NULL, NULL,
                   NULL, NULL, NULL
                  );
   EXCEPTION
      WHEN DUP_VAL_ON_INDEX
      THEN
         NULL;
   END;

   BEGIN
      INSERT INTO sectoresprod
                  (cempres, cramo, cmodali, ctipseg, ccolect, cactivi,
                   cgarant, csector, ccodcontrato, cclacontrato, precarg,
                   iextrap, creten, ffecini, ffecfin, cgruries, cusualt,
                   falta, cusumod, fmodifi
                  )
           VALUES (24, 801, 9, 2, 0, 0,
                   NULL, 3, 474, 0, 0,
                   0, 'N', f_sysdate, NULL, NULL, NULL,
                   NULL, NULL, NULL
                  );
   EXCEPTION
      WHEN DUP_VAL_ON_INDEX
      THEN
         NULL;
   END;

   BEGIN
      INSERT INTO sectoresprod
                  (cempres, cramo, cmodali, ctipseg, ccolect, cactivi,
                   cgarant, csector, ccodcontrato, cclacontrato, precarg,
                   iextrap, creten, ffecini, ffecfin, cgruries, cusualt,
                   falta, cusumod, fmodifi
                  )
           VALUES (24, 801, 10, 1, 0, 0,
                   NULL, 3, 474, 0, 0,
                   0, 'N', f_sysdate, NULL, NULL, NULL,
                   NULL, NULL, NULL
                  );
   EXCEPTION
      WHEN DUP_VAL_ON_INDEX
      THEN
         NULL;
   END;

   BEGIN
      INSERT INTO sectoresprod
                  (cempres, cramo, cmodali, ctipseg, ccolect, cactivi,
                   cgarant, csector, ccodcontrato, cclacontrato, precarg,
                   iextrap, creten, ffecini, ffecfin, cgruries, cusualt,
                   falta, cusumod, fmodifi
                  )
           VALUES (24, 801, 15, 1, 0, 0,
                   NULL, 3, 474, 0, 0,
                   0, 'N', f_sysdate, NULL, NULL, NULL,
                   NULL, NULL, NULL
                  );
   EXCEPTION
      WHEN DUP_VAL_ON_INDEX
      THEN
         NULL;
   END;

   BEGIN
      INSERT INTO clasecontrato
                  (ccodcontrato, cclacontrato
                  )
           VALUES (475, 0
                  );
   EXCEPTION
      WHEN DUP_VAL_ON_INDEX
      THEN
         NULL;
   END;

   BEGIN
      INSERT INTO detclasecontrato
                  (ccodcontrato, cclacontrato, cidioma, tdescripcion
                  )
           VALUES (475, 0, 1, 'hu'
                  );
   EXCEPTION
      WHEN DUP_VAL_ON_INDEX
      THEN
         NULL;
   END;

   BEGIN
      INSERT INTO detclasecontrato
                  (ccodcontrato, cclacontrato, cidioma, tdescripcion
                  )
           VALUES (475, 0, 2, 'hu'
                  );
   EXCEPTION
      WHEN DUP_VAL_ON_INDEX
      THEN
         NULL;
   END;

   BEGIN
      INSERT INTO detclasecontrato
                  (ccodcontrato, cclacontrato, cidioma, tdescripcion
                  )
           VALUES (475, 0, 8, 'hu'
                  );
   EXCEPTION
      WHEN DUP_VAL_ON_INDEX
      THEN
         NULL;
   END;

   BEGIN
      INSERT INTO sectoresprod
                  (cempres, cramo, cmodali, ctipseg, ccolect, cactivi,
                   cgarant, csector, ccodcontrato, cclacontrato, precarg,
                   iextrap, creten, ffecini, ffecfin, cgruries, cusualt,
                   falta, cusumod, fmodifi
                  )
           VALUES (24, 801, 6, 1, 0, 0,
                   NULL, 3, 475, 0, 0,
                   0, 'N', f_sysdate, NULL, NULL, NULL,
                   NULL, NULL, NULL
                  );
   EXCEPTION
      WHEN DUP_VAL_ON_INDEX
      THEN
         NULL;
   END;

   BEGIN
      INSERT INTO sectoresprod
                  (cempres, cramo, cmodali, ctipseg, ccolect, cactivi,
                   cgarant, csector, ccodcontrato, cclacontrato, precarg,
                   iextrap, creten, ffecini, ffecfin, cgruries, cusualt,
                   falta, cusumod, fmodifi
                  )
           VALUES (24, 801, 11, 1, 0, 0,
                   NULL, 3, 475, 0, 0,
                   0, 'N', f_sysdate, NULL, NULL, NULL,
                   NULL, NULL, NULL
                  );
   EXCEPTION
      WHEN DUP_VAL_ON_INDEX
      THEN
         NULL;
   END;

   BEGIN
      INSERT INTO sectoresprod
                  (cempres, cramo, cmodali, ctipseg, ccolect, cactivi,
                   cgarant, csector, ccodcontrato, cclacontrato, precarg,
                   iextrap, creten, ffecini, ffecfin, cgruries, cusualt,
                   falta, cusumod, fmodifi
                  )
           VALUES (24, 801, 12, 1, 0, 0,
                   NULL, 3, 475, 0, 0,
                   0, 'N', f_sysdate, NULL, NULL, NULL,
                   NULL, NULL, NULL
                  );
   EXCEPTION
      WHEN DUP_VAL_ON_INDEX
      THEN
         NULL;
   END;

   BEGIN
      INSERT INTO sectoresprod
                  (cempres, cramo, cmodali, ctipseg, ccolect, cactivi,
                   cgarant, csector, ccodcontrato, cclacontrato, precarg,
                   iextrap, creten, ffecini, ffecfin, cgruries, cusualt,
                   falta, cusumod, fmodifi
                  )
           VALUES (24, 801, 13, 1, 0, 0,
                   NULL, 3, 475, 0, 0,
                   0, 'N', f_sysdate, NULL, NULL, NULL,
                   NULL, NULL, NULL
                  );
   EXCEPTION
      WHEN DUP_VAL_ON_INDEX
      THEN
         NULL;
   END;

   BEGIN
      INSERT INTO sectoresprod
                  (cempres, cramo, cmodali, ctipseg, ccolect, cactivi,
                   cgarant, csector, ccodcontrato, cclacontrato, precarg,
                   iextrap, creten, ffecini, ffecfin, cgruries, cusualt,
                   falta, cusumod, fmodifi
                  )
           VALUES (24, 801, 7, 1, 0, 0,
                   NULL, 3, 475, 0, 0,
                   0, 'N', f_sysdate, NULL, NULL, NULL,
                   NULL, NULL, NULL
                  );
   EXCEPTION
      WHEN DUP_VAL_ON_INDEX
      THEN
         NULL;
   END;

   BEGIN
      INSERT INTO sectoresprod
                  (cempres, cramo, cmodali, ctipseg, ccolect, cactivi,
                   cgarant, csector, ccodcontrato, cclacontrato, precarg,
                   iextrap, creten, ffecini, ffecfin, cgruries, cusualt,
                   falta, cusumod, fmodifi
                  )
           VALUES (24, 801, 7, 2, 0, 0,
                   NULL, 3, 475, 0, 0,
                   0, 'N', f_sysdate, NULL, NULL, NULL,
                   NULL, NULL, NULL
                  );
   EXCEPTION
      WHEN DUP_VAL_ON_INDEX
      THEN
         NULL;
   END;

   BEGIN
      INSERT INTO sectoresprod
                  (cempres, cramo, cmodali, ctipseg, ccolect, cactivi,
                   cgarant, csector, ccodcontrato, cclacontrato, precarg,
                   iextrap, creten, ffecini, ffecfin, cgruries, cusualt,
                   falta, cusumod, fmodifi
                  )
           VALUES (24, 801, 8, 1, 0, 0,
                   NULL, 3, 475, 0, 0,
                   0, 'N', f_sysdate, NULL, NULL, NULL,
                   NULL, NULL, NULL
                  );
   EXCEPTION
      WHEN DUP_VAL_ON_INDEX
      THEN
         NULL;
   END;

   BEGIN
      INSERT INTO sectoresprod
                  (cempres, cramo, cmodali, ctipseg, ccolect, cactivi,
                   cgarant, csector, ccodcontrato, cclacontrato, precarg,
                   iextrap, creten, ffecini, ffecfin, cgruries, cusualt,
                   falta, cusumod, fmodifi
                  )
           VALUES (24, 801, 14, 1, 0, 0,
                   NULL, 3, 475, 0, 0,
                   0, 'N', f_sysdate, NULL, NULL, NULL,
                   NULL, NULL, NULL
                  );
   EXCEPTION
      WHEN DUP_VAL_ON_INDEX
      THEN
         NULL;
   END;

   BEGIN
      INSERT INTO sectoresprod
                  (cempres, cramo, cmodali, ctipseg, ccolect, cactivi,
                   cgarant, csector, ccodcontrato, cclacontrato, precarg,
                   iextrap, creten, ffecini, ffecfin, cgruries, cusualt,
                   falta, cusumod, fmodifi
                  )
           VALUES (24, 801, 9, 1, 0, 0,
                   NULL, 3, 475, 0, 0,
                   0, 'N', f_sysdate, NULL, NULL, NULL,
                   NULL, NULL, NULL
                  );
   EXCEPTION
      WHEN DUP_VAL_ON_INDEX
      THEN
         NULL;
   END;

   BEGIN
      INSERT INTO sectoresprod
                  (cempres, cramo, cmodali, ctipseg, ccolect, cactivi,
                   cgarant, csector, ccodcontrato, cclacontrato, precarg,
                   iextrap, creten, ffecini, ffecfin, cgruries, cusualt,
                   falta, cusumod, fmodifi
                  )
           VALUES (24, 801, 9, 2, 0, 0,
                   NULL, 3, 475, 0, 0,
                   0, 'N', f_sysdate, NULL, NULL, NULL,
                   NULL, NULL, NULL
                  );
   EXCEPTION
      WHEN DUP_VAL_ON_INDEX
      THEN
         NULL;
   END;

   BEGIN
      INSERT INTO sectoresprod
                  (cempres, cramo, cmodali, ctipseg, ccolect, cactivi,
                   cgarant, csector, ccodcontrato, cclacontrato, precarg,
                   iextrap, creten, ffecini, ffecfin, cgruries, cusualt,
                   falta, cusumod, fmodifi
                  )
           VALUES (24, 801, 10, 1, 0, 0,
                   NULL, 3, 475, 0, 0,
                   0, 'N', f_sysdate, NULL, NULL, NULL,
                   NULL, NULL, NULL
                  );
   EXCEPTION
      WHEN DUP_VAL_ON_INDEX
      THEN
         NULL;
   END;

   BEGIN
      INSERT INTO sectoresprod
                  (cempres, cramo, cmodali, ctipseg, ccolect, cactivi,
                   cgarant, csector, ccodcontrato, cclacontrato, precarg,
                   iextrap, creten, ffecini, ffecfin, cgruries, cusualt,
                   falta, cusumod, fmodifi
                  )
           VALUES (24, 801, 15, 1, 0, 0,
                   NULL, 3, 475, 0, 0,
                   0, 'N', f_sysdate, NULL, NULL, NULL,
                   NULL, NULL, NULL
                  );
   EXCEPTION
      WHEN DUP_VAL_ON_INDEX
      THEN
         NULL;
   END;

   BEGIN
      INSERT INTO clasecontrato
                  (ccodcontrato, cclacontrato
                  )
           VALUES (476, 0
                  );
   EXCEPTION
      WHEN DUP_VAL_ON_INDEX
      THEN
         NULL;
   END;

   BEGIN
      INSERT INTO detclasecontrato
                  (ccodcontrato, cclacontrato, cidioma,
                   tdescripcion
                  )
           VALUES (476, 0, 1,
                   'Pago de Salarios y Prestaciones Soc. derivada de contratos'
                  );
   EXCEPTION
      WHEN DUP_VAL_ON_INDEX
      THEN
         NULL;
   END;

   BEGIN
      INSERT INTO detclasecontrato
                  (ccodcontrato, cclacontrato, cidioma,
                   tdescripcion
                  )
           VALUES (476, 0, 2,
                   'Pago de Salarios y Prestaciones Soc. derivada de contratos'
                  );
   EXCEPTION
      WHEN DUP_VAL_ON_INDEX
      THEN
         NULL;
   END;

   BEGIN
      INSERT INTO detclasecontrato
                  (ccodcontrato, cclacontrato, cidioma,
                   tdescripcion
                  )
           VALUES (476, 0, 8,
                   'Pago de Salarios y Prestaciones Soc. derivada de contratos'
                  );
   EXCEPTION
      WHEN DUP_VAL_ON_INDEX
      THEN
         NULL;
   END;

   BEGIN
      INSERT INTO sectoresprod
                  (cempres, cramo, cmodali, ctipseg, ccolect, cactivi,
                   cgarant, csector, ccodcontrato, cclacontrato, precarg,
                   iextrap, creten, ffecini, ffecfin, cgruries, cusualt,
                   falta, cusumod, fmodifi
                  )
           VALUES (24, 801, 6, 1, 0, 0,
                   NULL, 3, 476, 0, 0,
                   0, 'N', f_sysdate, NULL, NULL, NULL,
                   NULL, NULL, NULL
                  );
   EXCEPTION
      WHEN DUP_VAL_ON_INDEX
      THEN
         NULL;
   END;

   BEGIN
      INSERT INTO sectoresprod
                  (cempres, cramo, cmodali, ctipseg, ccolect, cactivi,
                   cgarant, csector, ccodcontrato, cclacontrato, precarg,
                   iextrap, creten, ffecini, ffecfin, cgruries, cusualt,
                   falta, cusumod, fmodifi
                  )
           VALUES (24, 801, 11, 1, 0, 0,
                   NULL, 3, 476, 0, 0,
                   0, 'N', f_sysdate, NULL, NULL, NULL,
                   NULL, NULL, NULL
                  );
   EXCEPTION
      WHEN DUP_VAL_ON_INDEX
      THEN
         NULL;
   END;

   BEGIN
      INSERT INTO sectoresprod
                  (cempres, cramo, cmodali, ctipseg, ccolect, cactivi,
                   cgarant, csector, ccodcontrato, cclacontrato, precarg,
                   iextrap, creten, ffecini, ffecfin, cgruries, cusualt,
                   falta, cusumod, fmodifi
                  )
           VALUES (24, 801, 12, 1, 0, 0,
                   NULL, 3, 476, 0, 0,
                   0, 'N', f_sysdate, NULL, NULL, NULL,
                   NULL, NULL, NULL
                  );
   EXCEPTION
      WHEN DUP_VAL_ON_INDEX
      THEN
         NULL;
   END;

   BEGIN
      INSERT INTO sectoresprod
                  (cempres, cramo, cmodali, ctipseg, ccolect, cactivi,
                   cgarant, csector, ccodcontrato, cclacontrato, precarg,
                   iextrap, creten, ffecini, ffecfin, cgruries, cusualt,
                   falta, cusumod, fmodifi
                  )
           VALUES (24, 801, 13, 1, 0, 0,
                   NULL, 3, 476, 0, 0,
                   0, 'N', f_sysdate, NULL, NULL, NULL,
                   NULL, NULL, NULL
                  );
   EXCEPTION
      WHEN DUP_VAL_ON_INDEX
      THEN
         NULL;
   END;

   BEGIN
      INSERT INTO sectoresprod
                  (cempres, cramo, cmodali, ctipseg, ccolect, cactivi,
                   cgarant, csector, ccodcontrato, cclacontrato, precarg,
                   iextrap, creten, ffecini, ffecfin, cgruries, cusualt,
                   falta, cusumod, fmodifi
                  )
           VALUES (24, 801, 7, 1, 0, 0,
                   NULL, 3, 476, 0, 0,
                   0, 'N', f_sysdate, NULL, NULL, NULL,
                   NULL, NULL, NULL
                  );
   EXCEPTION
      WHEN DUP_VAL_ON_INDEX
      THEN
         NULL;
   END;

   BEGIN
      INSERT INTO sectoresprod
                  (cempres, cramo, cmodali, ctipseg, ccolect, cactivi,
                   cgarant, csector, ccodcontrato, cclacontrato, precarg,
                   iextrap, creten, ffecini, ffecfin, cgruries, cusualt,
                   falta, cusumod, fmodifi
                  )
           VALUES (24, 801, 7, 2, 0, 0,
                   NULL, 3, 476, 0, 0,
                   0, 'N', f_sysdate, NULL, NULL, NULL,
                   NULL, NULL, NULL
                  );
   EXCEPTION
      WHEN DUP_VAL_ON_INDEX
      THEN
         NULL;
   END;

   BEGIN
      INSERT INTO sectoresprod
                  (cempres, cramo, cmodali, ctipseg, ccolect, cactivi,
                   cgarant, csector, ccodcontrato, cclacontrato, precarg,
                   iextrap, creten, ffecini, ffecfin, cgruries, cusualt,
                   falta, cusumod, fmodifi
                  )
           VALUES (24, 801, 8, 1, 0, 0,
                   NULL, 3, 476, 0, 0,
                   0, 'N', f_sysdate, NULL, NULL, NULL,
                   NULL, NULL, NULL
                  );
   EXCEPTION
      WHEN DUP_VAL_ON_INDEX
      THEN
         NULL;
   END;

   BEGIN
      INSERT INTO sectoresprod
                  (cempres, cramo, cmodali, ctipseg, ccolect, cactivi,
                   cgarant, csector, ccodcontrato, cclacontrato, precarg,
                   iextrap, creten, ffecini, ffecfin, cgruries, cusualt,
                   falta, cusumod, fmodifi
                  )
           VALUES (24, 801, 14, 1, 0, 0,
                   NULL, 3, 476, 0, 0,
                   0, 'N', f_sysdate, NULL, NULL, NULL,
                   NULL, NULL, NULL
                  );
   EXCEPTION
      WHEN DUP_VAL_ON_INDEX
      THEN
         NULL;
   END;

   BEGIN
      INSERT INTO sectoresprod
                  (cempres, cramo, cmodali, ctipseg, ccolect, cactivi,
                   cgarant, csector, ccodcontrato, cclacontrato, precarg,
                   iextrap, creten, ffecini, ffecfin, cgruries, cusualt,
                   falta, cusumod, fmodifi
                  )
           VALUES (24, 801, 9, 1, 0, 0,
                   NULL, 3, 476, 0, 0,
                   0, 'N', f_sysdate, NULL, NULL, NULL,
                   NULL, NULL, NULL
                  );
   EXCEPTION
      WHEN DUP_VAL_ON_INDEX
      THEN
         NULL;
   END;

   BEGIN
      INSERT INTO sectoresprod
                  (cempres, cramo, cmodali, ctipseg, ccolect, cactivi,
                   cgarant, csector, ccodcontrato, cclacontrato, precarg,
                   iextrap, creten, ffecini, ffecfin, cgruries, cusualt,
                   falta, cusumod, fmodifi
                  )
           VALUES (24, 801, 9, 2, 0, 0,
                   NULL, 3, 476, 0, 0,
                   0, 'N', f_sysdate, NULL, NULL, NULL,
                   NULL, NULL, NULL
                  );
   EXCEPTION
      WHEN DUP_VAL_ON_INDEX
      THEN
         NULL;
   END;

   BEGIN
      INSERT INTO sectoresprod
                  (cempres, cramo, cmodali, ctipseg, ccolect, cactivi,
                   cgarant, csector, ccodcontrato, cclacontrato, precarg,
                   iextrap, creten, ffecini, ffecfin, cgruries, cusualt,
                   falta, cusumod, fmodifi
                  )
           VALUES (24, 801, 10, 1, 0, 0,
                   NULL, 3, 476, 0, 0,
                   0, 'N', f_sysdate, NULL, NULL, NULL,
                   NULL, NULL, NULL
                  );
   EXCEPTION
      WHEN DUP_VAL_ON_INDEX
      THEN
         NULL;
   END;

   BEGIN
      INSERT INTO sectoresprod
                  (cempres, cramo, cmodali, ctipseg, ccolect, cactivi,
                   cgarant, csector, ccodcontrato, cclacontrato, precarg,
                   iextrap, creten, ffecini, ffecfin, cgruries, cusualt,
                   falta, cusumod, fmodifi
                  )
           VALUES (24, 801, 15, 1, 0, 0,
                   NULL, 3, 476, 0, 0,
                   0, 'N', f_sysdate, NULL, NULL, NULL,
                   NULL, NULL, NULL
                  );
   EXCEPTION
      WHEN DUP_VAL_ON_INDEX
      THEN
         NULL;
   END;

   BEGIN
      INSERT INTO clasecontrato
                  (ccodcontrato, cclacontrato
                  )
           VALUES (477, 0
                  );
   EXCEPTION
      WHEN DUP_VAL_ON_INDEX
      THEN
         NULL;
   END;

   BEGIN
      INSERT INTO detclasecontrato
                  (ccodcontrato, cclacontrato, cidioma, tdescripcion
                  )
           VALUES (477, 0, 1, 'Polizas para Candidatos'
                  );
   EXCEPTION
      WHEN DUP_VAL_ON_INDEX
      THEN
         NULL;
   END;

   BEGIN
      INSERT INTO detclasecontrato
                  (ccodcontrato, cclacontrato, cidioma, tdescripcion
                  )
           VALUES (477, 0, 2, 'Polizas para Candidatos'
                  );
   EXCEPTION
      WHEN DUP_VAL_ON_INDEX
      THEN
         NULL;
   END;

   BEGIN
      INSERT INTO detclasecontrato
                  (ccodcontrato, cclacontrato, cidioma, tdescripcion
                  )
           VALUES (477, 0, 8, 'Polizas para Candidatos'
                  );
   EXCEPTION
      WHEN DUP_VAL_ON_INDEX
      THEN
         NULL;
   END;

   BEGIN
      INSERT INTO sectoresprod
                  (cempres, cramo, cmodali, ctipseg, ccolect, cactivi,
                   cgarant, csector, ccodcontrato, cclacontrato, precarg,
                   iextrap, creten, ffecini, ffecfin, cgruries, cusualt,
                   falta, cusumod, fmodifi
                  )
           VALUES (24, 801, 6, 1, 0, 0,
                   NULL, 3, 477, 0, 0,
                   0, 'N', f_sysdate, NULL, NULL, NULL,
                   NULL, NULL, NULL
                  );
   EXCEPTION
      WHEN DUP_VAL_ON_INDEX
      THEN
         NULL;
   END;

   BEGIN
      INSERT INTO sectoresprod
                  (cempres, cramo, cmodali, ctipseg, ccolect, cactivi,
                   cgarant, csector, ccodcontrato, cclacontrato, precarg,
                   iextrap, creten, ffecini, ffecfin, cgruries, cusualt,
                   falta, cusumod, fmodifi
                  )
           VALUES (24, 801, 11, 1, 0, 0,
                   NULL, 3, 477, 0, 0,
                   0, 'N', f_sysdate, NULL, NULL, NULL,
                   NULL, NULL, NULL
                  );
   EXCEPTION
      WHEN DUP_VAL_ON_INDEX
      THEN
         NULL;
   END;

   BEGIN
      INSERT INTO sectoresprod
                  (cempres, cramo, cmodali, ctipseg, ccolect, cactivi,
                   cgarant, csector, ccodcontrato, cclacontrato, precarg,
                   iextrap, creten, ffecini, ffecfin, cgruries, cusualt,
                   falta, cusumod, fmodifi
                  )
           VALUES (24, 801, 12, 1, 0, 0,
                   NULL, 3, 477, 0, 0,
                   0, 'N', f_sysdate, NULL, NULL, NULL,
                   NULL, NULL, NULL
                  );
   EXCEPTION
      WHEN DUP_VAL_ON_INDEX
      THEN
         NULL;
   END;

   BEGIN
      INSERT INTO sectoresprod
                  (cempres, cramo, cmodali, ctipseg, ccolect, cactivi,
                   cgarant, csector, ccodcontrato, cclacontrato, precarg,
                   iextrap, creten, ffecini, ffecfin, cgruries, cusualt,
                   falta, cusumod, fmodifi
                  )
           VALUES (24, 801, 13, 1, 0, 0,
                   NULL, 3, 477, 0, 0,
                   0, 'N', f_sysdate, NULL, NULL, NULL,
                   NULL, NULL, NULL
                  );
   EXCEPTION
      WHEN DUP_VAL_ON_INDEX
      THEN
         NULL;
   END;

   BEGIN
      INSERT INTO sectoresprod
                  (cempres, cramo, cmodali, ctipseg, ccolect, cactivi,
                   cgarant, csector, ccodcontrato, cclacontrato, precarg,
                   iextrap, creten, ffecini, ffecfin, cgruries, cusualt,
                   falta, cusumod, fmodifi
                  )
           VALUES (24, 801, 7, 1, 0, 0,
                   NULL, 3, 477, 0, 0,
                   0, 'N', f_sysdate, NULL, NULL, NULL,
                   NULL, NULL, NULL
                  );
   EXCEPTION
      WHEN DUP_VAL_ON_INDEX
      THEN
         NULL;
   END;

   BEGIN
      INSERT INTO sectoresprod
                  (cempres, cramo, cmodali, ctipseg, ccolect, cactivi,
                   cgarant, csector, ccodcontrato, cclacontrato, precarg,
                   iextrap, creten, ffecini, ffecfin, cgruries, cusualt,
                   falta, cusumod, fmodifi
                  )
           VALUES (24, 801, 7, 2, 0, 0,
                   NULL, 3, 477, 0, 0,
                   0, 'N', f_sysdate, NULL, NULL, NULL,
                   NULL, NULL, NULL
                  );
   EXCEPTION
      WHEN DUP_VAL_ON_INDEX
      THEN
         NULL;
   END;

   BEGIN
      INSERT INTO sectoresprod
                  (cempres, cramo, cmodali, ctipseg, ccolect, cactivi,
                   cgarant, csector, ccodcontrato, cclacontrato, precarg,
                   iextrap, creten, ffecini, ffecfin, cgruries, cusualt,
                   falta, cusumod, fmodifi
                  )
           VALUES (24, 801, 8, 1, 0, 0,
                   NULL, 3, 477, 0, 0,
                   0, 'N', f_sysdate, NULL, NULL, NULL,
                   NULL, NULL, NULL
                  );
   EXCEPTION
      WHEN DUP_VAL_ON_INDEX
      THEN
         NULL;
   END;

   BEGIN
      INSERT INTO sectoresprod
                  (cempres, cramo, cmodali, ctipseg, ccolect, cactivi,
                   cgarant, csector, ccodcontrato, cclacontrato, precarg,
                   iextrap, creten, ffecini, ffecfin, cgruries, cusualt,
                   falta, cusumod, fmodifi
                  )
           VALUES (24, 801, 14, 1, 0, 0,
                   NULL, 3, 477, 0, 0,
                   0, 'N', f_sysdate, NULL, NULL, NULL,
                   NULL, NULL, NULL
                  );
   EXCEPTION
      WHEN DUP_VAL_ON_INDEX
      THEN
         NULL;
   END;

   BEGIN
      INSERT INTO sectoresprod
                  (cempres, cramo, cmodali, ctipseg, ccolect, cactivi,
                   cgarant, csector, ccodcontrato, cclacontrato, precarg,
                   iextrap, creten, ffecini, ffecfin, cgruries, cusualt,
                   falta, cusumod, fmodifi
                  )
           VALUES (24, 801, 9, 1, 0, 0,
                   NULL, 3, 477, 0, 0,
                   0, 'N', f_sysdate, NULL, NULL, NULL,
                   NULL, NULL, NULL
                  );
   EXCEPTION
      WHEN DUP_VAL_ON_INDEX
      THEN
         NULL;
   END;

   BEGIN
      INSERT INTO sectoresprod
                  (cempres, cramo, cmodali, ctipseg, ccolect, cactivi,
                   cgarant, csector, ccodcontrato, cclacontrato, precarg,
                   iextrap, creten, ffecini, ffecfin, cgruries, cusualt,
                   falta, cusumod, fmodifi
                  )
           VALUES (24, 801, 9, 2, 0, 0,
                   NULL, 3, 477, 0, 0,
                   0, 'N', f_sysdate, NULL, NULL, NULL,
                   NULL, NULL, NULL
                  );
   EXCEPTION
      WHEN DUP_VAL_ON_INDEX
      THEN
         NULL;
   END;

   BEGIN
      INSERT INTO sectoresprod
                  (cempres, cramo, cmodali, ctipseg, ccolect, cactivi,
                   cgarant, csector, ccodcontrato, cclacontrato, precarg,
                   iextrap, creten, ffecini, ffecfin, cgruries, cusualt,
                   falta, cusumod, fmodifi
                  )
           VALUES (24, 801, 10, 1, 0, 0,
                   NULL, 3, 477, 0, 0,
                   0, 'N', f_sysdate, NULL, NULL, NULL,
                   NULL, NULL, NULL
                  );
   EXCEPTION
      WHEN DUP_VAL_ON_INDEX
      THEN
         NULL;
   END;

   BEGIN
      INSERT INTO sectoresprod
                  (cempres, cramo, cmodali, ctipseg, ccolect, cactivi,
                   cgarant, csector, ccodcontrato, cclacontrato, precarg,
                   iextrap, creten, ffecini, ffecfin, cgruries, cusualt,
                   falta, cusumod, fmodifi
                  )
           VALUES (24, 801, 15, 1, 0, 0,
                   NULL, 3, 477, 0, 0,
                   0, 'N', f_sysdate, NULL, NULL, NULL,
                   NULL, NULL, NULL
                  );
   EXCEPTION
      WHEN DUP_VAL_ON_INDEX
      THEN
         NULL;
   END;

   BEGIN
      INSERT INTO clasecontrato
                  (ccodcontrato, cclacontrato
                  )
           VALUES (478, 0
                  );
   EXCEPTION
      WHEN DUP_VAL_ON_INDEX
      THEN
         NULL;
   END;

   BEGIN
      INSERT INTO detclasecontrato
                  (ccodcontrato, cclacontrato, cidioma, tdescripcion
                  )
           VALUES (478, 0, 1, 'Contratos de Sísmica'
                  );
   EXCEPTION
      WHEN DUP_VAL_ON_INDEX
      THEN
         NULL;
   END;

   BEGIN
      INSERT INTO detclasecontrato
                  (ccodcontrato, cclacontrato, cidioma, tdescripcion
                  )
           VALUES (478, 0, 2, 'Contratos de Sísmica'
                  );
   EXCEPTION
      WHEN DUP_VAL_ON_INDEX
      THEN
         NULL;
   END;

   BEGIN
      INSERT INTO detclasecontrato
                  (ccodcontrato, cclacontrato, cidioma, tdescripcion
                  )
           VALUES (478, 0, 8, 'Contratos de Sísmica'
                  );
   EXCEPTION
      WHEN DUP_VAL_ON_INDEX
      THEN
         NULL;
   END;

   BEGIN
      INSERT INTO sectoresprod
                  (cempres, cramo, cmodali, ctipseg, ccolect, cactivi,
                   cgarant, csector, ccodcontrato, cclacontrato, precarg,
                   iextrap, creten, ffecini, ffecfin, cgruries, cusualt,
                   falta, cusumod, fmodifi
                  )
           VALUES (24, 801, 6, 1, 0, 0,
                   NULL, 4, 478, 0, 0,
                   0, 'N', f_sysdate, NULL, NULL, NULL,
                   NULL, NULL, NULL
                  );
   EXCEPTION
      WHEN DUP_VAL_ON_INDEX
      THEN
         NULL;
   END;

   BEGIN
      INSERT INTO sectoresprod
                  (cempres, cramo, cmodali, ctipseg, ccolect, cactivi,
                   cgarant, csector, ccodcontrato, cclacontrato, precarg,
                   iextrap, creten, ffecini, ffecfin, cgruries, cusualt,
                   falta, cusumod, fmodifi
                  )
           VALUES (24, 801, 11, 1, 0, 0,
                   NULL, 4, 478, 0, 0,
                   0, 'N', f_sysdate, NULL, NULL, NULL,
                   NULL, NULL, NULL
                  );
   EXCEPTION
      WHEN DUP_VAL_ON_INDEX
      THEN
         NULL;
   END;

   BEGIN
      INSERT INTO sectoresprod
                  (cempres, cramo, cmodali, ctipseg, ccolect, cactivi,
                   cgarant, csector, ccodcontrato, cclacontrato, precarg,
                   iextrap, creten, ffecini, ffecfin, cgruries, cusualt,
                   falta, cusumod, fmodifi
                  )
           VALUES (24, 801, 12, 1, 0, 0,
                   NULL, 4, 478, 0, 0,
                   0, 'N', f_sysdate, NULL, NULL, NULL,
                   NULL, NULL, NULL
                  );
   EXCEPTION
      WHEN DUP_VAL_ON_INDEX
      THEN
         NULL;
   END;

   BEGIN
      INSERT INTO sectoresprod
                  (cempres, cramo, cmodali, ctipseg, ccolect, cactivi,
                   cgarant, csector, ccodcontrato, cclacontrato, precarg,
                   iextrap, creten, ffecini, ffecfin, cgruries, cusualt,
                   falta, cusumod, fmodifi
                  )
           VALUES (24, 801, 13, 1, 0, 0,
                   NULL, 4, 478, 0, 0,
                   0, 'N', f_sysdate, NULL, NULL, NULL,
                   NULL, NULL, NULL
                  );
   EXCEPTION
      WHEN DUP_VAL_ON_INDEX
      THEN
         NULL;
   END;

   BEGIN
      INSERT INTO sectoresprod
                  (cempres, cramo, cmodali, ctipseg, ccolect, cactivi,
                   cgarant, csector, ccodcontrato, cclacontrato, precarg,
                   iextrap, creten, ffecini, ffecfin, cgruries, cusualt,
                   falta, cusumod, fmodifi
                  )
           VALUES (24, 801, 7, 1, 0, 0,
                   NULL, 4, 478, 0, 0,
                   0, 'N', f_sysdate, NULL, NULL, NULL,
                   NULL, NULL, NULL
                  );
   EXCEPTION
      WHEN DUP_VAL_ON_INDEX
      THEN
         NULL;
   END;

   BEGIN
      INSERT INTO sectoresprod
                  (cempres, cramo, cmodali, ctipseg, ccolect, cactivi,
                   cgarant, csector, ccodcontrato, cclacontrato, precarg,
                   iextrap, creten, ffecini, ffecfin, cgruries, cusualt,
                   falta, cusumod, fmodifi
                  )
           VALUES (24, 801, 7, 2, 0, 0,
                   NULL, 4, 478, 0, 0,
                   0, 'N', f_sysdate, NULL, NULL, NULL,
                   NULL, NULL, NULL
                  );
   EXCEPTION
      WHEN DUP_VAL_ON_INDEX
      THEN
         NULL;
   END;

   BEGIN
      INSERT INTO sectoresprod
                  (cempres, cramo, cmodali, ctipseg, ccolect, cactivi,
                   cgarant, csector, ccodcontrato, cclacontrato, precarg,
                   iextrap, creten, ffecini, ffecfin, cgruries, cusualt,
                   falta, cusumod, fmodifi
                  )
           VALUES (24, 801, 8, 1, 0, 0,
                   NULL, 4, 478, 0, 0,
                   0, 'N', f_sysdate, NULL, NULL, NULL,
                   NULL, NULL, NULL
                  );
   EXCEPTION
      WHEN DUP_VAL_ON_INDEX
      THEN
         NULL;
   END;

   BEGIN
      INSERT INTO sectoresprod
                  (cempres, cramo, cmodali, ctipseg, ccolect, cactivi,
                   cgarant, csector, ccodcontrato, cclacontrato, precarg,
                   iextrap, creten, ffecini, ffecfin, cgruries, cusualt,
                   falta, cusumod, fmodifi
                  )
           VALUES (24, 801, 14, 1, 0, 0,
                   NULL, 4, 478, 0, 0,
                   0, 'N', f_sysdate, NULL, NULL, NULL,
                   NULL, NULL, NULL
                  );
   EXCEPTION
      WHEN DUP_VAL_ON_INDEX
      THEN
         NULL;
   END;

   BEGIN
      INSERT INTO sectoresprod
                  (cempres, cramo, cmodali, ctipseg, ccolect, cactivi,
                   cgarant, csector, ccodcontrato, cclacontrato, precarg,
                   iextrap, creten, ffecini, ffecfin, cgruries, cusualt,
                   falta, cusumod, fmodifi
                  )
           VALUES (24, 801, 9, 1, 0, 0,
                   NULL, 4, 478, 0, 0,
                   0, 'N', f_sysdate, NULL, NULL, NULL,
                   NULL, NULL, NULL
                  );
   EXCEPTION
      WHEN DUP_VAL_ON_INDEX
      THEN
         NULL;
   END;

   BEGIN
      INSERT INTO sectoresprod
                  (cempres, cramo, cmodali, ctipseg, ccolect, cactivi,
                   cgarant, csector, ccodcontrato, cclacontrato, precarg,
                   iextrap, creten, ffecini, ffecfin, cgruries, cusualt,
                   falta, cusumod, fmodifi
                  )
           VALUES (24, 801, 9, 2, 0, 0,
                   NULL, 4, 478, 0, 0,
                   0, 'N', f_sysdate, NULL, NULL, NULL,
                   NULL, NULL, NULL
                  );
   EXCEPTION
      WHEN DUP_VAL_ON_INDEX
      THEN
         NULL;
   END;

   BEGIN
      INSERT INTO sectoresprod
                  (cempres, cramo, cmodali, ctipseg, ccolect, cactivi,
                   cgarant, csector, ccodcontrato, cclacontrato, precarg,
                   iextrap, creten, ffecini, ffecfin, cgruries, cusualt,
                   falta, cusumod, fmodifi
                  )
           VALUES (24, 801, 10, 1, 0, 0,
                   NULL, 4, 478, 0, 0,
                   0, 'N', f_sysdate, NULL, NULL, NULL,
                   NULL, NULL, NULL
                  );
   EXCEPTION
      WHEN DUP_VAL_ON_INDEX
      THEN
         NULL;
   END;

   BEGIN
      INSERT INTO sectoresprod
                  (cempres, cramo, cmodali, ctipseg, ccolect, cactivi,
                   cgarant, csector, ccodcontrato, cclacontrato, precarg,
                   iextrap, creten, ffecini, ffecfin, cgruries, cusualt,
                   falta, cusumod, fmodifi
                  )
           VALUES (24, 801, 15, 1, 0, 0,
                   NULL, 4, 478, 0, 0,
                   0, 'N', f_sysdate, NULL, NULL, NULL,
                   NULL, NULL, NULL
                  );
   EXCEPTION
      WHEN DUP_VAL_ON_INDEX
      THEN
         NULL;
   END;

   BEGIN
      INSERT INTO clasecontrato
                  (ccodcontrato, cclacontrato
                  )
           VALUES (479, 0
                  );
   EXCEPTION
      WHEN DUP_VAL_ON_INDEX
      THEN
         NULL;
   END;

   BEGIN
      INSERT INTO detclasecontrato
                  (ccodcontrato, cclacontrato, cidioma, tdescripcion
                  )
           VALUES (479, 0, 1, 'Presentacion de Espectáculos'
                  );
   EXCEPTION
      WHEN DUP_VAL_ON_INDEX
      THEN
         NULL;
   END;

   BEGIN
      INSERT INTO detclasecontrato
                  (ccodcontrato, cclacontrato, cidioma, tdescripcion
                  )
           VALUES (479, 0, 2, 'Presentacion de Espectáculos'
                  );
   EXCEPTION
      WHEN DUP_VAL_ON_INDEX
      THEN
         NULL;
   END;

   BEGIN
      INSERT INTO detclasecontrato
                  (ccodcontrato, cclacontrato, cidioma, tdescripcion
                  )
           VALUES (479, 0, 8, 'Presentacion de Espectáculos'
                  );
   EXCEPTION
      WHEN DUP_VAL_ON_INDEX
      THEN
         NULL;
   END;

   BEGIN
      INSERT INTO sectoresprod
                  (cempres, cramo, cmodali, ctipseg, ccolect, cactivi,
                   cgarant, csector, ccodcontrato, cclacontrato, precarg,
                   iextrap, creten, ffecini, ffecfin, cgruries, cusualt,
                   falta, cusumod, fmodifi
                  )
           VALUES (24, 801, 6, 1, 0, 0,
                   NULL, 4, 479, 0, 0,
                   0, 'N', f_sysdate, NULL, NULL, NULL,
                   NULL, NULL, NULL
                  );
   EXCEPTION
      WHEN DUP_VAL_ON_INDEX
      THEN
         NULL;
   END;

   BEGIN
      INSERT INTO sectoresprod
                  (cempres, cramo, cmodali, ctipseg, ccolect, cactivi,
                   cgarant, csector, ccodcontrato, cclacontrato, precarg,
                   iextrap, creten, ffecini, ffecfin, cgruries, cusualt,
                   falta, cusumod, fmodifi
                  )
           VALUES (24, 801, 11, 1, 0, 0,
                   NULL, 4, 479, 0, 0,
                   0, 'N', f_sysdate, NULL, NULL, NULL,
                   NULL, NULL, NULL
                  );
   EXCEPTION
      WHEN DUP_VAL_ON_INDEX
      THEN
         NULL;
   END;

   BEGIN
      INSERT INTO sectoresprod
                  (cempres, cramo, cmodali, ctipseg, ccolect, cactivi,
                   cgarant, csector, ccodcontrato, cclacontrato, precarg,
                   iextrap, creten, ffecini, ffecfin, cgruries, cusualt,
                   falta, cusumod, fmodifi
                  )
           VALUES (24, 801, 12, 1, 0, 0,
                   NULL, 4, 479, 0, 0,
                   0, 'N', f_sysdate, NULL, NULL, NULL,
                   NULL, NULL, NULL
                  );
   EXCEPTION
      WHEN DUP_VAL_ON_INDEX
      THEN
         NULL;
   END;

   BEGIN
      INSERT INTO sectoresprod
                  (cempres, cramo, cmodali, ctipseg, ccolect, cactivi,
                   cgarant, csector, ccodcontrato, cclacontrato, precarg,
                   iextrap, creten, ffecini, ffecfin, cgruries, cusualt,
                   falta, cusumod, fmodifi
                  )
           VALUES (24, 801, 13, 1, 0, 0,
                   NULL, 4, 479, 0, 0,
                   0, 'N', f_sysdate, NULL, NULL, NULL,
                   NULL, NULL, NULL
                  );
   EXCEPTION
      WHEN DUP_VAL_ON_INDEX
      THEN
         NULL;
   END;

   BEGIN
      INSERT INTO sectoresprod
                  (cempres, cramo, cmodali, ctipseg, ccolect, cactivi,
                   cgarant, csector, ccodcontrato, cclacontrato, precarg,
                   iextrap, creten, ffecini, ffecfin, cgruries, cusualt,
                   falta, cusumod, fmodifi
                  )
           VALUES (24, 801, 7, 1, 0, 0,
                   NULL, 4, 479, 0, 0,
                   0, 'N', f_sysdate, NULL, NULL, NULL,
                   NULL, NULL, NULL
                  );
   EXCEPTION
      WHEN DUP_VAL_ON_INDEX
      THEN
         NULL;
   END;

   BEGIN
      INSERT INTO sectoresprod
                  (cempres, cramo, cmodali, ctipseg, ccolect, cactivi,
                   cgarant, csector, ccodcontrato, cclacontrato, precarg,
                   iextrap, creten, ffecini, ffecfin, cgruries, cusualt,
                   falta, cusumod, fmodifi
                  )
           VALUES (24, 801, 7, 2, 0, 0,
                   NULL, 4, 479, 0, 0,
                   0, 'N', f_sysdate, NULL, NULL, NULL,
                   NULL, NULL, NULL
                  );
   EXCEPTION
      WHEN DUP_VAL_ON_INDEX
      THEN
         NULL;
   END;

   BEGIN
      INSERT INTO sectoresprod
                  (cempres, cramo, cmodali, ctipseg, ccolect, cactivi,
                   cgarant, csector, ccodcontrato, cclacontrato, precarg,
                   iextrap, creten, ffecini, ffecfin, cgruries, cusualt,
                   falta, cusumod, fmodifi
                  )
           VALUES (24, 801, 8, 1, 0, 0,
                   NULL, 4, 479, 0, 0,
                   0, 'N', f_sysdate, NULL, NULL, NULL,
                   NULL, NULL, NULL
                  );
   EXCEPTION
      WHEN DUP_VAL_ON_INDEX
      THEN
         NULL;
   END;

   BEGIN
      INSERT INTO sectoresprod
                  (cempres, cramo, cmodali, ctipseg, ccolect, cactivi,
                   cgarant, csector, ccodcontrato, cclacontrato, precarg,
                   iextrap, creten, ffecini, ffecfin, cgruries, cusualt,
                   falta, cusumod, fmodifi
                  )
           VALUES (24, 801, 14, 1, 0, 0,
                   NULL, 4, 479, 0, 0,
                   0, 'N', f_sysdate, NULL, NULL, NULL,
                   NULL, NULL, NULL
                  );
   EXCEPTION
      WHEN DUP_VAL_ON_INDEX
      THEN
         NULL;
   END;

   BEGIN
      INSERT INTO sectoresprod
                  (cempres, cramo, cmodali, ctipseg, ccolect, cactivi,
                   cgarant, csector, ccodcontrato, cclacontrato, precarg,
                   iextrap, creten, ffecini, ffecfin, cgruries, cusualt,
                   falta, cusumod, fmodifi
                  )
           VALUES (24, 801, 9, 1, 0, 0,
                   NULL, 4, 479, 0, 0,
                   0, 'N', f_sysdate, NULL, NULL, NULL,
                   NULL, NULL, NULL
                  );
   EXCEPTION
      WHEN DUP_VAL_ON_INDEX
      THEN
         NULL;
   END;

   BEGIN
      INSERT INTO sectoresprod
                  (cempres, cramo, cmodali, ctipseg, ccolect, cactivi,
                   cgarant, csector, ccodcontrato, cclacontrato, precarg,
                   iextrap, creten, ffecini, ffecfin, cgruries, cusualt,
                   falta, cusumod, fmodifi
                  )
           VALUES (24, 801, 9, 2, 0, 0,
                   NULL, 4, 479, 0, 0,
                   0, 'N', f_sysdate, NULL, NULL, NULL,
                   NULL, NULL, NULL
                  );
   EXCEPTION
      WHEN DUP_VAL_ON_INDEX
      THEN
         NULL;
   END;

   BEGIN
      INSERT INTO sectoresprod
                  (cempres, cramo, cmodali, ctipseg, ccolect, cactivi,
                   cgarant, csector, ccodcontrato, cclacontrato, precarg,
                   iextrap, creten, ffecini, ffecfin, cgruries, cusualt,
                   falta, cusumod, fmodifi
                  )
           VALUES (24, 801, 10, 1, 0, 0,
                   NULL, 4, 479, 0, 0,
                   0, 'N', f_sysdate, NULL, NULL, NULL,
                   NULL, NULL, NULL
                  );
   EXCEPTION
      WHEN DUP_VAL_ON_INDEX
      THEN
         NULL;
   END;

   BEGIN
      INSERT INTO sectoresprod
                  (cempres, cramo, cmodali, ctipseg, ccolect, cactivi,
                   cgarant, csector, ccodcontrato, cclacontrato, precarg,
                   iextrap, creten, ffecini, ffecfin, cgruries, cusualt,
                   falta, cusumod, fmodifi
                  )
           VALUES (24, 801, 15, 1, 0, 0,
                   NULL, 4, 479, 0, 0,
                   0, 'N', f_sysdate, NULL, NULL, NULL,
                   NULL, NULL, NULL
                  );
   EXCEPTION
      WHEN DUP_VAL_ON_INDEX
      THEN
         NULL;
   END;

   BEGIN
      INSERT INTO clasecontrato
                  (ccodcontrato, cclacontrato
                  )
           VALUES (480, 0
                  );
   EXCEPTION
      WHEN DUP_VAL_ON_INDEX
      THEN
         NULL;
   END;

   BEGIN
      INSERT INTO detclasecontrato
                  (ccodcontrato, cclacontrato, cidioma, tdescripcion
                  )
           VALUES (480, 0, 1, 'Prestación de Servicios Petroleros'
                  );
   EXCEPTION
      WHEN DUP_VAL_ON_INDEX
      THEN
         NULL;
   END;

   BEGIN
      INSERT INTO detclasecontrato
                  (ccodcontrato, cclacontrato, cidioma, tdescripcion
                  )
           VALUES (480, 0, 2, 'Prestación de Servicios Petroleros'
                  );
   EXCEPTION
      WHEN DUP_VAL_ON_INDEX
      THEN
         NULL;
   END;

   BEGIN
      INSERT INTO detclasecontrato
                  (ccodcontrato, cclacontrato, cidioma, tdescripcion
                  )
           VALUES (480, 0, 8, 'Prestación de Servicios Petroleros'
                  );
   EXCEPTION
      WHEN DUP_VAL_ON_INDEX
      THEN
         NULL;
   END;

   BEGIN
      INSERT INTO sectoresprod
                  (cempres, cramo, cmodali, ctipseg, ccolect, cactivi,
                   cgarant, csector, ccodcontrato, cclacontrato, precarg,
                   iextrap, creten, ffecini, ffecfin, cgruries, cusualt,
                   falta, cusumod, fmodifi
                  )
           VALUES (24, 801, 6, 1, 0, 0,
                   NULL, 4, 480, 0, 0,
                   0, 'N', f_sysdate, NULL, NULL, NULL,
                   NULL, NULL, NULL
                  );
   EXCEPTION
      WHEN DUP_VAL_ON_INDEX
      THEN
         NULL;
   END;

   BEGIN
      INSERT INTO sectoresprod
                  (cempres, cramo, cmodali, ctipseg, ccolect, cactivi,
                   cgarant, csector, ccodcontrato, cclacontrato, precarg,
                   iextrap, creten, ffecini, ffecfin, cgruries, cusualt,
                   falta, cusumod, fmodifi
                  )
           VALUES (24, 801, 11, 1, 0, 0,
                   NULL, 4, 480, 0, 0,
                   0, 'N', f_sysdate, NULL, NULL, NULL,
                   NULL, NULL, NULL
                  );
   EXCEPTION
      WHEN DUP_VAL_ON_INDEX
      THEN
         NULL;
   END;

   BEGIN
      INSERT INTO sectoresprod
                  (cempres, cramo, cmodali, ctipseg, ccolect, cactivi,
                   cgarant, csector, ccodcontrato, cclacontrato, precarg,
                   iextrap, creten, ffecini, ffecfin, cgruries, cusualt,
                   falta, cusumod, fmodifi
                  )
           VALUES (24, 801, 12, 1, 0, 0,
                   NULL, 4, 480, 0, 0,
                   0, 'N', f_sysdate, NULL, NULL, NULL,
                   NULL, NULL, NULL
                  );
   EXCEPTION
      WHEN DUP_VAL_ON_INDEX
      THEN
         NULL;
   END;

   BEGIN
      INSERT INTO sectoresprod
                  (cempres, cramo, cmodali, ctipseg, ccolect, cactivi,
                   cgarant, csector, ccodcontrato, cclacontrato, precarg,
                   iextrap, creten, ffecini, ffecfin, cgruries, cusualt,
                   falta, cusumod, fmodifi
                  )
           VALUES (24, 801, 13, 1, 0, 0,
                   NULL, 4, 480, 0, 0,
                   0, 'N', f_sysdate, NULL, NULL, NULL,
                   NULL, NULL, NULL
                  );
   EXCEPTION
      WHEN DUP_VAL_ON_INDEX
      THEN
         NULL;
   END;

   BEGIN
      INSERT INTO sectoresprod
                  (cempres, cramo, cmodali, ctipseg, ccolect, cactivi,
                   cgarant, csector, ccodcontrato, cclacontrato, precarg,
                   iextrap, creten, ffecini, ffecfin, cgruries, cusualt,
                   falta, cusumod, fmodifi
                  )
           VALUES (24, 801, 7, 1, 0, 0,
                   NULL, 4, 480, 0, 0,
                   0, 'N', f_sysdate, NULL, NULL, NULL,
                   NULL, NULL, NULL
                  );
   EXCEPTION
      WHEN DUP_VAL_ON_INDEX
      THEN
         NULL;
   END;

   BEGIN
      INSERT INTO sectoresprod
                  (cempres, cramo, cmodali, ctipseg, ccolect, cactivi,
                   cgarant, csector, ccodcontrato, cclacontrato, precarg,
                   iextrap, creten, ffecini, ffecfin, cgruries, cusualt,
                   falta, cusumod, fmodifi
                  )
           VALUES (24, 801, 7, 2, 0, 0,
                   NULL, 4, 480, 0, 0,
                   0, 'N', f_sysdate, NULL, NULL, NULL,
                   NULL, NULL, NULL
                  );
   EXCEPTION
      WHEN DUP_VAL_ON_INDEX
      THEN
         NULL;
   END;

   BEGIN
      INSERT INTO sectoresprod
                  (cempres, cramo, cmodali, ctipseg, ccolect, cactivi,
                   cgarant, csector, ccodcontrato, cclacontrato, precarg,
                   iextrap, creten, ffecini, ffecfin, cgruries, cusualt,
                   falta, cusumod, fmodifi
                  )
           VALUES (24, 801, 8, 1, 0, 0,
                   NULL, 4, 480, 0, 0,
                   0, 'N', f_sysdate, NULL, NULL, NULL,
                   NULL, NULL, NULL
                  );
   EXCEPTION
      WHEN DUP_VAL_ON_INDEX
      THEN
         NULL;
   END;

   BEGIN
      INSERT INTO sectoresprod
                  (cempres, cramo, cmodali, ctipseg, ccolect, cactivi,
                   cgarant, csector, ccodcontrato, cclacontrato, precarg,
                   iextrap, creten, ffecini, ffecfin, cgruries, cusualt,
                   falta, cusumod, fmodifi
                  )
           VALUES (24, 801, 14, 1, 0, 0,
                   NULL, 4, 480, 0, 0,
                   0, 'N', f_sysdate, NULL, NULL, NULL,
                   NULL, NULL, NULL
                  );
   EXCEPTION
      WHEN DUP_VAL_ON_INDEX
      THEN
         NULL;
   END;

   BEGIN
      INSERT INTO sectoresprod
                  (cempres, cramo, cmodali, ctipseg, ccolect, cactivi,
                   cgarant, csector, ccodcontrato, cclacontrato, precarg,
                   iextrap, creten, ffecini, ffecfin, cgruries, cusualt,
                   falta, cusumod, fmodifi
                  )
           VALUES (24, 801, 9, 1, 0, 0,
                   NULL, 4, 480, 0, 0,
                   0, 'N', f_sysdate, NULL, NULL, NULL,
                   NULL, NULL, NULL
                  );
   EXCEPTION
      WHEN DUP_VAL_ON_INDEX
      THEN
         NULL;
   END;

   BEGIN
      INSERT INTO sectoresprod
                  (cempres, cramo, cmodali, ctipseg, ccolect, cactivi,
                   cgarant, csector, ccodcontrato, cclacontrato, precarg,
                   iextrap, creten, ffecini, ffecfin, cgruries, cusualt,
                   falta, cusumod, fmodifi
                  )
           VALUES (24, 801, 9, 2, 0, 0,
                   NULL, 4, 480, 0, 0,
                   0, 'N', f_sysdate, NULL, NULL, NULL,
                   NULL, NULL, NULL
                  );
   EXCEPTION
      WHEN DUP_VAL_ON_INDEX
      THEN
         NULL;
   END;

   BEGIN
      INSERT INTO sectoresprod
                  (cempres, cramo, cmodali, ctipseg, ccolect, cactivi,
                   cgarant, csector, ccodcontrato, cclacontrato, precarg,
                   iextrap, creten, ffecini, ffecfin, cgruries, cusualt,
                   falta, cusumod, fmodifi
                  )
           VALUES (24, 801, 10, 1, 0, 0,
                   NULL, 4, 480, 0, 0,
                   0, 'N', f_sysdate, NULL, NULL, NULL,
                   NULL, NULL, NULL
                  );
   EXCEPTION
      WHEN DUP_VAL_ON_INDEX
      THEN
         NULL;
   END;

   BEGIN
      INSERT INTO sectoresprod
                  (cempres, cramo, cmodali, ctipseg, ccolect, cactivi,
                   cgarant, csector, ccodcontrato, cclacontrato, precarg,
                   iextrap, creten, ffecini, ffecfin, cgruries, cusualt,
                   falta, cusumod, fmodifi
                  )
           VALUES (24, 801, 15, 1, 0, 0,
                   NULL, 4, 480, 0, 0,
                   0, 'N', f_sysdate, NULL, NULL, NULL,
                   NULL, NULL, NULL
                  );
   EXCEPTION
      WHEN DUP_VAL_ON_INDEX
      THEN
         NULL;
   END;
END;
/

BEGIN
   BEGIN
      INSERT INTO sgt_subtabs_det
                  (sdetalle, cempres, csubtabla, cversubt, ccla1, ccla2,
                   ccla3, ccla4, ccla5, ccla6, ccla7, ccla8, nval1,
                   nval2, nval3, nval4, nval5, nval6, falta, cusualt,
                   fmodifi, cusumod, ccla9, ccla10, nval7, nval8, nval9,
                   nval10
                  )
           VALUES (sdetalle_conf.NEXTVAL, 24, 8000047, 1, 80001, 0,
                   1734720, NULL, NULL, NULL, NULL, NULL, 190.337800912824,
                   NULL, NULL, NULL, NULL, NULL, f_sysdate, f_user,
                   NULL, NULL, NULL, NULL, NULL, NULL, NULL,
                   NULL
                  );
   EXCEPTION
      WHEN DUP_VAL_ON_INDEX
      THEN
         NULL;
   END;

   BEGIN
      INSERT INTO sgt_subtabs_det
                  (sdetalle, cempres, csubtabla, cversubt, ccla1, ccla2,
                   ccla3, ccla4, ccla5, ccla6, ccla7, ccla8, nval1,
                   nval2, nval3, nval4, nval5, nval6, falta, cusualt,
                   fmodifi, cusumod, ccla9, ccla10, nval7, nval8, nval9,
                   nval10
                  )
           VALUES (sdetalle_conf.NEXTVAL, 24, 8000047, 1, 80002, 0,
                   1734720, NULL, NULL, NULL, NULL, NULL, 190.337800912824,
                   NULL, NULL, NULL, NULL, NULL, f_sysdate, f_user,
                   NULL, NULL, NULL, NULL, NULL, NULL, NULL,
                   NULL
                  );
   EXCEPTION
      WHEN DUP_VAL_ON_INDEX
      THEN
         NULL;
   END;

   BEGIN
      INSERT INTO sgt_subtabs_det
                  (sdetalle, cempres, csubtabla, cversubt, ccla1, ccla2,
                   ccla3, ccla4, ccla5, ccla6, ccla7, ccla8, nval1,
                   nval2, nval3, nval4, nval5, nval6, falta, cusualt,
                   fmodifi, cusumod, ccla9, ccla10, nval7, nval8, nval9,
                   nval10
                  )
           VALUES (sdetalle_conf.NEXTVAL, 24, 8000047, 1, 80003, 0,
                   1734720, NULL, NULL, NULL, NULL, NULL, 190.337800912824,
                   NULL, NULL, NULL, NULL, NULL, f_sysdate, f_user,
                   NULL, NULL, NULL, NULL, NULL, NULL, NULL,
                   NULL
                  );
   EXCEPTION
      WHEN DUP_VAL_ON_INDEX
      THEN
         NULL;
   END;

   BEGIN
      INSERT INTO sgt_subtabs_det
                  (sdetalle, cempres, csubtabla, cversubt, ccla1, ccla2,
                   ccla3, ccla4, ccla5, ccla6, ccla7, ccla8, nval1,
                   nval2, nval3, nval4, nval5, nval6, falta, cusualt,
                   fmodifi, cusumod, ccla9, ccla10, nval7, nval8, nval9,
                   nval10
                  )
           VALUES (sdetalle_conf.NEXTVAL, 24, 8000047, 1, 80001, 3,
                   1734720, NULL, NULL, NULL, NULL, NULL, 178.409285793974,
                   NULL, NULL, NULL, NULL, NULL, f_sysdate, f_user,
                   NULL, NULL, NULL, NULL, NULL, NULL, NULL,
                   NULL
                  );
   EXCEPTION
      WHEN DUP_VAL_ON_INDEX
      THEN
         NULL;
   END;

   BEGIN
      INSERT INTO sgt_subtabs_det
                  (sdetalle, cempres, csubtabla, cversubt, ccla1, ccla2,
                   ccla3, ccla4, ccla5, ccla6, ccla7, ccla8, nval1,
                   nval2, nval3, nval4, nval5, nval6, falta, cusualt,
                   fmodifi, cusumod, ccla9, ccla10, nval7, nval8, nval9,
                   nval10
                  )
           VALUES (sdetalle_conf.NEXTVAL, 24, 8000047, 1, 80002, 3,
                   1734720, NULL, NULL, NULL, NULL, NULL, 178.409285793974,
                   NULL, NULL, NULL, NULL, NULL, f_sysdate, f_user,
                   NULL, NULL, NULL, NULL, NULL, NULL, NULL,
                   NULL
                  );
   EXCEPTION
      WHEN DUP_VAL_ON_INDEX
      THEN
         NULL;
   END;

   BEGIN
      INSERT INTO sgt_subtabs_det
                  (sdetalle, cempres, csubtabla, cversubt, ccla1, ccla2,
                   ccla3, ccla4, ccla5, ccla6, ccla7, ccla8, nval1,
                   nval2, nval3, nval4, nval5, nval6, falta, cusualt,
                   fmodifi, cusumod, ccla9, ccla10, nval7, nval8, nval9,
                   nval10
                  )
           VALUES (sdetalle_conf.NEXTVAL, 24, 8000047, 1, 80003, 3,
                   1734720, NULL, NULL, NULL, NULL, NULL, 178.409285793974,
                   NULL, NULL, NULL, NULL, NULL, f_sysdate, f_user,
                   NULL, NULL, NULL, NULL, NULL, NULL, NULL,
                   NULL
                  );
   EXCEPTION
      WHEN DUP_VAL_ON_INDEX
      THEN
         NULL;
   END;

   BEGIN
      INSERT INTO sgt_subtabs_det
                  (sdetalle, cempres, csubtabla, cversubt, ccla1, ccla2,
                   ccla3, ccla4, ccla5, ccla6, ccla7, ccla8, nval1,
                   nval2, nval3, nval4, nval5, nval6, falta, cusualt,
                   fmodifi, cusumod, ccla9, ccla10, nval7, nval8, nval9,
                   nval10
                  )
           VALUES (sdetalle_conf.NEXTVAL, 24, 8000047, 1, 80001, 1,
                   1734720, NULL, NULL, NULL, NULL, NULL, 124.8911141954,
                   NULL, NULL, NULL, NULL, NULL, f_sysdate, f_user,
                   NULL, NULL, NULL, NULL, NULL, NULL, NULL,
                   NULL
                  );
   EXCEPTION
      WHEN DUP_VAL_ON_INDEX
      THEN
         NULL;
   END;

   BEGIN
      INSERT INTO sgt_subtabs_det
                  (sdetalle, cempres, csubtabla, cversubt, ccla1, ccla2,
                   ccla3, ccla4, ccla5, ccla6, ccla7, ccla8, nval1,
                   nval2, nval3, nval4, nval5, nval6, falta, cusualt,
                   fmodifi, cusumod, ccla9, ccla10, nval7, nval8, nval9,
                   nval10
                  )
           VALUES (sdetalle_conf.NEXTVAL, 24, 8000047, 1, 80002, 1,
                   1734720, NULL, NULL, NULL, NULL, NULL, 124.8911141954,
                   NULL, NULL, NULL, NULL, NULL, f_sysdate, f_user,
                   NULL, NULL, NULL, NULL, NULL, NULL, NULL,
                   NULL
                  );
   EXCEPTION
      WHEN DUP_VAL_ON_INDEX
      THEN
         NULL;
   END;

   BEGIN
      INSERT INTO sgt_subtabs_det
                  (sdetalle, cempres, csubtabla, cversubt, ccla1, ccla2,
                   ccla3, ccla4, ccla5, ccla6, ccla7, ccla8, nval1,
                   nval2, nval3, nval4, nval5, nval6, falta, cusualt,
                   fmodifi, cusumod, ccla9, ccla10, nval7, nval8, nval9,
                   nval10
                  )
           VALUES (sdetalle_conf.NEXTVAL, 24, 8000047, 1, 80003, 1,
                   1734720, NULL, NULL, NULL, NULL, NULL, 124.8911141954,
                   NULL, NULL, NULL, NULL, NULL, f_sysdate, f_user,
                   NULL, NULL, NULL, NULL, NULL, NULL, NULL,
                   NULL
                  );
   EXCEPTION
      WHEN DUP_VAL_ON_INDEX
      THEN
         NULL;
   END;

   BEGIN
      INSERT INTO sgt_subtabs_det
                  (sdetalle, cempres, csubtabla, cversubt, ccla1, ccla2,
                   ccla3, ccla4, ccla5, ccla6, ccla7, ccla8, nval1,
                   nval2, nval3, nval4, nval5, nval6, falta, cusualt,
                   fmodifi, cusumod, ccla9, ccla10, nval7, nval8, nval9,
                   nval10
                  )
           VALUES (sdetalle_conf.NEXTVAL, 24, 8000047, 1, 80001, 1,
                   1734720, NULL, NULL, NULL, NULL, NULL, 124.8911141954,
                   NULL, NULL, NULL, NULL, NULL, f_sysdate, f_user,
                   NULL, NULL, NULL, NULL, NULL, NULL, NULL,
                   NULL
                  );
   EXCEPTION
      WHEN DUP_VAL_ON_INDEX
      THEN
         NULL;
   END;

   BEGIN
      INSERT INTO sgt_subtabs_det
                  (sdetalle, cempres, csubtabla, cversubt, ccla1, ccla2,
                   ccla3, ccla4, ccla5, ccla6, ccla7, ccla8, nval1,
                   nval2, nval3, nval4, nval5, nval6, falta, cusualt,
                   fmodifi, cusumod, ccla9, ccla10, nval7, nval8, nval9,
                   nval10
                  )
           VALUES (sdetalle_conf.NEXTVAL, 24, 8000047, 1, 80002, 1,
                   1734720, NULL, NULL, NULL, NULL, NULL, 124.8911141954,
                   NULL, NULL, NULL, NULL, NULL, f_sysdate, f_user,
                   NULL, NULL, NULL, NULL, NULL, NULL, NULL,
                   NULL
                  );
   EXCEPTION
      WHEN DUP_VAL_ON_INDEX
      THEN
         NULL;
   END;

   BEGIN
      INSERT INTO sgt_subtabs_det
                  (sdetalle, cempres, csubtabla, cversubt, ccla1, ccla2,
                   ccla3, ccla4, ccla5, ccla6, ccla7, ccla8, nval1,
                   nval2, nval3, nval4, nval5, nval6, falta, cusualt,
                   fmodifi, cusumod, ccla9, ccla10, nval7, nval8, nval9,
                   nval10
                  )
           VALUES (sdetalle_conf.NEXTVAL, 24, 8000047, 1, 80003, 1,
                   1734720, NULL, NULL, NULL, NULL, NULL, 124.8911141954,
                   NULL, NULL, NULL, NULL, NULL, f_sysdate, f_user,
                   NULL, NULL, NULL, NULL, NULL, NULL, NULL,
                   NULL
                  );
   EXCEPTION
      WHEN DUP_VAL_ON_INDEX
      THEN
         NULL;
   END;

   BEGIN
      INSERT INTO sgt_subtabs_det
                  (sdetalle, cempres, csubtabla, cversubt, ccla1, ccla2,
                   ccla3, ccla4, ccla5, ccla6, ccla7, ccla8, nval1,
                   nval2, nval3, nval4, nval5, nval6, falta, cusualt,
                   fmodifi, cusumod, ccla9, ccla10, nval7, nval8, nval9,
                   nval10
                  )
           VALUES (sdetalle_conf.NEXTVAL, 24, 8000047, 1, 80001, 2,
                   1734720, NULL, NULL, NULL, NULL, NULL, 190.337800912824,
                   NULL, NULL, NULL, NULL, NULL, f_sysdate, f_user,
                   NULL, NULL, NULL, NULL, NULL, NULL, NULL,
                   NULL
                  );
   EXCEPTION
      WHEN DUP_VAL_ON_INDEX
      THEN
         NULL;
   END;

   BEGIN
      INSERT INTO sgt_subtabs_det
                  (sdetalle, cempres, csubtabla, cversubt, ccla1, ccla2,
                   ccla3, ccla4, ccla5, ccla6, ccla7, ccla8, nval1,
                   nval2, nval3, nval4, nval5, nval6, falta, cusualt,
                   fmodifi, cusumod, ccla9, ccla10, nval7, nval8, nval9,
                   nval10
                  )
           VALUES (sdetalle_conf.NEXTVAL, 24, 8000047, 1, 80002, 2,
                   1734720, NULL, NULL, NULL, NULL, NULL, 190.337800912824,
                   NULL, NULL, NULL, NULL, NULL, f_sysdate, f_user,
                   NULL, NULL, NULL, NULL, NULL, NULL, NULL,
                   NULL
                  );
   EXCEPTION
      WHEN DUP_VAL_ON_INDEX
      THEN
         NULL;
   END;

   BEGIN
      INSERT INTO sgt_subtabs_det
                  (sdetalle, cempres, csubtabla, cversubt, ccla1, ccla2,
                   ccla3, ccla4, ccla5, ccla6, ccla7, ccla8, nval1,
                   nval2, nval3, nval4, nval5, nval6, falta, cusualt,
                   fmodifi, cusumod, ccla9, ccla10, nval7, nval8, nval9,
                   nval10
                  )
           VALUES (sdetalle_conf.NEXTVAL, 24, 8000047, 1, 80003, 2,
                   1734720, NULL, NULL, NULL, NULL, NULL, 190.337800912824,
                   NULL, NULL, NULL, NULL, NULL, f_sysdate, f_user,
                   NULL, NULL, NULL, NULL, NULL, NULL, NULL,
                   NULL
                  );
   EXCEPTION
      WHEN DUP_VAL_ON_INDEX
      THEN
         NULL;
   END;

   BEGIN
      INSERT INTO sgt_subtabs_det
                  (sdetalle, cempres, csubtabla, cversubt, ccla1, ccla2,
                   ccla3, ccla4, ccla5, ccla6, ccla7, ccla8, nval1,
                   nval2, nval3, nval4, nval5, nval6, falta, cusualt,
                   fmodifi, cusumod, ccla9, ccla10, nval7, nval8, nval9,
                   nval10
                  )
           VALUES (sdetalle_conf.NEXTVAL, 24, 8000047, 1, 80001, 0,
                   1734720, NULL, NULL, NULL, NULL, NULL, 190.337800912824,
                   NULL, NULL, NULL, NULL, NULL, f_sysdate, f_user,
                   NULL, NULL, NULL, NULL, NULL, NULL, NULL,
                   NULL
                  );
   EXCEPTION
      WHEN DUP_VAL_ON_INDEX
      THEN
         NULL;
   END;

   BEGIN
      INSERT INTO sgt_subtabs_det
                  (sdetalle, cempres, csubtabla, cversubt, ccla1, ccla2,
                   ccla3, ccla4, ccla5, ccla6, ccla7, ccla8, nval1,
                   nval2, nval3, nval4, nval5, nval6, falta, cusualt,
                   fmodifi, cusumod, ccla9, ccla10, nval7, nval8, nval9,
                   nval10
                  )
           VALUES (sdetalle_conf.NEXTVAL, 24, 8000047, 1, 80002, 0,
                   1734720, NULL, NULL, NULL, NULL, NULL, 190.337800912824,
                   NULL, NULL, NULL, NULL, NULL, f_sysdate, f_user,
                   NULL, NULL, NULL, NULL, NULL, NULL, NULL,
                   NULL
                  );
   EXCEPTION
      WHEN DUP_VAL_ON_INDEX
      THEN
         NULL;
   END;

   BEGIN
      INSERT INTO sgt_subtabs_det
                  (sdetalle, cempres, csubtabla, cversubt, ccla1, ccla2,
                   ccla3, ccla4, ccla5, ccla6, ccla7, ccla8, nval1,
                   nval2, nval3, nval4, nval5, nval6, falta, cusualt,
                   fmodifi, cusumod, ccla9, ccla10, nval7, nval8, nval9,
                   nval10
                  )
           VALUES (sdetalle_conf.NEXTVAL, 24, 8000047, 1, 80003, 0,
                   1734720, NULL, NULL, NULL, NULL, NULL, 190.337800912824,
                   NULL, NULL, NULL, NULL, NULL, f_sysdate, f_user,
                   NULL, NULL, NULL, NULL, NULL, NULL, NULL,
                   NULL
                  );
   EXCEPTION
      WHEN DUP_VAL_ON_INDEX
      THEN
         NULL;
   END;

   BEGIN
      INSERT INTO sgt_subtabs_det
                  (sdetalle, cempres, csubtabla, cversubt, ccla1, ccla2,
                   ccla3, ccla4, ccla5, ccla6, ccla7, ccla8, nval1,
                   nval2, nval3, nval4, nval5, nval6, falta, cusualt,
                   fmodifi, cusumod, ccla9, ccla10, nval7, nval8, nval9,
                   nval10
                  )
           VALUES (sdetalle_conf.NEXTVAL, 24, 8000047, 1, 80001, 3,
                   1734720, NULL, NULL, NULL, NULL, NULL, 178.409285793974,
                   NULL, NULL, NULL, NULL, NULL, f_sysdate, f_user,
                   NULL, NULL, NULL, NULL, NULL, NULL, NULL,
                   NULL
                  );
   EXCEPTION
      WHEN DUP_VAL_ON_INDEX
      THEN
         NULL;
   END;

   BEGIN
      INSERT INTO sgt_subtabs_det
                  (sdetalle, cempres, csubtabla, cversubt, ccla1, ccla2,
                   ccla3, ccla4, ccla5, ccla6, ccla7, ccla8, nval1,
                   nval2, nval3, nval4, nval5, nval6, falta, cusualt,
                   fmodifi, cusumod, ccla9, ccla10, nval7, nval8, nval9,
                   nval10
                  )
           VALUES (sdetalle_conf.NEXTVAL, 24, 8000047, 1, 80002, 3,
                   1734720, NULL, NULL, NULL, NULL, NULL, 178.409285793974,
                   NULL, NULL, NULL, NULL, NULL, f_sysdate, f_user,
                   NULL, NULL, NULL, NULL, NULL, NULL, NULL,
                   NULL
                  );
   EXCEPTION
      WHEN DUP_VAL_ON_INDEX
      THEN
         NULL;
   END;

   BEGIN
      INSERT INTO sgt_subtabs_det
                  (sdetalle, cempres, csubtabla, cversubt, ccla1, ccla2,
                   ccla3, ccla4, ccla5, ccla6, ccla7, ccla8, nval1,
                   nval2, nval3, nval4, nval5, nval6, falta, cusualt,
                   fmodifi, cusumod, ccla9, ccla10, nval7, nval8, nval9,
                   nval10
                  )
           VALUES (sdetalle_conf.NEXTVAL, 24, 8000047, 1, 80003, 3,
                   1734720, NULL, NULL, NULL, NULL, NULL, 178.409285793974,
                   NULL, NULL, NULL, NULL, NULL, f_sysdate, f_user,
                   NULL, NULL, NULL, NULL, NULL, NULL, NULL,
                   NULL
                  );
   EXCEPTION
      WHEN DUP_VAL_ON_INDEX
      THEN
         NULL;
   END;

   BEGIN
      INSERT INTO sgt_subtabs_det
                  (sdetalle, cempres, csubtabla, cversubt, ccla1, ccla2,
                   ccla3, ccla4, ccla5, ccla6, ccla7, ccla8, nval1,
                   nval2, nval3, nval4, nval5, nval6, falta, cusualt,
                   fmodifi, cusumod, ccla9, ccla10, nval7, nval8, nval9,
                   nval10
                  )
           VALUES (sdetalle_conf.NEXTVAL, 24, 8000047, 1, 80001, 1,
                   1734720, NULL, NULL, NULL, NULL, NULL, 124.8911141954,
                   NULL, NULL, NULL, NULL, NULL, f_sysdate, f_user,
                   NULL, NULL, NULL, NULL, NULL, NULL, NULL,
                   NULL
                  );
   EXCEPTION
      WHEN DUP_VAL_ON_INDEX
      THEN
         NULL;
   END;

   BEGIN
      INSERT INTO sgt_subtabs_det
                  (sdetalle, cempres, csubtabla, cversubt, ccla1, ccla2,
                   ccla3, ccla4, ccla5, ccla6, ccla7, ccla8, nval1,
                   nval2, nval3, nval4, nval5, nval6, falta, cusualt,
                   fmodifi, cusumod, ccla9, ccla10, nval7, nval8, nval9,
                   nval10
                  )
           VALUES (sdetalle_conf.NEXTVAL, 24, 8000047, 1, 80002, 1,
                   1734720, NULL, NULL, NULL, NULL, NULL, 124.8911141954,
                   NULL, NULL, NULL, NULL, NULL, f_sysdate, f_user,
                   NULL, NULL, NULL, NULL, NULL, NULL, NULL,
                   NULL
                  );
   EXCEPTION
      WHEN DUP_VAL_ON_INDEX
      THEN
         NULL;
   END;

   BEGIN
      INSERT INTO sgt_subtabs_det
                  (sdetalle, cempres, csubtabla, cversubt, ccla1, ccla2,
                   ccla3, ccla4, ccla5, ccla6, ccla7, ccla8, nval1,
                   nval2, nval3, nval4, nval5, nval6, falta, cusualt,
                   fmodifi, cusumod, ccla9, ccla10, nval7, nval8, nval9,
                   nval10
                  )
           VALUES (sdetalle_conf.NEXTVAL, 24, 8000047, 1, 80003, 1,
                   1734720, NULL, NULL, NULL, NULL, NULL, 124.8911141954,
                   NULL, NULL, NULL, NULL, NULL, f_sysdate, f_user,
                   NULL, NULL, NULL, NULL, NULL, NULL, NULL,
                   NULL
                  );
   EXCEPTION
      WHEN DUP_VAL_ON_INDEX
      THEN
         NULL;
   END;

   BEGIN
      INSERT INTO sgt_subtabs_det
                  (sdetalle, cempres, csubtabla, cversubt, ccla1, ccla2,
                   ccla3, ccla4, ccla5, ccla6, ccla7, ccla8, nval1,
                   nval2, nval3, nval4, nval5, nval6, falta, cusualt,
                   fmodifi, cusumod, ccla9, ccla10, nval7, nval8, nval9,
                   nval10
                  )
           VALUES (sdetalle_conf.NEXTVAL, 24, 8000047, 1, 80001, 1,
                   1734720, NULL, NULL, NULL, NULL, NULL, 124.8911141954,
                   NULL, NULL, NULL, NULL, NULL, f_sysdate, f_user,
                   NULL, NULL, NULL, NULL, NULL, NULL, NULL,
                   NULL
                  );
   EXCEPTION
      WHEN DUP_VAL_ON_INDEX
      THEN
         NULL;
   END;

   BEGIN
      INSERT INTO sgt_subtabs_det
                  (sdetalle, cempres, csubtabla, cversubt, ccla1, ccla2,
                   ccla3, ccla4, ccla5, ccla6, ccla7, ccla8, nval1,
                   nval2, nval3, nval4, nval5, nval6, falta, cusualt,
                   fmodifi, cusumod, ccla9, ccla10, nval7, nval8, nval9,
                   nval10
                  )
           VALUES (sdetalle_conf.NEXTVAL, 24, 8000047, 1, 80002, 1,
                   1734720, NULL, NULL, NULL, NULL, NULL, 124.8911141954,
                   NULL, NULL, NULL, NULL, NULL, f_sysdate, f_user,
                   NULL, NULL, NULL, NULL, NULL, NULL, NULL,
                   NULL
                  );
   EXCEPTION
      WHEN DUP_VAL_ON_INDEX
      THEN
         NULL;
   END;

   BEGIN
      INSERT INTO sgt_subtabs_det
                  (sdetalle, cempres, csubtabla, cversubt, ccla1, ccla2,
                   ccla3, ccla4, ccla5, ccla6, ccla7, ccla8, nval1,
                   nval2, nval3, nval4, nval5, nval6, falta, cusualt,
                   fmodifi, cusumod, ccla9, ccla10, nval7, nval8, nval9,
                   nval10
                  )
           VALUES (sdetalle_conf.NEXTVAL, 24, 8000047, 1, 80003, 1,
                   1734720, NULL, NULL, NULL, NULL, NULL, 124.8911141954,
                   NULL, NULL, NULL, NULL, NULL, f_sysdate, f_user,
                   NULL, NULL, NULL, NULL, NULL, NULL, NULL,
                   NULL
                  );
   EXCEPTION
      WHEN DUP_VAL_ON_INDEX
      THEN
         NULL;
   END;

   BEGIN
      INSERT INTO sgt_subtabs_det
                  (sdetalle, cempres, csubtabla, cversubt, ccla1, ccla2,
                   ccla3, ccla4, ccla5, ccla6, ccla7, ccla8, nval1,
                   nval2, nval3, nval4, nval5, nval6, falta, cusualt,
                   fmodifi, cusumod, ccla9, ccla10, nval7, nval8, nval9,
                   nval10
                  )
           VALUES (sdetalle_conf.NEXTVAL, 24, 8000047, 1, 80001, 2,
                   1734720, NULL, NULL, NULL, NULL, NULL, 190.337800912824,
                   NULL, NULL, NULL, NULL, NULL, f_sysdate, f_user,
                   NULL, NULL, NULL, NULL, NULL, NULL, NULL,
                   NULL
                  );
   EXCEPTION
      WHEN DUP_VAL_ON_INDEX
      THEN
         NULL;
   END;

   BEGIN
      INSERT INTO sgt_subtabs_det
                  (sdetalle, cempres, csubtabla, cversubt, ccla1, ccla2,
                   ccla3, ccla4, ccla5, ccla6, ccla7, ccla8, nval1,
                   nval2, nval3, nval4, nval5, nval6, falta, cusualt,
                   fmodifi, cusumod, ccla9, ccla10, nval7, nval8, nval9,
                   nval10
                  )
           VALUES (sdetalle_conf.NEXTVAL, 24, 8000047, 1, 80002, 2,
                   1734720, NULL, NULL, NULL, NULL, NULL, 190.337800912824,
                   NULL, NULL, NULL, NULL, NULL, f_sysdate, f_user,
                   NULL, NULL, NULL, NULL, NULL, NULL, NULL,
                   NULL
                  );
   EXCEPTION
      WHEN DUP_VAL_ON_INDEX
      THEN
         NULL;
   END;

   BEGIN
      INSERT INTO sgt_subtabs_det
                  (sdetalle, cempres, csubtabla, cversubt, ccla1, ccla2,
                   ccla3, ccla4, ccla5, ccla6, ccla7, ccla8, nval1,
                   nval2, nval3, nval4, nval5, nval6, falta, cusualt,
                   fmodifi, cusumod, ccla9, ccla10, nval7, nval8, nval9,
                   nval10
                  )
           VALUES (sdetalle_conf.NEXTVAL, 24, 8000047, 1, 80003, 2,
                   1734720, NULL, NULL, NULL, NULL, NULL, 190.337800912824,
                   NULL, NULL, NULL, NULL, NULL, f_sysdate, f_user,
                   NULL, NULL, NULL, NULL, NULL, NULL, NULL,
                   NULL
                  );
   EXCEPTION
      WHEN DUP_VAL_ON_INDEX
      THEN
         NULL;
   END;

   BEGIN
      INSERT INTO sgt_subtabs_det
                  (sdetalle, cempres, csubtabla, cversubt, ccla1, ccla2,
                   ccla3, ccla4, ccla5, ccla6, ccla7, ccla8, nval1,
                   nval2, nval3, nval4, nval5, nval6, falta, cusualt,
                   fmodifi, cusumod, ccla9, ccla10, nval7, nval8, nval9,
                   nval10
                  )
           VALUES (sdetalle_conf.NEXTVAL, 24, 8000047, 1, 80001, 0,
                   1734720, NULL, NULL, NULL, NULL, NULL, 190.337800912824,
                   NULL, NULL, NULL, NULL, NULL, f_sysdate, f_user,
                   NULL, NULL, NULL, NULL, NULL, NULL, NULL,
                   NULL
                  );
   EXCEPTION
      WHEN DUP_VAL_ON_INDEX
      THEN
         NULL;
   END;

   BEGIN
      INSERT INTO sgt_subtabs_det
                  (sdetalle, cempres, csubtabla, cversubt, ccla1, ccla2,
                   ccla3, ccla4, ccla5, ccla6, ccla7, ccla8, nval1,
                   nval2, nval3, nval4, nval5, nval6, falta, cusualt,
                   fmodifi, cusumod, ccla9, ccla10, nval7, nval8, nval9,
                   nval10
                  )
           VALUES (sdetalle_conf.NEXTVAL, 24, 8000047, 1, 80002, 0,
                   1734720, NULL, NULL, NULL, NULL, NULL, 190.337800912824,
                   NULL, NULL, NULL, NULL, NULL, f_sysdate, f_user,
                   NULL, NULL, NULL, NULL, NULL, NULL, NULL,
                   NULL
                  );
   EXCEPTION
      WHEN DUP_VAL_ON_INDEX
      THEN
         NULL;
   END;

   BEGIN
      INSERT INTO sgt_subtabs_det
                  (sdetalle, cempres, csubtabla, cversubt, ccla1, ccla2,
                   ccla3, ccla4, ccla5, ccla6, ccla7, ccla8, nval1,
                   nval2, nval3, nval4, nval5, nval6, falta, cusualt,
                   fmodifi, cusumod, ccla9, ccla10, nval7, nval8, nval9,
                   nval10
                  )
           VALUES (sdetalle_conf.NEXTVAL, 24, 8000047, 1, 80003, 0,
                   1734720, NULL, NULL, NULL, NULL, NULL, 190.337800912824,
                   NULL, NULL, NULL, NULL, NULL, f_sysdate, f_user,
                   NULL, NULL, NULL, NULL, NULL, NULL, NULL,
                   NULL
                  );
   EXCEPTION
      WHEN DUP_VAL_ON_INDEX
      THEN
         NULL;
   END;

   BEGIN
      INSERT INTO sgt_subtabs_det
                  (sdetalle, cempres, csubtabla, cversubt, ccla1, ccla2,
                   ccla3, ccla4, ccla5, ccla6, ccla7, ccla8, nval1,
                   nval2, nval3, nval4, nval5, nval6, falta, cusualt,
                   fmodifi, cusumod, ccla9, ccla10, nval7, nval8, nval9,
                   nval10
                  )
           VALUES (sdetalle_conf.NEXTVAL, 24, 8000047, 1, 80001, 1,
                   1734720, NULL, NULL, NULL, NULL, NULL, 124.8911141954,
                   NULL, NULL, NULL, NULL, NULL, f_sysdate, f_user,
                   NULL, NULL, NULL, NULL, NULL, NULL, NULL,
                   NULL
                  );
   EXCEPTION
      WHEN DUP_VAL_ON_INDEX
      THEN
         NULL;
   END;

   BEGIN
      INSERT INTO sgt_subtabs_det
                  (sdetalle, cempres, csubtabla, cversubt, ccla1, ccla2,
                   ccla3, ccla4, ccla5, ccla6, ccla7, ccla8, nval1,
                   nval2, nval3, nval4, nval5, nval6, falta, cusualt,
                   fmodifi, cusumod, ccla9, ccla10, nval7, nval8, nval9,
                   nval10
                  )
           VALUES (sdetalle_conf.NEXTVAL, 24, 8000047, 1, 80002, 1,
                   1734720, NULL, NULL, NULL, NULL, NULL, 124.8911141954,
                   NULL, NULL, NULL, NULL, NULL, f_sysdate, f_user,
                   NULL, NULL, NULL, NULL, NULL, NULL, NULL,
                   NULL
                  );
   EXCEPTION
      WHEN DUP_VAL_ON_INDEX
      THEN
         NULL;
   END;

   BEGIN
      INSERT INTO sgt_subtabs_det
                  (sdetalle, cempres, csubtabla, cversubt, ccla1, ccla2,
                   ccla3, ccla4, ccla5, ccla6, ccla7, ccla8, nval1,
                   nval2, nval3, nval4, nval5, nval6, falta, cusualt,
                   fmodifi, cusumod, ccla9, ccla10, nval7, nval8, nval9,
                   nval10
                  )
           VALUES (sdetalle_conf.NEXTVAL, 24, 8000047, 1, 80003, 1,
                   1734720, NULL, NULL, NULL, NULL, NULL, 124.8911141954,
                   NULL, NULL, NULL, NULL, NULL, f_sysdate, f_user,
                   NULL, NULL, NULL, NULL, NULL, NULL, NULL,
                   NULL
                  );
   EXCEPTION
      WHEN DUP_VAL_ON_INDEX
      THEN
         NULL;
   END;

   BEGIN
      INSERT INTO sgt_subtabs_det
                  (sdetalle, cempres, csubtabla, cversubt, ccla1, ccla2,
                   ccla3, ccla4, ccla5, ccla6, ccla7, ccla8, nval1,
                   nval2, nval3, nval4, nval5, nval6, falta, cusualt,
                   fmodifi, cusumod, ccla9, ccla10, nval7, nval8, nval9,
                   nval10
                  )
           VALUES (sdetalle_conf.NEXTVAL, 24, 8000047, 1, 80001, 0,
                   1734720, NULL, NULL, NULL, NULL, NULL, 190.337800912824,
                   NULL, NULL, NULL, NULL, NULL, f_sysdate, f_user,
                   NULL, NULL, NULL, NULL, NULL, NULL, NULL,
                   NULL
                  );
   EXCEPTION
      WHEN DUP_VAL_ON_INDEX
      THEN
         NULL;
   END;

   BEGIN
      INSERT INTO sgt_subtabs_det
                  (sdetalle, cempres, csubtabla, cversubt, ccla1, ccla2,
                   ccla3, ccla4, ccla5, ccla6, ccla7, ccla8, nval1,
                   nval2, nval3, nval4, nval5, nval6, falta, cusualt,
                   fmodifi, cusumod, ccla9, ccla10, nval7, nval8, nval9,
                   nval10
                  )
           VALUES (sdetalle_conf.NEXTVAL, 24, 8000047, 1, 80002, 0,
                   1734720, NULL, NULL, NULL, NULL, NULL, 190.337800912824,
                   NULL, NULL, NULL, NULL, NULL, f_sysdate, f_user,
                   NULL, NULL, NULL, NULL, NULL, NULL, NULL,
                   NULL
                  );
   EXCEPTION
      WHEN DUP_VAL_ON_INDEX
      THEN
         NULL;
   END;

   BEGIN
      INSERT INTO sgt_subtabs_det
                  (sdetalle, cempres, csubtabla, cversubt, ccla1, ccla2,
                   ccla3, ccla4, ccla5, ccla6, ccla7, ccla8, nval1,
                   nval2, nval3, nval4, nval5, nval6, falta, cusualt,
                   fmodifi, cusumod, ccla9, ccla10, nval7, nval8, nval9,
                   nval10
                  )
           VALUES (sdetalle_conf.NEXTVAL, 24, 8000047, 1, 80003, 0,
                   1734720, NULL, NULL, NULL, NULL, NULL, 190.337800912824,
                   NULL, NULL, NULL, NULL, NULL, f_sysdate, f_user,
                   NULL, NULL, NULL, NULL, NULL, NULL, NULL,
                   NULL
                  );
   EXCEPTION
      WHEN DUP_VAL_ON_INDEX
      THEN
         NULL;
   END;

   BEGIN
      INSERT INTO sgt_subtabs_det
                  (sdetalle, cempres, csubtabla, cversubt, ccla1, ccla2,
                   ccla3, ccla4, ccla5, ccla6, ccla7, ccla8, nval1,
                   nval2, nval3, nval4, nval5, nval6, falta, cusualt,
                   fmodifi, cusumod, ccla9, ccla10, nval7, nval8, nval9,
                   nval10
                  )
           VALUES (sdetalle_conf.NEXTVAL, 24, 8000047, 1, 80001, 3,
                   1734720, NULL, NULL, NULL, NULL, NULL, 178.409285793974,
                   NULL, NULL, NULL, NULL, NULL, f_sysdate, f_user,
                   NULL, NULL, NULL, NULL, NULL, NULL, NULL,
                   NULL
                  );
   EXCEPTION
      WHEN DUP_VAL_ON_INDEX
      THEN
         NULL;
   END;

   BEGIN
      INSERT INTO sgt_subtabs_det
                  (sdetalle, cempres, csubtabla, cversubt, ccla1, ccla2,
                   ccla3, ccla4, ccla5, ccla6, ccla7, ccla8, nval1,
                   nval2, nval3, nval4, nval5, nval6, falta, cusualt,
                   fmodifi, cusumod, ccla9, ccla10, nval7, nval8, nval9,
                   nval10
                  )
           VALUES (sdetalle_conf.NEXTVAL, 24, 8000047, 1, 80002, 3,
                   1734720, NULL, NULL, NULL, NULL, NULL, 178.409285793974,
                   NULL, NULL, NULL, NULL, NULL, f_sysdate, f_user,
                   NULL, NULL, NULL, NULL, NULL, NULL, NULL,
                   NULL
                  );
   EXCEPTION
      WHEN DUP_VAL_ON_INDEX
      THEN
         NULL;
   END;

   BEGIN
      INSERT INTO sgt_subtabs_det
                  (sdetalle, cempres, csubtabla, cversubt, ccla1, ccla2,
                   ccla3, ccla4, ccla5, ccla6, ccla7, ccla8, nval1,
                   nval2, nval3, nval4, nval5, nval6, falta, cusualt,
                   fmodifi, cusumod, ccla9, ccla10, nval7, nval8, nval9,
                   nval10
                  )
           VALUES (sdetalle_conf.NEXTVAL, 24, 8000047, 1, 80003, 3,
                   1734720, NULL, NULL, NULL, NULL, NULL, 178.409285793974,
                   NULL, NULL, NULL, NULL, NULL, f_sysdate, f_user,
                   NULL, NULL, NULL, NULL, NULL, NULL, NULL,
                   NULL
                  );
   EXCEPTION
      WHEN DUP_VAL_ON_INDEX
      THEN
         NULL;
   END;

   BEGIN
      INSERT INTO sgt_subtabs_det
                  (sdetalle, cempres, csubtabla, cversubt, ccla1, ccla2,
                   ccla3, ccla4, ccla5, ccla6, ccla7, ccla8, nval1,
                   nval2, nval3, nval4, nval5, nval6, falta, cusualt,
                   fmodifi, cusumod, ccla9, ccla10, nval7, nval8, nval9,
                   nval10
                  )
           VALUES (sdetalle_conf.NEXTVAL, 24, 8000047, 1, 80001, 1,
                   1734720, NULL, NULL, NULL, NULL, NULL, 124.8911141954,
                   NULL, NULL, NULL, NULL, NULL, f_sysdate, f_user,
                   NULL, NULL, NULL, NULL, NULL, NULL, NULL,
                   NULL
                  );
   EXCEPTION
      WHEN DUP_VAL_ON_INDEX
      THEN
         NULL;
   END;

   BEGIN
      INSERT INTO sgt_subtabs_det
                  (sdetalle, cempres, csubtabla, cversubt, ccla1, ccla2,
                   ccla3, ccla4, ccla5, ccla6, ccla7, ccla8, nval1,
                   nval2, nval3, nval4, nval5, nval6, falta, cusualt,
                   fmodifi, cusumod, ccla9, ccla10, nval7, nval8, nval9,
                   nval10
                  )
           VALUES (sdetalle_conf.NEXTVAL, 24, 8000047, 1, 80002, 1,
                   1734720, NULL, NULL, NULL, NULL, NULL, 124.8911141954,
                   NULL, NULL, NULL, NULL, NULL, f_sysdate, f_user,
                   NULL, NULL, NULL, NULL, NULL, NULL, NULL,
                   NULL
                  );
   EXCEPTION
      WHEN DUP_VAL_ON_INDEX
      THEN
         NULL;
   END;

   BEGIN
      INSERT INTO sgt_subtabs_det
                  (sdetalle, cempres, csubtabla, cversubt, ccla1, ccla2,
                   ccla3, ccla4, ccla5, ccla6, ccla7, ccla8, nval1,
                   nval2, nval3, nval4, nval5, nval6, falta, cusualt,
                   fmodifi, cusumod, ccla9, ccla10, nval7, nval8, nval9,
                   nval10
                  )
           VALUES (sdetalle_conf.NEXTVAL, 24, 8000047, 1, 80003, 1,
                   1734720, NULL, NULL, NULL, NULL, NULL, 124.8911141954,
                   NULL, NULL, NULL, NULL, NULL, f_sysdate, f_user,
                   NULL, NULL, NULL, NULL, NULL, NULL, NULL,
                   NULL
                  );
   EXCEPTION
      WHEN DUP_VAL_ON_INDEX
      THEN
         NULL;
   END;

   BEGIN
      INSERT INTO sgt_subtabs_det
                  (sdetalle, cempres, csubtabla, cversubt, ccla1, ccla2,
                   ccla3, ccla4, ccla5, ccla6, ccla7, ccla8, nval1,
                   nval2, nval3, nval4, nval5, nval6, falta, cusualt,
                   fmodifi, cusumod, ccla9, ccla10, nval7, nval8, nval9,
                   nval10
                  )
           VALUES (sdetalle_conf.NEXTVAL, 24, 8000047, 1, 80001, 2,
                   1734720, NULL, NULL, NULL, NULL, NULL, 190.337800912824,
                   NULL, NULL, NULL, NULL, NULL, f_sysdate, f_user,
                   NULL, NULL, NULL, NULL, NULL, NULL, NULL,
                   NULL
                  );
   EXCEPTION
      WHEN DUP_VAL_ON_INDEX
      THEN
         NULL;
   END;

   BEGIN
      INSERT INTO sgt_subtabs_det
                  (sdetalle, cempres, csubtabla, cversubt, ccla1, ccla2,
                   ccla3, ccla4, ccla5, ccla6, ccla7, ccla8, nval1,
                   nval2, nval3, nval4, nval5, nval6, falta, cusualt,
                   fmodifi, cusumod, ccla9, ccla10, nval7, nval8, nval9,
                   nval10
                  )
           VALUES (sdetalle_conf.NEXTVAL, 24, 8000047, 1, 80002, 2,
                   1734720, NULL, NULL, NULL, NULL, NULL, 190.337800912824,
                   NULL, NULL, NULL, NULL, NULL, f_sysdate, f_user,
                   NULL, NULL, NULL, NULL, NULL, NULL, NULL,
                   NULL
                  );
   EXCEPTION
      WHEN DUP_VAL_ON_INDEX
      THEN
         NULL;
   END;

   BEGIN
      INSERT INTO sgt_subtabs_det
                  (sdetalle, cempres, csubtabla, cversubt, ccla1, ccla2,
                   ccla3, ccla4, ccla5, ccla6, ccla7, ccla8, nval1,
                   nval2, nval3, nval4, nval5, nval6, falta, cusualt,
                   fmodifi, cusumod, ccla9, ccla10, nval7, nval8, nval9,
                   nval10
                  )
           VALUES (sdetalle_conf.NEXTVAL, 24, 8000047, 1, 80003, 2,
                   1734720, NULL, NULL, NULL, NULL, NULL, 190.337800912824,
                   NULL, NULL, NULL, NULL, NULL, f_sysdate, f_user,
                   NULL, NULL, NULL, NULL, NULL, NULL, NULL,
                   NULL
                  );
   EXCEPTION
      WHEN DUP_VAL_ON_INDEX
      THEN
         NULL;
   END;

   BEGIN
      INSERT INTO sgt_subtabs_det
                  (sdetalle, cempres, csubtabla, cversubt, ccla1, ccla2,
                   ccla3, ccla4, ccla5, ccla6, ccla7, ccla8, nval1,
                   nval2, nval3, nval4, nval5, nval6, falta, cusualt,
                   fmodifi, cusumod, ccla9, ccla10, nval7, nval8, nval9,
                   nval10
                  )
           VALUES (sdetalle_conf.NEXTVAL, 24, 8000047, 1, 80001, 0,
                   1734720, NULL, NULL, NULL, NULL, NULL, 190.337800912824,
                   NULL, NULL, NULL, NULL, NULL, f_sysdate, f_user,
                   NULL, NULL, NULL, NULL, NULL, NULL, NULL,
                   NULL
                  );
   EXCEPTION
      WHEN DUP_VAL_ON_INDEX
      THEN
         NULL;
   END;

   BEGIN
      INSERT INTO sgt_subtabs_det
                  (sdetalle, cempres, csubtabla, cversubt, ccla1, ccla2,
                   ccla3, ccla4, ccla5, ccla6, ccla7, ccla8, nval1,
                   nval2, nval3, nval4, nval5, nval6, falta, cusualt,
                   fmodifi, cusumod, ccla9, ccla10, nval7, nval8, nval9,
                   nval10
                  )
           VALUES (sdetalle_conf.NEXTVAL, 24, 8000047, 1, 80002, 0,
                   1734720, NULL, NULL, NULL, NULL, NULL, 190.337800912824,
                   NULL, NULL, NULL, NULL, NULL, f_sysdate, f_user,
                   NULL, NULL, NULL, NULL, NULL, NULL, NULL,
                   NULL
                  );
   EXCEPTION
      WHEN DUP_VAL_ON_INDEX
      THEN
         NULL;
   END;

   BEGIN
      INSERT INTO sgt_subtabs_det
                  (sdetalle, cempres, csubtabla, cversubt, ccla1, ccla2,
                   ccla3, ccla4, ccla5, ccla6, ccla7, ccla8, nval1,
                   nval2, nval3, nval4, nval5, nval6, falta, cusualt,
                   fmodifi, cusumod, ccla9, ccla10, nval7, nval8, nval9,
                   nval10
                  )
           VALUES (sdetalle_conf.NEXTVAL, 24, 8000047, 1, 80003, 0,
                   1734720, NULL, NULL, NULL, NULL, NULL, 190.337800912824,
                   NULL, NULL, NULL, NULL, NULL, f_sysdate, f_user,
                   NULL, NULL, NULL, NULL, NULL, NULL, NULL,
                   NULL
                  );
   EXCEPTION
      WHEN DUP_VAL_ON_INDEX
      THEN
         NULL;
   END;

   BEGIN
      INSERT INTO sgt_subtabs_det
                  (sdetalle, cempres, csubtabla, cversubt, ccla1, ccla2,
                   ccla3, ccla4, ccla5, ccla6, ccla7, ccla8, nval1,
                   nval2, nval3, nval4, nval5, nval6, falta, cusualt,
                   fmodifi, cusumod, ccla9, ccla10, nval7, nval8, nval9,
                   nval10
                  )
           VALUES (sdetalle_conf.NEXTVAL, 24, 8000047, 1, 80001, 3,
                   1734720, NULL, NULL, NULL, NULL, NULL, 178.409285793974,
                   NULL, NULL, NULL, NULL, NULL, f_sysdate, f_user,
                   NULL, NULL, NULL, NULL, NULL, NULL, NULL,
                   NULL
                  );
   EXCEPTION
      WHEN DUP_VAL_ON_INDEX
      THEN
         NULL;
   END;

   BEGIN
      INSERT INTO sgt_subtabs_det
                  (sdetalle, cempres, csubtabla, cversubt, ccla1, ccla2,
                   ccla3, ccla4, ccla5, ccla6, ccla7, ccla8, nval1,
                   nval2, nval3, nval4, nval5, nval6, falta, cusualt,
                   fmodifi, cusumod, ccla9, ccla10, nval7, nval8, nval9,
                   nval10
                  )
           VALUES (sdetalle_conf.NEXTVAL, 24, 8000047, 1, 80002, 3,
                   1734720, NULL, NULL, NULL, NULL, NULL, 178.409285793974,
                   NULL, NULL, NULL, NULL, NULL, f_sysdate, f_user,
                   NULL, NULL, NULL, NULL, NULL, NULL, NULL,
                   NULL
                  );
   EXCEPTION
      WHEN DUP_VAL_ON_INDEX
      THEN
         NULL;
   END;

   BEGIN
      INSERT INTO sgt_subtabs_det
                  (sdetalle, cempres, csubtabla, cversubt, ccla1, ccla2,
                   ccla3, ccla4, ccla5, ccla6, ccla7, ccla8, nval1,
                   nval2, nval3, nval4, nval5, nval6, falta, cusualt,
                   fmodifi, cusumod, ccla9, ccla10, nval7, nval8, nval9,
                   nval10
                  )
           VALUES (sdetalle_conf.NEXTVAL, 24, 8000047, 1, 80003, 3,
                   1734720, NULL, NULL, NULL, NULL, NULL, 178.409285793974,
                   NULL, NULL, NULL, NULL, NULL, f_sysdate, f_user,
                   NULL, NULL, NULL, NULL, NULL, NULL, NULL,
                   NULL
                  );
   EXCEPTION
      WHEN DUP_VAL_ON_INDEX
      THEN
         NULL;
   END;

   BEGIN
      INSERT INTO sgt_subtabs_det
                  (sdetalle, cempres, csubtabla, cversubt, ccla1, ccla2,
                   ccla3, ccla4, ccla5, ccla6, ccla7, ccla8, nval1,
                   nval2, nval3, nval4, nval5, nval6, falta, cusualt,
                   fmodifi, cusumod, ccla9, ccla10, nval7, nval8, nval9,
                   nval10
                  )
           VALUES (sdetalle_conf.NEXTVAL, 24, 8000047, 1, 80001, 1,
                   1734720, NULL, NULL, NULL, NULL, NULL, 124.8911141954,
                   NULL, NULL, NULL, NULL, NULL, f_sysdate, f_user,
                   NULL, NULL, NULL, NULL, NULL, NULL, NULL,
                   NULL
                  );
   EXCEPTION
      WHEN DUP_VAL_ON_INDEX
      THEN
         NULL;
   END;

   BEGIN
      INSERT INTO sgt_subtabs_det
                  (sdetalle, cempres, csubtabla, cversubt, ccla1, ccla2,
                   ccla3, ccla4, ccla5, ccla6, ccla7, ccla8, nval1,
                   nval2, nval3, nval4, nval5, nval6, falta, cusualt,
                   fmodifi, cusumod, ccla9, ccla10, nval7, nval8, nval9,
                   nval10
                  )
           VALUES (sdetalle_conf.NEXTVAL, 24, 8000047, 1, 80002, 1,
                   1734720, NULL, NULL, NULL, NULL, NULL, 124.8911141954,
                   NULL, NULL, NULL, NULL, NULL, f_sysdate, f_user,
                   NULL, NULL, NULL, NULL, NULL, NULL, NULL,
                   NULL
                  );
   EXCEPTION
      WHEN DUP_VAL_ON_INDEX
      THEN
         NULL;
   END;

   BEGIN
      INSERT INTO sgt_subtabs_det
                  (sdetalle, cempres, csubtabla, cversubt, ccla1, ccla2,
                   ccla3, ccla4, ccla5, ccla6, ccla7, ccla8, nval1,
                   nval2, nval3, nval4, nval5, nval6, falta, cusualt,
                   fmodifi, cusumod, ccla9, ccla10, nval7, nval8, nval9,
                   nval10
                  )
           VALUES (sdetalle_conf.NEXTVAL, 24, 8000047, 1, 80003, 1,
                   1734720, NULL, NULL, NULL, NULL, NULL, 124.8911141954,
                   NULL, NULL, NULL, NULL, NULL, f_sysdate, f_user,
                   NULL, NULL, NULL, NULL, NULL, NULL, NULL,
                   NULL
                  );
   EXCEPTION
      WHEN DUP_VAL_ON_INDEX
      THEN
         NULL;
   END;

   BEGIN
      INSERT INTO sgt_subtabs_det
                  (sdetalle, cempres, csubtabla, cversubt, ccla1, ccla2,
                   ccla3, ccla4, ccla5, ccla6, ccla7, ccla8, nval1,
                   nval2, nval3, nval4, nval5, nval6, falta, cusualt,
                   fmodifi, cusumod, ccla9, ccla10, nval7, nval8, nval9,
                   nval10
                  )
           VALUES (sdetalle_conf.NEXTVAL, 24, 8000047, 1, 80001, 2,
                   1734720, NULL, NULL, NULL, NULL, NULL, 190.337800912824,
                   NULL, NULL, NULL, NULL, NULL, f_sysdate, f_user,
                   NULL, NULL, NULL, NULL, NULL, NULL, NULL,
                   NULL
                  );
   EXCEPTION
      WHEN DUP_VAL_ON_INDEX
      THEN
         NULL;
   END;

   BEGIN
      INSERT INTO sgt_subtabs_det
                  (sdetalle, cempres, csubtabla, cversubt, ccla1, ccla2,
                   ccla3, ccla4, ccla5, ccla6, ccla7, ccla8, nval1,
                   nval2, nval3, nval4, nval5, nval6, falta, cusualt,
                   fmodifi, cusumod, ccla9, ccla10, nval7, nval8, nval9,
                   nval10
                  )
           VALUES (sdetalle_conf.NEXTVAL, 24, 8000047, 1, 80002, 2,
                   1734720, NULL, NULL, NULL, NULL, NULL, 190.337800912824,
                   NULL, NULL, NULL, NULL, NULL, f_sysdate, f_user,
                   NULL, NULL, NULL, NULL, NULL, NULL, NULL,
                   NULL
                  );
   EXCEPTION
      WHEN DUP_VAL_ON_INDEX
      THEN
         NULL;
   END;

   BEGIN
      INSERT INTO sgt_subtabs_det
                  (sdetalle, cempres, csubtabla, cversubt, ccla1, ccla2,
                   ccla3, ccla4, ccla5, ccla6, ccla7, ccla8, nval1,
                   nval2, nval3, nval4, nval5, nval6, falta, cusualt,
                   fmodifi, cusumod, ccla9, ccla10, nval7, nval8, nval9,
                   nval10
                  )
           VALUES (sdetalle_conf.NEXTVAL, 24, 8000047, 1, 80003, 2,
                   1734720, NULL, NULL, NULL, NULL, NULL, 190.337800912824,
                   NULL, NULL, NULL, NULL, NULL, f_sysdate, f_user,
                   NULL, NULL, NULL, NULL, NULL, NULL, NULL,
                   NULL
                  );
   EXCEPTION
      WHEN DUP_VAL_ON_INDEX
      THEN
         NULL;
   END;

   BEGIN
      INSERT INTO sgt_subtabs_det
                  (sdetalle, cempres, csubtabla, cversubt, ccla1, ccla2,
                   ccla3, ccla4, ccla5, ccla6, ccla7, ccla8, nval1,
                   nval2, nval3, nval4, nval5, nval6, falta, cusualt,
                   fmodifi, cusumod, ccla9, ccla10, nval7, nval8, nval9,
                   nval10
                  )
           VALUES (sdetalle_conf.NEXTVAL, 24, 8000047, 1, 80001, 1,
                   1734720, NULL, NULL, NULL, NULL, NULL, 124.8911141954,
                   NULL, NULL, NULL, NULL, NULL, f_sysdate, f_user,
                   NULL, NULL, NULL, NULL, NULL, NULL, NULL,
                   NULL
                  );
   EXCEPTION
      WHEN DUP_VAL_ON_INDEX
      THEN
         NULL;
   END;

   BEGIN
      INSERT INTO sgt_subtabs_det
                  (sdetalle, cempres, csubtabla, cversubt, ccla1, ccla2,
                   ccla3, ccla4, ccla5, ccla6, ccla7, ccla8, nval1,
                   nval2, nval3, nval4, nval5, nval6, falta, cusualt,
                   fmodifi, cusumod, ccla9, ccla10, nval7, nval8, nval9,
                   nval10
                  )
           VALUES (sdetalle_conf.NEXTVAL, 24, 8000047, 1, 80002, 1,
                   1734720, NULL, NULL, NULL, NULL, NULL, 124.8911141954,
                   NULL, NULL, NULL, NULL, NULL, f_sysdate, f_user,
                   NULL, NULL, NULL, NULL, NULL, NULL, NULL,
                   NULL
                  );
   EXCEPTION
      WHEN DUP_VAL_ON_INDEX
      THEN
         NULL;
   END;

   BEGIN
      INSERT INTO sgt_subtabs_det
                  (sdetalle, cempres, csubtabla, cversubt, ccla1, ccla2,
                   ccla3, ccla4, ccla5, ccla6, ccla7, ccla8, nval1,
                   nval2, nval3, nval4, nval5, nval6, falta, cusualt,
                   fmodifi, cusumod, ccla9, ccla10, nval7, nval8, nval9,
                   nval10
                  )
           VALUES (sdetalle_conf.NEXTVAL, 24, 8000047, 1, 80003, 1,
                   1734720, NULL, NULL, NULL, NULL, NULL, 124.8911141954,
                   NULL, NULL, NULL, NULL, NULL, f_sysdate, f_user,
                   NULL, NULL, NULL, NULL, NULL, NULL, NULL,
                   NULL
                  );
   EXCEPTION
      WHEN DUP_VAL_ON_INDEX
      THEN
         NULL;
   END;

   BEGIN
      INSERT INTO sgt_subtabs_det
                  (sdetalle, cempres, csubtabla, cversubt, ccla1, ccla2,
                   ccla3, ccla4, ccla5, ccla6, ccla7, ccla8, nval1,
                   nval2, nval3, nval4, nval5, nval6, falta, cusualt,
                   fmodifi, cusumod, ccla9, ccla10, nval7, nval8, nval9,
                   nval10
                  )
           VALUES (sdetalle_conf.NEXTVAL, 24, 8000047, 1, 80001, 0,
                   1314290, NULL, NULL, NULL, NULL, NULL, -32.8048124854751,
                   NULL, NULL, NULL, NULL, NULL, f_sysdate, f_user,
                   NULL, NULL, NULL, NULL, NULL, NULL, NULL,
                   NULL
                  );
   EXCEPTION
      WHEN DUP_VAL_ON_INDEX
      THEN
         NULL;
   END;

   BEGIN
      INSERT INTO sgt_subtabs_det
                  (sdetalle, cempres, csubtabla, cversubt, ccla1, ccla2,
                   ccla3, ccla4, ccla5, ccla6, ccla7, ccla8, nval1,
                   nval2, nval3, nval4, nval5, nval6, falta, cusualt,
                   fmodifi, cusumod, ccla9, ccla10, nval7, nval8, nval9,
                   nval10
                  )
           VALUES (sdetalle_conf.NEXTVAL, 24, 8000047, 1, 80002, 0,
                   1314290, NULL, NULL, NULL, NULL, NULL, -32.8048124854751,
                   NULL, NULL, NULL, NULL, NULL, f_sysdate, f_user,
                   NULL, NULL, NULL, NULL, NULL, NULL, NULL,
                   NULL
                  );
   EXCEPTION
      WHEN DUP_VAL_ON_INDEX
      THEN
         NULL;
   END;

   BEGIN
      INSERT INTO sgt_subtabs_det
                  (sdetalle, cempres, csubtabla, cversubt, ccla1, ccla2,
                   ccla3, ccla4, ccla5, ccla6, ccla7, ccla8, nval1,
                   nval2, nval3, nval4, nval5, nval6, falta, cusualt,
                   fmodifi, cusumod, ccla9, ccla10, nval7, nval8, nval9,
                   nval10
                  )
           VALUES (sdetalle_conf.NEXTVAL, 24, 8000047, 1, 80003, 0,
                   1314290, NULL, NULL, NULL, NULL, NULL, -32.8048124854751,
                   NULL, NULL, NULL, NULL, NULL, f_sysdate, f_user,
                   NULL, NULL, NULL, NULL, NULL, NULL, NULL,
                   NULL
                  );
   EXCEPTION
      WHEN DUP_VAL_ON_INDEX
      THEN
         NULL;
   END;

   BEGIN
      INSERT INTO sgt_subtabs_det
                  (sdetalle, cempres, csubtabla, cversubt, ccla1, ccla2,
                   ccla3, ccla4, ccla5, ccla6, ccla7, ccla8, nval1,
                   nval2, nval3, nval4, nval5, nval6, falta, cusualt,
                   fmodifi, cusumod, ccla9, ccla10, nval7, nval8, nval9,
                   nval10
                  )
           VALUES (sdetalle_conf.NEXTVAL, 24, 8000047, 1, 80001, 3,
                   1314290, NULL, NULL, NULL, NULL, NULL, -24.8294928356271,
                   NULL, NULL, NULL, NULL, NULL, f_sysdate, f_user,
                   NULL, NULL, NULL, NULL, NULL, NULL, NULL,
                   NULL
                  );
   EXCEPTION
      WHEN DUP_VAL_ON_INDEX
      THEN
         NULL;
   END;

   BEGIN
      INSERT INTO sgt_subtabs_det
                  (sdetalle, cempres, csubtabla, cversubt, ccla1, ccla2,
                   ccla3, ccla4, ccla5, ccla6, ccla7, ccla8, nval1,
                   nval2, nval3, nval4, nval5, nval6, falta, cusualt,
                   fmodifi, cusumod, ccla9, ccla10, nval7, nval8, nval9,
                   nval10
                  )
           VALUES (sdetalle_conf.NEXTVAL, 24, 8000047, 1, 80002, 3,
                   1314290, NULL, NULL, NULL, NULL, NULL, -24.8294928356271,
                   NULL, NULL, NULL, NULL, NULL, f_sysdate, f_user,
                   NULL, NULL, NULL, NULL, NULL, NULL, NULL,
                   NULL
                  );
   EXCEPTION
      WHEN DUP_VAL_ON_INDEX
      THEN
         NULL;
   END;

   BEGIN
      INSERT INTO sgt_subtabs_det
                  (sdetalle, cempres, csubtabla, cversubt, ccla1, ccla2,
                   ccla3, ccla4, ccla5, ccla6, ccla7, ccla8, nval1,
                   nval2, nval3, nval4, nval5, nval6, falta, cusualt,
                   fmodifi, cusumod, ccla9, ccla10, nval7, nval8, nval9,
                   nval10
                  )
           VALUES (sdetalle_conf.NEXTVAL, 24, 8000047, 1, 80003, 3,
                   1314290, NULL, NULL, NULL, NULL, NULL, -24.8294928356271,
                   NULL, NULL, NULL, NULL, NULL, f_sysdate, f_user,
                   NULL, NULL, NULL, NULL, NULL, NULL, NULL,
                   NULL
                  );
   EXCEPTION
      WHEN DUP_VAL_ON_INDEX
      THEN
         NULL;
   END;

   BEGIN
      INSERT INTO sgt_subtabs_det
                  (sdetalle, cempres, csubtabla, cversubt, ccla1, ccla2,
                   ccla3, ccla4, ccla5, ccla6, ccla7, ccla8, nval1,
                   nval2, nval3, nval4, nval5, nval6, falta, cusualt,
                   fmodifi, cusumod, ccla9, ccla10, nval7, nval8, nval9,
                   nval10
                  )
           VALUES (sdetalle_conf.NEXTVAL, 24, 8000047, 1, 80001, 1,
                   1314290, NULL, NULL, NULL, NULL, NULL, 3.07009243237286,
                   NULL, NULL, NULL, NULL, NULL, f_sysdate, f_user,
                   NULL, NULL, NULL, NULL, NULL, NULL, NULL,
                   NULL
                  );
   EXCEPTION
      WHEN DUP_VAL_ON_INDEX
      THEN
         NULL;
   END;

   BEGIN
      INSERT INTO sgt_subtabs_det
                  (sdetalle, cempres, csubtabla, cversubt, ccla1, ccla2,
                   ccla3, ccla4, ccla5, ccla6, ccla7, ccla8, nval1,
                   nval2, nval3, nval4, nval5, nval6, falta, cusualt,
                   fmodifi, cusumod, ccla9, ccla10, nval7, nval8, nval9,
                   nval10
                  )
           VALUES (sdetalle_conf.NEXTVAL, 24, 8000047, 1, 80002, 1,
                   1314290, NULL, NULL, NULL, NULL, NULL, 3.07009243237286,
                   NULL, NULL, NULL, NULL, NULL, f_sysdate, f_user,
                   NULL, NULL, NULL, NULL, NULL, NULL, NULL,
                   NULL
                  );
   EXCEPTION
      WHEN DUP_VAL_ON_INDEX
      THEN
         NULL;
   END;

   BEGIN
      INSERT INTO sgt_subtabs_det
                  (sdetalle, cempres, csubtabla, cversubt, ccla1, ccla2,
                   ccla3, ccla4, ccla5, ccla6, ccla7, ccla8, nval1,
                   nval2, nval3, nval4, nval5, nval6, falta, cusualt,
                   fmodifi, cusumod, ccla9, ccla10, nval7, nval8, nval9,
                   nval10
                  )
           VALUES (sdetalle_conf.NEXTVAL, 24, 8000047, 1, 80003, 1,
                   1314290, NULL, NULL, NULL, NULL, NULL, 3.07009243237286,
                   NULL, NULL, NULL, NULL, NULL, f_sysdate, f_user,
                   NULL, NULL, NULL, NULL, NULL, NULL, NULL,
                   NULL
                  );
   EXCEPTION
      WHEN DUP_VAL_ON_INDEX
      THEN
         NULL;
   END;

   BEGIN
      INSERT INTO sgt_subtabs_det
                  (sdetalle, cempres, csubtabla, cversubt, ccla1, ccla2,
                   ccla3, ccla4, ccla5, ccla6, ccla7, ccla8, nval1,
                   nval2, nval3, nval4, nval5, nval6, falta, cusualt,
                   fmodifi, cusumod, ccla9, ccla10, nval7, nval8, nval9,
                   nval10
                  )
           VALUES (sdetalle_conf.NEXTVAL, 24, 8000047, 1, 80001, 1,
                   1314290, NULL, NULL, NULL, NULL, NULL, 3.07009243237286,
                   NULL, NULL, NULL, NULL, NULL, f_sysdate, f_user,
                   NULL, NULL, NULL, NULL, NULL, NULL, NULL,
                   NULL
                  );
   EXCEPTION
      WHEN DUP_VAL_ON_INDEX
      THEN
         NULL;
   END;

   BEGIN
      INSERT INTO sgt_subtabs_det
                  (sdetalle, cempres, csubtabla, cversubt, ccla1, ccla2,
                   ccla3, ccla4, ccla5, ccla6, ccla7, ccla8, nval1,
                   nval2, nval3, nval4, nval5, nval6, falta, cusualt,
                   fmodifi, cusumod, ccla9, ccla10, nval7, nval8, nval9,
                   nval10
                  )
           VALUES (sdetalle_conf.NEXTVAL, 24, 8000047, 1, 80002, 1,
                   1314290, NULL, NULL, NULL, NULL, NULL, 3.07009243237286,
                   NULL, NULL, NULL, NULL, NULL, f_sysdate, f_user,
                   NULL, NULL, NULL, NULL, NULL, NULL, NULL,
                   NULL
                  );
   EXCEPTION
      WHEN DUP_VAL_ON_INDEX
      THEN
         NULL;
   END;

   BEGIN
      INSERT INTO sgt_subtabs_det
                  (sdetalle, cempres, csubtabla, cversubt, ccla1, ccla2,
                   ccla3, ccla4, ccla5, ccla6, ccla7, ccla8, nval1,
                   nval2, nval3, nval4, nval5, nval6, falta, cusualt,
                   fmodifi, cusumod, ccla9, ccla10, nval7, nval8, nval9,
                   nval10
                  )
           VALUES (sdetalle_conf.NEXTVAL, 24, 8000047, 1, 80003, 1,
                   1314290, NULL, NULL, NULL, NULL, NULL, 3.07009243237286,
                   NULL, NULL, NULL, NULL, NULL, f_sysdate, f_user,
                   NULL, NULL, NULL, NULL, NULL, NULL, NULL,
                   NULL
                  );
   EXCEPTION
      WHEN DUP_VAL_ON_INDEX
      THEN
         NULL;
   END;

   BEGIN
      INSERT INTO sgt_subtabs_det
                  (sdetalle, cempres, csubtabla, cversubt, ccla1, ccla2,
                   ccla3, ccla4, ccla5, ccla6, ccla7, ccla8, nval1,
                   nval2, nval3, nval4, nval5, nval6, falta, cusualt,
                   fmodifi, cusumod, ccla9, ccla10, nval7, nval8, nval9,
                   nval10
                  )
           VALUES (sdetalle_conf.NEXTVAL, 24, 8000047, 1, 80001, 2,
                   1314290, NULL, NULL, NULL, NULL, NULL, -32.8048124854751,
                   NULL, NULL, NULL, NULL, NULL, f_sysdate, f_user,
                   NULL, NULL, NULL, NULL, NULL, NULL, NULL,
                   NULL
                  );
   EXCEPTION
      WHEN DUP_VAL_ON_INDEX
      THEN
         NULL;
   END;

   BEGIN
      INSERT INTO sgt_subtabs_det
                  (sdetalle, cempres, csubtabla, cversubt, ccla1, ccla2,
                   ccla3, ccla4, ccla5, ccla6, ccla7, ccla8, nval1,
                   nval2, nval3, nval4, nval5, nval6, falta, cusualt,
                   fmodifi, cusumod, ccla9, ccla10, nval7, nval8, nval9,
                   nval10
                  )
           VALUES (sdetalle_conf.NEXTVAL, 24, 8000047, 1, 80002, 2,
                   1314290, NULL, NULL, NULL, NULL, NULL, -32.8048124854751,
                   NULL, NULL, NULL, NULL, NULL, f_sysdate, f_user,
                   NULL, NULL, NULL, NULL, NULL, NULL, NULL,
                   NULL
                  );
   EXCEPTION
      WHEN DUP_VAL_ON_INDEX
      THEN
         NULL;
   END;

   BEGIN
      INSERT INTO sgt_subtabs_det
                  (sdetalle, cempres, csubtabla, cversubt, ccla1, ccla2,
                   ccla3, ccla4, ccla5, ccla6, ccla7, ccla8, nval1,
                   nval2, nval3, nval4, nval5, nval6, falta, cusualt,
                   fmodifi, cusumod, ccla9, ccla10, nval7, nval8, nval9,
                   nval10
                  )
           VALUES (sdetalle_conf.NEXTVAL, 24, 8000047, 1, 80003, 2,
                   1314290, NULL, NULL, NULL, NULL, NULL, -32.8048124854751,
                   NULL, NULL, NULL, NULL, NULL, f_sysdate, f_user,
                   NULL, NULL, NULL, NULL, NULL, NULL, NULL,
                   NULL
                  );
   EXCEPTION
      WHEN DUP_VAL_ON_INDEX
      THEN
         NULL;
   END;

   BEGIN
      INSERT INTO sgt_subtabs_det
                  (sdetalle, cempres, csubtabla, cversubt, ccla1, ccla2,
                   ccla3, ccla4, ccla5, ccla6, ccla7, ccla8, nval1,
                   nval2, nval3, nval4, nval5, nval6, falta, cusualt,
                   fmodifi, cusumod, ccla9, ccla10, nval7, nval8, nval9,
                   nval10
                  )
           VALUES (sdetalle_conf.NEXTVAL, 24, 8000047, 1, 80001, 0,
                   1314290, NULL, NULL, NULL, NULL, NULL, -32.8048124854751,
                   NULL, NULL, NULL, NULL, NULL, f_sysdate, f_user,
                   NULL, NULL, NULL, NULL, NULL, NULL, NULL,
                   NULL
                  );
   EXCEPTION
      WHEN DUP_VAL_ON_INDEX
      THEN
         NULL;
   END;

   BEGIN
      INSERT INTO sgt_subtabs_det
                  (sdetalle, cempres, csubtabla, cversubt, ccla1, ccla2,
                   ccla3, ccla4, ccla5, ccla6, ccla7, ccla8, nval1,
                   nval2, nval3, nval4, nval5, nval6, falta, cusualt,
                   fmodifi, cusumod, ccla9, ccla10, nval7, nval8, nval9,
                   nval10
                  )
           VALUES (sdetalle_conf.NEXTVAL, 24, 8000047, 1, 80002, 0,
                   1314290, NULL, NULL, NULL, NULL, NULL, -32.8048124854751,
                   NULL, NULL, NULL, NULL, NULL, f_sysdate, f_user,
                   NULL, NULL, NULL, NULL, NULL, NULL, NULL,
                   NULL
                  );
   EXCEPTION
      WHEN DUP_VAL_ON_INDEX
      THEN
         NULL;
   END;

   BEGIN
      INSERT INTO sgt_subtabs_det
                  (sdetalle, cempres, csubtabla, cversubt, ccla1, ccla2,
                   ccla3, ccla4, ccla5, ccla6, ccla7, ccla8, nval1,
                   nval2, nval3, nval4, nval5, nval6, falta, cusualt,
                   fmodifi, cusumod, ccla9, ccla10, nval7, nval8, nval9,
                   nval10
                  )
           VALUES (sdetalle_conf.NEXTVAL, 24, 8000047, 1, 80003, 0,
                   1314290, NULL, NULL, NULL, NULL, NULL, -32.8048124854751,
                   NULL, NULL, NULL, NULL, NULL, f_sysdate, f_user,
                   NULL, NULL, NULL, NULL, NULL, NULL, NULL,
                   NULL
                  );
   EXCEPTION
      WHEN DUP_VAL_ON_INDEX
      THEN
         NULL;
   END;

   BEGIN
      INSERT INTO sgt_subtabs_det
                  (sdetalle, cempres, csubtabla, cversubt, ccla1, ccla2,
                   ccla3, ccla4, ccla5, ccla6, ccla7, ccla8, nval1,
                   nval2, nval3, nval4, nval5, nval6, falta, cusualt,
                   fmodifi, cusumod, ccla9, ccla10, nval7, nval8, nval9,
                   nval10
                  )
           VALUES (sdetalle_conf.NEXTVAL, 24, 8000047, 1, 80001, 3,
                   1314290, NULL, NULL, NULL, NULL, NULL, -24.8294928356271,
                   NULL, NULL, NULL, NULL, NULL, f_sysdate, f_user,
                   NULL, NULL, NULL, NULL, NULL, NULL, NULL,
                   NULL
                  );
   EXCEPTION
      WHEN DUP_VAL_ON_INDEX
      THEN
         NULL;
   END;

   BEGIN
      INSERT INTO sgt_subtabs_det
                  (sdetalle, cempres, csubtabla, cversubt, ccla1, ccla2,
                   ccla3, ccla4, ccla5, ccla6, ccla7, ccla8, nval1,
                   nval2, nval3, nval4, nval5, nval6, falta, cusualt,
                   fmodifi, cusumod, ccla9, ccla10, nval7, nval8, nval9,
                   nval10
                  )
           VALUES (sdetalle_conf.NEXTVAL, 24, 8000047, 1, 80002, 3,
                   1314290, NULL, NULL, NULL, NULL, NULL, -24.8294928356271,
                   NULL, NULL, NULL, NULL, NULL, f_sysdate, f_user,
                   NULL, NULL, NULL, NULL, NULL, NULL, NULL,
                   NULL
                  );
   EXCEPTION
      WHEN DUP_VAL_ON_INDEX
      THEN
         NULL;
   END;

   BEGIN
      INSERT INTO sgt_subtabs_det
                  (sdetalle, cempres, csubtabla, cversubt, ccla1, ccla2,
                   ccla3, ccla4, ccla5, ccla6, ccla7, ccla8, nval1,
                   nval2, nval3, nval4, nval5, nval6, falta, cusualt,
                   fmodifi, cusumod, ccla9, ccla10, nval7, nval8, nval9,
                   nval10
                  )
           VALUES (sdetalle_conf.NEXTVAL, 24, 8000047, 1, 80003, 3,
                   1314290, NULL, NULL, NULL, NULL, NULL, -24.8294928356271,
                   NULL, NULL, NULL, NULL, NULL, f_sysdate, f_user,
                   NULL, NULL, NULL, NULL, NULL, NULL, NULL,
                   NULL
                  );
   EXCEPTION
      WHEN DUP_VAL_ON_INDEX
      THEN
         NULL;
   END;

   BEGIN
      INSERT INTO sgt_subtabs_det
                  (sdetalle, cempres, csubtabla, cversubt, ccla1, ccla2,
                   ccla3, ccla4, ccla5, ccla6, ccla7, ccla8, nval1,
                   nval2, nval3, nval4, nval5, nval6, falta, cusualt,
                   fmodifi, cusumod, ccla9, ccla10, nval7, nval8, nval9,
                   nval10
                  )
           VALUES (sdetalle_conf.NEXTVAL, 24, 8000047, 1, 80001, 1,
                   1314290, NULL, NULL, NULL, NULL, NULL, 3.07009243237286,
                   NULL, NULL, NULL, NULL, NULL, f_sysdate, f_user,
                   NULL, NULL, NULL, NULL, NULL, NULL, NULL,
                   NULL
                  );
   EXCEPTION
      WHEN DUP_VAL_ON_INDEX
      THEN
         NULL;
   END;

   BEGIN
      INSERT INTO sgt_subtabs_det
                  (sdetalle, cempres, csubtabla, cversubt, ccla1, ccla2,
                   ccla3, ccla4, ccla5, ccla6, ccla7, ccla8, nval1,
                   nval2, nval3, nval4, nval5, nval6, falta, cusualt,
                   fmodifi, cusumod, ccla9, ccla10, nval7, nval8, nval9,
                   nval10
                  )
           VALUES (sdetalle_conf.NEXTVAL, 24, 8000047, 1, 80002, 1,
                   1314290, NULL, NULL, NULL, NULL, NULL, 3.07009243237286,
                   NULL, NULL, NULL, NULL, NULL, f_sysdate, f_user,
                   NULL, NULL, NULL, NULL, NULL, NULL, NULL,
                   NULL
                  );
   EXCEPTION
      WHEN DUP_VAL_ON_INDEX
      THEN
         NULL;
   END;

   BEGIN
      INSERT INTO sgt_subtabs_det
                  (sdetalle, cempres, csubtabla, cversubt, ccla1, ccla2,
                   ccla3, ccla4, ccla5, ccla6, ccla7, ccla8, nval1,
                   nval2, nval3, nval4, nval5, nval6, falta, cusualt,
                   fmodifi, cusumod, ccla9, ccla10, nval7, nval8, nval9,
                   nval10
                  )
           VALUES (sdetalle_conf.NEXTVAL, 24, 8000047, 1, 80003, 1,
                   1314290, NULL, NULL, NULL, NULL, NULL, 3.07009243237286,
                   NULL, NULL, NULL, NULL, NULL, f_sysdate, f_user,
                   NULL, NULL, NULL, NULL, NULL, NULL, NULL,
                   NULL
                  );
   EXCEPTION
      WHEN DUP_VAL_ON_INDEX
      THEN
         NULL;
   END;

   BEGIN
      INSERT INTO sgt_subtabs_det
                  (sdetalle, cempres, csubtabla, cversubt, ccla1, ccla2,
                   ccla3, ccla4, ccla5, ccla6, ccla7, ccla8, nval1,
                   nval2, nval3, nval4, nval5, nval6, falta, cusualt,
                   fmodifi, cusumod, ccla9, ccla10, nval7, nval8, nval9,
                   nval10
                  )
           VALUES (sdetalle_conf.NEXTVAL, 24, 8000047, 1, 80001, 1,
                   1314290, NULL, NULL, NULL, NULL, NULL, 3.07009243237286,
                   NULL, NULL, NULL, NULL, NULL, f_sysdate, f_user,
                   NULL, NULL, NULL, NULL, NULL, NULL, NULL,
                   NULL
                  );
   EXCEPTION
      WHEN DUP_VAL_ON_INDEX
      THEN
         NULL;
   END;

   BEGIN
      INSERT INTO sgt_subtabs_det
                  (sdetalle, cempres, csubtabla, cversubt, ccla1, ccla2,
                   ccla3, ccla4, ccla5, ccla6, ccla7, ccla8, nval1,
                   nval2, nval3, nval4, nval5, nval6, falta, cusualt,
                   fmodifi, cusumod, ccla9, ccla10, nval7, nval8, nval9,
                   nval10
                  )
           VALUES (sdetalle_conf.NEXTVAL, 24, 8000047, 1, 80002, 1,
                   1314290, NULL, NULL, NULL, NULL, NULL, 3.07009243237286,
                   NULL, NULL, NULL, NULL, NULL, f_sysdate, f_user,
                   NULL, NULL, NULL, NULL, NULL, NULL, NULL,
                   NULL
                  );
   EXCEPTION
      WHEN DUP_VAL_ON_INDEX
      THEN
         NULL;
   END;

   BEGIN
      INSERT INTO sgt_subtabs_det
                  (sdetalle, cempres, csubtabla, cversubt, ccla1, ccla2,
                   ccla3, ccla4, ccla5, ccla6, ccla7, ccla8, nval1,
                   nval2, nval3, nval4, nval5, nval6, falta, cusualt,
                   fmodifi, cusumod, ccla9, ccla10, nval7, nval8, nval9,
                   nval10
                  )
           VALUES (sdetalle_conf.NEXTVAL, 24, 8000047, 1, 80003, 1,
                   1314290, NULL, NULL, NULL, NULL, NULL, 3.07009243237286,
                   NULL, NULL, NULL, NULL, NULL, f_sysdate, f_user,
                   NULL, NULL, NULL, NULL, NULL, NULL, NULL,
                   NULL
                  );
   EXCEPTION
      WHEN DUP_VAL_ON_INDEX
      THEN
         NULL;
   END;

   BEGIN
      INSERT INTO sgt_subtabs_det
                  (sdetalle, cempres, csubtabla, cversubt, ccla1, ccla2,
                   ccla3, ccla4, ccla5, ccla6, ccla7, ccla8, nval1,
                   nval2, nval3, nval4, nval5, nval6, falta, cusualt,
                   fmodifi, cusumod, ccla9, ccla10, nval7, nval8, nval9,
                   nval10
                  )
           VALUES (sdetalle_conf.NEXTVAL, 24, 8000047, 1, 80001, 2,
                   1314290, NULL, NULL, NULL, NULL, NULL, -32.8048124854751,
                   NULL, NULL, NULL, NULL, NULL, f_sysdate, f_user,
                   NULL, NULL, NULL, NULL, NULL, NULL, NULL,
                   NULL
                  );
   EXCEPTION
      WHEN DUP_VAL_ON_INDEX
      THEN
         NULL;
   END;

   BEGIN
      INSERT INTO sgt_subtabs_det
                  (sdetalle, cempres, csubtabla, cversubt, ccla1, ccla2,
                   ccla3, ccla4, ccla5, ccla6, ccla7, ccla8, nval1,
                   nval2, nval3, nval4, nval5, nval6, falta, cusualt,
                   fmodifi, cusumod, ccla9, ccla10, nval7, nval8, nval9,
                   nval10
                  )
           VALUES (sdetalle_conf.NEXTVAL, 24, 8000047, 1, 80002, 2,
                   1314290, NULL, NULL, NULL, NULL, NULL, -32.8048124854751,
                   NULL, NULL, NULL, NULL, NULL, f_sysdate, f_user,
                   NULL, NULL, NULL, NULL, NULL, NULL, NULL,
                   NULL
                  );
   EXCEPTION
      WHEN DUP_VAL_ON_INDEX
      THEN
         NULL;
   END;

   BEGIN
      INSERT INTO sgt_subtabs_det
                  (sdetalle, cempres, csubtabla, cversubt, ccla1, ccla2,
                   ccla3, ccla4, ccla5, ccla6, ccla7, ccla8, nval1,
                   nval2, nval3, nval4, nval5, nval6, falta, cusualt,
                   fmodifi, cusumod, ccla9, ccla10, nval7, nval8, nval9,
                   nval10
                  )
           VALUES (sdetalle_conf.NEXTVAL, 24, 8000047, 1, 80003, 2,
                   1314290, NULL, NULL, NULL, NULL, NULL, -32.8048124854751,
                   NULL, NULL, NULL, NULL, NULL, f_sysdate, f_user,
                   NULL, NULL, NULL, NULL, NULL, NULL, NULL,
                   NULL
                  );
   EXCEPTION
      WHEN DUP_VAL_ON_INDEX
      THEN
         NULL;
   END;

   BEGIN
      INSERT INTO sgt_subtabs_det
                  (sdetalle, cempres, csubtabla, cversubt, ccla1, ccla2,
                   ccla3, ccla4, ccla5, ccla6, ccla7, ccla8, nval1,
                   nval2, nval3, nval4, nval5, nval6, falta, cusualt,
                   fmodifi, cusumod, ccla9, ccla10, nval7, nval8, nval9,
                   nval10
                  )
           VALUES (sdetalle_conf.NEXTVAL, 24, 8000047, 1, 80001, 0,
                   1314290, NULL, NULL, NULL, NULL, NULL, -32.8048124854751,
                   NULL, NULL, NULL, NULL, NULL, f_sysdate, f_user,
                   NULL, NULL, NULL, NULL, NULL, NULL, NULL,
                   NULL
                  );
   EXCEPTION
      WHEN DUP_VAL_ON_INDEX
      THEN
         NULL;
   END;

   BEGIN
      INSERT INTO sgt_subtabs_det
                  (sdetalle, cempres, csubtabla, cversubt, ccla1, ccla2,
                   ccla3, ccla4, ccla5, ccla6, ccla7, ccla8, nval1,
                   nval2, nval3, nval4, nval5, nval6, falta, cusualt,
                   fmodifi, cusumod, ccla9, ccla10, nval7, nval8, nval9,
                   nval10
                  )
           VALUES (sdetalle_conf.NEXTVAL, 24, 8000047, 1, 80002, 0,
                   1314290, NULL, NULL, NULL, NULL, NULL, -32.8048124854751,
                   NULL, NULL, NULL, NULL, NULL, f_sysdate, f_user,
                   NULL, NULL, NULL, NULL, NULL, NULL, NULL,
                   NULL
                  );
   EXCEPTION
      WHEN DUP_VAL_ON_INDEX
      THEN
         NULL;
   END;

   BEGIN
      INSERT INTO sgt_subtabs_det
                  (sdetalle, cempres, csubtabla, cversubt, ccla1, ccla2,
                   ccla3, ccla4, ccla5, ccla6, ccla7, ccla8, nval1,
                   nval2, nval3, nval4, nval5, nval6, falta, cusualt,
                   fmodifi, cusumod, ccla9, ccla10, nval7, nval8, nval9,
                   nval10
                  )
           VALUES (sdetalle_conf.NEXTVAL, 24, 8000047, 1, 80003, 0,
                   1314290, NULL, NULL, NULL, NULL, NULL, -32.8048124854751,
                   NULL, NULL, NULL, NULL, NULL, f_sysdate, f_user,
                   NULL, NULL, NULL, NULL, NULL, NULL, NULL,
                   NULL
                  );
   EXCEPTION
      WHEN DUP_VAL_ON_INDEX
      THEN
         NULL;
   END;

   BEGIN
      INSERT INTO sgt_subtabs_det
                  (sdetalle, cempres, csubtabla, cversubt, ccla1, ccla2,
                   ccla3, ccla4, ccla5, ccla6, ccla7, ccla8, nval1,
                   nval2, nval3, nval4, nval5, nval6, falta, cusualt,
                   fmodifi, cusumod, ccla9, ccla10, nval7, nval8, nval9,
                   nval10
                  )
           VALUES (sdetalle_conf.NEXTVAL, 24, 8000047, 1, 80001, 1,
                   1314290, NULL, NULL, NULL, NULL, NULL, 3.07009243237286,
                   NULL, NULL, NULL, NULL, NULL, f_sysdate, f_user,
                   NULL, NULL, NULL, NULL, NULL, NULL, NULL,
                   NULL
                  );
   EXCEPTION
      WHEN DUP_VAL_ON_INDEX
      THEN
         NULL;
   END;

   BEGIN
      INSERT INTO sgt_subtabs_det
                  (sdetalle, cempres, csubtabla, cversubt, ccla1, ccla2,
                   ccla3, ccla4, ccla5, ccla6, ccla7, ccla8, nval1,
                   nval2, nval3, nval4, nval5, nval6, falta, cusualt,
                   fmodifi, cusumod, ccla9, ccla10, nval7, nval8, nval9,
                   nval10
                  )
           VALUES (sdetalle_conf.NEXTVAL, 24, 8000047, 1, 80002, 1,
                   1314290, NULL, NULL, NULL, NULL, NULL, 3.07009243237286,
                   NULL, NULL, NULL, NULL, NULL, f_sysdate, f_user,
                   NULL, NULL, NULL, NULL, NULL, NULL, NULL,
                   NULL
                  );
   EXCEPTION
      WHEN DUP_VAL_ON_INDEX
      THEN
         NULL;
   END;

   BEGIN
      INSERT INTO sgt_subtabs_det
                  (sdetalle, cempres, csubtabla, cversubt, ccla1, ccla2,
                   ccla3, ccla4, ccla5, ccla6, ccla7, ccla8, nval1,
                   nval2, nval3, nval4, nval5, nval6, falta, cusualt,
                   fmodifi, cusumod, ccla9, ccla10, nval7, nval8, nval9,
                   nval10
                  )
           VALUES (sdetalle_conf.NEXTVAL, 24, 8000047, 1, 80003, 1,
                   1314290, NULL, NULL, NULL, NULL, NULL, 3.07009243237286,
                   NULL, NULL, NULL, NULL, NULL, f_sysdate, f_user,
                   NULL, NULL, NULL, NULL, NULL, NULL, NULL,
                   NULL
                  );
   EXCEPTION
      WHEN DUP_VAL_ON_INDEX
      THEN
         NULL;
   END;

   BEGIN
      INSERT INTO sgt_subtabs_det
                  (sdetalle, cempres, csubtabla, cversubt, ccla1, ccla2,
                   ccla3, ccla4, ccla5, ccla6, ccla7, ccla8, nval1,
                   nval2, nval3, nval4, nval5, nval6, falta, cusualt,
                   fmodifi, cusumod, ccla9, ccla10, nval7, nval8, nval9,
                   nval10
                  )
           VALUES (sdetalle_conf.NEXTVAL, 24, 8000047, 1, 80001, 0,
                   1314290, NULL, NULL, NULL, NULL, NULL, -32.8048124854751,
                   NULL, NULL, NULL, NULL, NULL, f_sysdate, f_user,
                   NULL, NULL, NULL, NULL, NULL, NULL, NULL,
                   NULL
                  );
   EXCEPTION
      WHEN DUP_VAL_ON_INDEX
      THEN
         NULL;
   END;

   BEGIN
      INSERT INTO sgt_subtabs_det
                  (sdetalle, cempres, csubtabla, cversubt, ccla1, ccla2,
                   ccla3, ccla4, ccla5, ccla6, ccla7, ccla8, nval1,
                   nval2, nval3, nval4, nval5, nval6, falta, cusualt,
                   fmodifi, cusumod, ccla9, ccla10, nval7, nval8, nval9,
                   nval10
                  )
           VALUES (sdetalle_conf.NEXTVAL, 24, 8000047, 1, 80002, 0,
                   1314290, NULL, NULL, NULL, NULL, NULL, -32.8048124854751,
                   NULL, NULL, NULL, NULL, NULL, f_sysdate, f_user,
                   NULL, NULL, NULL, NULL, NULL, NULL, NULL,
                   NULL
                  );
   EXCEPTION
      WHEN DUP_VAL_ON_INDEX
      THEN
         NULL;
   END;

   BEGIN
      INSERT INTO sgt_subtabs_det
                  (sdetalle, cempres, csubtabla, cversubt, ccla1, ccla2,
                   ccla3, ccla4, ccla5, ccla6, ccla7, ccla8, nval1,
                   nval2, nval3, nval4, nval5, nval6, falta, cusualt,
                   fmodifi, cusumod, ccla9, ccla10, nval7, nval8, nval9,
                   nval10
                  )
           VALUES (sdetalle_conf.NEXTVAL, 24, 8000047, 1, 80003, 0,
                   1314290, NULL, NULL, NULL, NULL, NULL, -32.8048124854751,
                   NULL, NULL, NULL, NULL, NULL, f_sysdate, f_user,
                   NULL, NULL, NULL, NULL, NULL, NULL, NULL,
                   NULL
                  );
   EXCEPTION
      WHEN DUP_VAL_ON_INDEX
      THEN
         NULL;
   END;

   BEGIN
      INSERT INTO sgt_subtabs_det
                  (sdetalle, cempres, csubtabla, cversubt, ccla1, ccla2,
                   ccla3, ccla4, ccla5, ccla6, ccla7, ccla8, nval1,
                   nval2, nval3, nval4, nval5, nval6, falta, cusualt,
                   fmodifi, cusumod, ccla9, ccla10, nval7, nval8, nval9,
                   nval10
                  )
           VALUES (sdetalle_conf.NEXTVAL, 24, 8000047, 1, 80001, 3,
                   1314290, NULL, NULL, NULL, NULL, NULL, -24.8294928356271,
                   NULL, NULL, NULL, NULL, NULL, f_sysdate, f_user,
                   NULL, NULL, NULL, NULL, NULL, NULL, NULL,
                   NULL
                  );
   EXCEPTION
      WHEN DUP_VAL_ON_INDEX
      THEN
         NULL;
   END;

   BEGIN
      INSERT INTO sgt_subtabs_det
                  (sdetalle, cempres, csubtabla, cversubt, ccla1, ccla2,
                   ccla3, ccla4, ccla5, ccla6, ccla7, ccla8, nval1,
                   nval2, nval3, nval4, nval5, nval6, falta, cusualt,
                   fmodifi, cusumod, ccla9, ccla10, nval7, nval8, nval9,
                   nval10
                  )
           VALUES (sdetalle_conf.NEXTVAL, 24, 8000047, 1, 80002, 3,
                   1314290, NULL, NULL, NULL, NULL, NULL, -24.8294928356271,
                   NULL, NULL, NULL, NULL, NULL, f_sysdate, f_user,
                   NULL, NULL, NULL, NULL, NULL, NULL, NULL,
                   NULL
                  );
   EXCEPTION
      WHEN DUP_VAL_ON_INDEX
      THEN
         NULL;
   END;

   BEGIN
      INSERT INTO sgt_subtabs_det
                  (sdetalle, cempres, csubtabla, cversubt, ccla1, ccla2,
                   ccla3, ccla4, ccla5, ccla6, ccla7, ccla8, nval1,
                   nval2, nval3, nval4, nval5, nval6, falta, cusualt,
                   fmodifi, cusumod, ccla9, ccla10, nval7, nval8, nval9,
                   nval10
                  )
           VALUES (sdetalle_conf.NEXTVAL, 24, 8000047, 1, 80003, 3,
                   1314290, NULL, NULL, NULL, NULL, NULL, -24.8294928356271,
                   NULL, NULL, NULL, NULL, NULL, f_sysdate, f_user,
                   NULL, NULL, NULL, NULL, NULL, NULL, NULL,
                   NULL
                  );
   EXCEPTION
      WHEN DUP_VAL_ON_INDEX
      THEN
         NULL;
   END;

   BEGIN
      INSERT INTO sgt_subtabs_det
                  (sdetalle, cempres, csubtabla, cversubt, ccla1, ccla2,
                   ccla3, ccla4, ccla5, ccla6, ccla7, ccla8, nval1,
                   nval2, nval3, nval4, nval5, nval6, falta, cusualt,
                   fmodifi, cusumod, ccla9, ccla10, nval7, nval8, nval9,
                   nval10
                  )
           VALUES (sdetalle_conf.NEXTVAL, 24, 8000047, 1, 80001, 1,
                   1314290, NULL, NULL, NULL, NULL, NULL, 3.07009243237286,
                   NULL, NULL, NULL, NULL, NULL, f_sysdate, f_user,
                   NULL, NULL, NULL, NULL, NULL, NULL, NULL,
                   NULL
                  );
   EXCEPTION
      WHEN DUP_VAL_ON_INDEX
      THEN
         NULL;
   END;

   BEGIN
      INSERT INTO sgt_subtabs_det
                  (sdetalle, cempres, csubtabla, cversubt, ccla1, ccla2,
                   ccla3, ccla4, ccla5, ccla6, ccla7, ccla8, nval1,
                   nval2, nval3, nval4, nval5, nval6, falta, cusualt,
                   fmodifi, cusumod, ccla9, ccla10, nval7, nval8, nval9,
                   nval10
                  )
           VALUES (sdetalle_conf.NEXTVAL, 24, 8000047, 1, 80002, 1,
                   1314290, NULL, NULL, NULL, NULL, NULL, 3.07009243237286,
                   NULL, NULL, NULL, NULL, NULL, f_sysdate, f_user,
                   NULL, NULL, NULL, NULL, NULL, NULL, NULL,
                   NULL
                  );
   EXCEPTION
      WHEN DUP_VAL_ON_INDEX
      THEN
         NULL;
   END;

   BEGIN
      INSERT INTO sgt_subtabs_det
                  (sdetalle, cempres, csubtabla, cversubt, ccla1, ccla2,
                   ccla3, ccla4, ccla5, ccla6, ccla7, ccla8, nval1,
                   nval2, nval3, nval4, nval5, nval6, falta, cusualt,
                   fmodifi, cusumod, ccla9, ccla10, nval7, nval8, nval9,
                   nval10
                  )
           VALUES (sdetalle_conf.NEXTVAL, 24, 8000047, 1, 80003, 1,
                   1314290, NULL, NULL, NULL, NULL, NULL, 3.07009243237286,
                   NULL, NULL, NULL, NULL, NULL, f_sysdate, f_user,
                   NULL, NULL, NULL, NULL, NULL, NULL, NULL,
                   NULL
                  );
   EXCEPTION
      WHEN DUP_VAL_ON_INDEX
      THEN
         NULL;
   END;

   BEGIN
      INSERT INTO sgt_subtabs_det
                  (sdetalle, cempres, csubtabla, cversubt, ccla1, ccla2,
                   ccla3, ccla4, ccla5, ccla6, ccla7, ccla8, nval1,
                   nval2, nval3, nval4, nval5, nval6, falta, cusualt,
                   fmodifi, cusumod, ccla9, ccla10, nval7, nval8, nval9,
                   nval10
                  )
           VALUES (sdetalle_conf.NEXTVAL, 24, 8000047, 1, 80001, 2,
                   1314290, NULL, NULL, NULL, NULL, NULL, -32.8048124854751,
                   NULL, NULL, NULL, NULL, NULL, f_sysdate, f_user,
                   NULL, NULL, NULL, NULL, NULL, NULL, NULL,
                   NULL
                  );
   EXCEPTION
      WHEN DUP_VAL_ON_INDEX
      THEN
         NULL;
   END;

   BEGIN
      INSERT INTO sgt_subtabs_det
                  (sdetalle, cempres, csubtabla, cversubt, ccla1, ccla2,
                   ccla3, ccla4, ccla5, ccla6, ccla7, ccla8, nval1,
                   nval2, nval3, nval4, nval5, nval6, falta, cusualt,
                   fmodifi, cusumod, ccla9, ccla10, nval7, nval8, nval9,
                   nval10
                  )
           VALUES (sdetalle_conf.NEXTVAL, 24, 8000047, 1, 80002, 2,
                   1314290, NULL, NULL, NULL, NULL, NULL, -32.8048124854751,
                   NULL, NULL, NULL, NULL, NULL, f_sysdate, f_user,
                   NULL, NULL, NULL, NULL, NULL, NULL, NULL,
                   NULL
                  );
   EXCEPTION
      WHEN DUP_VAL_ON_INDEX
      THEN
         NULL;
   END;

   BEGIN
      INSERT INTO sgt_subtabs_det
                  (sdetalle, cempres, csubtabla, cversubt, ccla1, ccla2,
                   ccla3, ccla4, ccla5, ccla6, ccla7, ccla8, nval1,
                   nval2, nval3, nval4, nval5, nval6, falta, cusualt,
                   fmodifi, cusumod, ccla9, ccla10, nval7, nval8, nval9,
                   nval10
                  )
           VALUES (sdetalle_conf.NEXTVAL, 24, 8000047, 1, 80003, 2,
                   1314290, NULL, NULL, NULL, NULL, NULL, -32.8048124854751,
                   NULL, NULL, NULL, NULL, NULL, f_sysdate, f_user,
                   NULL, NULL, NULL, NULL, NULL, NULL, NULL,
                   NULL
                  );
   EXCEPTION
      WHEN DUP_VAL_ON_INDEX
      THEN
         NULL;
   END;

   BEGIN
      INSERT INTO sgt_subtabs_det
                  (sdetalle, cempres, csubtabla, cversubt, ccla1, ccla2,
                   ccla3, ccla4, ccla5, ccla6, ccla7, ccla8, nval1,
                   nval2, nval3, nval4, nval5, nval6, falta, cusualt,
                   fmodifi, cusumod, ccla9, ccla10, nval7, nval8, nval9,
                   nval10
                  )
           VALUES (sdetalle_conf.NEXTVAL, 24, 8000047, 1, 80001, 0,
                   1314290, NULL, NULL, NULL, NULL, NULL, -32.8048124854751,
                   NULL, NULL, NULL, NULL, NULL, f_sysdate, f_user,
                   NULL, NULL, NULL, NULL, NULL, NULL, NULL,
                   NULL
                  );
   EXCEPTION
      WHEN DUP_VAL_ON_INDEX
      THEN
         NULL;
   END;

   BEGIN
      INSERT INTO sgt_subtabs_det
                  (sdetalle, cempres, csubtabla, cversubt, ccla1, ccla2,
                   ccla3, ccla4, ccla5, ccla6, ccla7, ccla8, nval1,
                   nval2, nval3, nval4, nval5, nval6, falta, cusualt,
                   fmodifi, cusumod, ccla9, ccla10, nval7, nval8, nval9,
                   nval10
                  )
           VALUES (sdetalle_conf.NEXTVAL, 24, 8000047, 1, 80002, 0,
                   1314290, NULL, NULL, NULL, NULL, NULL, -32.8048124854751,
                   NULL, NULL, NULL, NULL, NULL, f_sysdate, f_user,
                   NULL, NULL, NULL, NULL, NULL, NULL, NULL,
                   NULL
                  );
   EXCEPTION
      WHEN DUP_VAL_ON_INDEX
      THEN
         NULL;
   END;

   BEGIN
      INSERT INTO sgt_subtabs_det
                  (sdetalle, cempres, csubtabla, cversubt, ccla1, ccla2,
                   ccla3, ccla4, ccla5, ccla6, ccla7, ccla8, nval1,
                   nval2, nval3, nval4, nval5, nval6, falta, cusualt,
                   fmodifi, cusumod, ccla9, ccla10, nval7, nval8, nval9,
                   nval10
                  )
           VALUES (sdetalle_conf.NEXTVAL, 24, 8000047, 1, 80003, 0,
                   1314290, NULL, NULL, NULL, NULL, NULL, -32.8048124854751,
                   NULL, NULL, NULL, NULL, NULL, f_sysdate, f_user,
                   NULL, NULL, NULL, NULL, NULL, NULL, NULL,
                   NULL
                  );
   EXCEPTION
      WHEN DUP_VAL_ON_INDEX
      THEN
         NULL;
   END;

   BEGIN
      INSERT INTO sgt_subtabs_det
                  (sdetalle, cempres, csubtabla, cversubt, ccla1, ccla2,
                   ccla3, ccla4, ccla5, ccla6, ccla7, ccla8, nval1,
                   nval2, nval3, nval4, nval5, nval6, falta, cusualt,
                   fmodifi, cusumod, ccla9, ccla10, nval7, nval8, nval9,
                   nval10
                  )
           VALUES (sdetalle_conf.NEXTVAL, 24, 8000047, 1, 80001, 3,
                   1314290, NULL, NULL, NULL, NULL, NULL, -24.8294928356271,
                   NULL, NULL, NULL, NULL, NULL, f_sysdate, f_user,
                   NULL, NULL, NULL, NULL, NULL, NULL, NULL,
                   NULL
                  );
   EXCEPTION
      WHEN DUP_VAL_ON_INDEX
      THEN
         NULL;
   END;

   BEGIN
      INSERT INTO sgt_subtabs_det
                  (sdetalle, cempres, csubtabla, cversubt, ccla1, ccla2,
                   ccla3, ccla4, ccla5, ccla6, ccla7, ccla8, nval1,
                   nval2, nval3, nval4, nval5, nval6, falta, cusualt,
                   fmodifi, cusumod, ccla9, ccla10, nval7, nval8, nval9,
                   nval10
                  )
           VALUES (sdetalle_conf.NEXTVAL, 24, 8000047, 1, 80002, 3,
                   1314290, NULL, NULL, NULL, NULL, NULL, -24.8294928356271,
                   NULL, NULL, NULL, NULL, NULL, f_sysdate, f_user,
                   NULL, NULL, NULL, NULL, NULL, NULL, NULL,
                   NULL
                  );
   EXCEPTION
      WHEN DUP_VAL_ON_INDEX
      THEN
         NULL;
   END;

   BEGIN
      INSERT INTO sgt_subtabs_det
                  (sdetalle, cempres, csubtabla, cversubt, ccla1, ccla2,
                   ccla3, ccla4, ccla5, ccla6, ccla7, ccla8, nval1,
                   nval2, nval3, nval4, nval5, nval6, falta, cusualt,
                   fmodifi, cusumod, ccla9, ccla10, nval7, nval8, nval9,
                   nval10
                  )
           VALUES (sdetalle_conf.NEXTVAL, 24, 8000047, 1, 80003, 3,
                   1314290, NULL, NULL, NULL, NULL, NULL, -24.8294928356271,
                   NULL, NULL, NULL, NULL, NULL, f_sysdate, f_user,
                   NULL, NULL, NULL, NULL, NULL, NULL, NULL,
                   NULL
                  );
   EXCEPTION
      WHEN DUP_VAL_ON_INDEX
      THEN
         NULL;
   END;

   BEGIN
      INSERT INTO sgt_subtabs_det
                  (sdetalle, cempres, csubtabla, cversubt, ccla1, ccla2,
                   ccla3, ccla4, ccla5, ccla6, ccla7, ccla8, nval1,
                   nval2, nval3, nval4, nval5, nval6, falta, cusualt,
                   fmodifi, cusumod, ccla9, ccla10, nval7, nval8, nval9,
                   nval10
                  )
           VALUES (sdetalle_conf.NEXTVAL, 24, 8000047, 1, 80001, 1,
                   1314290, NULL, NULL, NULL, NULL, NULL, 3.07009243237286,
                   NULL, NULL, NULL, NULL, NULL, f_sysdate, f_user,
                   NULL, NULL, NULL, NULL, NULL, NULL, NULL,
                   NULL
                  );
   EXCEPTION
      WHEN DUP_VAL_ON_INDEX
      THEN
         NULL;
   END;

   BEGIN
      INSERT INTO sgt_subtabs_det
                  (sdetalle, cempres, csubtabla, cversubt, ccla1, ccla2,
                   ccla3, ccla4, ccla5, ccla6, ccla7, ccla8, nval1,
                   nval2, nval3, nval4, nval5, nval6, falta, cusualt,
                   fmodifi, cusumod, ccla9, ccla10, nval7, nval8, nval9,
                   nval10
                  )
           VALUES (sdetalle_conf.NEXTVAL, 24, 8000047, 1, 80002, 1,
                   1314290, NULL, NULL, NULL, NULL, NULL, 3.07009243237286,
                   NULL, NULL, NULL, NULL, NULL, f_sysdate, f_user,
                   NULL, NULL, NULL, NULL, NULL, NULL, NULL,
                   NULL
                  );
   EXCEPTION
      WHEN DUP_VAL_ON_INDEX
      THEN
         NULL;
   END;

   BEGIN
      INSERT INTO sgt_subtabs_det
                  (sdetalle, cempres, csubtabla, cversubt, ccla1, ccla2,
                   ccla3, ccla4, ccla5, ccla6, ccla7, ccla8, nval1,
                   nval2, nval3, nval4, nval5, nval6, falta, cusualt,
                   fmodifi, cusumod, ccla9, ccla10, nval7, nval8, nval9,
                   nval10
                  )
           VALUES (sdetalle_conf.NEXTVAL, 24, 8000047, 1, 80003, 1,
                   1314290, NULL, NULL, NULL, NULL, NULL, 3.07009243237286,
                   NULL, NULL, NULL, NULL, NULL, f_sysdate, f_user,
                   NULL, NULL, NULL, NULL, NULL, NULL, NULL,
                   NULL
                  );
   EXCEPTION
      WHEN DUP_VAL_ON_INDEX
      THEN
         NULL;
   END;

   BEGIN
      INSERT INTO sgt_subtabs_det
                  (sdetalle, cempres, csubtabla, cversubt, ccla1, ccla2,
                   ccla3, ccla4, ccla5, ccla6, ccla7, ccla8, nval1,
                   nval2, nval3, nval4, nval5, nval6, falta, cusualt,
                   fmodifi, cusumod, ccla9, ccla10, nval7, nval8, nval9,
                   nval10
                  )
           VALUES (sdetalle_conf.NEXTVAL, 24, 8000047, 1, 80001, 2,
                   1314290, NULL, NULL, NULL, NULL, NULL, -32.8048124854751,
                   NULL, NULL, NULL, NULL, NULL, f_sysdate, f_user,
                   NULL, NULL, NULL, NULL, NULL, NULL, NULL,
                   NULL
                  );
   EXCEPTION
      WHEN DUP_VAL_ON_INDEX
      THEN
         NULL;
   END;

   BEGIN
      INSERT INTO sgt_subtabs_det
                  (sdetalle, cempres, csubtabla, cversubt, ccla1, ccla2,
                   ccla3, ccla4, ccla5, ccla6, ccla7, ccla8, nval1,
                   nval2, nval3, nval4, nval5, nval6, falta, cusualt,
                   fmodifi, cusumod, ccla9, ccla10, nval7, nval8, nval9,
                   nval10
                  )
           VALUES (sdetalle_conf.NEXTVAL, 24, 8000047, 1, 80002, 2,
                   1314290, NULL, NULL, NULL, NULL, NULL, -32.8048124854751,
                   NULL, NULL, NULL, NULL, NULL, f_sysdate, f_user,
                   NULL, NULL, NULL, NULL, NULL, NULL, NULL,
                   NULL
                  );
   EXCEPTION
      WHEN DUP_VAL_ON_INDEX
      THEN
         NULL;
   END;

   BEGIN
      INSERT INTO sgt_subtabs_det
                  (sdetalle, cempres, csubtabla, cversubt, ccla1, ccla2,
                   ccla3, ccla4, ccla5, ccla6, ccla7, ccla8, nval1,
                   nval2, nval3, nval4, nval5, nval6, falta, cusualt,
                   fmodifi, cusumod, ccla9, ccla10, nval7, nval8, nval9,
                   nval10
                  )
           VALUES (sdetalle_conf.NEXTVAL, 24, 8000047, 1, 80003, 2,
                   1314290, NULL, NULL, NULL, NULL, NULL, -32.8048124854751,
                   NULL, NULL, NULL, NULL, NULL, f_sysdate, f_user,
                   NULL, NULL, NULL, NULL, NULL, NULL, NULL,
                   NULL
                  );
   EXCEPTION
      WHEN DUP_VAL_ON_INDEX
      THEN
         NULL;
   END;

   BEGIN
      INSERT INTO sgt_subtabs_det
                  (sdetalle, cempres, csubtabla, cversubt, ccla1, ccla2,
                   ccla3, ccla4, ccla5, ccla6, ccla7, ccla8, nval1,
                   nval2, nval3, nval4, nval5, nval6, falta, cusualt,
                   fmodifi, cusumod, ccla9, ccla10, nval7, nval8, nval9,
                   nval10
                  )
           VALUES (sdetalle_conf.NEXTVAL, 24, 8000047, 1, 80001, 1,
                   1314290, NULL, NULL, NULL, NULL, NULL, 3.07009243237286,
                   NULL, NULL, NULL, NULL, NULL, f_sysdate, f_user,
                   NULL, NULL, NULL, NULL, NULL, NULL, NULL,
                   NULL
                  );
   EXCEPTION
      WHEN DUP_VAL_ON_INDEX
      THEN
         NULL;
   END;

   BEGIN
      INSERT INTO sgt_subtabs_det
                  (sdetalle, cempres, csubtabla, cversubt, ccla1, ccla2,
                   ccla3, ccla4, ccla5, ccla6, ccla7, ccla8, nval1,
                   nval2, nval3, nval4, nval5, nval6, falta, cusualt,
                   fmodifi, cusumod, ccla9, ccla10, nval7, nval8, nval9,
                   nval10
                  )
           VALUES (sdetalle_conf.NEXTVAL, 24, 8000047, 1, 80002, 1,
                   1314290, NULL, NULL, NULL, NULL, NULL, 3.07009243237286,
                   NULL, NULL, NULL, NULL, NULL, f_sysdate, f_user,
                   NULL, NULL, NULL, NULL, NULL, NULL, NULL,
                   NULL
                  );
   EXCEPTION
      WHEN DUP_VAL_ON_INDEX
      THEN
         NULL;
   END;

   BEGIN
      INSERT INTO sgt_subtabs_det
                  (sdetalle, cempres, csubtabla, cversubt, ccla1, ccla2,
                   ccla3, ccla4, ccla5, ccla6, ccla7, ccla8, nval1,
                   nval2, nval3, nval4, nval5, nval6, falta, cusualt,
                   fmodifi, cusumod, ccla9, ccla10, nval7, nval8, nval9,
                   nval10
                  )
           VALUES (sdetalle_conf.NEXTVAL, 24, 8000047, 1, 80003, 1,
                   1314290, NULL, NULL, NULL, NULL, NULL, 3.07009243237286,
                   NULL, NULL, NULL, NULL, NULL, f_sysdate, f_user,
                   NULL, NULL, NULL, NULL, NULL, NULL, NULL,
                   NULL
                  );
   EXCEPTION
      WHEN DUP_VAL_ON_INDEX
      THEN
         NULL;
   END;

   BEGIN
      INSERT INTO sgt_subtabs_det
                  (sdetalle, cempres, csubtabla, cversubt, ccla1, ccla2,
                   ccla3, ccla4, ccla5, ccla6, ccla7, ccla8, nval1,
                   nval2, nval3, nval4, nval5, nval6, falta, cusualt,
                   fmodifi, cusumod, ccla9, ccla10, nval7, nval8, nval9,
                   nval10
                  )
           VALUES (sdetalle_conf.NEXTVAL, 24, 8000047, 1, 80001, 0,
                   1324290, NULL, NULL, NULL, NULL, NULL, -32.8048124854751,
                   NULL, NULL, NULL, NULL, NULL, f_sysdate, f_user,
                   NULL, NULL, NULL, NULL, NULL, NULL, NULL,
                   NULL
                  );
   EXCEPTION
      WHEN DUP_VAL_ON_INDEX
      THEN
         NULL;
   END;

   BEGIN
      INSERT INTO sgt_subtabs_det
                  (sdetalle, cempres, csubtabla, cversubt, ccla1, ccla2,
                   ccla3, ccla4, ccla5, ccla6, ccla7, ccla8, nval1,
                   nval2, nval3, nval4, nval5, nval6, falta, cusualt,
                   fmodifi, cusumod, ccla9, ccla10, nval7, nval8, nval9,
                   nval10
                  )
           VALUES (sdetalle_conf.NEXTVAL, 24, 8000047, 1, 80002, 0,
                   1324290, NULL, NULL, NULL, NULL, NULL, -32.8048124854751,
                   NULL, NULL, NULL, NULL, NULL, f_sysdate, f_user,
                   NULL, NULL, NULL, NULL, NULL, NULL, NULL,
                   NULL
                  );
   EXCEPTION
      WHEN DUP_VAL_ON_INDEX
      THEN
         NULL;
   END;

   BEGIN
      INSERT INTO sgt_subtabs_det
                  (sdetalle, cempres, csubtabla, cversubt, ccla1, ccla2,
                   ccla3, ccla4, ccla5, ccla6, ccla7, ccla8, nval1,
                   nval2, nval3, nval4, nval5, nval6, falta, cusualt,
                   fmodifi, cusumod, ccla9, ccla10, nval7, nval8, nval9,
                   nval10
                  )
           VALUES (sdetalle_conf.NEXTVAL, 24, 8000047, 1, 80003, 0,
                   1324290, NULL, NULL, NULL, NULL, NULL, -32.8048124854751,
                   NULL, NULL, NULL, NULL, NULL, f_sysdate, f_user,
                   NULL, NULL, NULL, NULL, NULL, NULL, NULL,
                   NULL
                  );
   EXCEPTION
      WHEN DUP_VAL_ON_INDEX
      THEN
         NULL;
   END;

   BEGIN
      INSERT INTO sgt_subtabs_det
                  (sdetalle, cempres, csubtabla, cversubt, ccla1, ccla2,
                   ccla3, ccla4, ccla5, ccla6, ccla7, ccla8, nval1,
                   nval2, nval3, nval4, nval5, nval6, falta, cusualt,
                   fmodifi, cusumod, ccla9, ccla10, nval7, nval8, nval9,
                   nval10
                  )
           VALUES (sdetalle_conf.NEXTVAL, 24, 8000047, 1, 80001, 3,
                   1324290, NULL, NULL, NULL, NULL, NULL, 19.6671491560821,
                   NULL, NULL, NULL, NULL, NULL, f_sysdate, f_user,
                   NULL, NULL, NULL, NULL, NULL, NULL, NULL,
                   NULL
                  );
   EXCEPTION
      WHEN DUP_VAL_ON_INDEX
      THEN
         NULL;
   END;

   BEGIN
      INSERT INTO sgt_subtabs_det
                  (sdetalle, cempres, csubtabla, cversubt, ccla1, ccla2,
                   ccla3, ccla4, ccla5, ccla6, ccla7, ccla8, nval1,
                   nval2, nval3, nval4, nval5, nval6, falta, cusualt,
                   fmodifi, cusumod, ccla9, ccla10, nval7, nval8, nval9,
                   nval10
                  )
           VALUES (sdetalle_conf.NEXTVAL, 24, 8000047, 1, 80002, 3,
                   1324290, NULL, NULL, NULL, NULL, NULL, 19.6671491560821,
                   NULL, NULL, NULL, NULL, NULL, f_sysdate, f_user,
                   NULL, NULL, NULL, NULL, NULL, NULL, NULL,
                   NULL
                  );
   EXCEPTION
      WHEN DUP_VAL_ON_INDEX
      THEN
         NULL;
   END;

   BEGIN
      INSERT INTO sgt_subtabs_det
                  (sdetalle, cempres, csubtabla, cversubt, ccla1, ccla2,
                   ccla3, ccla4, ccla5, ccla6, ccla7, ccla8, nval1,
                   nval2, nval3, nval4, nval5, nval6, falta, cusualt,
                   fmodifi, cusumod, ccla9, ccla10, nval7, nval8, nval9,
                   nval10
                  )
           VALUES (sdetalle_conf.NEXTVAL, 24, 8000047, 1, 80003, 3,
                   1324290, NULL, NULL, NULL, NULL, NULL, 19.6671491560821,
                   NULL, NULL, NULL, NULL, NULL, f_sysdate, f_user,
                   NULL, NULL, NULL, NULL, NULL, NULL, NULL,
                   NULL
                  );
   EXCEPTION
      WHEN DUP_VAL_ON_INDEX
      THEN
         NULL;
   END;

   BEGIN
      INSERT INTO sgt_subtabs_det
                  (sdetalle, cempres, csubtabla, cversubt, ccla1, ccla2,
                   ccla3, ccla4, ccla5, ccla6, ccla7, ccla8, nval1,
                   nval2, nval3, nval4, nval5, nval6, falta, cusualt,
                   fmodifi, cusumod, ccla9, ccla10, nval7, nval8, nval9,
                   nval10
                  )
           VALUES (sdetalle_conf.NEXTVAL, 24, 8000047, 1, 80001, 1,
                   1324290, NULL, NULL, NULL, NULL, NULL, -26.5908442669477,
                   NULL, NULL, NULL, NULL, NULL, f_sysdate, f_user,
                   NULL, NULL, NULL, NULL, NULL, NULL, NULL,
                   NULL
                  );
   EXCEPTION
      WHEN DUP_VAL_ON_INDEX
      THEN
         NULL;
   END;

   BEGIN
      INSERT INTO sgt_subtabs_det
                  (sdetalle, cempres, csubtabla, cversubt, ccla1, ccla2,
                   ccla3, ccla4, ccla5, ccla6, ccla7, ccla8, nval1,
                   nval2, nval3, nval4, nval5, nval6, falta, cusualt,
                   fmodifi, cusumod, ccla9, ccla10, nval7, nval8, nval9,
                   nval10
                  )
           VALUES (sdetalle_conf.NEXTVAL, 24, 8000047, 1, 80002, 1,
                   1324290, NULL, NULL, NULL, NULL, NULL, -26.5908442669477,
                   NULL, NULL, NULL, NULL, NULL, f_sysdate, f_user,
                   NULL, NULL, NULL, NULL, NULL, NULL, NULL,
                   NULL
                  );
   EXCEPTION
      WHEN DUP_VAL_ON_INDEX
      THEN
         NULL;
   END;

   BEGIN
      INSERT INTO sgt_subtabs_det
                  (sdetalle, cempres, csubtabla, cversubt, ccla1, ccla2,
                   ccla3, ccla4, ccla5, ccla6, ccla7, ccla8, nval1,
                   nval2, nval3, nval4, nval5, nval6, falta, cusualt,
                   fmodifi, cusumod, ccla9, ccla10, nval7, nval8, nval9,
                   nval10
                  )
           VALUES (sdetalle_conf.NEXTVAL, 24, 8000047, 1, 80003, 1,
                   1324290, NULL, NULL, NULL, NULL, NULL, -26.5908442669477,
                   NULL, NULL, NULL, NULL, NULL, f_sysdate, f_user,
                   NULL, NULL, NULL, NULL, NULL, NULL, NULL,
                   NULL
                  );
   EXCEPTION
      WHEN DUP_VAL_ON_INDEX
      THEN
         NULL;
   END;

   BEGIN
      INSERT INTO sgt_subtabs_det
                  (sdetalle, cempres, csubtabla, cversubt, ccla1, ccla2,
                   ccla3, ccla4, ccla5, ccla6, ccla7, ccla8, nval1,
                   nval2, nval3, nval4, nval5, nval6, falta, cusualt,
                   fmodifi, cusumod, ccla9, ccla10, nval7, nval8, nval9,
                   nval10
                  )
           VALUES (sdetalle_conf.NEXTVAL, 24, 8000047, 1, 80001, 2,
                   1324290, NULL, NULL, NULL, NULL, NULL, -32.8048124854751,
                   NULL, NULL, NULL, NULL, NULL, f_sysdate, f_user,
                   NULL, NULL, NULL, NULL, NULL, NULL, NULL,
                   NULL
                  );
   EXCEPTION
      WHEN DUP_VAL_ON_INDEX
      THEN
         NULL;
   END;

   BEGIN
      INSERT INTO sgt_subtabs_det
                  (sdetalle, cempres, csubtabla, cversubt, ccla1, ccla2,
                   ccla3, ccla4, ccla5, ccla6, ccla7, ccla8, nval1,
                   nval2, nval3, nval4, nval5, nval6, falta, cusualt,
                   fmodifi, cusumod, ccla9, ccla10, nval7, nval8, nval9,
                   nval10
                  )
           VALUES (sdetalle_conf.NEXTVAL, 24, 8000047, 1, 80002, 2,
                   1324290, NULL, NULL, NULL, NULL, NULL, -32.8048124854751,
                   NULL, NULL, NULL, NULL, NULL, f_sysdate, f_user,
                   NULL, NULL, NULL, NULL, NULL, NULL, NULL,
                   NULL
                  );
   EXCEPTION
      WHEN DUP_VAL_ON_INDEX
      THEN
         NULL;
   END;

   BEGIN
      INSERT INTO sgt_subtabs_det
                  (sdetalle, cempres, csubtabla, cversubt, ccla1, ccla2,
                   ccla3, ccla4, ccla5, ccla6, ccla7, ccla8, nval1,
                   nval2, nval3, nval4, nval5, nval6, falta, cusualt,
                   fmodifi, cusumod, ccla9, ccla10, nval7, nval8, nval9,
                   nval10
                  )
           VALUES (sdetalle_conf.NEXTVAL, 24, 8000047, 1, 80003, 2,
                   1324290, NULL, NULL, NULL, NULL, NULL, -32.8048124854751,
                   NULL, NULL, NULL, NULL, NULL, f_sysdate, f_user,
                   NULL, NULL, NULL, NULL, NULL, NULL, NULL,
                   NULL
                  );
   EXCEPTION
      WHEN DUP_VAL_ON_INDEX
      THEN
         NULL;
   END;

   BEGIN
      INSERT INTO sgt_subtabs_det
                  (sdetalle, cempres, csubtabla, cversubt, ccla1, ccla2,
                   ccla3, ccla4, ccla5, ccla6, ccla7, ccla8, nval1,
                   nval2, nval3, nval4, nval5, nval6, falta, cusualt,
                   fmodifi, cusumod, ccla9, ccla10, nval7, nval8, nval9,
                   nval10
                  )
           VALUES (sdetalle_conf.NEXTVAL, 24, 8000047, 1, 80001, 2,
                   1324290, NULL, NULL, NULL, NULL, NULL, -32.8048124854751,
                   NULL, NULL, NULL, NULL, NULL, f_sysdate, f_user,
                   NULL, NULL, NULL, NULL, NULL, NULL, NULL,
                   NULL
                  );
   EXCEPTION
      WHEN DUP_VAL_ON_INDEX
      THEN
         NULL;
   END;

   BEGIN
      INSERT INTO sgt_subtabs_det
                  (sdetalle, cempres, csubtabla, cversubt, ccla1, ccla2,
                   ccla3, ccla4, ccla5, ccla6, ccla7, ccla8, nval1,
                   nval2, nval3, nval4, nval5, nval6, falta, cusualt,
                   fmodifi, cusumod, ccla9, ccla10, nval7, nval8, nval9,
                   nval10
                  )
           VALUES (sdetalle_conf.NEXTVAL, 24, 8000047, 1, 80002, 2,
                   1324290, NULL, NULL, NULL, NULL, NULL, -32.8048124854751,
                   NULL, NULL, NULL, NULL, NULL, f_sysdate, f_user,
                   NULL, NULL, NULL, NULL, NULL, NULL, NULL,
                   NULL
                  );
   EXCEPTION
      WHEN DUP_VAL_ON_INDEX
      THEN
         NULL;
   END;

   BEGIN
      INSERT INTO sgt_subtabs_det
                  (sdetalle, cempres, csubtabla, cversubt, ccla1, ccla2,
                   ccla3, ccla4, ccla5, ccla6, ccla7, ccla8, nval1,
                   nval2, nval3, nval4, nval5, nval6, falta, cusualt,
                   fmodifi, cusumod, ccla9, ccla10, nval7, nval8, nval9,
                   nval10
                  )
           VALUES (sdetalle_conf.NEXTVAL, 24, 8000047, 1, 80003, 2,
                   1324290, NULL, NULL, NULL, NULL, NULL, -32.8048124854751,
                   NULL, NULL, NULL, NULL, NULL, f_sysdate, f_user,
                   NULL, NULL, NULL, NULL, NULL, NULL, NULL,
                   NULL
                  );
   EXCEPTION
      WHEN DUP_VAL_ON_INDEX
      THEN
         NULL;
   END;

   BEGIN
      INSERT INTO sgt_subtabs_det
                  (sdetalle, cempres, csubtabla, cversubt, ccla1, ccla2,
                   ccla3, ccla4, ccla5, ccla6, ccla7, ccla8, nval1,
                   nval2, nval3, nval4, nval5, nval6, falta, cusualt,
                   fmodifi, cusumod, ccla9, ccla10, nval7, nval8, nval9,
                   nval10
                  )
           VALUES (sdetalle_conf.NEXTVAL, 24, 8000047, 1, 80001, 0,
                   1324290, NULL, NULL, NULL, NULL, NULL, -32.8048124854751,
                   NULL, NULL, NULL, NULL, NULL, f_sysdate, f_user,
                   NULL, NULL, NULL, NULL, NULL, NULL, NULL,
                   NULL
                  );
   EXCEPTION
      WHEN DUP_VAL_ON_INDEX
      THEN
         NULL;
   END;

   BEGIN
      INSERT INTO sgt_subtabs_det
                  (sdetalle, cempres, csubtabla, cversubt, ccla1, ccla2,
                   ccla3, ccla4, ccla5, ccla6, ccla7, ccla8, nval1,
                   nval2, nval3, nval4, nval5, nval6, falta, cusualt,
                   fmodifi, cusumod, ccla9, ccla10, nval7, nval8, nval9,
                   nval10
                  )
           VALUES (sdetalle_conf.NEXTVAL, 24, 8000047, 1, 80002, 0,
                   1324290, NULL, NULL, NULL, NULL, NULL, -32.8048124854751,
                   NULL, NULL, NULL, NULL, NULL, f_sysdate, f_user,
                   NULL, NULL, NULL, NULL, NULL, NULL, NULL,
                   NULL
                  );
   EXCEPTION
      WHEN DUP_VAL_ON_INDEX
      THEN
         NULL;
   END;

   BEGIN
      INSERT INTO sgt_subtabs_det
                  (sdetalle, cempres, csubtabla, cversubt, ccla1, ccla2,
                   ccla3, ccla4, ccla5, ccla6, ccla7, ccla8, nval1,
                   nval2, nval3, nval4, nval5, nval6, falta, cusualt,
                   fmodifi, cusumod, ccla9, ccla10, nval7, nval8, nval9,
                   nval10
                  )
           VALUES (sdetalle_conf.NEXTVAL, 24, 8000047, 1, 80003, 0,
                   1324290, NULL, NULL, NULL, NULL, NULL, -32.8048124854751,
                   NULL, NULL, NULL, NULL, NULL, f_sysdate, f_user,
                   NULL, NULL, NULL, NULL, NULL, NULL, NULL,
                   NULL
                  );
   EXCEPTION
      WHEN DUP_VAL_ON_INDEX
      THEN
         NULL;
   END;

   BEGIN
      INSERT INTO sgt_subtabs_det
                  (sdetalle, cempres, csubtabla, cversubt, ccla1, ccla2,
                   ccla3, ccla4, ccla5, ccla6, ccla7, ccla8, nval1,
                   nval2, nval3, nval4, nval5, nval6, falta, cusualt,
                   fmodifi, cusumod, ccla9, ccla10, nval7, nval8, nval9,
                   nval10
                  )
           VALUES (sdetalle_conf.NEXTVAL, 24, 8000047, 1, 80001, 3,
                   1324290, NULL, NULL, NULL, NULL, NULL, 19.6671491560821,
                   NULL, NULL, NULL, NULL, NULL, f_sysdate, f_user,
                   NULL, NULL, NULL, NULL, NULL, NULL, NULL,
                   NULL
                  );
   EXCEPTION
      WHEN DUP_VAL_ON_INDEX
      THEN
         NULL;
   END;

   BEGIN
      INSERT INTO sgt_subtabs_det
                  (sdetalle, cempres, csubtabla, cversubt, ccla1, ccla2,
                   ccla3, ccla4, ccla5, ccla6, ccla7, ccla8, nval1,
                   nval2, nval3, nval4, nval5, nval6, falta, cusualt,
                   fmodifi, cusumod, ccla9, ccla10, nval7, nval8, nval9,
                   nval10
                  )
           VALUES (sdetalle_conf.NEXTVAL, 24, 8000047, 1, 80002, 3,
                   1324290, NULL, NULL, NULL, NULL, NULL, 19.6671491560821,
                   NULL, NULL, NULL, NULL, NULL, f_sysdate, f_user,
                   NULL, NULL, NULL, NULL, NULL, NULL, NULL,
                   NULL
                  );
   EXCEPTION
      WHEN DUP_VAL_ON_INDEX
      THEN
         NULL;
   END;

   BEGIN
      INSERT INTO sgt_subtabs_det
                  (sdetalle, cempres, csubtabla, cversubt, ccla1, ccla2,
                   ccla3, ccla4, ccla5, ccla6, ccla7, ccla8, nval1,
                   nval2, nval3, nval4, nval5, nval6, falta, cusualt,
                   fmodifi, cusumod, ccla9, ccla10, nval7, nval8, nval9,
                   nval10
                  )
           VALUES (sdetalle_conf.NEXTVAL, 24, 8000047, 1, 80003, 3,
                   1324290, NULL, NULL, NULL, NULL, NULL, 19.6671491560821,
                   NULL, NULL, NULL, NULL, NULL, f_sysdate, f_user,
                   NULL, NULL, NULL, NULL, NULL, NULL, NULL,
                   NULL
                  );
   EXCEPTION
      WHEN DUP_VAL_ON_INDEX
      THEN
         NULL;
   END;

   BEGIN
      INSERT INTO sgt_subtabs_det
                  (sdetalle, cempres, csubtabla, cversubt, ccla1, ccla2,
                   ccla3, ccla4, ccla5, ccla6, ccla7, ccla8, nval1,
                   nval2, nval3, nval4, nval5, nval6, falta, cusualt,
                   fmodifi, cusumod, ccla9, ccla10, nval7, nval8, nval9,
                   nval10
                  )
           VALUES (sdetalle_conf.NEXTVAL, 24, 8000047, 1, 80001, 1,
                   1324290, NULL, NULL, NULL, NULL, NULL, -26.5908442669477,
                   NULL, NULL, NULL, NULL, NULL, f_sysdate, f_user,
                   NULL, NULL, NULL, NULL, NULL, NULL, NULL,
                   NULL
                  );
   EXCEPTION
      WHEN DUP_VAL_ON_INDEX
      THEN
         NULL;
   END;

   BEGIN
      INSERT INTO sgt_subtabs_det
                  (sdetalle, cempres, csubtabla, cversubt, ccla1, ccla2,
                   ccla3, ccla4, ccla5, ccla6, ccla7, ccla8, nval1,
                   nval2, nval3, nval4, nval5, nval6, falta, cusualt,
                   fmodifi, cusumod, ccla9, ccla10, nval7, nval8, nval9,
                   nval10
                  )
           VALUES (sdetalle_conf.NEXTVAL, 24, 8000047, 1, 80002, 1,
                   1324290, NULL, NULL, NULL, NULL, NULL, -26.5908442669477,
                   NULL, NULL, NULL, NULL, NULL, f_sysdate, f_user,
                   NULL, NULL, NULL, NULL, NULL, NULL, NULL,
                   NULL
                  );
   EXCEPTION
      WHEN DUP_VAL_ON_INDEX
      THEN
         NULL;
   END;

   BEGIN
      INSERT INTO sgt_subtabs_det
                  (sdetalle, cempres, csubtabla, cversubt, ccla1, ccla2,
                   ccla3, ccla4, ccla5, ccla6, ccla7, ccla8, nval1,
                   nval2, nval3, nval4, nval5, nval6, falta, cusualt,
                   fmodifi, cusumod, ccla9, ccla10, nval7, nval8, nval9,
                   nval10
                  )
           VALUES (sdetalle_conf.NEXTVAL, 24, 8000047, 1, 80003, 1,
                   1324290, NULL, NULL, NULL, NULL, NULL, -26.5908442669477,
                   NULL, NULL, NULL, NULL, NULL, f_sysdate, f_user,
                   NULL, NULL, NULL, NULL, NULL, NULL, NULL,
                   NULL
                  );
   EXCEPTION
      WHEN DUP_VAL_ON_INDEX
      THEN
         NULL;
   END;

   BEGIN
      INSERT INTO sgt_subtabs_det
                  (sdetalle, cempres, csubtabla, cversubt, ccla1, ccla2,
                   ccla3, ccla4, ccla5, ccla6, ccla7, ccla8, nval1,
                   nval2, nval3, nval4, nval5, nval6, falta, cusualt,
                   fmodifi, cusumod, ccla9, ccla10, nval7, nval8, nval9,
                   nval10
                  )
           VALUES (sdetalle_conf.NEXTVAL, 24, 8000047, 1, 80001, 2,
                   1324290, NULL, NULL, NULL, NULL, NULL, -32.8048124854751,
                   NULL, NULL, NULL, NULL, NULL, f_sysdate, f_user,
                   NULL, NULL, NULL, NULL, NULL, NULL, NULL,
                   NULL
                  );
   EXCEPTION
      WHEN DUP_VAL_ON_INDEX
      THEN
         NULL;
   END;

   BEGIN
      INSERT INTO sgt_subtabs_det
                  (sdetalle, cempres, csubtabla, cversubt, ccla1, ccla2,
                   ccla3, ccla4, ccla5, ccla6, ccla7, ccla8, nval1,
                   nval2, nval3, nval4, nval5, nval6, falta, cusualt,
                   fmodifi, cusumod, ccla9, ccla10, nval7, nval8, nval9,
                   nval10
                  )
           VALUES (sdetalle_conf.NEXTVAL, 24, 8000047, 1, 80002, 2,
                   1324290, NULL, NULL, NULL, NULL, NULL, -32.8048124854751,
                   NULL, NULL, NULL, NULL, NULL, f_sysdate, f_user,
                   NULL, NULL, NULL, NULL, NULL, NULL, NULL,
                   NULL
                  );
   EXCEPTION
      WHEN DUP_VAL_ON_INDEX
      THEN
         NULL;
   END;

   BEGIN
      INSERT INTO sgt_subtabs_det
                  (sdetalle, cempres, csubtabla, cversubt, ccla1, ccla2,
                   ccla3, ccla4, ccla5, ccla6, ccla7, ccla8, nval1,
                   nval2, nval3, nval4, nval5, nval6, falta, cusualt,
                   fmodifi, cusumod, ccla9, ccla10, nval7, nval8, nval9,
                   nval10
                  )
           VALUES (sdetalle_conf.NEXTVAL, 24, 8000047, 1, 80003, 2,
                   1324290, NULL, NULL, NULL, NULL, NULL, -32.8048124854751,
                   NULL, NULL, NULL, NULL, NULL, f_sysdate, f_user,
                   NULL, NULL, NULL, NULL, NULL, NULL, NULL,
                   NULL
                  );
   EXCEPTION
      WHEN DUP_VAL_ON_INDEX
      THEN
         NULL;
   END;

   BEGIN
      INSERT INTO sgt_subtabs_det
                  (sdetalle, cempres, csubtabla, cversubt, ccla1, ccla2,
                   ccla3, ccla4, ccla5, ccla6, ccla7, ccla8, nval1,
                   nval2, nval3, nval4, nval5, nval6, falta, cusualt,
                   fmodifi, cusumod, ccla9, ccla10, nval7, nval8, nval9,
                   nval10
                  )
           VALUES (sdetalle_conf.NEXTVAL, 24, 8000047, 1, 80001, 0,
                   1324290, NULL, NULL, NULL, NULL, NULL, -32.8048124854751,
                   NULL, NULL, NULL, NULL, NULL, f_sysdate, f_user,
                   NULL, NULL, NULL, NULL, NULL, NULL, NULL,
                   NULL
                  );
   EXCEPTION
      WHEN DUP_VAL_ON_INDEX
      THEN
         NULL;
   END;

   BEGIN
      INSERT INTO sgt_subtabs_det
                  (sdetalle, cempres, csubtabla, cversubt, ccla1, ccla2,
                   ccla3, ccla4, ccla5, ccla6, ccla7, ccla8, nval1,
                   nval2, nval3, nval4, nval5, nval6, falta, cusualt,
                   fmodifi, cusumod, ccla9, ccla10, nval7, nval8, nval9,
                   nval10
                  )
           VALUES (sdetalle_conf.NEXTVAL, 24, 8000047, 1, 80002, 0,
                   1324290, NULL, NULL, NULL, NULL, NULL, -32.8048124854751,
                   NULL, NULL, NULL, NULL, NULL, f_sysdate, f_user,
                   NULL, NULL, NULL, NULL, NULL, NULL, NULL,
                   NULL
                  );
   EXCEPTION
      WHEN DUP_VAL_ON_INDEX
      THEN
         NULL;
   END;

   BEGIN
      INSERT INTO sgt_subtabs_det
                  (sdetalle, cempres, csubtabla, cversubt, ccla1, ccla2,
                   ccla3, ccla4, ccla5, ccla6, ccla7, ccla8, nval1,
                   nval2, nval3, nval4, nval5, nval6, falta, cusualt,
                   fmodifi, cusumod, ccla9, ccla10, nval7, nval8, nval9,
                   nval10
                  )
           VALUES (sdetalle_conf.NEXTVAL, 24, 8000047, 1, 80003, 0,
                   1324290, NULL, NULL, NULL, NULL, NULL, -32.8048124854751,
                   NULL, NULL, NULL, NULL, NULL, f_sysdate, f_user,
                   NULL, NULL, NULL, NULL, NULL, NULL, NULL,
                   NULL
                  );
   EXCEPTION
      WHEN DUP_VAL_ON_INDEX
      THEN
         NULL;
   END;

   BEGIN
      INSERT INTO sgt_subtabs_det
                  (sdetalle, cempres, csubtabla, cversubt, ccla1, ccla2,
                   ccla3, ccla4, ccla5, ccla6, ccla7, ccla8, nval1,
                   nval2, nval3, nval4, nval5, nval6, falta, cusualt,
                   fmodifi, cusumod, ccla9, ccla10, nval7, nval8, nval9,
                   nval10
                  )
           VALUES (sdetalle_conf.NEXTVAL, 24, 8000047, 1, 80001, 1,
                   1324290, NULL, NULL, NULL, NULL, NULL, -26.5908442669477,
                   NULL, NULL, NULL, NULL, NULL, f_sysdate, f_user,
                   NULL, NULL, NULL, NULL, NULL, NULL, NULL,
                   NULL
                  );
   EXCEPTION
      WHEN DUP_VAL_ON_INDEX
      THEN
         NULL;
   END;

   BEGIN
      INSERT INTO sgt_subtabs_det
                  (sdetalle, cempres, csubtabla, cversubt, ccla1, ccla2,
                   ccla3, ccla4, ccla5, ccla6, ccla7, ccla8, nval1,
                   nval2, nval3, nval4, nval5, nval6, falta, cusualt,
                   fmodifi, cusumod, ccla9, ccla10, nval7, nval8, nval9,
                   nval10
                  )
           VALUES (sdetalle_conf.NEXTVAL, 24, 8000047, 1, 80002, 1,
                   1324290, NULL, NULL, NULL, NULL, NULL, -26.5908442669477,
                   NULL, NULL, NULL, NULL, NULL, f_sysdate, f_user,
                   NULL, NULL, NULL, NULL, NULL, NULL, NULL,
                   NULL
                  );
   EXCEPTION
      WHEN DUP_VAL_ON_INDEX
      THEN
         NULL;
   END;

   BEGIN
      INSERT INTO sgt_subtabs_det
                  (sdetalle, cempres, csubtabla, cversubt, ccla1, ccla2,
                   ccla3, ccla4, ccla5, ccla6, ccla7, ccla8, nval1,
                   nval2, nval3, nval4, nval5, nval6, falta, cusualt,
                   fmodifi, cusumod, ccla9, ccla10, nval7, nval8, nval9,
                   nval10
                  )
           VALUES (sdetalle_conf.NEXTVAL, 24, 8000047, 1, 80003, 1,
                   1324290, NULL, NULL, NULL, NULL, NULL, -26.5908442669477,
                   NULL, NULL, NULL, NULL, NULL, f_sysdate, f_user,
                   NULL, NULL, NULL, NULL, NULL, NULL, NULL,
                   NULL
                  );
   EXCEPTION
      WHEN DUP_VAL_ON_INDEX
      THEN
         NULL;
   END;

   BEGIN
      INSERT INTO sgt_subtabs_det
                  (sdetalle, cempres, csubtabla, cversubt, ccla1, ccla2,
                   ccla3, ccla4, ccla5, ccla6, ccla7, ccla8, nval1, nval2,
                   nval3, nval4, nval5, nval6, falta, cusualt, fmodifi,
                   cusumod, ccla9, ccla10, nval7, nval8, nval9, nval10
                  )
           VALUES (sdetalle_conf.NEXTVAL, 24, 8000047, 1, 80001, 1,
                   1324290, NULL, NULL, NULL, NULL, NULL, 200, NULL,
                   NULL, NULL, NULL, NULL, f_sysdate, f_user, NULL,
                   NULL, NULL, NULL, NULL, NULL, NULL, NULL
                  );
   EXCEPTION
      WHEN DUP_VAL_ON_INDEX
      THEN
         NULL;
   END;

   BEGIN
      INSERT INTO sgt_subtabs_det
                  (sdetalle, cempres, csubtabla, cversubt, ccla1, ccla2,
                   ccla3, ccla4, ccla5, ccla6, ccla7, ccla8, nval1, nval2,
                   nval3, nval4, nval5, nval6, falta, cusualt, fmodifi,
                   cusumod, ccla9, ccla10, nval7, nval8, nval9, nval10
                  )
           VALUES (sdetalle_conf.NEXTVAL, 24, 8000047, 1, 80002, 1,
                   1324290, NULL, NULL, NULL, NULL, NULL, 200, NULL,
                   NULL, NULL, NULL, NULL, f_sysdate, f_user, NULL,
                   NULL, NULL, NULL, NULL, NULL, NULL, NULL
                  );
   EXCEPTION
      WHEN DUP_VAL_ON_INDEX
      THEN
         NULL;
   END;

   BEGIN
      INSERT INTO sgt_subtabs_det
                  (sdetalle, cempres, csubtabla, cversubt, ccla1, ccla2,
                   ccla3, ccla4, ccla5, ccla6, ccla7, ccla8, nval1, nval2,
                   nval3, nval4, nval5, nval6, falta, cusualt, fmodifi,
                   cusumod, ccla9, ccla10, nval7, nval8, nval9, nval10
                  )
           VALUES (sdetalle_conf.NEXTVAL, 24, 8000047, 1, 80003, 1,
                   1324290, NULL, NULL, NULL, NULL, NULL, 200, NULL,
                   NULL, NULL, NULL, NULL, f_sysdate, f_user, NULL,
                   NULL, NULL, NULL, NULL, NULL, NULL, NULL
                  );
   EXCEPTION
      WHEN DUP_VAL_ON_INDEX
      THEN
         NULL;
   END;

   BEGIN
      INSERT INTO sgt_subtabs_det
                  (sdetalle, cempres, csubtabla, cversubt, ccla1, ccla2,
                   ccla3, ccla4, ccla5, ccla6, ccla7, ccla8, nval1, nval2,
                   nval3, nval4, nval5, nval6, falta, cusualt, fmodifi,
                   cusumod, ccla9, ccla10, nval7, nval8, nval9, nval10
                  )
           VALUES (sdetalle_conf.NEXTVAL, 24, 8000047, 1, 80001, 1,
                   1324290, NULL, NULL, NULL, NULL, NULL, 200, NULL,
                   NULL, NULL, NULL, NULL, f_sysdate, f_user, NULL,
                   NULL, NULL, NULL, NULL, NULL, NULL, NULL
                  );
   EXCEPTION
      WHEN DUP_VAL_ON_INDEX
      THEN
         NULL;
   END;

   BEGIN
      INSERT INTO sgt_subtabs_det
                  (sdetalle, cempres, csubtabla, cversubt, ccla1, ccla2,
                   ccla3, ccla4, ccla5, ccla6, ccla7, ccla8, nval1, nval2,
                   nval3, nval4, nval5, nval6, falta, cusualt, fmodifi,
                   cusumod, ccla9, ccla10, nval7, nval8, nval9, nval10
                  )
           VALUES (sdetalle_conf.NEXTVAL, 24, 8000047, 1, 80002, 1,
                   1324290, NULL, NULL, NULL, NULL, NULL, 200, NULL,
                   NULL, NULL, NULL, NULL, f_sysdate, f_user, NULL,
                   NULL, NULL, NULL, NULL, NULL, NULL, NULL
                  );
   EXCEPTION
      WHEN DUP_VAL_ON_INDEX
      THEN
         NULL;
   END;

   BEGIN
      INSERT INTO sgt_subtabs_det
                  (sdetalle, cempres, csubtabla, cversubt, ccla1, ccla2,
                   ccla3, ccla4, ccla5, ccla6, ccla7, ccla8, nval1, nval2,
                   nval3, nval4, nval5, nval6, falta, cusualt, fmodifi,
                   cusumod, ccla9, ccla10, nval7, nval8, nval9, nval10
                  )
           VALUES (sdetalle_conf.NEXTVAL, 24, 8000047, 1, 80003, 1,
                   1324290, NULL, NULL, NULL, NULL, NULL, 200, NULL,
                   NULL, NULL, NULL, NULL, f_sysdate, f_user, NULL,
                   NULL, NULL, NULL, NULL, NULL, NULL, NULL
                  );
   EXCEPTION
      WHEN DUP_VAL_ON_INDEX
      THEN
         NULL;
   END;

   BEGIN
      INSERT INTO sgt_subtabs_det
                  (sdetalle, cempres, csubtabla, cversubt, ccla1, ccla2,
                   ccla3, ccla4, ccla5, ccla6, ccla7, ccla8, nval1, nval2,
                   nval3, nval4, nval5, nval6, falta, cusualt, fmodifi,
                   cusumod, ccla9, ccla10, nval7, nval8, nval9, nval10
                  )
           VALUES (sdetalle_conf.NEXTVAL, 24, 8000047, 1, 80001, 1,
                   1324290, NULL, NULL, NULL, NULL, NULL, 200, NULL,
                   NULL, NULL, NULL, NULL, f_sysdate, f_user, NULL,
                   NULL, NULL, NULL, NULL, NULL, NULL, NULL
                  );
   EXCEPTION
      WHEN DUP_VAL_ON_INDEX
      THEN
         NULL;
   END;

   BEGIN
      INSERT INTO sgt_subtabs_det
                  (sdetalle, cempres, csubtabla, cversubt, ccla1, ccla2,
                   ccla3, ccla4, ccla5, ccla6, ccla7, ccla8, nval1, nval2,
                   nval3, nval4, nval5, nval6, falta, cusualt, fmodifi,
                   cusumod, ccla9, ccla10, nval7, nval8, nval9, nval10
                  )
           VALUES (sdetalle_conf.NEXTVAL, 24, 8000047, 1, 80002, 1,
                   1324290, NULL, NULL, NULL, NULL, NULL, 200, NULL,
                   NULL, NULL, NULL, NULL, f_sysdate, f_user, NULL,
                   NULL, NULL, NULL, NULL, NULL, NULL, NULL
                  );
   EXCEPTION
      WHEN DUP_VAL_ON_INDEX
      THEN
         NULL;
   END;

   BEGIN
      INSERT INTO sgt_subtabs_det
                  (sdetalle, cempres, csubtabla, cversubt, ccla1, ccla2,
                   ccla3, ccla4, ccla5, ccla6, ccla7, ccla8, nval1, nval2,
                   nval3, nval4, nval5, nval6, falta, cusualt, fmodifi,
                   cusumod, ccla9, ccla10, nval7, nval8, nval9, nval10
                  )
           VALUES (sdetalle_conf.NEXTVAL, 24, 8000047, 1, 80003, 1,
                   1324290, NULL, NULL, NULL, NULL, NULL, 200, NULL,
                   NULL, NULL, NULL, NULL, f_sysdate, f_user, NULL,
                   NULL, NULL, NULL, NULL, NULL, NULL, NULL
                  );
   EXCEPTION
      WHEN DUP_VAL_ON_INDEX
      THEN
         NULL;
   END;

   BEGIN
      INSERT INTO sgt_subtabs_det
                  (sdetalle, cempres, csubtabla, cversubt, ccla1, ccla2,
                   ccla3, ccla4, ccla5, ccla6, ccla7, ccla8, nval1,
                   nval2, nval3, nval4, nval5, nval6, falta, cusualt,
                   fmodifi, cusumod, ccla9, ccla10, nval7, nval8, nval9,
                   nval10
                  )
           VALUES (sdetalle_conf.NEXTVAL, 24, 8000047, 1, 80001, 0,
                   1324290, NULL, NULL, NULL, NULL, NULL, -32.8048124854751,
                   NULL, NULL, NULL, NULL, NULL, f_sysdate, f_user,
                   NULL, NULL, NULL, NULL, NULL, NULL, NULL,
                   NULL
                  );
   EXCEPTION
      WHEN DUP_VAL_ON_INDEX
      THEN
         NULL;
   END;

   BEGIN
      INSERT INTO sgt_subtabs_det
                  (sdetalle, cempres, csubtabla, cversubt, ccla1, ccla2,
                   ccla3, ccla4, ccla5, ccla6, ccla7, ccla8, nval1,
                   nval2, nval3, nval4, nval5, nval6, falta, cusualt,
                   fmodifi, cusumod, ccla9, ccla10, nval7, nval8, nval9,
                   nval10
                  )
           VALUES (sdetalle_conf.NEXTVAL, 24, 8000047, 1, 80002, 0,
                   1324290, NULL, NULL, NULL, NULL, NULL, -32.8048124854751,
                   NULL, NULL, NULL, NULL, NULL, f_sysdate, f_user,
                   NULL, NULL, NULL, NULL, NULL, NULL, NULL,
                   NULL
                  );
   EXCEPTION
      WHEN DUP_VAL_ON_INDEX
      THEN
         NULL;
   END;

   BEGIN
      INSERT INTO sgt_subtabs_det
                  (sdetalle, cempres, csubtabla, cversubt, ccla1, ccla2,
                   ccla3, ccla4, ccla5, ccla6, ccla7, ccla8, nval1,
                   nval2, nval3, nval4, nval5, nval6, falta, cusualt,
                   fmodifi, cusumod, ccla9, ccla10, nval7, nval8, nval9,
                   nval10
                  )
           VALUES (sdetalle_conf.NEXTVAL, 24, 8000047, 1, 80003, 0,
                   1324290, NULL, NULL, NULL, NULL, NULL, -32.8048124854751,
                   NULL, NULL, NULL, NULL, NULL, f_sysdate, f_user,
                   NULL, NULL, NULL, NULL, NULL, NULL, NULL,
                   NULL
                  );
   EXCEPTION
      WHEN DUP_VAL_ON_INDEX
      THEN
         NULL;
   END;

   BEGIN
      INSERT INTO sgt_subtabs_det
                  (sdetalle, cempres, csubtabla, cversubt, ccla1, ccla2,
                   ccla3, ccla4, ccla5, ccla6, ccla7, ccla8, nval1,
                   nval2, nval3, nval4, nval5, nval6, falta, cusualt,
                   fmodifi, cusumod, ccla9, ccla10, nval7, nval8, nval9,
                   nval10
                  )
           VALUES (sdetalle_conf.NEXTVAL, 24, 8000047, 1, 80001, 3,
                   1324290, NULL, NULL, NULL, NULL, NULL, 19.6671491560821,
                   NULL, NULL, NULL, NULL, NULL, f_sysdate, f_user,
                   NULL, NULL, NULL, NULL, NULL, NULL, NULL,
                   NULL
                  );
   EXCEPTION
      WHEN DUP_VAL_ON_INDEX
      THEN
         NULL;
   END;

   BEGIN
      INSERT INTO sgt_subtabs_det
                  (sdetalle, cempres, csubtabla, cversubt, ccla1, ccla2,
                   ccla3, ccla4, ccla5, ccla6, ccla7, ccla8, nval1,
                   nval2, nval3, nval4, nval5, nval6, falta, cusualt,
                   fmodifi, cusumod, ccla9, ccla10, nval7, nval8, nval9,
                   nval10
                  )
           VALUES (sdetalle_conf.NEXTVAL, 24, 8000047, 1, 80002, 3,
                   1324290, NULL, NULL, NULL, NULL, NULL, 19.6671491560821,
                   NULL, NULL, NULL, NULL, NULL, f_sysdate, f_user,
                   NULL, NULL, NULL, NULL, NULL, NULL, NULL,
                   NULL
                  );
   EXCEPTION
      WHEN DUP_VAL_ON_INDEX
      THEN
         NULL;
   END;

   BEGIN
      INSERT INTO sgt_subtabs_det
                  (sdetalle, cempres, csubtabla, cversubt, ccla1, ccla2,
                   ccla3, ccla4, ccla5, ccla6, ccla7, ccla8, nval1,
                   nval2, nval3, nval4, nval5, nval6, falta, cusualt,
                   fmodifi, cusumod, ccla9, ccla10, nval7, nval8, nval9,
                   nval10
                  )
           VALUES (sdetalle_conf.NEXTVAL, 24, 8000047, 1, 80003, 3,
                   1324290, NULL, NULL, NULL, NULL, NULL, 19.6671491560821,
                   NULL, NULL, NULL, NULL, NULL, f_sysdate, f_user,
                   NULL, NULL, NULL, NULL, NULL, NULL, NULL,
                   NULL
                  );
   EXCEPTION
      WHEN DUP_VAL_ON_INDEX
      THEN
         NULL;
   END;

   BEGIN
      INSERT INTO sgt_subtabs_det
                  (sdetalle, cempres, csubtabla, cversubt, ccla1, ccla2,
                   ccla3, ccla4, ccla5, ccla6, ccla7, ccla8, nval1,
                   nval2, nval3, nval4, nval5, nval6, falta, cusualt,
                   fmodifi, cusumod, ccla9, ccla10, nval7, nval8, nval9,
                   nval10
                  )
           VALUES (sdetalle_conf.NEXTVAL, 24, 8000047, 1, 80001, 1,
                   1324290, NULL, NULL, NULL, NULL, NULL, -26.5908442669477,
                   NULL, NULL, NULL, NULL, NULL, f_sysdate, f_user,
                   NULL, NULL, NULL, NULL, NULL, NULL, NULL,
                   NULL
                  );
   EXCEPTION
      WHEN DUP_VAL_ON_INDEX
      THEN
         NULL;
   END;

   BEGIN
      INSERT INTO sgt_subtabs_det
                  (sdetalle, cempres, csubtabla, cversubt, ccla1, ccla2,
                   ccla3, ccla4, ccla5, ccla6, ccla7, ccla8, nval1,
                   nval2, nval3, nval4, nval5, nval6, falta, cusualt,
                   fmodifi, cusumod, ccla9, ccla10, nval7, nval8, nval9,
                   nval10
                  )
           VALUES (sdetalle_conf.NEXTVAL, 24, 8000047, 1, 80002, 1,
                   1324290, NULL, NULL, NULL, NULL, NULL, -26.5908442669477,
                   NULL, NULL, NULL, NULL, NULL, f_sysdate, f_user,
                   NULL, NULL, NULL, NULL, NULL, NULL, NULL,
                   NULL
                  );
   EXCEPTION
      WHEN DUP_VAL_ON_INDEX
      THEN
         NULL;
   END;

   BEGIN
      INSERT INTO sgt_subtabs_det
                  (sdetalle, cempres, csubtabla, cversubt, ccla1, ccla2,
                   ccla3, ccla4, ccla5, ccla6, ccla7, ccla8, nval1,
                   nval2, nval3, nval4, nval5, nval6, falta, cusualt,
                   fmodifi, cusumod, ccla9, ccla10, nval7, nval8, nval9,
                   nval10
                  )
           VALUES (sdetalle_conf.NEXTVAL, 24, 8000047, 1, 80003, 1,
                   1324290, NULL, NULL, NULL, NULL, NULL, -26.5908442669477,
                   NULL, NULL, NULL, NULL, NULL, f_sysdate, f_user,
                   NULL, NULL, NULL, NULL, NULL, NULL, NULL,
                   NULL
                  );
   EXCEPTION
      WHEN DUP_VAL_ON_INDEX
      THEN
         NULL;
   END;

   BEGIN
      INSERT INTO sgt_subtabs_det
                  (sdetalle, cempres, csubtabla, cversubt, ccla1, ccla2,
                   ccla3, ccla4, ccla5, ccla6, ccla7, ccla8, nval1,
                   nval2, nval3, nval4, nval5, nval6, falta, cusualt,
                   fmodifi, cusumod, ccla9, ccla10, nval7, nval8, nval9,
                   nval10
                  )
           VALUES (sdetalle_conf.NEXTVAL, 24, 8000047, 1, 80001, 2,
                   1324290, NULL, NULL, NULL, NULL, NULL, -32.8048124854751,
                   NULL, NULL, NULL, NULL, NULL, f_sysdate, f_user,
                   NULL, NULL, NULL, NULL, NULL, NULL, NULL,
                   NULL
                  );
   EXCEPTION
      WHEN DUP_VAL_ON_INDEX
      THEN
         NULL;
   END;

   BEGIN
      INSERT INTO sgt_subtabs_det
                  (sdetalle, cempres, csubtabla, cversubt, ccla1, ccla2,
                   ccla3, ccla4, ccla5, ccla6, ccla7, ccla8, nval1,
                   nval2, nval3, nval4, nval5, nval6, falta, cusualt,
                   fmodifi, cusumod, ccla9, ccla10, nval7, nval8, nval9,
                   nval10
                  )
           VALUES (sdetalle_conf.NEXTVAL, 24, 8000047, 1, 80002, 2,
                   1324290, NULL, NULL, NULL, NULL, NULL, -32.8048124854751,
                   NULL, NULL, NULL, NULL, NULL, f_sysdate, f_user,
                   NULL, NULL, NULL, NULL, NULL, NULL, NULL,
                   NULL
                  );
   EXCEPTION
      WHEN DUP_VAL_ON_INDEX
      THEN
         NULL;
   END;

   BEGIN
      INSERT INTO sgt_subtabs_det
                  (sdetalle, cempres, csubtabla, cversubt, ccla1, ccla2,
                   ccla3, ccla4, ccla5, ccla6, ccla7, ccla8, nval1,
                   nval2, nval3, nval4, nval5, nval6, falta, cusualt,
                   fmodifi, cusumod, ccla9, ccla10, nval7, nval8, nval9,
                   nval10
                  )
           VALUES (sdetalle_conf.NEXTVAL, 24, 8000047, 1, 80003, 2,
                   1324290, NULL, NULL, NULL, NULL, NULL, -32.8048124854751,
                   NULL, NULL, NULL, NULL, NULL, f_sysdate, f_user,
                   NULL, NULL, NULL, NULL, NULL, NULL, NULL,
                   NULL
                  );
   EXCEPTION
      WHEN DUP_VAL_ON_INDEX
      THEN
         NULL;
   END;

   BEGIN
      INSERT INTO sgt_subtabs_det
                  (sdetalle, cempres, csubtabla, cversubt, ccla1, ccla2,
                   ccla3, ccla4, ccla5, ccla6, ccla7, ccla8, nval1,
                   nval2, nval3, nval4, nval5, nval6, falta, cusualt,
                   fmodifi, cusumod, ccla9, ccla10, nval7, nval8, nval9,
                   nval10
                  )
           VALUES (sdetalle_conf.NEXTVAL, 24, 8000047, 1, 80001, 0,
                   1324290, NULL, NULL, NULL, NULL, NULL, -32.8048124854751,
                   NULL, NULL, NULL, NULL, NULL, f_sysdate, f_user,
                   NULL, NULL, NULL, NULL, NULL, NULL, NULL,
                   NULL
                  );
   EXCEPTION
      WHEN DUP_VAL_ON_INDEX
      THEN
         NULL;
   END;

   BEGIN
      INSERT INTO sgt_subtabs_det
                  (sdetalle, cempres, csubtabla, cversubt, ccla1, ccla2,
                   ccla3, ccla4, ccla5, ccla6, ccla7, ccla8, nval1,
                   nval2, nval3, nval4, nval5, nval6, falta, cusualt,
                   fmodifi, cusumod, ccla9, ccla10, nval7, nval8, nval9,
                   nval10
                  )
           VALUES (sdetalle_conf.NEXTVAL, 24, 8000047, 1, 80002, 0,
                   1324290, NULL, NULL, NULL, NULL, NULL, -32.8048124854751,
                   NULL, NULL, NULL, NULL, NULL, f_sysdate, f_user,
                   NULL, NULL, NULL, NULL, NULL, NULL, NULL,
                   NULL
                  );
   EXCEPTION
      WHEN DUP_VAL_ON_INDEX
      THEN
         NULL;
   END;

   BEGIN
      INSERT INTO sgt_subtabs_det
                  (sdetalle, cempres, csubtabla, cversubt, ccla1, ccla2,
                   ccla3, ccla4, ccla5, ccla6, ccla7, ccla8, nval1,
                   nval2, nval3, nval4, nval5, nval6, falta, cusualt,
                   fmodifi, cusumod, ccla9, ccla10, nval7, nval8, nval9,
                   nval10
                  )
           VALUES (sdetalle_conf.NEXTVAL, 24, 8000047, 1, 80003, 0,
                   1324290, NULL, NULL, NULL, NULL, NULL, -32.8048124854751,
                   NULL, NULL, NULL, NULL, NULL, f_sysdate, f_user,
                   NULL, NULL, NULL, NULL, NULL, NULL, NULL,
                   NULL
                  );
   EXCEPTION
      WHEN DUP_VAL_ON_INDEX
      THEN
         NULL;
   END;

   BEGIN
      INSERT INTO sgt_subtabs_det
                  (sdetalle, cempres, csubtabla, cversubt, ccla1, ccla2,
                   ccla3, ccla4, ccla5, ccla6, ccla7, ccla8, nval1,
                   nval2, nval3, nval4, nval5, nval6, falta, cusualt,
                   fmodifi, cusumod, ccla9, ccla10, nval7, nval8, nval9,
                   nval10
                  )
           VALUES (sdetalle_conf.NEXTVAL, 24, 8000047, 1, 80001, 3,
                   1324290, NULL, NULL, NULL, NULL, NULL, 19.6671491560821,
                   NULL, NULL, NULL, NULL, NULL, f_sysdate, f_user,
                   NULL, NULL, NULL, NULL, NULL, NULL, NULL,
                   NULL
                  );
   EXCEPTION
      WHEN DUP_VAL_ON_INDEX
      THEN
         NULL;
   END;

   BEGIN
      INSERT INTO sgt_subtabs_det
                  (sdetalle, cempres, csubtabla, cversubt, ccla1, ccla2,
                   ccla3, ccla4, ccla5, ccla6, ccla7, ccla8, nval1,
                   nval2, nval3, nval4, nval5, nval6, falta, cusualt,
                   fmodifi, cusumod, ccla9, ccla10, nval7, nval8, nval9,
                   nval10
                  )
           VALUES (sdetalle_conf.NEXTVAL, 24, 8000047, 1, 80002, 3,
                   1324290, NULL, NULL, NULL, NULL, NULL, 19.6671491560821,
                   NULL, NULL, NULL, NULL, NULL, f_sysdate, f_user,
                   NULL, NULL, NULL, NULL, NULL, NULL, NULL,
                   NULL
                  );
   EXCEPTION
      WHEN DUP_VAL_ON_INDEX
      THEN
         NULL;
   END;

   BEGIN
      INSERT INTO sgt_subtabs_det
                  (sdetalle, cempres, csubtabla, cversubt, ccla1, ccla2,
                   ccla3, ccla4, ccla5, ccla6, ccla7, ccla8, nval1,
                   nval2, nval3, nval4, nval5, nval6, falta, cusualt,
                   fmodifi, cusumod, ccla9, ccla10, nval7, nval8, nval9,
                   nval10
                  )
           VALUES (sdetalle_conf.NEXTVAL, 24, 8000047, 1, 80003, 3,
                   1324290, NULL, NULL, NULL, NULL, NULL, 19.6671491560821,
                   NULL, NULL, NULL, NULL, NULL, f_sysdate, f_user,
                   NULL, NULL, NULL, NULL, NULL, NULL, NULL,
                   NULL
                  );
   EXCEPTION
      WHEN DUP_VAL_ON_INDEX
      THEN
         NULL;
   END;

   BEGIN
      INSERT INTO sgt_subtabs_det
                  (sdetalle, cempres, csubtabla, cversubt, ccla1, ccla2,
                   ccla3, ccla4, ccla5, ccla6, ccla7, ccla8, nval1,
                   nval2, nval3, nval4, nval5, nval6, falta, cusualt,
                   fmodifi, cusumod, ccla9, ccla10, nval7, nval8, nval9,
                   nval10
                  )
           VALUES (sdetalle_conf.NEXTVAL, 24, 8000047, 1, 80001, 1,
                   1324290, NULL, NULL, NULL, NULL, NULL, -26.5908442669477,
                   NULL, NULL, NULL, NULL, NULL, f_sysdate, f_user,
                   NULL, NULL, NULL, NULL, NULL, NULL, NULL,
                   NULL
                  );
   EXCEPTION
      WHEN DUP_VAL_ON_INDEX
      THEN
         NULL;
   END;

   BEGIN
      INSERT INTO sgt_subtabs_det
                  (sdetalle, cempres, csubtabla, cversubt, ccla1, ccla2,
                   ccla3, ccla4, ccla5, ccla6, ccla7, ccla8, nval1,
                   nval2, nval3, nval4, nval5, nval6, falta, cusualt,
                   fmodifi, cusumod, ccla9, ccla10, nval7, nval8, nval9,
                   nval10
                  )
           VALUES (sdetalle_conf.NEXTVAL, 24, 8000047, 1, 80002, 1,
                   1324290, NULL, NULL, NULL, NULL, NULL, -26.5908442669477,
                   NULL, NULL, NULL, NULL, NULL, f_sysdate, f_user,
                   NULL, NULL, NULL, NULL, NULL, NULL, NULL,
                   NULL
                  );
   EXCEPTION
      WHEN DUP_VAL_ON_INDEX
      THEN
         NULL;
   END;

   BEGIN
      INSERT INTO sgt_subtabs_det
                  (sdetalle, cempres, csubtabla, cversubt, ccla1, ccla2,
                   ccla3, ccla4, ccla5, ccla6, ccla7, ccla8, nval1,
                   nval2, nval3, nval4, nval5, nval6, falta, cusualt,
                   fmodifi, cusumod, ccla9, ccla10, nval7, nval8, nval9,
                   nval10
                  )
           VALUES (sdetalle_conf.NEXTVAL, 24, 8000047, 1, 80003, 1,
                   1324290, NULL, NULL, NULL, NULL, NULL, -26.5908442669477,
                   NULL, NULL, NULL, NULL, NULL, f_sysdate, f_user,
                   NULL, NULL, NULL, NULL, NULL, NULL, NULL,
                   NULL
                  );
   EXCEPTION
      WHEN DUP_VAL_ON_INDEX
      THEN
         NULL;
   END;

   BEGIN
      INSERT INTO sgt_subtabs_det
                  (sdetalle, cempres, csubtabla, cversubt, ccla1, ccla2,
                   ccla3, ccla4, ccla5, ccla6, ccla7, ccla8, nval1,
                   nval2, nval3, nval4, nval5, nval6, falta, cusualt,
                   fmodifi, cusumod, ccla9, ccla10, nval7, nval8, nval9,
                   nval10
                  )
           VALUES (sdetalle_conf.NEXTVAL, 24, 8000047, 1, 80001, 2,
                   1324290, NULL, NULL, NULL, NULL, NULL, -32.8048124854751,
                   NULL, NULL, NULL, NULL, NULL, f_sysdate, f_user,
                   NULL, NULL, NULL, NULL, NULL, NULL, NULL,
                   NULL
                  );
   EXCEPTION
      WHEN DUP_VAL_ON_INDEX
      THEN
         NULL;
   END;

   BEGIN
      INSERT INTO sgt_subtabs_det
                  (sdetalle, cempres, csubtabla, cversubt, ccla1, ccla2,
                   ccla3, ccla4, ccla5, ccla6, ccla7, ccla8, nval1,
                   nval2, nval3, nval4, nval5, nval6, falta, cusualt,
                   fmodifi, cusumod, ccla9, ccla10, nval7, nval8, nval9,
                   nval10
                  )
           VALUES (sdetalle_conf.NEXTVAL, 24, 8000047, 1, 80002, 2,
                   1324290, NULL, NULL, NULL, NULL, NULL, -32.8048124854751,
                   NULL, NULL, NULL, NULL, NULL, f_sysdate, f_user,
                   NULL, NULL, NULL, NULL, NULL, NULL, NULL,
                   NULL
                  );
   EXCEPTION
      WHEN DUP_VAL_ON_INDEX
      THEN
         NULL;
   END;

   BEGIN
      INSERT INTO sgt_subtabs_det
                  (sdetalle, cempres, csubtabla, cversubt, ccla1, ccla2,
                   ccla3, ccla4, ccla5, ccla6, ccla7, ccla8, nval1,
                   nval2, nval3, nval4, nval5, nval6, falta, cusualt,
                   fmodifi, cusumod, ccla9, ccla10, nval7, nval8, nval9,
                   nval10
                  )
           VALUES (sdetalle_conf.NEXTVAL, 24, 8000047, 1, 80003, 2,
                   1324290, NULL, NULL, NULL, NULL, NULL, -32.8048124854751,
                   NULL, NULL, NULL, NULL, NULL, f_sysdate, f_user,
                   NULL, NULL, NULL, NULL, NULL, NULL, NULL,
                   NULL
                  );
   EXCEPTION
      WHEN DUP_VAL_ON_INDEX
      THEN
         NULL;
   END;

   BEGIN
      INSERT INTO sgt_subtabs_det
                  (sdetalle, cempres, csubtabla, cversubt, ccla1, ccla2,
                   ccla3, ccla4, ccla5, ccla6, ccla7, ccla8, nval1,
                   nval2, nval3, nval4, nval5, nval6, falta, cusualt,
                   fmodifi, cusumod, ccla9, ccla10, nval7, nval8, nval9,
                   nval10
                  )
           VALUES (sdetalle_conf.NEXTVAL, 24, 8000047, 1, 80001, 0,
                   1324290, NULL, NULL, NULL, NULL, NULL, -32.8048124854751,
                   NULL, NULL, NULL, NULL, NULL, f_sysdate, f_user,
                   NULL, NULL, NULL, NULL, NULL, NULL, NULL,
                   NULL
                  );
   EXCEPTION
      WHEN DUP_VAL_ON_INDEX
      THEN
         NULL;
   END;

   BEGIN
      INSERT INTO sgt_subtabs_det
                  (sdetalle, cempres, csubtabla, cversubt, ccla1, ccla2,
                   ccla3, ccla4, ccla5, ccla6, ccla7, ccla8, nval1,
                   nval2, nval3, nval4, nval5, nval6, falta, cusualt,
                   fmodifi, cusumod, ccla9, ccla10, nval7, nval8, nval9,
                   nval10
                  )
           VALUES (sdetalle_conf.NEXTVAL, 24, 8000047, 1, 80002, 0,
                   1324290, NULL, NULL, NULL, NULL, NULL, -32.8048124854751,
                   NULL, NULL, NULL, NULL, NULL, f_sysdate, f_user,
                   NULL, NULL, NULL, NULL, NULL, NULL, NULL,
                   NULL
                  );
   EXCEPTION
      WHEN DUP_VAL_ON_INDEX
      THEN
         NULL;
   END;

   BEGIN
      INSERT INTO sgt_subtabs_det
                  (sdetalle, cempres, csubtabla, cversubt, ccla1, ccla2,
                   ccla3, ccla4, ccla5, ccla6, ccla7, ccla8, nval1,
                   nval2, nval3, nval4, nval5, nval6, falta, cusualt,
                   fmodifi, cusumod, ccla9, ccla10, nval7, nval8, nval9,
                   nval10
                  )
           VALUES (sdetalle_conf.NEXTVAL, 24, 8000047, 1, 80003, 0,
                   1324290, NULL, NULL, NULL, NULL, NULL, -32.8048124854751,
                   NULL, NULL, NULL, NULL, NULL, f_sysdate, f_user,
                   NULL, NULL, NULL, NULL, NULL, NULL, NULL,
                   NULL
                  );
   EXCEPTION
      WHEN DUP_VAL_ON_INDEX
      THEN
         NULL;
   END;

   BEGIN
      INSERT INTO sgt_subtabs_det
                  (sdetalle, cempres, csubtabla, cversubt, ccla1, ccla2,
                   ccla3, ccla4, ccla5, ccla6, ccla7, ccla8, nval1,
                   nval2, nval3, nval4, nval5, nval6, falta, cusualt,
                   fmodifi, cusumod, ccla9, ccla10, nval7, nval8, nval9,
                   nval10
                  )
           VALUES (sdetalle_conf.NEXTVAL, 24, 8000047, 1, 80001, 1,
                   1324290, NULL, NULL, NULL, NULL, NULL, -26.5908442669477,
                   NULL, NULL, NULL, NULL, NULL, f_sysdate, f_user,
                   NULL, NULL, NULL, NULL, NULL, NULL, NULL,
                   NULL
                  );
   EXCEPTION
      WHEN DUP_VAL_ON_INDEX
      THEN
         NULL;
   END;

   BEGIN
      INSERT INTO sgt_subtabs_det
                  (sdetalle, cempres, csubtabla, cversubt, ccla1, ccla2,
                   ccla3, ccla4, ccla5, ccla6, ccla7, ccla8, nval1,
                   nval2, nval3, nval4, nval5, nval6, falta, cusualt,
                   fmodifi, cusumod, ccla9, ccla10, nval7, nval8, nval9,
                   nval10
                  )
           VALUES (sdetalle_conf.NEXTVAL, 24, 8000047, 1, 80002, 1,
                   1324290, NULL, NULL, NULL, NULL, NULL, -26.5908442669477,
                   NULL, NULL, NULL, NULL, NULL, f_sysdate, f_user,
                   NULL, NULL, NULL, NULL, NULL, NULL, NULL,
                   NULL
                  );
   EXCEPTION
      WHEN DUP_VAL_ON_INDEX
      THEN
         NULL;
   END;

   BEGIN
      INSERT INTO sgt_subtabs_det
                  (sdetalle, cempres, csubtabla, cversubt, ccla1, ccla2,
                   ccla3, ccla4, ccla5, ccla6, ccla7, ccla8, nval1,
                   nval2, nval3, nval4, nval5, nval6, falta, cusualt,
                   fmodifi, cusumod, ccla9, ccla10, nval7, nval8, nval9,
                   nval10
                  )
           VALUES (sdetalle_conf.NEXTVAL, 24, 8000047, 1, 80003, 1,
                   1324290, NULL, NULL, NULL, NULL, NULL, -26.5908442669477,
                   NULL, NULL, NULL, NULL, NULL, f_sysdate, f_user,
                   NULL, NULL, NULL, NULL, NULL, NULL, NULL,
                   NULL
                  );
   EXCEPTION
      WHEN DUP_VAL_ON_INDEX
      THEN
         NULL;
   END;

   BEGIN
      INSERT INTO sgt_subtabs_det
                  (sdetalle, cempres, csubtabla, cversubt, ccla1, ccla2,
                   ccla3, ccla4, ccla5, ccla6, ccla7, ccla8, nval1,
                   nval2, nval3, nval4, nval5, nval6, falta, cusualt,
                   fmodifi, cusumod, ccla9, ccla10, nval7, nval8, nval9,
                   nval10
                  )
           VALUES (sdetalle_conf.NEXTVAL, 24, 8000047, 1, 80001, 0,
                   1334290, NULL, NULL, NULL, NULL, NULL, -5.05925081161868,
                   NULL, NULL, NULL, NULL, NULL, f_sysdate, f_user,
                   NULL, NULL, NULL, NULL, NULL, NULL, NULL,
                   NULL
                  );
   EXCEPTION
      WHEN DUP_VAL_ON_INDEX
      THEN
         NULL;
   END;

   BEGIN
      INSERT INTO sgt_subtabs_det
                  (sdetalle, cempres, csubtabla, cversubt, ccla1, ccla2,
                   ccla3, ccla4, ccla5, ccla6, ccla7, ccla8, nval1,
                   nval2, nval3, nval4, nval5, nval6, falta, cusualt,
                   fmodifi, cusumod, ccla9, ccla10, nval7, nval8, nval9,
                   nval10
                  )
           VALUES (sdetalle_conf.NEXTVAL, 24, 8000047, 1, 80002, 0,
                   1334290, NULL, NULL, NULL, NULL, NULL, -5.05925081161868,
                   NULL, NULL, NULL, NULL, NULL, f_sysdate, f_user,
                   NULL, NULL, NULL, NULL, NULL, NULL, NULL,
                   NULL
                  );
   EXCEPTION
      WHEN DUP_VAL_ON_INDEX
      THEN
         NULL;
   END;

   BEGIN
      INSERT INTO sgt_subtabs_det
                  (sdetalle, cempres, csubtabla, cversubt, ccla1, ccla2,
                   ccla3, ccla4, ccla5, ccla6, ccla7, ccla8, nval1,
                   nval2, nval3, nval4, nval5, nval6, falta, cusualt,
                   fmodifi, cusumod, ccla9, ccla10, nval7, nval8, nval9,
                   nval10
                  )
           VALUES (sdetalle_conf.NEXTVAL, 24, 8000047, 1, 80003, 0,
                   1334290, NULL, NULL, NULL, NULL, NULL, -5.05925081161868,
                   NULL, NULL, NULL, NULL, NULL, f_sysdate, f_user,
                   NULL, NULL, NULL, NULL, NULL, NULL, NULL,
                   NULL
                  );
   EXCEPTION
      WHEN DUP_VAL_ON_INDEX
      THEN
         NULL;
   END;

   BEGIN
      INSERT INTO sgt_subtabs_det
                  (sdetalle, cempres, csubtabla, cversubt, ccla1, ccla2,
                   ccla3, ccla4, ccla5, ccla6, ccla7, ccla8, nval1,
                   nval2, nval3, nval4, nval5, nval6, falta, cusualt,
                   fmodifi, cusumod, ccla9, ccla10, nval7, nval8, nval9,
                   nval10
                  )
           VALUES (sdetalle_conf.NEXTVAL, 24, 8000047, 1, 80001, 3,
                   1334290, NULL, NULL, NULL, NULL, NULL, -8.12493568798863,
                   NULL, NULL, NULL, NULL, NULL, f_sysdate, f_user,
                   NULL, NULL, NULL, NULL, NULL, NULL, NULL,
                   NULL
                  );
   EXCEPTION
      WHEN DUP_VAL_ON_INDEX
      THEN
         NULL;
   END;

   BEGIN
      INSERT INTO sgt_subtabs_det
                  (sdetalle, cempres, csubtabla, cversubt, ccla1, ccla2,
                   ccla3, ccla4, ccla5, ccla6, ccla7, ccla8, nval1,
                   nval2, nval3, nval4, nval5, nval6, falta, cusualt,
                   fmodifi, cusumod, ccla9, ccla10, nval7, nval8, nval9,
                   nval10
                  )
           VALUES (sdetalle_conf.NEXTVAL, 24, 8000047, 1, 80002, 3,
                   1334290, NULL, NULL, NULL, NULL, NULL, -8.12493568798863,
                   NULL, NULL, NULL, NULL, NULL, f_sysdate, f_user,
                   NULL, NULL, NULL, NULL, NULL, NULL, NULL,
                   NULL
                  );
   EXCEPTION
      WHEN DUP_VAL_ON_INDEX
      THEN
         NULL;
   END;

   BEGIN
      INSERT INTO sgt_subtabs_det
                  (sdetalle, cempres, csubtabla, cversubt, ccla1, ccla2,
                   ccla3, ccla4, ccla5, ccla6, ccla7, ccla8, nval1,
                   nval2, nval3, nval4, nval5, nval6, falta, cusualt,
                   fmodifi, cusumod, ccla9, ccla10, nval7, nval8, nval9,
                   nval10
                  )
           VALUES (sdetalle_conf.NEXTVAL, 24, 8000047, 1, 80003, 3,
                   1334290, NULL, NULL, NULL, NULL, NULL, -8.12493568798863,
                   NULL, NULL, NULL, NULL, NULL, f_sysdate, f_user,
                   NULL, NULL, NULL, NULL, NULL, NULL, NULL,
                   NULL
                  );
   EXCEPTION
      WHEN DUP_VAL_ON_INDEX
      THEN
         NULL;
   END;

   BEGIN
      INSERT INTO sgt_subtabs_det
                  (sdetalle, cempres, csubtabla, cversubt, ccla1, ccla2,
                   ccla3, ccla4, ccla5, ccla6, ccla7, ccla8, nval1,
                   nval2, nval3, nval4, nval5, nval6, falta, cusualt,
                   fmodifi, cusumod, ccla9, ccla10, nval7, nval8, nval9,
                   nval10
                  )
           VALUES (sdetalle_conf.NEXTVAL, 24, 8000047, 1, 80001, 1,
                   1334290, NULL, NULL, NULL, NULL, NULL, -9.53236991555826,
                   NULL, NULL, NULL, NULL, NULL, f_sysdate, f_user,
                   NULL, NULL, NULL, NULL, NULL, NULL, NULL,
                   NULL
                  );
   EXCEPTION
      WHEN DUP_VAL_ON_INDEX
      THEN
         NULL;
   END;

   BEGIN
      INSERT INTO sgt_subtabs_det
                  (sdetalle, cempres, csubtabla, cversubt, ccla1, ccla2,
                   ccla3, ccla4, ccla5, ccla6, ccla7, ccla8, nval1,
                   nval2, nval3, nval4, nval5, nval6, falta, cusualt,
                   fmodifi, cusumod, ccla9, ccla10, nval7, nval8, nval9,
                   nval10
                  )
           VALUES (sdetalle_conf.NEXTVAL, 24, 8000047, 1, 80002, 1,
                   1334290, NULL, NULL, NULL, NULL, NULL, -9.53236991555826,
                   NULL, NULL, NULL, NULL, NULL, f_sysdate, f_user,
                   NULL, NULL, NULL, NULL, NULL, NULL, NULL,
                   NULL
                  );
   EXCEPTION
      WHEN DUP_VAL_ON_INDEX
      THEN
         NULL;
   END;

   BEGIN
      INSERT INTO sgt_subtabs_det
                  (sdetalle, cempres, csubtabla, cversubt, ccla1, ccla2,
                   ccla3, ccla4, ccla5, ccla6, ccla7, ccla8, nval1,
                   nval2, nval3, nval4, nval5, nval6, falta, cusualt,
                   fmodifi, cusumod, ccla9, ccla10, nval7, nval8, nval9,
                   nval10
                  )
           VALUES (sdetalle_conf.NEXTVAL, 24, 8000047, 1, 80003, 1,
                   1334290, NULL, NULL, NULL, NULL, NULL, -9.53236991555826,
                   NULL, NULL, NULL, NULL, NULL, f_sysdate, f_user,
                   NULL, NULL, NULL, NULL, NULL, NULL, NULL,
                   NULL
                  );
   EXCEPTION
      WHEN DUP_VAL_ON_INDEX
      THEN
         NULL;
   END;

   BEGIN
      INSERT INTO sgt_subtabs_det
                  (sdetalle, cempres, csubtabla, cversubt, ccla1, ccla2,
                   ccla3, ccla4, ccla5, ccla6, ccla7, ccla8, nval1,
                   nval2, nval3, nval4, nval5, nval6, falta, cusualt,
                   fmodifi, cusumod, ccla9, ccla10, nval7, nval8, nval9,
                   nval10
                  )
           VALUES (sdetalle_conf.NEXTVAL, 24, 8000047, 1, 80001, 1,
                   1334290, NULL, NULL, NULL, NULL, NULL, -9.53236991555826,
                   NULL, NULL, NULL, NULL, NULL, f_sysdate, f_user,
                   NULL, NULL, NULL, NULL, NULL, NULL, NULL,
                   NULL
                  );
   EXCEPTION
      WHEN DUP_VAL_ON_INDEX
      THEN
         NULL;
   END;

   BEGIN
      INSERT INTO sgt_subtabs_det
                  (sdetalle, cempres, csubtabla, cversubt, ccla1, ccla2,
                   ccla3, ccla4, ccla5, ccla6, ccla7, ccla8, nval1,
                   nval2, nval3, nval4, nval5, nval6, falta, cusualt,
                   fmodifi, cusumod, ccla9, ccla10, nval7, nval8, nval9,
                   nval10
                  )
           VALUES (sdetalle_conf.NEXTVAL, 24, 8000047, 1, 80002, 1,
                   1334290, NULL, NULL, NULL, NULL, NULL, -9.53236991555826,
                   NULL, NULL, NULL, NULL, NULL, f_sysdate, f_user,
                   NULL, NULL, NULL, NULL, NULL, NULL, NULL,
                   NULL
                  );
   EXCEPTION
      WHEN DUP_VAL_ON_INDEX
      THEN
         NULL;
   END;

   BEGIN
      INSERT INTO sgt_subtabs_det
                  (sdetalle, cempres, csubtabla, cversubt, ccla1, ccla2,
                   ccla3, ccla4, ccla5, ccla6, ccla7, ccla8, nval1,
                   nval2, nval3, nval4, nval5, nval6, falta, cusualt,
                   fmodifi, cusumod, ccla9, ccla10, nval7, nval8, nval9,
                   nval10
                  )
           VALUES (sdetalle_conf.NEXTVAL, 24, 8000047, 1, 80003, 1,
                   1334290, NULL, NULL, NULL, NULL, NULL, -9.53236991555826,
                   NULL, NULL, NULL, NULL, NULL, f_sysdate, f_user,
                   NULL, NULL, NULL, NULL, NULL, NULL, NULL,
                   NULL
                  );
   EXCEPTION
      WHEN DUP_VAL_ON_INDEX
      THEN
         NULL;
   END;

   BEGIN
      INSERT INTO sgt_subtabs_det
                  (sdetalle, cempres, csubtabla, cversubt, ccla1, ccla2,
                   ccla3, ccla4, ccla5, ccla6, ccla7, ccla8, nval1,
                   nval2, nval3, nval4, nval5, nval6, falta, cusualt,
                   fmodifi, cusumod, ccla9, ccla10, nval7, nval8, nval9,
                   nval10
                  )
           VALUES (sdetalle_conf.NEXTVAL, 24, 8000047, 1, 80001, 2,
                   1334290, NULL, NULL, NULL, NULL, NULL, -5.05925081161868,
                   NULL, NULL, NULL, NULL, NULL, f_sysdate, f_user,
                   NULL, NULL, NULL, NULL, NULL, NULL, NULL,
                   NULL
                  );
   EXCEPTION
      WHEN DUP_VAL_ON_INDEX
      THEN
         NULL;
   END;

   BEGIN
      INSERT INTO sgt_subtabs_det
                  (sdetalle, cempres, csubtabla, cversubt, ccla1, ccla2,
                   ccla3, ccla4, ccla5, ccla6, ccla7, ccla8, nval1,
                   nval2, nval3, nval4, nval5, nval6, falta, cusualt,
                   fmodifi, cusumod, ccla9, ccla10, nval7, nval8, nval9,
                   nval10
                  )
           VALUES (sdetalle_conf.NEXTVAL, 24, 8000047, 1, 80002, 2,
                   1334290, NULL, NULL, NULL, NULL, NULL, -5.05925081161868,
                   NULL, NULL, NULL, NULL, NULL, f_sysdate, f_user,
                   NULL, NULL, NULL, NULL, NULL, NULL, NULL,
                   NULL
                  );
   EXCEPTION
      WHEN DUP_VAL_ON_INDEX
      THEN
         NULL;
   END;

   BEGIN
      INSERT INTO sgt_subtabs_det
                  (sdetalle, cempres, csubtabla, cversubt, ccla1, ccla2,
                   ccla3, ccla4, ccla5, ccla6, ccla7, ccla8, nval1,
                   nval2, nval3, nval4, nval5, nval6, falta, cusualt,
                   fmodifi, cusumod, ccla9, ccla10, nval7, nval8, nval9,
                   nval10
                  )
           VALUES (sdetalle_conf.NEXTVAL, 24, 8000047, 1, 80003, 2,
                   1334290, NULL, NULL, NULL, NULL, NULL, -5.05925081161868,
                   NULL, NULL, NULL, NULL, NULL, f_sysdate, f_user,
                   NULL, NULL, NULL, NULL, NULL, NULL, NULL,
                   NULL
                  );
   EXCEPTION
      WHEN DUP_VAL_ON_INDEX
      THEN
         NULL;
   END;

   BEGIN
      INSERT INTO sgt_subtabs_det
                  (sdetalle, cempres, csubtabla, cversubt, ccla1, ccla2,
                   ccla3, ccla4, ccla5, ccla6, ccla7, ccla8, nval1,
                   nval2, nval3, nval4, nval5, nval6, falta, cusualt,
                   fmodifi, cusumod, ccla9, ccla10, nval7, nval8, nval9,
                   nval10
                  )
           VALUES (sdetalle_conf.NEXTVAL, 24, 8000047, 1, 80001, 0,
                   1334290, NULL, NULL, NULL, NULL, NULL, -5.05925081161868,
                   NULL, NULL, NULL, NULL, NULL, f_sysdate, f_user,
                   NULL, NULL, NULL, NULL, NULL, NULL, NULL,
                   NULL
                  );
   EXCEPTION
      WHEN DUP_VAL_ON_INDEX
      THEN
         NULL;
   END;

   BEGIN
      INSERT INTO sgt_subtabs_det
                  (sdetalle, cempres, csubtabla, cversubt, ccla1, ccla2,
                   ccla3, ccla4, ccla5, ccla6, ccla7, ccla8, nval1,
                   nval2, nval3, nval4, nval5, nval6, falta, cusualt,
                   fmodifi, cusumod, ccla9, ccla10, nval7, nval8, nval9,
                   nval10
                  )
           VALUES (sdetalle_conf.NEXTVAL, 24, 8000047, 1, 80002, 0,
                   1334290, NULL, NULL, NULL, NULL, NULL, -5.05925081161868,
                   NULL, NULL, NULL, NULL, NULL, f_sysdate, f_user,
                   NULL, NULL, NULL, NULL, NULL, NULL, NULL,
                   NULL
                  );
   EXCEPTION
      WHEN DUP_VAL_ON_INDEX
      THEN
         NULL;
   END;

   BEGIN
      INSERT INTO sgt_subtabs_det
                  (sdetalle, cempres, csubtabla, cversubt, ccla1, ccla2,
                   ccla3, ccla4, ccla5, ccla6, ccla7, ccla8, nval1,
                   nval2, nval3, nval4, nval5, nval6, falta, cusualt,
                   fmodifi, cusumod, ccla9, ccla10, nval7, nval8, nval9,
                   nval10
                  )
           VALUES (sdetalle_conf.NEXTVAL, 24, 8000047, 1, 80003, 0,
                   1334290, NULL, NULL, NULL, NULL, NULL, -5.05925081161868,
                   NULL, NULL, NULL, NULL, NULL, f_sysdate, f_user,
                   NULL, NULL, NULL, NULL, NULL, NULL, NULL,
                   NULL
                  );
   EXCEPTION
      WHEN DUP_VAL_ON_INDEX
      THEN
         NULL;
   END;

   BEGIN
      INSERT INTO sgt_subtabs_det
                  (sdetalle, cempres, csubtabla, cversubt, ccla1, ccla2,
                   ccla3, ccla4, ccla5, ccla6, ccla7, ccla8, nval1,
                   nval2, nval3, nval4, nval5, nval6, falta, cusualt,
                   fmodifi, cusumod, ccla9, ccla10, nval7, nval8, nval9,
                   nval10
                  )
           VALUES (sdetalle_conf.NEXTVAL, 24, 8000047, 1, 80001, 3,
                   1334290, NULL, NULL, NULL, NULL, NULL, -8.12493568798863,
                   NULL, NULL, NULL, NULL, NULL, f_sysdate, f_user,
                   NULL, NULL, NULL, NULL, NULL, NULL, NULL,
                   NULL
                  );
   EXCEPTION
      WHEN DUP_VAL_ON_INDEX
      THEN
         NULL;
   END;

   BEGIN
      INSERT INTO sgt_subtabs_det
                  (sdetalle, cempres, csubtabla, cversubt, ccla1, ccla2,
                   ccla3, ccla4, ccla5, ccla6, ccla7, ccla8, nval1,
                   nval2, nval3, nval4, nval5, nval6, falta, cusualt,
                   fmodifi, cusumod, ccla9, ccla10, nval7, nval8, nval9,
                   nval10
                  )
           VALUES (sdetalle_conf.NEXTVAL, 24, 8000047, 1, 80002, 3,
                   1334290, NULL, NULL, NULL, NULL, NULL, -8.12493568798863,
                   NULL, NULL, NULL, NULL, NULL, f_sysdate, f_user,
                   NULL, NULL, NULL, NULL, NULL, NULL, NULL,
                   NULL
                  );
   EXCEPTION
      WHEN DUP_VAL_ON_INDEX
      THEN
         NULL;
   END;

   BEGIN
      INSERT INTO sgt_subtabs_det
                  (sdetalle, cempres, csubtabla, cversubt, ccla1, ccla2,
                   ccla3, ccla4, ccla5, ccla6, ccla7, ccla8, nval1,
                   nval2, nval3, nval4, nval5, nval6, falta, cusualt,
                   fmodifi, cusumod, ccla9, ccla10, nval7, nval8, nval9,
                   nval10
                  )
           VALUES (sdetalle_conf.NEXTVAL, 24, 8000047, 1, 80003, 3,
                   1334290, NULL, NULL, NULL, NULL, NULL, -8.12493568798863,
                   NULL, NULL, NULL, NULL, NULL, f_sysdate, f_user,
                   NULL, NULL, NULL, NULL, NULL, NULL, NULL,
                   NULL
                  );
   EXCEPTION
      WHEN DUP_VAL_ON_INDEX
      THEN
         NULL;
   END;

   BEGIN
      INSERT INTO sgt_subtabs_det
                  (sdetalle, cempres, csubtabla, cversubt, ccla1, ccla2,
                   ccla3, ccla4, ccla5, ccla6, ccla7, ccla8, nval1,
                   nval2, nval3, nval4, nval5, nval6, falta, cusualt,
                   fmodifi, cusumod, ccla9, ccla10, nval7, nval8, nval9,
                   nval10
                  )
           VALUES (sdetalle_conf.NEXTVAL, 24, 8000047, 1, 80001, 1,
                   1334290, NULL, NULL, NULL, NULL, NULL, -9.53236991555826,
                   NULL, NULL, NULL, NULL, NULL, f_sysdate, f_user,
                   NULL, NULL, NULL, NULL, NULL, NULL, NULL,
                   NULL
                  );
   EXCEPTION
      WHEN DUP_VAL_ON_INDEX
      THEN
         NULL;
   END;

   BEGIN
      INSERT INTO sgt_subtabs_det
                  (sdetalle, cempres, csubtabla, cversubt, ccla1, ccla2,
                   ccla3, ccla4, ccla5, ccla6, ccla7, ccla8, nval1,
                   nval2, nval3, nval4, nval5, nval6, falta, cusualt,
                   fmodifi, cusumod, ccla9, ccla10, nval7, nval8, nval9,
                   nval10
                  )
           VALUES (sdetalle_conf.NEXTVAL, 24, 8000047, 1, 80002, 1,
                   1334290, NULL, NULL, NULL, NULL, NULL, -9.53236991555826,
                   NULL, NULL, NULL, NULL, NULL, f_sysdate, f_user,
                   NULL, NULL, NULL, NULL, NULL, NULL, NULL,
                   NULL
                  );
   EXCEPTION
      WHEN DUP_VAL_ON_INDEX
      THEN
         NULL;
   END;

   BEGIN
      INSERT INTO sgt_subtabs_det
                  (sdetalle, cempres, csubtabla, cversubt, ccla1, ccla2,
                   ccla3, ccla4, ccla5, ccla6, ccla7, ccla8, nval1,
                   nval2, nval3, nval4, nval5, nval6, falta, cusualt,
                   fmodifi, cusumod, ccla9, ccla10, nval7, nval8, nval9,
                   nval10
                  )
           VALUES (sdetalle_conf.NEXTVAL, 24, 8000047, 1, 80003, 1,
                   1334290, NULL, NULL, NULL, NULL, NULL, -9.53236991555826,
                   NULL, NULL, NULL, NULL, NULL, f_sysdate, f_user,
                   NULL, NULL, NULL, NULL, NULL, NULL, NULL,
                   NULL
                  );
   EXCEPTION
      WHEN DUP_VAL_ON_INDEX
      THEN
         NULL;
   END;

   BEGIN
      INSERT INTO sgt_subtabs_det
                  (sdetalle, cempres, csubtabla, cversubt, ccla1, ccla2,
                   ccla3, ccla4, ccla5, ccla6, ccla7, ccla8, nval1,
                   nval2, nval3, nval4, nval5, nval6, falta, cusualt,
                   fmodifi, cusumod, ccla9, ccla10, nval7, nval8, nval9,
                   nval10
                  )
           VALUES (sdetalle_conf.NEXTVAL, 24, 8000047, 1, 80001, 1,
                   1334290, NULL, NULL, NULL, NULL, NULL, -9.53236991555826,
                   NULL, NULL, NULL, NULL, NULL, f_sysdate, f_user,
                   NULL, NULL, NULL, NULL, NULL, NULL, NULL,
                   NULL
                  );
   EXCEPTION
      WHEN DUP_VAL_ON_INDEX
      THEN
         NULL;
   END;

   BEGIN
      INSERT INTO sgt_subtabs_det
                  (sdetalle, cempres, csubtabla, cversubt, ccla1, ccla2,
                   ccla3, ccla4, ccla5, ccla6, ccla7, ccla8, nval1,
                   nval2, nval3, nval4, nval5, nval6, falta, cusualt,
                   fmodifi, cusumod, ccla9, ccla10, nval7, nval8, nval9,
                   nval10
                  )
           VALUES (sdetalle_conf.NEXTVAL, 24, 8000047, 1, 80002, 1,
                   1334290, NULL, NULL, NULL, NULL, NULL, -9.53236991555826,
                   NULL, NULL, NULL, NULL, NULL, f_sysdate, f_user,
                   NULL, NULL, NULL, NULL, NULL, NULL, NULL,
                   NULL
                  );
   EXCEPTION
      WHEN DUP_VAL_ON_INDEX
      THEN
         NULL;
   END;

   BEGIN
      INSERT INTO sgt_subtabs_det
                  (sdetalle, cempres, csubtabla, cversubt, ccla1, ccla2,
                   ccla3, ccla4, ccla5, ccla6, ccla7, ccla8, nval1,
                   nval2, nval3, nval4, nval5, nval6, falta, cusualt,
                   fmodifi, cusumod, ccla9, ccla10, nval7, nval8, nval9,
                   nval10
                  )
           VALUES (sdetalle_conf.NEXTVAL, 24, 8000047, 1, 80003, 1,
                   1334290, NULL, NULL, NULL, NULL, NULL, -9.53236991555826,
                   NULL, NULL, NULL, NULL, NULL, f_sysdate, f_user,
                   NULL, NULL, NULL, NULL, NULL, NULL, NULL,
                   NULL
                  );
   EXCEPTION
      WHEN DUP_VAL_ON_INDEX
      THEN
         NULL;
   END;

   BEGIN
      INSERT INTO sgt_subtabs_det
                  (sdetalle, cempres, csubtabla, cversubt, ccla1, ccla2,
                   ccla3, ccla4, ccla5, ccla6, ccla7, ccla8, nval1,
                   nval2, nval3, nval4, nval5, nval6, falta, cusualt,
                   fmodifi, cusumod, ccla9, ccla10, nval7, nval8, nval9,
                   nval10
                  )
           VALUES (sdetalle_conf.NEXTVAL, 24, 8000047, 1, 80001, 2,
                   1334290, NULL, NULL, NULL, NULL, NULL, -5.05925081161868,
                   NULL, NULL, NULL, NULL, NULL, f_sysdate, f_user,
                   NULL, NULL, NULL, NULL, NULL, NULL, NULL,
                   NULL
                  );
   EXCEPTION
      WHEN DUP_VAL_ON_INDEX
      THEN
         NULL;
   END;

   BEGIN
      INSERT INTO sgt_subtabs_det
                  (sdetalle, cempres, csubtabla, cversubt, ccla1, ccla2,
                   ccla3, ccla4, ccla5, ccla6, ccla7, ccla8, nval1,
                   nval2, nval3, nval4, nval5, nval6, falta, cusualt,
                   fmodifi, cusumod, ccla9, ccla10, nval7, nval8, nval9,
                   nval10
                  )
           VALUES (sdetalle_conf.NEXTVAL, 24, 8000047, 1, 80002, 2,
                   1334290, NULL, NULL, NULL, NULL, NULL, -5.05925081161868,
                   NULL, NULL, NULL, NULL, NULL, f_sysdate, f_user,
                   NULL, NULL, NULL, NULL, NULL, NULL, NULL,
                   NULL
                  );
   EXCEPTION
      WHEN DUP_VAL_ON_INDEX
      THEN
         NULL;
   END;

   BEGIN
      INSERT INTO sgt_subtabs_det
                  (sdetalle, cempres, csubtabla, cversubt, ccla1, ccla2,
                   ccla3, ccla4, ccla5, ccla6, ccla7, ccla8, nval1,
                   nval2, nval3, nval4, nval5, nval6, falta, cusualt,
                   fmodifi, cusumod, ccla9, ccla10, nval7, nval8, nval9,
                   nval10
                  )
           VALUES (sdetalle_conf.NEXTVAL, 24, 8000047, 1, 80003, 2,
                   1334290, NULL, NULL, NULL, NULL, NULL, -5.05925081161868,
                   NULL, NULL, NULL, NULL, NULL, f_sysdate, f_user,
                   NULL, NULL, NULL, NULL, NULL, NULL, NULL,
                   NULL
                  );
   EXCEPTION
      WHEN DUP_VAL_ON_INDEX
      THEN
         NULL;
   END;

   BEGIN
      INSERT INTO sgt_subtabs_det
                  (sdetalle, cempres, csubtabla, cversubt, ccla1, ccla2,
                   ccla3, ccla4, ccla5, ccla6, ccla7, ccla8, nval1,
                   nval2, nval3, nval4, nval5, nval6, falta, cusualt,
                   fmodifi, cusumod, ccla9, ccla10, nval7, nval8, nval9,
                   nval10
                  )
           VALUES (sdetalle_conf.NEXTVAL, 24, 8000047, 1, 80001, 0,
                   1334290, NULL, NULL, NULL, NULL, NULL, -5.05925081161868,
                   NULL, NULL, NULL, NULL, NULL, f_sysdate, f_user,
                   NULL, NULL, NULL, NULL, NULL, NULL, NULL,
                   NULL
                  );
   EXCEPTION
      WHEN DUP_VAL_ON_INDEX
      THEN
         NULL;
   END;

   BEGIN
      INSERT INTO sgt_subtabs_det
                  (sdetalle, cempres, csubtabla, cversubt, ccla1, ccla2,
                   ccla3, ccla4, ccla5, ccla6, ccla7, ccla8, nval1,
                   nval2, nval3, nval4, nval5, nval6, falta, cusualt,
                   fmodifi, cusumod, ccla9, ccla10, nval7, nval8, nval9,
                   nval10
                  )
           VALUES (sdetalle_conf.NEXTVAL, 24, 8000047, 1, 80002, 0,
                   1334290, NULL, NULL, NULL, NULL, NULL, -5.05925081161868,
                   NULL, NULL, NULL, NULL, NULL, f_sysdate, f_user,
                   NULL, NULL, NULL, NULL, NULL, NULL, NULL,
                   NULL
                  );
   EXCEPTION
      WHEN DUP_VAL_ON_INDEX
      THEN
         NULL;
   END;

   BEGIN
      INSERT INTO sgt_subtabs_det
                  (sdetalle, cempres, csubtabla, cversubt, ccla1, ccla2,
                   ccla3, ccla4, ccla5, ccla6, ccla7, ccla8, nval1,
                   nval2, nval3, nval4, nval5, nval6, falta, cusualt,
                   fmodifi, cusumod, ccla9, ccla10, nval7, nval8, nval9,
                   nval10
                  )
           VALUES (sdetalle_conf.NEXTVAL, 24, 8000047, 1, 80003, 0,
                   1334290, NULL, NULL, NULL, NULL, NULL, -5.05925081161868,
                   NULL, NULL, NULL, NULL, NULL, f_sysdate, f_user,
                   NULL, NULL, NULL, NULL, NULL, NULL, NULL,
                   NULL
                  );
   EXCEPTION
      WHEN DUP_VAL_ON_INDEX
      THEN
         NULL;
   END;

   BEGIN
      INSERT INTO sgt_subtabs_det
                  (sdetalle, cempres, csubtabla, cversubt, ccla1, ccla2,
                   ccla3, ccla4, ccla5, ccla6, ccla7, ccla8, nval1,
                   nval2, nval3, nval4, nval5, nval6, falta, cusualt,
                   fmodifi, cusumod, ccla9, ccla10, nval7, nval8, nval9,
                   nval10
                  )
           VALUES (sdetalle_conf.NEXTVAL, 24, 8000047, 1, 80001, 1,
                   1334290, NULL, NULL, NULL, NULL, NULL, -9.53236991555826,
                   NULL, NULL, NULL, NULL, NULL, f_sysdate, f_user,
                   NULL, NULL, NULL, NULL, NULL, NULL, NULL,
                   NULL
                  );
   EXCEPTION
      WHEN DUP_VAL_ON_INDEX
      THEN
         NULL;
   END;

   BEGIN
      INSERT INTO sgt_subtabs_det
                  (sdetalle, cempres, csubtabla, cversubt, ccla1, ccla2,
                   ccla3, ccla4, ccla5, ccla6, ccla7, ccla8, nval1,
                   nval2, nval3, nval4, nval5, nval6, falta, cusualt,
                   fmodifi, cusumod, ccla9, ccla10, nval7, nval8, nval9,
                   nval10
                  )
           VALUES (sdetalle_conf.NEXTVAL, 24, 8000047, 1, 80002, 1,
                   1334290, NULL, NULL, NULL, NULL, NULL, -9.53236991555826,
                   NULL, NULL, NULL, NULL, NULL, f_sysdate, f_user,
                   NULL, NULL, NULL, NULL, NULL, NULL, NULL,
                   NULL
                  );
   EXCEPTION
      WHEN DUP_VAL_ON_INDEX
      THEN
         NULL;
   END;

   BEGIN
      INSERT INTO sgt_subtabs_det
                  (sdetalle, cempres, csubtabla, cversubt, ccla1, ccla2,
                   ccla3, ccla4, ccla5, ccla6, ccla7, ccla8, nval1,
                   nval2, nval3, nval4, nval5, nval6, falta, cusualt,
                   fmodifi, cusumod, ccla9, ccla10, nval7, nval8, nval9,
                   nval10
                  )
           VALUES (sdetalle_conf.NEXTVAL, 24, 8000047, 1, 80003, 1,
                   1334290, NULL, NULL, NULL, NULL, NULL, -9.53236991555826,
                   NULL, NULL, NULL, NULL, NULL, f_sysdate, f_user,
                   NULL, NULL, NULL, NULL, NULL, NULL, NULL,
                   NULL
                  );
   EXCEPTION
      WHEN DUP_VAL_ON_INDEX
      THEN
         NULL;
   END;

   BEGIN
      INSERT INTO sgt_subtabs_det
                  (sdetalle, cempres, csubtabla, cversubt, ccla1, ccla2,
                   ccla3, ccla4, ccla5, ccla6, ccla7, ccla8, nval1,
                   nval2, nval3, nval4, nval5, nval6, falta, cusualt,
                   fmodifi, cusumod, ccla9, ccla10, nval7, nval8, nval9,
                   nval10
                  )
           VALUES (sdetalle_conf.NEXTVAL, 24, 8000047, 1, 80001, 0,
                   1334290, NULL, NULL, NULL, NULL, NULL, -5.05925081161868,
                   NULL, NULL, NULL, NULL, NULL, f_sysdate, f_user,
                   NULL, NULL, NULL, NULL, NULL, NULL, NULL,
                   NULL
                  );
   EXCEPTION
      WHEN DUP_VAL_ON_INDEX
      THEN
         NULL;
   END;

   BEGIN
      INSERT INTO sgt_subtabs_det
                  (sdetalle, cempres, csubtabla, cversubt, ccla1, ccla2,
                   ccla3, ccla4, ccla5, ccla6, ccla7, ccla8, nval1,
                   nval2, nval3, nval4, nval5, nval6, falta, cusualt,
                   fmodifi, cusumod, ccla9, ccla10, nval7, nval8, nval9,
                   nval10
                  )
           VALUES (sdetalle_conf.NEXTVAL, 24, 8000047, 1, 80002, 0,
                   1334290, NULL, NULL, NULL, NULL, NULL, -5.05925081161868,
                   NULL, NULL, NULL, NULL, NULL, f_sysdate, f_user,
                   NULL, NULL, NULL, NULL, NULL, NULL, NULL,
                   NULL
                  );
   EXCEPTION
      WHEN DUP_VAL_ON_INDEX
      THEN
         NULL;
   END;

   BEGIN
      INSERT INTO sgt_subtabs_det
                  (sdetalle, cempres, csubtabla, cversubt, ccla1, ccla2,
                   ccla3, ccla4, ccla5, ccla6, ccla7, ccla8, nval1,
                   nval2, nval3, nval4, nval5, nval6, falta, cusualt,
                   fmodifi, cusumod, ccla9, ccla10, nval7, nval8, nval9,
                   nval10
                  )
           VALUES (sdetalle_conf.NEXTVAL, 24, 8000047, 1, 80003, 0,
                   1334290, NULL, NULL, NULL, NULL, NULL, -5.05925081161868,
                   NULL, NULL, NULL, NULL, NULL, f_sysdate, f_user,
                   NULL, NULL, NULL, NULL, NULL, NULL, NULL,
                   NULL
                  );
   EXCEPTION
      WHEN DUP_VAL_ON_INDEX
      THEN
         NULL;
   END;

   BEGIN
      INSERT INTO sgt_subtabs_det
                  (sdetalle, cempres, csubtabla, cversubt, ccla1, ccla2,
                   ccla3, ccla4, ccla5, ccla6, ccla7, ccla8, nval1,
                   nval2, nval3, nval4, nval5, nval6, falta, cusualt,
                   fmodifi, cusumod, ccla9, ccla10, nval7, nval8, nval9,
                   nval10
                  )
           VALUES (sdetalle_conf.NEXTVAL, 24, 8000047, 1, 80001, 3,
                   1334290, NULL, NULL, NULL, NULL, NULL, -8.12493568798863,
                   NULL, NULL, NULL, NULL, NULL, f_sysdate, f_user,
                   NULL, NULL, NULL, NULL, NULL, NULL, NULL,
                   NULL
                  );
   EXCEPTION
      WHEN DUP_VAL_ON_INDEX
      THEN
         NULL;
   END;

   BEGIN
      INSERT INTO sgt_subtabs_det
                  (sdetalle, cempres, csubtabla, cversubt, ccla1, ccla2,
                   ccla3, ccla4, ccla5, ccla6, ccla7, ccla8, nval1,
                   nval2, nval3, nval4, nval5, nval6, falta, cusualt,
                   fmodifi, cusumod, ccla9, ccla10, nval7, nval8, nval9,
                   nval10
                  )
           VALUES (sdetalle_conf.NEXTVAL, 24, 8000047, 1, 80002, 3,
                   1334290, NULL, NULL, NULL, NULL, NULL, -8.12493568798863,
                   NULL, NULL, NULL, NULL, NULL, f_sysdate, f_user,
                   NULL, NULL, NULL, NULL, NULL, NULL, NULL,
                   NULL
                  );
   EXCEPTION
      WHEN DUP_VAL_ON_INDEX
      THEN
         NULL;
   END;

   BEGIN
      INSERT INTO sgt_subtabs_det
                  (sdetalle, cempres, csubtabla, cversubt, ccla1, ccla2,
                   ccla3, ccla4, ccla5, ccla6, ccla7, ccla8, nval1,
                   nval2, nval3, nval4, nval5, nval6, falta, cusualt,
                   fmodifi, cusumod, ccla9, ccla10, nval7, nval8, nval9,
                   nval10
                  )
           VALUES (sdetalle_conf.NEXTVAL, 24, 8000047, 1, 80003, 3,
                   1334290, NULL, NULL, NULL, NULL, NULL, -8.12493568798863,
                   NULL, NULL, NULL, NULL, NULL, f_sysdate, f_user,
                   NULL, NULL, NULL, NULL, NULL, NULL, NULL,
                   NULL
                  );
   EXCEPTION
      WHEN DUP_VAL_ON_INDEX
      THEN
         NULL;
   END;

   BEGIN
      INSERT INTO sgt_subtabs_det
                  (sdetalle, cempres, csubtabla, cversubt, ccla1, ccla2,
                   ccla3, ccla4, ccla5, ccla6, ccla7, ccla8, nval1,
                   nval2, nval3, nval4, nval5, nval6, falta, cusualt,
                   fmodifi, cusumod, ccla9, ccla10, nval7, nval8, nval9,
                   nval10
                  )
           VALUES (sdetalle_conf.NEXTVAL, 24, 8000047, 1, 80001, 1,
                   1334290, NULL, NULL, NULL, NULL, NULL, -9.53236991555826,
                   NULL, NULL, NULL, NULL, NULL, f_sysdate, f_user,
                   NULL, NULL, NULL, NULL, NULL, NULL, NULL,
                   NULL
                  );
   EXCEPTION
      WHEN DUP_VAL_ON_INDEX
      THEN
         NULL;
   END;

   BEGIN
      INSERT INTO sgt_subtabs_det
                  (sdetalle, cempres, csubtabla, cversubt, ccla1, ccla2,
                   ccla3, ccla4, ccla5, ccla6, ccla7, ccla8, nval1,
                   nval2, nval3, nval4, nval5, nval6, falta, cusualt,
                   fmodifi, cusumod, ccla9, ccla10, nval7, nval8, nval9,
                   nval10
                  )
           VALUES (sdetalle_conf.NEXTVAL, 24, 8000047, 1, 80002, 1,
                   1334290, NULL, NULL, NULL, NULL, NULL, -9.53236991555826,
                   NULL, NULL, NULL, NULL, NULL, f_sysdate, f_user,
                   NULL, NULL, NULL, NULL, NULL, NULL, NULL,
                   NULL
                  );
   EXCEPTION
      WHEN DUP_VAL_ON_INDEX
      THEN
         NULL;
   END;

   BEGIN
      INSERT INTO sgt_subtabs_det
                  (sdetalle, cempres, csubtabla, cversubt, ccla1, ccla2,
                   ccla3, ccla4, ccla5, ccla6, ccla7, ccla8, nval1,
                   nval2, nval3, nval4, nval5, nval6, falta, cusualt,
                   fmodifi, cusumod, ccla9, ccla10, nval7, nval8, nval9,
                   nval10
                  )
           VALUES (sdetalle_conf.NEXTVAL, 24, 8000047, 1, 80003, 1,
                   1334290, NULL, NULL, NULL, NULL, NULL, -9.53236991555826,
                   NULL, NULL, NULL, NULL, NULL, f_sysdate, f_user,
                   NULL, NULL, NULL, NULL, NULL, NULL, NULL,
                   NULL
                  );
   EXCEPTION
      WHEN DUP_VAL_ON_INDEX
      THEN
         NULL;
   END;

   BEGIN
      INSERT INTO sgt_subtabs_det
                  (sdetalle, cempres, csubtabla, cversubt, ccla1, ccla2,
                   ccla3, ccla4, ccla5, ccla6, ccla7, ccla8, nval1,
                   nval2, nval3, nval4, nval5, nval6, falta, cusualt,
                   fmodifi, cusumod, ccla9, ccla10, nval7, nval8, nval9,
                   nval10
                  )
           VALUES (sdetalle_conf.NEXTVAL, 24, 8000047, 1, 80001, 2,
                   1334290, NULL, NULL, NULL, NULL, NULL, -5.05925081161868,
                   NULL, NULL, NULL, NULL, NULL, f_sysdate, f_user,
                   NULL, NULL, NULL, NULL, NULL, NULL, NULL,
                   NULL
                  );
   EXCEPTION
      WHEN DUP_VAL_ON_INDEX
      THEN
         NULL;
   END;

   BEGIN
      INSERT INTO sgt_subtabs_det
                  (sdetalle, cempres, csubtabla, cversubt, ccla1, ccla2,
                   ccla3, ccla4, ccla5, ccla6, ccla7, ccla8, nval1,
                   nval2, nval3, nval4, nval5, nval6, falta, cusualt,
                   fmodifi, cusumod, ccla9, ccla10, nval7, nval8, nval9,
                   nval10
                  )
           VALUES (sdetalle_conf.NEXTVAL, 24, 8000047, 1, 80002, 2,
                   1334290, NULL, NULL, NULL, NULL, NULL, -5.05925081161868,
                   NULL, NULL, NULL, NULL, NULL, f_sysdate, f_user,
                   NULL, NULL, NULL, NULL, NULL, NULL, NULL,
                   NULL
                  );
   EXCEPTION
      WHEN DUP_VAL_ON_INDEX
      THEN
         NULL;
   END;

   BEGIN
      INSERT INTO sgt_subtabs_det
                  (sdetalle, cempres, csubtabla, cversubt, ccla1, ccla2,
                   ccla3, ccla4, ccla5, ccla6, ccla7, ccla8, nval1,
                   nval2, nval3, nval4, nval5, nval6, falta, cusualt,
                   fmodifi, cusumod, ccla9, ccla10, nval7, nval8, nval9,
                   nval10
                  )
           VALUES (sdetalle_conf.NEXTVAL, 24, 8000047, 1, 80003, 2,
                   1334290, NULL, NULL, NULL, NULL, NULL, -5.05925081161868,
                   NULL, NULL, NULL, NULL, NULL, f_sysdate, f_user,
                   NULL, NULL, NULL, NULL, NULL, NULL, NULL,
                   NULL
                  );
   EXCEPTION
      WHEN DUP_VAL_ON_INDEX
      THEN
         NULL;
   END;

   BEGIN
      INSERT INTO sgt_subtabs_det
                  (sdetalle, cempres, csubtabla, cversubt, ccla1, ccla2,
                   ccla3, ccla4, ccla5, ccla6, ccla7, ccla8, nval1,
                   nval2, nval3, nval4, nval5, nval6, falta, cusualt,
                   fmodifi, cusumod, ccla9, ccla10, nval7, nval8, nval9,
                   nval10
                  )
           VALUES (sdetalle_conf.NEXTVAL, 24, 8000047, 1, 80001, 0,
                   1334290, NULL, NULL, NULL, NULL, NULL, -5.05925081161868,
                   NULL, NULL, NULL, NULL, NULL, f_sysdate, f_user,
                   NULL, NULL, NULL, NULL, NULL, NULL, NULL,
                   NULL
                  );
   EXCEPTION
      WHEN DUP_VAL_ON_INDEX
      THEN
         NULL;
   END;

   BEGIN
      INSERT INTO sgt_subtabs_det
                  (sdetalle, cempres, csubtabla, cversubt, ccla1, ccla2,
                   ccla3, ccla4, ccla5, ccla6, ccla7, ccla8, nval1,
                   nval2, nval3, nval4, nval5, nval6, falta, cusualt,
                   fmodifi, cusumod, ccla9, ccla10, nval7, nval8, nval9,
                   nval10
                  )
           VALUES (sdetalle_conf.NEXTVAL, 24, 8000047, 1, 80002, 0,
                   1334290, NULL, NULL, NULL, NULL, NULL, -5.05925081161868,
                   NULL, NULL, NULL, NULL, NULL, f_sysdate, f_user,
                   NULL, NULL, NULL, NULL, NULL, NULL, NULL,
                   NULL
                  );
   EXCEPTION
      WHEN DUP_VAL_ON_INDEX
      THEN
         NULL;
   END;

   BEGIN
      INSERT INTO sgt_subtabs_det
                  (sdetalle, cempres, csubtabla, cversubt, ccla1, ccla2,
                   ccla3, ccla4, ccla5, ccla6, ccla7, ccla8, nval1,
                   nval2, nval3, nval4, nval5, nval6, falta, cusualt,
                   fmodifi, cusumod, ccla9, ccla10, nval7, nval8, nval9,
                   nval10
                  )
           VALUES (sdetalle_conf.NEXTVAL, 24, 8000047, 1, 80003, 0,
                   1334290, NULL, NULL, NULL, NULL, NULL, -5.05925081161868,
                   NULL, NULL, NULL, NULL, NULL, f_sysdate, f_user,
                   NULL, NULL, NULL, NULL, NULL, NULL, NULL,
                   NULL
                  );
   EXCEPTION
      WHEN DUP_VAL_ON_INDEX
      THEN
         NULL;
   END;

   BEGIN
      INSERT INTO sgt_subtabs_det
                  (sdetalle, cempres, csubtabla, cversubt, ccla1, ccla2,
                   ccla3, ccla4, ccla5, ccla6, ccla7, ccla8, nval1,
                   nval2, nval3, nval4, nval5, nval6, falta, cusualt,
                   fmodifi, cusumod, ccla9, ccla10, nval7, nval8, nval9,
                   nval10
                  )
           VALUES (sdetalle_conf.NEXTVAL, 24, 8000047, 1, 80001, 3,
                   1334290, NULL, NULL, NULL, NULL, NULL, -8.12493568798863,
                   NULL, NULL, NULL, NULL, NULL, f_sysdate, f_user,
                   NULL, NULL, NULL, NULL, NULL, NULL, NULL,
                   NULL
                  );
   EXCEPTION
      WHEN DUP_VAL_ON_INDEX
      THEN
         NULL;
   END;

   BEGIN
      INSERT INTO sgt_subtabs_det
                  (sdetalle, cempres, csubtabla, cversubt, ccla1, ccla2,
                   ccla3, ccla4, ccla5, ccla6, ccla7, ccla8, nval1,
                   nval2, nval3, nval4, nval5, nval6, falta, cusualt,
                   fmodifi, cusumod, ccla9, ccla10, nval7, nval8, nval9,
                   nval10
                  )
           VALUES (sdetalle_conf.NEXTVAL, 24, 8000047, 1, 80002, 3,
                   1334290, NULL, NULL, NULL, NULL, NULL, -8.12493568798863,
                   NULL, NULL, NULL, NULL, NULL, f_sysdate, f_user,
                   NULL, NULL, NULL, NULL, NULL, NULL, NULL,
                   NULL
                  );
   EXCEPTION
      WHEN DUP_VAL_ON_INDEX
      THEN
         NULL;
   END;

   BEGIN
      INSERT INTO sgt_subtabs_det
                  (sdetalle, cempres, csubtabla, cversubt, ccla1, ccla2,
                   ccla3, ccla4, ccla5, ccla6, ccla7, ccla8, nval1,
                   nval2, nval3, nval4, nval5, nval6, falta, cusualt,
                   fmodifi, cusumod, ccla9, ccla10, nval7, nval8, nval9,
                   nval10
                  )
           VALUES (sdetalle_conf.NEXTVAL, 24, 8000047, 1, 80003, 3,
                   1334290, NULL, NULL, NULL, NULL, NULL, -8.12493568798863,
                   NULL, NULL, NULL, NULL, NULL, f_sysdate, f_user,
                   NULL, NULL, NULL, NULL, NULL, NULL, NULL,
                   NULL
                  );
   EXCEPTION
      WHEN DUP_VAL_ON_INDEX
      THEN
         NULL;
   END;

   BEGIN
      INSERT INTO sgt_subtabs_det
                  (sdetalle, cempres, csubtabla, cversubt, ccla1, ccla2,
                   ccla3, ccla4, ccla5, ccla6, ccla7, ccla8, nval1,
                   nval2, nval3, nval4, nval5, nval6, falta, cusualt,
                   fmodifi, cusumod, ccla9, ccla10, nval7, nval8, nval9,
                   nval10
                  )
           VALUES (sdetalle_conf.NEXTVAL, 24, 8000047, 1, 80001, 1,
                   1334290, NULL, NULL, NULL, NULL, NULL, -9.53236991555826,
                   NULL, NULL, NULL, NULL, NULL, f_sysdate, f_user,
                   NULL, NULL, NULL, NULL, NULL, NULL, NULL,
                   NULL
                  );
   EXCEPTION
      WHEN DUP_VAL_ON_INDEX
      THEN
         NULL;
   END;

   BEGIN
      INSERT INTO sgt_subtabs_det
                  (sdetalle, cempres, csubtabla, cversubt, ccla1, ccla2,
                   ccla3, ccla4, ccla5, ccla6, ccla7, ccla8, nval1,
                   nval2, nval3, nval4, nval5, nval6, falta, cusualt,
                   fmodifi, cusumod, ccla9, ccla10, nval7, nval8, nval9,
                   nval10
                  )
           VALUES (sdetalle_conf.NEXTVAL, 24, 8000047, 1, 80002, 1,
                   1334290, NULL, NULL, NULL, NULL, NULL, -9.53236991555826,
                   NULL, NULL, NULL, NULL, NULL, f_sysdate, f_user,
                   NULL, NULL, NULL, NULL, NULL, NULL, NULL,
                   NULL
                  );
   EXCEPTION
      WHEN DUP_VAL_ON_INDEX
      THEN
         NULL;
   END;

   BEGIN
      INSERT INTO sgt_subtabs_det
                  (sdetalle, cempres, csubtabla, cversubt, ccla1, ccla2,
                   ccla3, ccla4, ccla5, ccla6, ccla7, ccla8, nval1,
                   nval2, nval3, nval4, nval5, nval6, falta, cusualt,
                   fmodifi, cusumod, ccla9, ccla10, nval7, nval8, nval9,
                   nval10
                  )
           VALUES (sdetalle_conf.NEXTVAL, 24, 8000047, 1, 80003, 1,
                   1334290, NULL, NULL, NULL, NULL, NULL, -9.53236991555826,
                   NULL, NULL, NULL, NULL, NULL, f_sysdate, f_user,
                   NULL, NULL, NULL, NULL, NULL, NULL, NULL,
                   NULL
                  );
   EXCEPTION
      WHEN DUP_VAL_ON_INDEX
      THEN
         NULL;
   END;

   BEGIN
      INSERT INTO sgt_subtabs_det
                  (sdetalle, cempres, csubtabla, cversubt, ccla1, ccla2,
                   ccla3, ccla4, ccla5, ccla6, ccla7, ccla8, nval1,
                   nval2, nval3, nval4, nval5, nval6, falta, cusualt,
                   fmodifi, cusumod, ccla9, ccla10, nval7, nval8, nval9,
                   nval10
                  )
           VALUES (sdetalle_conf.NEXTVAL, 24, 8000047, 1, 80001, 2,
                   1334290, NULL, NULL, NULL, NULL, NULL, -5.05925081161868,
                   NULL, NULL, NULL, NULL, NULL, f_sysdate, f_user,
                   NULL, NULL, NULL, NULL, NULL, NULL, NULL,
                   NULL
                  );
   EXCEPTION
      WHEN DUP_VAL_ON_INDEX
      THEN
         NULL;
   END;

   BEGIN
      INSERT INTO sgt_subtabs_det
                  (sdetalle, cempres, csubtabla, cversubt, ccla1, ccla2,
                   ccla3, ccla4, ccla5, ccla6, ccla7, ccla8, nval1,
                   nval2, nval3, nval4, nval5, nval6, falta, cusualt,
                   fmodifi, cusumod, ccla9, ccla10, nval7, nval8, nval9,
                   nval10
                  )
           VALUES (sdetalle_conf.NEXTVAL, 24, 8000047, 1, 80002, 2,
                   1334290, NULL, NULL, NULL, NULL, NULL, -5.05925081161868,
                   NULL, NULL, NULL, NULL, NULL, f_sysdate, f_user,
                   NULL, NULL, NULL, NULL, NULL, NULL, NULL,
                   NULL
                  );
   EXCEPTION
      WHEN DUP_VAL_ON_INDEX
      THEN
         NULL;
   END;

   BEGIN
      INSERT INTO sgt_subtabs_det
                  (sdetalle, cempres, csubtabla, cversubt, ccla1, ccla2,
                   ccla3, ccla4, ccla5, ccla6, ccla7, ccla8, nval1,
                   nval2, nval3, nval4, nval5, nval6, falta, cusualt,
                   fmodifi, cusumod, ccla9, ccla10, nval7, nval8, nval9,
                   nval10
                  )
           VALUES (sdetalle_conf.NEXTVAL, 24, 8000047, 1, 80003, 2,
                   1334290, NULL, NULL, NULL, NULL, NULL, -5.05925081161868,
                   NULL, NULL, NULL, NULL, NULL, f_sysdate, f_user,
                   NULL, NULL, NULL, NULL, NULL, NULL, NULL,
                   NULL
                  );
   EXCEPTION
      WHEN DUP_VAL_ON_INDEX
      THEN
         NULL;
   END;

   BEGIN
      INSERT INTO sgt_subtabs_det
                  (sdetalle, cempres, csubtabla, cversubt, ccla1, ccla2,
                   ccla3, ccla4, ccla5, ccla6, ccla7, ccla8, nval1,
                   nval2, nval3, nval4, nval5, nval6, falta, cusualt,
                   fmodifi, cusumod, ccla9, ccla10, nval7, nval8, nval9,
                   nval10
                  )
           VALUES (sdetalle_conf.NEXTVAL, 24, 8000047, 1, 80001, 1,
                   1334290, NULL, NULL, NULL, NULL, NULL, -9.53236991555826,
                   NULL, NULL, NULL, NULL, NULL, f_sysdate, f_user,
                   NULL, NULL, NULL, NULL, NULL, NULL, NULL,
                   NULL
                  );
   EXCEPTION
      WHEN DUP_VAL_ON_INDEX
      THEN
         NULL;
   END;

   BEGIN
      INSERT INTO sgt_subtabs_det
                  (sdetalle, cempres, csubtabla, cversubt, ccla1, ccla2,
                   ccla3, ccla4, ccla5, ccla6, ccla7, ccla8, nval1,
                   nval2, nval3, nval4, nval5, nval6, falta, cusualt,
                   fmodifi, cusumod, ccla9, ccla10, nval7, nval8, nval9,
                   nval10
                  )
           VALUES (sdetalle_conf.NEXTVAL, 24, 8000047, 1, 80002, 1,
                   1334290, NULL, NULL, NULL, NULL, NULL, -9.53236991555826,
                   NULL, NULL, NULL, NULL, NULL, f_sysdate, f_user,
                   NULL, NULL, NULL, NULL, NULL, NULL, NULL,
                   NULL
                  );
   EXCEPTION
      WHEN DUP_VAL_ON_INDEX
      THEN
         NULL;
   END;

   BEGIN
      INSERT INTO sgt_subtabs_det
                  (sdetalle, cempres, csubtabla, cversubt, ccla1, ccla2,
                   ccla3, ccla4, ccla5, ccla6, ccla7, ccla8, nval1,
                   nval2, nval3, nval4, nval5, nval6, falta, cusualt,
                   fmodifi, cusumod, ccla9, ccla10, nval7, nval8, nval9,
                   nval10
                  )
           VALUES (sdetalle_conf.NEXTVAL, 24, 8000047, 1, 80003, 1,
                   1334290, NULL, NULL, NULL, NULL, NULL, -9.53236991555826,
                   NULL, NULL, NULL, NULL, NULL, f_sysdate, f_user,
                   NULL, NULL, NULL, NULL, NULL, NULL, NULL,
                   NULL
                  );
   EXCEPTION
      WHEN DUP_VAL_ON_INDEX
      THEN
         NULL;
   END;

   BEGIN
      INSERT INTO sgt_subtabs_det
                  (sdetalle, cempres, csubtabla, cversubt, ccla1, ccla2,
                   ccla3, ccla4, ccla5, ccla6, ccla7, ccla8, nval1,
                   nval2, nval3, nval4, nval5, nval6, falta, cusualt,
                   fmodifi, cusumod, ccla9, ccla10, nval7, nval8, nval9,
                   nval10
                  )
           VALUES (sdetalle_conf.NEXTVAL, 24, 8000047, 1, 80001, 0,
                   1714720, NULL, NULL, NULL, NULL, NULL, 29.6801666578601,
                   NULL, NULL, NULL, NULL, NULL, f_sysdate, f_user,
                   NULL, NULL, NULL, NULL, NULL, NULL, NULL,
                   NULL
                  );
   EXCEPTION
      WHEN DUP_VAL_ON_INDEX
      THEN
         NULL;
   END;

   BEGIN
      INSERT INTO sgt_subtabs_det
                  (sdetalle, cempres, csubtabla, cversubt, ccla1, ccla2,
                   ccla3, ccla4, ccla5, ccla6, ccla7, ccla8, nval1,
                   nval2, nval3, nval4, nval5, nval6, falta, cusualt,
                   fmodifi, cusumod, ccla9, ccla10, nval7, nval8, nval9,
                   nval10
                  )
           VALUES (sdetalle_conf.NEXTVAL, 24, 8000047, 1, 80002, 0,
                   1714720, NULL, NULL, NULL, NULL, NULL, 29.6801666578601,
                   NULL, NULL, NULL, NULL, NULL, f_sysdate, f_user,
                   NULL, NULL, NULL, NULL, NULL, NULL, NULL,
                   NULL
                  );
   EXCEPTION
      WHEN DUP_VAL_ON_INDEX
      THEN
         NULL;
   END;

   BEGIN
      INSERT INTO sgt_subtabs_det
                  (sdetalle, cempres, csubtabla, cversubt, ccla1, ccla2,
                   ccla3, ccla4, ccla5, ccla6, ccla7, ccla8, nval1,
                   nval2, nval3, nval4, nval5, nval6, falta, cusualt,
                   fmodifi, cusumod, ccla9, ccla10, nval7, nval8, nval9,
                   nval10
                  )
           VALUES (sdetalle_conf.NEXTVAL, 24, 8000047, 1, 80003, 0,
                   1714720, NULL, NULL, NULL, NULL, NULL, 29.6801666578601,
                   NULL, NULL, NULL, NULL, NULL, f_sysdate, f_user,
                   NULL, NULL, NULL, NULL, NULL, NULL, NULL,
                   NULL
                  );
   EXCEPTION
      WHEN DUP_VAL_ON_INDEX
      THEN
         NULL;
   END;

   BEGIN
      INSERT INTO sgt_subtabs_det
                  (sdetalle, cempres, csubtabla, cversubt, ccla1, ccla2,
                   ccla3, ccla4, ccla5, ccla6, ccla7, ccla8, nval1,
                   nval2, nval3, nval4, nval5, nval6, falta, cusualt,
                   fmodifi, cusumod, ccla9, ccla10, nval7, nval8, nval9,
                   nval10
                  )
           VALUES (sdetalle_conf.NEXTVAL, 24, 8000047, 1, 80001, 3,
                   1714720, NULL, NULL, NULL, NULL, NULL, 85.6061905293159,
                   NULL, NULL, NULL, NULL, NULL, f_sysdate, f_user,
                   NULL, NULL, NULL, NULL, NULL, NULL, NULL,
                   NULL
                  );
   EXCEPTION
      WHEN DUP_VAL_ON_INDEX
      THEN
         NULL;
   END;

   BEGIN
      INSERT INTO sgt_subtabs_det
                  (sdetalle, cempres, csubtabla, cversubt, ccla1, ccla2,
                   ccla3, ccla4, ccla5, ccla6, ccla7, ccla8, nval1,
                   nval2, nval3, nval4, nval5, nval6, falta, cusualt,
                   fmodifi, cusumod, ccla9, ccla10, nval7, nval8, nval9,
                   nval10
                  )
           VALUES (sdetalle_conf.NEXTVAL, 24, 8000047, 1, 80002, 3,
                   1714720, NULL, NULL, NULL, NULL, NULL, 85.6061905293159,
                   NULL, NULL, NULL, NULL, NULL, f_sysdate, f_user,
                   NULL, NULL, NULL, NULL, NULL, NULL, NULL,
                   NULL
                  );
   EXCEPTION
      WHEN DUP_VAL_ON_INDEX
      THEN
         NULL;
   END;

   BEGIN
      INSERT INTO sgt_subtabs_det
                  (sdetalle, cempres, csubtabla, cversubt, ccla1, ccla2,
                   ccla3, ccla4, ccla5, ccla6, ccla7, ccla8, nval1,
                   nval2, nval3, nval4, nval5, nval6, falta, cusualt,
                   fmodifi, cusumod, ccla9, ccla10, nval7, nval8, nval9,
                   nval10
                  )
           VALUES (sdetalle_conf.NEXTVAL, 24, 8000047, 1, 80003, 3,
                   1714720, NULL, NULL, NULL, NULL, NULL, 85.6061905293159,
                   NULL, NULL, NULL, NULL, NULL, f_sysdate, f_user,
                   NULL, NULL, NULL, NULL, NULL, NULL, NULL,
                   NULL
                  );
   EXCEPTION
      WHEN DUP_VAL_ON_INDEX
      THEN
         NULL;
   END;

   BEGIN
      INSERT INTO sgt_subtabs_det
                  (sdetalle, cempres, csubtabla, cversubt, ccla1, ccla2,
                   ccla3, ccla4, ccla5, ccla6, ccla7, ccla8, nval1,
                   nval2, nval3, nval4, nval5, nval6, falta, cusualt,
                   fmodifi, cusumod, ccla9, ccla10, nval7, nval8, nval9,
                   nval10
                  )
           VALUES (sdetalle_conf.NEXTVAL, 24, 8000047, 1, 80001, 1,
                   1714720, NULL, NULL, NULL, NULL, NULL, 111.318021473575,
                   NULL, NULL, NULL, NULL, NULL, f_sysdate, f_user,
                   NULL, NULL, NULL, NULL, NULL, NULL, NULL,
                   NULL
                  );
   EXCEPTION
      WHEN DUP_VAL_ON_INDEX
      THEN
         NULL;
   END;

   BEGIN
      INSERT INTO sgt_subtabs_det
                  (sdetalle, cempres, csubtabla, cversubt, ccla1, ccla2,
                   ccla3, ccla4, ccla5, ccla6, ccla7, ccla8, nval1,
                   nval2, nval3, nval4, nval5, nval6, falta, cusualt,
                   fmodifi, cusumod, ccla9, ccla10, nval7, nval8, nval9,
                   nval10
                  )
           VALUES (sdetalle_conf.NEXTVAL, 24, 8000047, 1, 80002, 1,
                   1714720, NULL, NULL, NULL, NULL, NULL, 111.318021473575,
                   NULL, NULL, NULL, NULL, NULL, f_sysdate, f_user,
                   NULL, NULL, NULL, NULL, NULL, NULL, NULL,
                   NULL
                  );
   EXCEPTION
      WHEN DUP_VAL_ON_INDEX
      THEN
         NULL;
   END;

   BEGIN
      INSERT INTO sgt_subtabs_det
                  (sdetalle, cempres, csubtabla, cversubt, ccla1, ccla2,
                   ccla3, ccla4, ccla5, ccla6, ccla7, ccla8, nval1,
                   nval2, nval3, nval4, nval5, nval6, falta, cusualt,
                   fmodifi, cusumod, ccla9, ccla10, nval7, nval8, nval9,
                   nval10
                  )
           VALUES (sdetalle_conf.NEXTVAL, 24, 8000047, 1, 80003, 1,
                   1714720, NULL, NULL, NULL, NULL, NULL, 111.318021473575,
                   NULL, NULL, NULL, NULL, NULL, f_sysdate, f_user,
                   NULL, NULL, NULL, NULL, NULL, NULL, NULL,
                   NULL
                  );
   EXCEPTION
      WHEN DUP_VAL_ON_INDEX
      THEN
         NULL;
   END;

   BEGIN
      INSERT INTO sgt_subtabs_det
                  (sdetalle, cempres, csubtabla, cversubt, ccla1, ccla2,
                   ccla3, ccla4, ccla5, ccla6, ccla7, ccla8, nval1,
                   nval2, nval3, nval4, nval5, nval6, falta, cusualt,
                   fmodifi, cusumod, ccla9, ccla10, nval7, nval8, nval9,
                   nval10
                  )
           VALUES (sdetalle_conf.NEXTVAL, 24, 8000047, 1, 80001, 1,
                   1714720, NULL, NULL, NULL, NULL, NULL, 111.318021473575,
                   NULL, NULL, NULL, NULL, NULL, f_sysdate, f_user,
                   NULL, NULL, NULL, NULL, NULL, NULL, NULL,
                   NULL
                  );
   EXCEPTION
      WHEN DUP_VAL_ON_INDEX
      THEN
         NULL;
   END;

   BEGIN
      INSERT INTO sgt_subtabs_det
                  (sdetalle, cempres, csubtabla, cversubt, ccla1, ccla2,
                   ccla3, ccla4, ccla5, ccla6, ccla7, ccla8, nval1,
                   nval2, nval3, nval4, nval5, nval6, falta, cusualt,
                   fmodifi, cusumod, ccla9, ccla10, nval7, nval8, nval9,
                   nval10
                  )
           VALUES (sdetalle_conf.NEXTVAL, 24, 8000047, 1, 80002, 1,
                   1714720, NULL, NULL, NULL, NULL, NULL, 111.318021473575,
                   NULL, NULL, NULL, NULL, NULL, f_sysdate, f_user,
                   NULL, NULL, NULL, NULL, NULL, NULL, NULL,
                   NULL
                  );
   EXCEPTION
      WHEN DUP_VAL_ON_INDEX
      THEN
         NULL;
   END;

   BEGIN
      INSERT INTO sgt_subtabs_det
                  (sdetalle, cempres, csubtabla, cversubt, ccla1, ccla2,
                   ccla3, ccla4, ccla5, ccla6, ccla7, ccla8, nval1,
                   nval2, nval3, nval4, nval5, nval6, falta, cusualt,
                   fmodifi, cusumod, ccla9, ccla10, nval7, nval8, nval9,
                   nval10
                  )
           VALUES (sdetalle_conf.NEXTVAL, 24, 8000047, 1, 80003, 1,
                   1714720, NULL, NULL, NULL, NULL, NULL, 111.318021473575,
                   NULL, NULL, NULL, NULL, NULL, f_sysdate, f_user,
                   NULL, NULL, NULL, NULL, NULL, NULL, NULL,
                   NULL
                  );
   EXCEPTION
      WHEN DUP_VAL_ON_INDEX
      THEN
         NULL;
   END;

   BEGIN
      INSERT INTO sgt_subtabs_det
                  (sdetalle, cempres, csubtabla, cversubt, ccla1, ccla2,
                   ccla3, ccla4, ccla5, ccla6, ccla7, ccla8, nval1,
                   nval2, nval3, nval4, nval5, nval6, falta, cusualt,
                   fmodifi, cusumod, ccla9, ccla10, nval7, nval8, nval9,
                   nval10
                  )
           VALUES (sdetalle_conf.NEXTVAL, 24, 8000047, 1, 80001, 2,
                   1714720, NULL, NULL, NULL, NULL, NULL, 29.6801666578601,
                   NULL, NULL, NULL, NULL, NULL, f_sysdate, f_user,
                   NULL, NULL, NULL, NULL, NULL, NULL, NULL,
                   NULL
                  );
   EXCEPTION
      WHEN DUP_VAL_ON_INDEX
      THEN
         NULL;
   END;

   BEGIN
      INSERT INTO sgt_subtabs_det
                  (sdetalle, cempres, csubtabla, cversubt, ccla1, ccla2,
                   ccla3, ccla4, ccla5, ccla6, ccla7, ccla8, nval1,
                   nval2, nval3, nval4, nval5, nval6, falta, cusualt,
                   fmodifi, cusumod, ccla9, ccla10, nval7, nval8, nval9,
                   nval10
                  )
           VALUES (sdetalle_conf.NEXTVAL, 24, 8000047, 1, 80002, 2,
                   1714720, NULL, NULL, NULL, NULL, NULL, 29.6801666578601,
                   NULL, NULL, NULL, NULL, NULL, f_sysdate, f_user,
                   NULL, NULL, NULL, NULL, NULL, NULL, NULL,
                   NULL
                  );
   EXCEPTION
      WHEN DUP_VAL_ON_INDEX
      THEN
         NULL;
   END;

   BEGIN
      INSERT INTO sgt_subtabs_det
                  (sdetalle, cempres, csubtabla, cversubt, ccla1, ccla2,
                   ccla3, ccla4, ccla5, ccla6, ccla7, ccla8, nval1,
                   nval2, nval3, nval4, nval5, nval6, falta, cusualt,
                   fmodifi, cusumod, ccla9, ccla10, nval7, nval8, nval9,
                   nval10
                  )
           VALUES (sdetalle_conf.NEXTVAL, 24, 8000047, 1, 80003, 2,
                   1714720, NULL, NULL, NULL, NULL, NULL, 29.6801666578601,
                   NULL, NULL, NULL, NULL, NULL, f_sysdate, f_user,
                   NULL, NULL, NULL, NULL, NULL, NULL, NULL,
                   NULL
                  );
   EXCEPTION
      WHEN DUP_VAL_ON_INDEX
      THEN
         NULL;
   END;

   BEGIN
      INSERT INTO sgt_subtabs_det
                  (sdetalle, cempres, csubtabla, cversubt, ccla1, ccla2,
                   ccla3, ccla4, ccla5, ccla6, ccla7, ccla8, nval1,
                   nval2, nval3, nval4, nval5, nval6, falta, cusualt,
                   fmodifi, cusumod, ccla9, ccla10, nval7, nval8, nval9,
                   nval10
                  )
           VALUES (sdetalle_conf.NEXTVAL, 24, 8000047, 1, 80001, 0,
                   1714720, NULL, NULL, NULL, NULL, NULL, 29.6801666578601,
                   NULL, NULL, NULL, NULL, NULL, f_sysdate, f_user,
                   NULL, NULL, NULL, NULL, NULL, NULL, NULL,
                   NULL
                  );
   EXCEPTION
      WHEN DUP_VAL_ON_INDEX
      THEN
         NULL;
   END;

   BEGIN
      INSERT INTO sgt_subtabs_det
                  (sdetalle, cempres, csubtabla, cversubt, ccla1, ccla2,
                   ccla3, ccla4, ccla5, ccla6, ccla7, ccla8, nval1,
                   nval2, nval3, nval4, nval5, nval6, falta, cusualt,
                   fmodifi, cusumod, ccla9, ccla10, nval7, nval8, nval9,
                   nval10
                  )
           VALUES (sdetalle_conf.NEXTVAL, 24, 8000047, 1, 80002, 0,
                   1714720, NULL, NULL, NULL, NULL, NULL, 29.6801666578601,
                   NULL, NULL, NULL, NULL, NULL, f_sysdate, f_user,
                   NULL, NULL, NULL, NULL, NULL, NULL, NULL,
                   NULL
                  );
   EXCEPTION
      WHEN DUP_VAL_ON_INDEX
      THEN
         NULL;
   END;

   BEGIN
      INSERT INTO sgt_subtabs_det
                  (sdetalle, cempres, csubtabla, cversubt, ccla1, ccla2,
                   ccla3, ccla4, ccla5, ccla6, ccla7, ccla8, nval1,
                   nval2, nval3, nval4, nval5, nval6, falta, cusualt,
                   fmodifi, cusumod, ccla9, ccla10, nval7, nval8, nval9,
                   nval10
                  )
           VALUES (sdetalle_conf.NEXTVAL, 24, 8000047, 1, 80003, 0,
                   1714720, NULL, NULL, NULL, NULL, NULL, 29.6801666578601,
                   NULL, NULL, NULL, NULL, NULL, f_sysdate, f_user,
                   NULL, NULL, NULL, NULL, NULL, NULL, NULL,
                   NULL
                  );
   EXCEPTION
      WHEN DUP_VAL_ON_INDEX
      THEN
         NULL;
   END;

   BEGIN
      INSERT INTO sgt_subtabs_det
                  (sdetalle, cempres, csubtabla, cversubt, ccla1, ccla2,
                   ccla3, ccla4, ccla5, ccla6, ccla7, ccla8, nval1,
                   nval2, nval3, nval4, nval5, nval6, falta, cusualt,
                   fmodifi, cusumod, ccla9, ccla10, nval7, nval8, nval9,
                   nval10
                  )
           VALUES (sdetalle_conf.NEXTVAL, 24, 8000047, 1, 80001, 1,
                   1714720, NULL, NULL, NULL, NULL, NULL, 111.318021473575,
                   NULL, NULL, NULL, NULL, NULL, f_sysdate, f_user,
                   NULL, NULL, NULL, NULL, NULL, NULL, NULL,
                   NULL
                  );
   EXCEPTION
      WHEN DUP_VAL_ON_INDEX
      THEN
         NULL;
   END;

   BEGIN
      INSERT INTO sgt_subtabs_det
                  (sdetalle, cempres, csubtabla, cversubt, ccla1, ccla2,
                   ccla3, ccla4, ccla5, ccla6, ccla7, ccla8, nval1,
                   nval2, nval3, nval4, nval5, nval6, falta, cusualt,
                   fmodifi, cusumod, ccla9, ccla10, nval7, nval8, nval9,
                   nval10
                  )
           VALUES (sdetalle_conf.NEXTVAL, 24, 8000047, 1, 80002, 1,
                   1714720, NULL, NULL, NULL, NULL, NULL, 111.318021473575,
                   NULL, NULL, NULL, NULL, NULL, f_sysdate, f_user,
                   NULL, NULL, NULL, NULL, NULL, NULL, NULL,
                   NULL
                  );
   EXCEPTION
      WHEN DUP_VAL_ON_INDEX
      THEN
         NULL;
   END;

   BEGIN
      INSERT INTO sgt_subtabs_det
                  (sdetalle, cempres, csubtabla, cversubt, ccla1, ccla2,
                   ccla3, ccla4, ccla5, ccla6, ccla7, ccla8, nval1,
                   nval2, nval3, nval4, nval5, nval6, falta, cusualt,
                   fmodifi, cusumod, ccla9, ccla10, nval7, nval8, nval9,
                   nval10
                  )
           VALUES (sdetalle_conf.NEXTVAL, 24, 8000047, 1, 80003, 1,
                   1714720, NULL, NULL, NULL, NULL, NULL, 111.318021473575,
                   NULL, NULL, NULL, NULL, NULL, f_sysdate, f_user,
                   NULL, NULL, NULL, NULL, NULL, NULL, NULL,
                   NULL
                  );
   EXCEPTION
      WHEN DUP_VAL_ON_INDEX
      THEN
         NULL;
   END;

   BEGIN
      INSERT INTO sgt_subtabs_det
                  (sdetalle, cempres, csubtabla, cversubt, ccla1, ccla2,
                   ccla3, ccla4, ccla5, ccla6, ccla7, ccla8, nval1,
                   nval2, nval3, nval4, nval5, nval6, falta, cusualt,
                   fmodifi, cusumod, ccla9, ccla10, nval7, nval8, nval9,
                   nval10
                  )
           VALUES (sdetalle_conf.NEXTVAL, 24, 8000047, 1, 80001, 3,
                   1714720, NULL, NULL, NULL, NULL, NULL, 85.6061905293159,
                   NULL, NULL, NULL, NULL, NULL, f_sysdate, f_user,
                   NULL, NULL, NULL, NULL, NULL, NULL, NULL,
                   NULL
                  );
   EXCEPTION
      WHEN DUP_VAL_ON_INDEX
      THEN
         NULL;
   END;

   BEGIN
      INSERT INTO sgt_subtabs_det
                  (sdetalle, cempres, csubtabla, cversubt, ccla1, ccla2,
                   ccla3, ccla4, ccla5, ccla6, ccla7, ccla8, nval1,
                   nval2, nval3, nval4, nval5, nval6, falta, cusualt,
                   fmodifi, cusumod, ccla9, ccla10, nval7, nval8, nval9,
                   nval10
                  )
           VALUES (sdetalle_conf.NEXTVAL, 24, 8000047, 1, 80002, 3,
                   1714720, NULL, NULL, NULL, NULL, NULL, 85.6061905293159,
                   NULL, NULL, NULL, NULL, NULL, f_sysdate, f_user,
                   NULL, NULL, NULL, NULL, NULL, NULL, NULL,
                   NULL
                  );
   EXCEPTION
      WHEN DUP_VAL_ON_INDEX
      THEN
         NULL;
   END;

   BEGIN
      INSERT INTO sgt_subtabs_det
                  (sdetalle, cempres, csubtabla, cversubt, ccla1, ccla2,
                   ccla3, ccla4, ccla5, ccla6, ccla7, ccla8, nval1,
                   nval2, nval3, nval4, nval5, nval6, falta, cusualt,
                   fmodifi, cusumod, ccla9, ccla10, nval7, nval8, nval9,
                   nval10
                  )
           VALUES (sdetalle_conf.NEXTVAL, 24, 8000047, 1, 80003, 3,
                   1714720, NULL, NULL, NULL, NULL, NULL, 85.6061905293159,
                   NULL, NULL, NULL, NULL, NULL, f_sysdate, f_user,
                   NULL, NULL, NULL, NULL, NULL, NULL, NULL,
                   NULL
                  );
   EXCEPTION
      WHEN DUP_VAL_ON_INDEX
      THEN
         NULL;
   END;

   BEGIN
      INSERT INTO sgt_subtabs_det
                  (sdetalle, cempres, csubtabla, cversubt, ccla1, ccla2,
                   ccla3, ccla4, ccla5, ccla6, ccla7, ccla8, nval1,
                   nval2, nval3, nval4, nval5, nval6, falta, cusualt,
                   fmodifi, cusumod, ccla9, ccla10, nval7, nval8, nval9,
                   nval10
                  )
           VALUES (sdetalle_conf.NEXTVAL, 24, 8000047, 1, 80001, 1,
                   1714720, NULL, NULL, NULL, NULL, NULL, 111.318021473575,
                   NULL, NULL, NULL, NULL, NULL, f_sysdate, f_user,
                   NULL, NULL, NULL, NULL, NULL, NULL, NULL,
                   NULL
                  );
   EXCEPTION
      WHEN DUP_VAL_ON_INDEX
      THEN
         NULL;
   END;

   BEGIN
      INSERT INTO sgt_subtabs_det
                  (sdetalle, cempres, csubtabla, cversubt, ccla1, ccla2,
                   ccla3, ccla4, ccla5, ccla6, ccla7, ccla8, nval1,
                   nval2, nval3, nval4, nval5, nval6, falta, cusualt,
                   fmodifi, cusumod, ccla9, ccla10, nval7, nval8, nval9,
                   nval10
                  )
           VALUES (sdetalle_conf.NEXTVAL, 24, 8000047, 1, 80002, 1,
                   1714720, NULL, NULL, NULL, NULL, NULL, 111.318021473575,
                   NULL, NULL, NULL, NULL, NULL, f_sysdate, f_user,
                   NULL, NULL, NULL, NULL, NULL, NULL, NULL,
                   NULL
                  );
   EXCEPTION
      WHEN DUP_VAL_ON_INDEX
      THEN
         NULL;
   END;

   BEGIN
      INSERT INTO sgt_subtabs_det
                  (sdetalle, cempres, csubtabla, cversubt, ccla1, ccla2,
                   ccla3, ccla4, ccla5, ccla6, ccla7, ccla8, nval1,
                   nval2, nval3, nval4, nval5, nval6, falta, cusualt,
                   fmodifi, cusumod, ccla9, ccla10, nval7, nval8, nval9,
                   nval10
                  )
           VALUES (sdetalle_conf.NEXTVAL, 24, 8000047, 1, 80003, 1,
                   1714720, NULL, NULL, NULL, NULL, NULL, 111.318021473575,
                   NULL, NULL, NULL, NULL, NULL, f_sysdate, f_user,
                   NULL, NULL, NULL, NULL, NULL, NULL, NULL,
                   NULL
                  );
   EXCEPTION
      WHEN DUP_VAL_ON_INDEX
      THEN
         NULL;
   END;

   BEGIN
      INSERT INTO sgt_subtabs_det
                  (sdetalle, cempres, csubtabla, cversubt, ccla1, ccla2,
                   ccla3, ccla4, ccla5, ccla6, ccla7, ccla8, nval1,
                   nval2, nval3, nval4, nval5, nval6, falta, cusualt,
                   fmodifi, cusumod, ccla9, ccla10, nval7, nval8, nval9,
                   nval10
                  )
           VALUES (sdetalle_conf.NEXTVAL, 24, 8000047, 1, 80001, 2,
                   1714720, NULL, NULL, NULL, NULL, NULL, 29.6801666578601,
                   NULL, NULL, NULL, NULL, NULL, f_sysdate, f_user,
                   NULL, NULL, NULL, NULL, NULL, NULL, NULL,
                   NULL
                  );
   EXCEPTION
      WHEN DUP_VAL_ON_INDEX
      THEN
         NULL;
   END;

   BEGIN
      INSERT INTO sgt_subtabs_det
                  (sdetalle, cempres, csubtabla, cversubt, ccla1, ccla2,
                   ccla3, ccla4, ccla5, ccla6, ccla7, ccla8, nval1,
                   nval2, nval3, nval4, nval5, nval6, falta, cusualt,
                   fmodifi, cusumod, ccla9, ccla10, nval7, nval8, nval9,
                   nval10
                  )
           VALUES (sdetalle_conf.NEXTVAL, 24, 8000047, 1, 80002, 2,
                   1714720, NULL, NULL, NULL, NULL, NULL, 29.6801666578601,
                   NULL, NULL, NULL, NULL, NULL, f_sysdate, f_user,
                   NULL, NULL, NULL, NULL, NULL, NULL, NULL,
                   NULL
                  );
   EXCEPTION
      WHEN DUP_VAL_ON_INDEX
      THEN
         NULL;
   END;

   BEGIN
      INSERT INTO sgt_subtabs_det
                  (sdetalle, cempres, csubtabla, cversubt, ccla1, ccla2,
                   ccla3, ccla4, ccla5, ccla6, ccla7, ccla8, nval1,
                   nval2, nval3, nval4, nval5, nval6, falta, cusualt,
                   fmodifi, cusumod, ccla9, ccla10, nval7, nval8, nval9,
                   nval10
                  )
           VALUES (sdetalle_conf.NEXTVAL, 24, 8000047, 1, 80003, 2,
                   1714720, NULL, NULL, NULL, NULL, NULL, 29.6801666578601,
                   NULL, NULL, NULL, NULL, NULL, f_sysdate, f_user,
                   NULL, NULL, NULL, NULL, NULL, NULL, NULL,
                   NULL
                  );
   EXCEPTION
      WHEN DUP_VAL_ON_INDEX
      THEN
         NULL;
   END;

   BEGIN
      INSERT INTO sgt_subtabs_det
                  (sdetalle, cempres, csubtabla, cversubt, ccla1, ccla2,
                   ccla3, ccla4, ccla5, ccla6, ccla7, ccla8, nval1,
                   nval2, nval3, nval4, nval5, nval6, falta, cusualt,
                   fmodifi, cusumod, ccla9, ccla10, nval7, nval8, nval9,
                   nval10
                  )
           VALUES (sdetalle_conf.NEXTVAL, 24, 8000047, 1, 80001, 1,
                   1714720, NULL, NULL, NULL, NULL, NULL, 111.318021473575,
                   NULL, NULL, NULL, NULL, NULL, f_sysdate, f_user,
                   NULL, NULL, NULL, NULL, NULL, NULL, NULL,
                   NULL
                  );
   EXCEPTION
      WHEN DUP_VAL_ON_INDEX
      THEN
         NULL;
   END;

   BEGIN
      INSERT INTO sgt_subtabs_det
                  (sdetalle, cempres, csubtabla, cversubt, ccla1, ccla2,
                   ccla3, ccla4, ccla5, ccla6, ccla7, ccla8, nval1,
                   nval2, nval3, nval4, nval5, nval6, falta, cusualt,
                   fmodifi, cusumod, ccla9, ccla10, nval7, nval8, nval9,
                   nval10
                  )
           VALUES (sdetalle_conf.NEXTVAL, 24, 8000047, 1, 80002, 1,
                   1714720, NULL, NULL, NULL, NULL, NULL, 111.318021473575,
                   NULL, NULL, NULL, NULL, NULL, f_sysdate, f_user,
                   NULL, NULL, NULL, NULL, NULL, NULL, NULL,
                   NULL
                  );
   EXCEPTION
      WHEN DUP_VAL_ON_INDEX
      THEN
         NULL;
   END;

   BEGIN
      INSERT INTO sgt_subtabs_det
                  (sdetalle, cempres, csubtabla, cversubt, ccla1, ccla2,
                   ccla3, ccla4, ccla5, ccla6, ccla7, ccla8, nval1,
                   nval2, nval3, nval4, nval5, nval6, falta, cusualt,
                   fmodifi, cusumod, ccla9, ccla10, nval7, nval8, nval9,
                   nval10
                  )
           VALUES (sdetalle_conf.NEXTVAL, 24, 8000047, 1, 80003, 1,
                   1714720, NULL, NULL, NULL, NULL, NULL, 111.318021473575,
                   NULL, NULL, NULL, NULL, NULL, f_sysdate, f_user,
                   NULL, NULL, NULL, NULL, NULL, NULL, NULL,
                   NULL
                  );
   EXCEPTION
      WHEN DUP_VAL_ON_INDEX
      THEN
         NULL;
   END;

   BEGIN
      INSERT INTO sgt_subtabs_det
                  (sdetalle, cempres, csubtabla, cversubt, ccla1, ccla2,
                   ccla3, ccla4, ccla5, ccla6, ccla7, ccla8, nval1,
                   nval2, nval3, nval4, nval5, nval6, falta, cusualt,
                   fmodifi, cusumod, ccla9, ccla10, nval7, nval8, nval9,
                   nval10
                  )
           VALUES (sdetalle_conf.NEXTVAL, 24, 8000047, 1, 80001, 0,
                   1714720, NULL, NULL, NULL, NULL, NULL, 29.6801666578601,
                   NULL, NULL, NULL, NULL, NULL, f_sysdate, f_user,
                   NULL, NULL, NULL, NULL, NULL, NULL, NULL,
                   NULL
                  );
   EXCEPTION
      WHEN DUP_VAL_ON_INDEX
      THEN
         NULL;
   END;

   BEGIN
      INSERT INTO sgt_subtabs_det
                  (sdetalle, cempres, csubtabla, cversubt, ccla1, ccla2,
                   ccla3, ccla4, ccla5, ccla6, ccla7, ccla8, nval1,
                   nval2, nval3, nval4, nval5, nval6, falta, cusualt,
                   fmodifi, cusumod, ccla9, ccla10, nval7, nval8, nval9,
                   nval10
                  )
           VALUES (sdetalle_conf.NEXTVAL, 24, 8000047, 1, 80002, 0,
                   1714720, NULL, NULL, NULL, NULL, NULL, 29.6801666578601,
                   NULL, NULL, NULL, NULL, NULL, f_sysdate, f_user,
                   NULL, NULL, NULL, NULL, NULL, NULL, NULL,
                   NULL
                  );
   EXCEPTION
      WHEN DUP_VAL_ON_INDEX
      THEN
         NULL;
   END;

   BEGIN
      INSERT INTO sgt_subtabs_det
                  (sdetalle, cempres, csubtabla, cversubt, ccla1, ccla2,
                   ccla3, ccla4, ccla5, ccla6, ccla7, ccla8, nval1,
                   nval2, nval3, nval4, nval5, nval6, falta, cusualt,
                   fmodifi, cusumod, ccla9, ccla10, nval7, nval8, nval9,
                   nval10
                  )
           VALUES (sdetalle_conf.NEXTVAL, 24, 8000047, 1, 80003, 0,
                   1714720, NULL, NULL, NULL, NULL, NULL, 29.6801666578601,
                   NULL, NULL, NULL, NULL, NULL, f_sysdate, f_user,
                   NULL, NULL, NULL, NULL, NULL, NULL, NULL,
                   NULL
                  );
   EXCEPTION
      WHEN DUP_VAL_ON_INDEX
      THEN
         NULL;
   END;

   BEGIN
      INSERT INTO sgt_subtabs_det
                  (sdetalle, cempres, csubtabla, cversubt, ccla1, ccla2,
                   ccla3, ccla4, ccla5, ccla6, ccla7, ccla8, nval1,
                   nval2, nval3, nval4, nval5, nval6, falta, cusualt,
                   fmodifi, cusumod, ccla9, ccla10, nval7, nval8, nval9,
                   nval10
                  )
           VALUES (sdetalle_conf.NEXTVAL, 24, 8000047, 1, 80001, 0,
                   1794720, NULL, NULL, NULL, NULL, NULL, 594.904528675414,
                   NULL, NULL, NULL, NULL, NULL, f_sysdate, f_user,
                   NULL, NULL, NULL, NULL, NULL, NULL, NULL,
                   NULL
                  );
   EXCEPTION
      WHEN DUP_VAL_ON_INDEX
      THEN
         NULL;
   END;

   BEGIN
      INSERT INTO sgt_subtabs_det
                  (sdetalle, cempres, csubtabla, cversubt, ccla1, ccla2,
                   ccla3, ccla4, ccla5, ccla6, ccla7, ccla8, nval1,
                   nval2, nval3, nval4, nval5, nval6, falta, cusualt,
                   fmodifi, cusumod, ccla9, ccla10, nval7, nval8, nval9,
                   nval10
                  )
           VALUES (sdetalle_conf.NEXTVAL, 24, 8000047, 1, 80002, 0,
                   1794720, NULL, NULL, NULL, NULL, NULL, 594.904528675414,
                   NULL, NULL, NULL, NULL, NULL, f_sysdate, f_user,
                   NULL, NULL, NULL, NULL, NULL, NULL, NULL,
                   NULL
                  );
   EXCEPTION
      WHEN DUP_VAL_ON_INDEX
      THEN
         NULL;
   END;

   BEGIN
      INSERT INTO sgt_subtabs_det
                  (sdetalle, cempres, csubtabla, cversubt, ccla1, ccla2,
                   ccla3, ccla4, ccla5, ccla6, ccla7, ccla8, nval1,
                   nval2, nval3, nval4, nval5, nval6, falta, cusualt,
                   fmodifi, cusumod, ccla9, ccla10, nval7, nval8, nval9,
                   nval10
                  )
           VALUES (sdetalle_conf.NEXTVAL, 24, 8000047, 1, 80003, 0,
                   1794720, NULL, NULL, NULL, NULL, NULL, 594.904528675414,
                   NULL, NULL, NULL, NULL, NULL, f_sysdate, f_user,
                   NULL, NULL, NULL, NULL, NULL, NULL, NULL,
                   NULL
                  );
   EXCEPTION
      WHEN DUP_VAL_ON_INDEX
      THEN
         NULL;
   END;

   BEGIN
      INSERT INTO sgt_subtabs_det
                  (sdetalle, cempres, csubtabla, cversubt, ccla1, ccla2,
                   ccla3, ccla4, ccla5, ccla6, ccla7, ccla8, nval1,
                   nval2, nval3, nval4, nval5, nval6, falta, cusualt,
                   fmodifi, cusumod, ccla9, ccla10, nval7, nval8, nval9,
                   nval10
                  )
           VALUES (sdetalle_conf.NEXTVAL, 24, 8000047, 1, 80001, 3,
                   1794720, NULL, NULL, NULL, NULL, NULL, 571.811561094262,
                   NULL, NULL, NULL, NULL, NULL, f_sysdate, f_user,
                   NULL, NULL, NULL, NULL, NULL, NULL, NULL,
                   NULL
                  );
   EXCEPTION
      WHEN DUP_VAL_ON_INDEX
      THEN
         NULL;
   END;

   BEGIN
      INSERT INTO sgt_subtabs_det
                  (sdetalle, cempres, csubtabla, cversubt, ccla1, ccla2,
                   ccla3, ccla4, ccla5, ccla6, ccla7, ccla8, nval1,
                   nval2, nval3, nval4, nval5, nval6, falta, cusualt,
                   fmodifi, cusumod, ccla9, ccla10, nval7, nval8, nval9,
                   nval10
                  )
           VALUES (sdetalle_conf.NEXTVAL, 24, 8000047, 1, 80002, 3,
                   1794720, NULL, NULL, NULL, NULL, NULL, 571.811561094262,
                   NULL, NULL, NULL, NULL, NULL, f_sysdate, f_user,
                   NULL, NULL, NULL, NULL, NULL, NULL, NULL,
                   NULL
                  );
   EXCEPTION
      WHEN DUP_VAL_ON_INDEX
      THEN
         NULL;
   END;

   BEGIN
      INSERT INTO sgt_subtabs_det
                  (sdetalle, cempres, csubtabla, cversubt, ccla1, ccla2,
                   ccla3, ccla4, ccla5, ccla6, ccla7, ccla8, nval1,
                   nval2, nval3, nval4, nval5, nval6, falta, cusualt,
                   fmodifi, cusumod, ccla9, ccla10, nval7, nval8, nval9,
                   nval10
                  )
           VALUES (sdetalle_conf.NEXTVAL, 24, 8000047, 1, 80003, 3,
                   1794720, NULL, NULL, NULL, NULL, NULL, 571.811561094262,
                   NULL, NULL, NULL, NULL, NULL, f_sysdate, f_user,
                   NULL, NULL, NULL, NULL, NULL, NULL, NULL,
                   NULL
                  );
   EXCEPTION
      WHEN DUP_VAL_ON_INDEX
      THEN
         NULL;
   END;

   BEGIN
      INSERT INTO sgt_subtabs_det
                  (sdetalle, cempres, csubtabla, cversubt, ccla1, ccla2,
                   ccla3, ccla4, ccla5, ccla6, ccla7, ccla8, nval1,
                   nval2, nval3, nval4, nval5, nval6, falta, cusualt,
                   fmodifi, cusumod, ccla9, ccla10, nval7, nval8, nval9,
                   nval10
                  )
           VALUES (sdetalle_conf.NEXTVAL, 24, 8000047, 1, 80001, 1,
                   1794720, NULL, NULL, NULL, NULL, NULL, 651.208748209546,
                   NULL, NULL, NULL, NULL, NULL, f_sysdate, f_user,
                   NULL, NULL, NULL, NULL, NULL, NULL, NULL,
                   NULL
                  );
   EXCEPTION
      WHEN DUP_VAL_ON_INDEX
      THEN
         NULL;
   END;

   BEGIN
      INSERT INTO sgt_subtabs_det
                  (sdetalle, cempres, csubtabla, cversubt, ccla1, ccla2,
                   ccla3, ccla4, ccla5, ccla6, ccla7, ccla8, nval1,
                   nval2, nval3, nval4, nval5, nval6, falta, cusualt,
                   fmodifi, cusumod, ccla9, ccla10, nval7, nval8, nval9,
                   nval10
                  )
           VALUES (sdetalle_conf.NEXTVAL, 24, 8000047, 1, 80002, 1,
                   1794720, NULL, NULL, NULL, NULL, NULL, 651.208748209546,
                   NULL, NULL, NULL, NULL, NULL, f_sysdate, f_user,
                   NULL, NULL, NULL, NULL, NULL, NULL, NULL,
                   NULL
                  );
   EXCEPTION
      WHEN DUP_VAL_ON_INDEX
      THEN
         NULL;
   END;

   BEGIN
      INSERT INTO sgt_subtabs_det
                  (sdetalle, cempres, csubtabla, cversubt, ccla1, ccla2,
                   ccla3, ccla4, ccla5, ccla6, ccla7, ccla8, nval1,
                   nval2, nval3, nval4, nval5, nval6, falta, cusualt,
                   fmodifi, cusumod, ccla9, ccla10, nval7, nval8, nval9,
                   nval10
                  )
           VALUES (sdetalle_conf.NEXTVAL, 24, 8000047, 1, 80003, 1,
                   1794720, NULL, NULL, NULL, NULL, NULL, 651.208748209546,
                   NULL, NULL, NULL, NULL, NULL, f_sysdate, f_user,
                   NULL, NULL, NULL, NULL, NULL, NULL, NULL,
                   NULL
                  );
   EXCEPTION
      WHEN DUP_VAL_ON_INDEX
      THEN
         NULL;
   END;

   BEGIN
      INSERT INTO sgt_subtabs_det
                  (sdetalle, cempres, csubtabla, cversubt, ccla1, ccla2,
                   ccla3, ccla4, ccla5, ccla6, ccla7, ccla8, nval1,
                   nval2, nval3, nval4, nval5, nval6, falta, cusualt,
                   fmodifi, cusumod, ccla9, ccla10, nval7, nval8, nval9,
                   nval10
                  )
           VALUES (sdetalle_conf.NEXTVAL, 24, 8000047, 1, 80001, 1,
                   1794720, NULL, NULL, NULL, NULL, NULL, 651.208748209546,
                   NULL, NULL, NULL, NULL, NULL, f_sysdate, f_user,
                   NULL, NULL, NULL, NULL, NULL, NULL, NULL,
                   NULL
                  );
   EXCEPTION
      WHEN DUP_VAL_ON_INDEX
      THEN
         NULL;
   END;

   BEGIN
      INSERT INTO sgt_subtabs_det
                  (sdetalle, cempres, csubtabla, cversubt, ccla1, ccla2,
                   ccla3, ccla4, ccla5, ccla6, ccla7, ccla8, nval1,
                   nval2, nval3, nval4, nval5, nval6, falta, cusualt,
                   fmodifi, cusumod, ccla9, ccla10, nval7, nval8, nval9,
                   nval10
                  )
           VALUES (sdetalle_conf.NEXTVAL, 24, 8000047, 1, 80002, 1,
                   1794720, NULL, NULL, NULL, NULL, NULL, 651.208748209546,
                   NULL, NULL, NULL, NULL, NULL, f_sysdate, f_user,
                   NULL, NULL, NULL, NULL, NULL, NULL, NULL,
                   NULL
                  );
   EXCEPTION
      WHEN DUP_VAL_ON_INDEX
      THEN
         NULL;
   END;

   BEGIN
      INSERT INTO sgt_subtabs_det
                  (sdetalle, cempres, csubtabla, cversubt, ccla1, ccla2,
                   ccla3, ccla4, ccla5, ccla6, ccla7, ccla8, nval1,
                   nval2, nval3, nval4, nval5, nval6, falta, cusualt,
                   fmodifi, cusumod, ccla9, ccla10, nval7, nval8, nval9,
                   nval10
                  )
           VALUES (sdetalle_conf.NEXTVAL, 24, 8000047, 1, 80003, 1,
                   1794720, NULL, NULL, NULL, NULL, NULL, 651.208748209546,
                   NULL, NULL, NULL, NULL, NULL, f_sysdate, f_user,
                   NULL, NULL, NULL, NULL, NULL, NULL, NULL,
                   NULL
                  );
   EXCEPTION
      WHEN DUP_VAL_ON_INDEX
      THEN
         NULL;
   END;

   BEGIN
      INSERT INTO sgt_subtabs_det
                  (sdetalle, cempres, csubtabla, cversubt, ccla1, ccla2,
                   ccla3, ccla4, ccla5, ccla6, ccla7, ccla8, nval1,
                   nval2, nval3, nval4, nval5, nval6, falta, cusualt,
                   fmodifi, cusumod, ccla9, ccla10, nval7, nval8, nval9,
                   nval10
                  )
           VALUES (sdetalle_conf.NEXTVAL, 24, 8000047, 1, 80001, 2,
                   1794720, NULL, NULL, NULL, NULL, NULL, 594.904528675414,
                   NULL, NULL, NULL, NULL, NULL, f_sysdate, f_user,
                   NULL, NULL, NULL, NULL, NULL, NULL, NULL,
                   NULL
                  );
   EXCEPTION
      WHEN DUP_VAL_ON_INDEX
      THEN
         NULL;
   END;

   BEGIN
      INSERT INTO sgt_subtabs_det
                  (sdetalle, cempres, csubtabla, cversubt, ccla1, ccla2,
                   ccla3, ccla4, ccla5, ccla6, ccla7, ccla8, nval1,
                   nval2, nval3, nval4, nval5, nval6, falta, cusualt,
                   fmodifi, cusumod, ccla9, ccla10, nval7, nval8, nval9,
                   nval10
                  )
           VALUES (sdetalle_conf.NEXTVAL, 24, 8000047, 1, 80002, 2,
                   1794720, NULL, NULL, NULL, NULL, NULL, 594.904528675414,
                   NULL, NULL, NULL, NULL, NULL, f_sysdate, f_user,
                   NULL, NULL, NULL, NULL, NULL, NULL, NULL,
                   NULL
                  );
   EXCEPTION
      WHEN DUP_VAL_ON_INDEX
      THEN
         NULL;
   END;

   BEGIN
      INSERT INTO sgt_subtabs_det
                  (sdetalle, cempres, csubtabla, cversubt, ccla1, ccla2,
                   ccla3, ccla4, ccla5, ccla6, ccla7, ccla8, nval1,
                   nval2, nval3, nval4, nval5, nval6, falta, cusualt,
                   fmodifi, cusumod, ccla9, ccla10, nval7, nval8, nval9,
                   nval10
                  )
           VALUES (sdetalle_conf.NEXTVAL, 24, 8000047, 1, 80003, 2,
                   1794720, NULL, NULL, NULL, NULL, NULL, 594.904528675414,
                   NULL, NULL, NULL, NULL, NULL, f_sysdate, f_user,
                   NULL, NULL, NULL, NULL, NULL, NULL, NULL,
                   NULL
                  );
   EXCEPTION
      WHEN DUP_VAL_ON_INDEX
      THEN
         NULL;
   END;

   BEGIN
      INSERT INTO sgt_subtabs_det
                  (sdetalle, cempres, csubtabla, cversubt, ccla1, ccla2,
                   ccla3, ccla4, ccla5, ccla6, ccla7, ccla8, nval1,
                   nval2, nval3, nval4, nval5, nval6, falta, cusualt,
                   fmodifi, cusumod, ccla9, ccla10, nval7, nval8, nval9,
                   nval10
                  )
           VALUES (sdetalle_conf.NEXTVAL, 24, 8000047, 1, 80001, 0,
                   1794720, NULL, NULL, NULL, NULL, NULL, 594.904528675414,
                   NULL, NULL, NULL, NULL, NULL, f_sysdate, f_user,
                   NULL, NULL, NULL, NULL, NULL, NULL, NULL,
                   NULL
                  );
   EXCEPTION
      WHEN DUP_VAL_ON_INDEX
      THEN
         NULL;
   END;

   BEGIN
      INSERT INTO sgt_subtabs_det
                  (sdetalle, cempres, csubtabla, cversubt, ccla1, ccla2,
                   ccla3, ccla4, ccla5, ccla6, ccla7, ccla8, nval1,
                   nval2, nval3, nval4, nval5, nval6, falta, cusualt,
                   fmodifi, cusumod, ccla9, ccla10, nval7, nval8, nval9,
                   nval10
                  )
           VALUES (sdetalle_conf.NEXTVAL, 24, 8000047, 1, 80002, 0,
                   1794720, NULL, NULL, NULL, NULL, NULL, 594.904528675414,
                   NULL, NULL, NULL, NULL, NULL, f_sysdate, f_user,
                   NULL, NULL, NULL, NULL, NULL, NULL, NULL,
                   NULL
                  );
   EXCEPTION
      WHEN DUP_VAL_ON_INDEX
      THEN
         NULL;
   END;

   BEGIN
      INSERT INTO sgt_subtabs_det
                  (sdetalle, cempres, csubtabla, cversubt, ccla1, ccla2,
                   ccla3, ccla4, ccla5, ccla6, ccla7, ccla8, nval1,
                   nval2, nval3, nval4, nval5, nval6, falta, cusualt,
                   fmodifi, cusumod, ccla9, ccla10, nval7, nval8, nval9,
                   nval10
                  )
           VALUES (sdetalle_conf.NEXTVAL, 24, 8000047, 1, 80003, 0,
                   1794720, NULL, NULL, NULL, NULL, NULL, 594.904528675414,
                   NULL, NULL, NULL, NULL, NULL, f_sysdate, f_user,
                   NULL, NULL, NULL, NULL, NULL, NULL, NULL,
                   NULL
                  );
   EXCEPTION
      WHEN DUP_VAL_ON_INDEX
      THEN
         NULL;
   END;

   BEGIN
      INSERT INTO sgt_subtabs_det
                  (sdetalle, cempres, csubtabla, cversubt, ccla1, ccla2,
                   ccla3, ccla4, ccla5, ccla6, ccla7, ccla8, nval1,
                   nval2, nval3, nval4, nval5, nval6, falta, cusualt,
                   fmodifi, cusumod, ccla9, ccla10, nval7, nval8, nval9,
                   nval10
                  )
           VALUES (sdetalle_conf.NEXTVAL, 24, 8000047, 1, 80001, 3,
                   1794720, NULL, NULL, NULL, NULL, NULL, 571.811561094262,
                   NULL, NULL, NULL, NULL, NULL, f_sysdate, f_user,
                   NULL, NULL, NULL, NULL, NULL, NULL, NULL,
                   NULL
                  );
   EXCEPTION
      WHEN DUP_VAL_ON_INDEX
      THEN
         NULL;
   END;

   BEGIN
      INSERT INTO sgt_subtabs_det
                  (sdetalle, cempres, csubtabla, cversubt, ccla1, ccla2,
                   ccla3, ccla4, ccla5, ccla6, ccla7, ccla8, nval1,
                   nval2, nval3, nval4, nval5, nval6, falta, cusualt,
                   fmodifi, cusumod, ccla9, ccla10, nval7, nval8, nval9,
                   nval10
                  )
           VALUES (sdetalle_conf.NEXTVAL, 24, 8000047, 1, 80002, 3,
                   1794720, NULL, NULL, NULL, NULL, NULL, 571.811561094262,
                   NULL, NULL, NULL, NULL, NULL, f_sysdate, f_user,
                   NULL, NULL, NULL, NULL, NULL, NULL, NULL,
                   NULL
                  );
   EXCEPTION
      WHEN DUP_VAL_ON_INDEX
      THEN
         NULL;
   END;

   BEGIN
      INSERT INTO sgt_subtabs_det
                  (sdetalle, cempres, csubtabla, cversubt, ccla1, ccla2,
                   ccla3, ccla4, ccla5, ccla6, ccla7, ccla8, nval1,
                   nval2, nval3, nval4, nval5, nval6, falta, cusualt,
                   fmodifi, cusumod, ccla9, ccla10, nval7, nval8, nval9,
                   nval10
                  )
           VALUES (sdetalle_conf.NEXTVAL, 24, 8000047, 1, 80003, 3,
                   1794720, NULL, NULL, NULL, NULL, NULL, 571.811561094262,
                   NULL, NULL, NULL, NULL, NULL, f_sysdate, f_user,
                   NULL, NULL, NULL, NULL, NULL, NULL, NULL,
                   NULL
                  );
   EXCEPTION
      WHEN DUP_VAL_ON_INDEX
      THEN
         NULL;
   END;

   BEGIN
      INSERT INTO sgt_subtabs_det
                  (sdetalle, cempres, csubtabla, cversubt, ccla1, ccla2,
                   ccla3, ccla4, ccla5, ccla6, ccla7, ccla8, nval1,
                   nval2, nval3, nval4, nval5, nval6, falta, cusualt,
                   fmodifi, cusumod, ccla9, ccla10, nval7, nval8, nval9,
                   nval10
                  )
           VALUES (sdetalle_conf.NEXTVAL, 24, 8000047, 1, 80001, 1,
                   1794720, NULL, NULL, NULL, NULL, NULL, 651.208748209546,
                   NULL, NULL, NULL, NULL, NULL, f_sysdate, f_user,
                   NULL, NULL, NULL, NULL, NULL, NULL, NULL,
                   NULL
                  );
   EXCEPTION
      WHEN DUP_VAL_ON_INDEX
      THEN
         NULL;
   END;

   BEGIN
      INSERT INTO sgt_subtabs_det
                  (sdetalle, cempres, csubtabla, cversubt, ccla1, ccla2,
                   ccla3, ccla4, ccla5, ccla6, ccla7, ccla8, nval1,
                   nval2, nval3, nval4, nval5, nval6, falta, cusualt,
                   fmodifi, cusumod, ccla9, ccla10, nval7, nval8, nval9,
                   nval10
                  )
           VALUES (sdetalle_conf.NEXTVAL, 24, 8000047, 1, 80002, 1,
                   1794720, NULL, NULL, NULL, NULL, NULL, 651.208748209546,
                   NULL, NULL, NULL, NULL, NULL, f_sysdate, f_user,
                   NULL, NULL, NULL, NULL, NULL, NULL, NULL,
                   NULL
                  );
   EXCEPTION
      WHEN DUP_VAL_ON_INDEX
      THEN
         NULL;
   END;

   BEGIN
      INSERT INTO sgt_subtabs_det
                  (sdetalle, cempres, csubtabla, cversubt, ccla1, ccla2,
                   ccla3, ccla4, ccla5, ccla6, ccla7, ccla8, nval1,
                   nval2, nval3, nval4, nval5, nval6, falta, cusualt,
                   fmodifi, cusumod, ccla9, ccla10, nval7, nval8, nval9,
                   nval10
                  )
           VALUES (sdetalle_conf.NEXTVAL, 24, 8000047, 1, 80003, 1,
                   1794720, NULL, NULL, NULL, NULL, NULL, 651.208748209546,
                   NULL, NULL, NULL, NULL, NULL, f_sysdate, f_user,
                   NULL, NULL, NULL, NULL, NULL, NULL, NULL,
                   NULL
                  );
   EXCEPTION
      WHEN DUP_VAL_ON_INDEX
      THEN
         NULL;
   END;

   BEGIN
      INSERT INTO sgt_subtabs_det
                  (sdetalle, cempres, csubtabla, cversubt, ccla1, ccla2,
                   ccla3, ccla4, ccla5, ccla6, ccla7, ccla8, nval1,
                   nval2, nval3, nval4, nval5, nval6, falta, cusualt,
                   fmodifi, cusumod, ccla9, ccla10, nval7, nval8, nval9,
                   nval10
                  )
           VALUES (sdetalle_conf.NEXTVAL, 24, 8000047, 1, 80001, 1,
                   1794720, NULL, NULL, NULL, NULL, NULL, 651.208748209546,
                   NULL, NULL, NULL, NULL, NULL, f_sysdate, f_user,
                   NULL, NULL, NULL, NULL, NULL, NULL, NULL,
                   NULL
                  );
   EXCEPTION
      WHEN DUP_VAL_ON_INDEX
      THEN
         NULL;
   END;

   BEGIN
      INSERT INTO sgt_subtabs_det
                  (sdetalle, cempres, csubtabla, cversubt, ccla1, ccla2,
                   ccla3, ccla4, ccla5, ccla6, ccla7, ccla8, nval1,
                   nval2, nval3, nval4, nval5, nval6, falta, cusualt,
                   fmodifi, cusumod, ccla9, ccla10, nval7, nval8, nval9,
                   nval10
                  )
           VALUES (sdetalle_conf.NEXTVAL, 24, 8000047, 1, 80002, 1,
                   1794720, NULL, NULL, NULL, NULL, NULL, 651.208748209546,
                   NULL, NULL, NULL, NULL, NULL, f_sysdate, f_user,
                   NULL, NULL, NULL, NULL, NULL, NULL, NULL,
                   NULL
                  );
   EXCEPTION
      WHEN DUP_VAL_ON_INDEX
      THEN
         NULL;
   END;

   BEGIN
      INSERT INTO sgt_subtabs_det
                  (sdetalle, cempres, csubtabla, cversubt, ccla1, ccla2,
                   ccla3, ccla4, ccla5, ccla6, ccla7, ccla8, nval1,
                   nval2, nval3, nval4, nval5, nval6, falta, cusualt,
                   fmodifi, cusumod, ccla9, ccla10, nval7, nval8, nval9,
                   nval10
                  )
           VALUES (sdetalle_conf.NEXTVAL, 24, 8000047, 1, 80003, 1,
                   1794720, NULL, NULL, NULL, NULL, NULL, 651.208748209546,
                   NULL, NULL, NULL, NULL, NULL, f_sysdate, f_user,
                   NULL, NULL, NULL, NULL, NULL, NULL, NULL,
                   NULL
                  );
   EXCEPTION
      WHEN DUP_VAL_ON_INDEX
      THEN
         NULL;
   END;

   BEGIN
      INSERT INTO sgt_subtabs_det
                  (sdetalle, cempres, csubtabla, cversubt, ccla1, ccla2,
                   ccla3, ccla4, ccla5, ccla6, ccla7, ccla8, nval1,
                   nval2, nval3, nval4, nval5, nval6, falta, cusualt,
                   fmodifi, cusumod, ccla9, ccla10, nval7, nval8, nval9,
                   nval10
                  )
           VALUES (sdetalle_conf.NEXTVAL, 24, 8000047, 1, 80001, 2,
                   1794720, NULL, NULL, NULL, NULL, NULL, 594.904528675414,
                   NULL, NULL, NULL, NULL, NULL, f_sysdate, f_user,
                   NULL, NULL, NULL, NULL, NULL, NULL, NULL,
                   NULL
                  );
   EXCEPTION
      WHEN DUP_VAL_ON_INDEX
      THEN
         NULL;
   END;

   BEGIN
      INSERT INTO sgt_subtabs_det
                  (sdetalle, cempres, csubtabla, cversubt, ccla1, ccla2,
                   ccla3, ccla4, ccla5, ccla6, ccla7, ccla8, nval1,
                   nval2, nval3, nval4, nval5, nval6, falta, cusualt,
                   fmodifi, cusumod, ccla9, ccla10, nval7, nval8, nval9,
                   nval10
                  )
           VALUES (sdetalle_conf.NEXTVAL, 24, 8000047, 1, 80002, 2,
                   1794720, NULL, NULL, NULL, NULL, NULL, 594.904528675414,
                   NULL, NULL, NULL, NULL, NULL, f_sysdate, f_user,
                   NULL, NULL, NULL, NULL, NULL, NULL, NULL,
                   NULL
                  );
   EXCEPTION
      WHEN DUP_VAL_ON_INDEX
      THEN
         NULL;
   END;

   BEGIN
      INSERT INTO sgt_subtabs_det
                  (sdetalle, cempres, csubtabla, cversubt, ccla1, ccla2,
                   ccla3, ccla4, ccla5, ccla6, ccla7, ccla8, nval1,
                   nval2, nval3, nval4, nval5, nval6, falta, cusualt,
                   fmodifi, cusumod, ccla9, ccla10, nval7, nval8, nval9,
                   nval10
                  )
           VALUES (sdetalle_conf.NEXTVAL, 24, 8000047, 1, 80003, 2,
                   1794720, NULL, NULL, NULL, NULL, NULL, 594.904528675414,
                   NULL, NULL, NULL, NULL, NULL, f_sysdate, f_user,
                   NULL, NULL, NULL, NULL, NULL, NULL, NULL,
                   NULL
                  );
   EXCEPTION
      WHEN DUP_VAL_ON_INDEX
      THEN
         NULL;
   END;

   BEGIN
      INSERT INTO sgt_subtabs_det
                  (sdetalle, cempres, csubtabla, cversubt, ccla1, ccla2,
                   ccla3, ccla4, ccla5, ccla6, ccla7, ccla8, nval1,
                   nval2, nval3, nval4, nval5, nval6, falta, cusualt,
                   fmodifi, cusumod, ccla9, ccla10, nval7, nval8, nval9,
                   nval10
                  )
           VALUES (sdetalle_conf.NEXTVAL, 24, 8000047, 1, 80001, 0,
                   1794720, NULL, NULL, NULL, NULL, NULL, 594.904528675414,
                   NULL, NULL, NULL, NULL, NULL, f_sysdate, f_user,
                   NULL, NULL, NULL, NULL, NULL, NULL, NULL,
                   NULL
                  );
   EXCEPTION
      WHEN DUP_VAL_ON_INDEX
      THEN
         NULL;
   END;

   BEGIN
      INSERT INTO sgt_subtabs_det
                  (sdetalle, cempres, csubtabla, cversubt, ccla1, ccla2,
                   ccla3, ccla4, ccla5, ccla6, ccla7, ccla8, nval1,
                   nval2, nval3, nval4, nval5, nval6, falta, cusualt,
                   fmodifi, cusumod, ccla9, ccla10, nval7, nval8, nval9,
                   nval10
                  )
           VALUES (sdetalle_conf.NEXTVAL, 24, 8000047, 1, 80002, 0,
                   1794720, NULL, NULL, NULL, NULL, NULL, 594.904528675414,
                   NULL, NULL, NULL, NULL, NULL, f_sysdate, f_user,
                   NULL, NULL, NULL, NULL, NULL, NULL, NULL,
                   NULL
                  );
   EXCEPTION
      WHEN DUP_VAL_ON_INDEX
      THEN
         NULL;
   END;

   BEGIN
      INSERT INTO sgt_subtabs_det
                  (sdetalle, cempres, csubtabla, cversubt, ccla1, ccla2,
                   ccla3, ccla4, ccla5, ccla6, ccla7, ccla8, nval1,
                   nval2, nval3, nval4, nval5, nval6, falta, cusualt,
                   fmodifi, cusumod, ccla9, ccla10, nval7, nval8, nval9,
                   nval10
                  )
           VALUES (sdetalle_conf.NEXTVAL, 24, 8000047, 1, 80003, 0,
                   1794720, NULL, NULL, NULL, NULL, NULL, 594.904528675414,
                   NULL, NULL, NULL, NULL, NULL, f_sysdate, f_user,
                   NULL, NULL, NULL, NULL, NULL, NULL, NULL,
                   NULL
                  );
   EXCEPTION
      WHEN DUP_VAL_ON_INDEX
      THEN
         NULL;
   END;

   BEGIN
      INSERT INTO sgt_subtabs_det
                  (sdetalle, cempres, csubtabla, cversubt, ccla1, ccla2,
                   ccla3, ccla4, ccla5, ccla6, ccla7, ccla8, nval1,
                   nval2, nval3, nval4, nval5, nval6, falta, cusualt,
                   fmodifi, cusumod, ccla9, ccla10, nval7, nval8, nval9,
                   nval10
                  )
           VALUES (sdetalle_conf.NEXTVAL, 24, 8000047, 1, 80001, 1,
                   1794720, NULL, NULL, NULL, NULL, NULL, 651.208748209546,
                   NULL, NULL, NULL, NULL, NULL, f_sysdate, f_user,
                   NULL, NULL, NULL, NULL, NULL, NULL, NULL,
                   NULL
                  );
   EXCEPTION
      WHEN DUP_VAL_ON_INDEX
      THEN
         NULL;
   END;

   BEGIN
      INSERT INTO sgt_subtabs_det
                  (sdetalle, cempres, csubtabla, cversubt, ccla1, ccla2,
                   ccla3, ccla4, ccla5, ccla6, ccla7, ccla8, nval1,
                   nval2, nval3, nval4, nval5, nval6, falta, cusualt,
                   fmodifi, cusumod, ccla9, ccla10, nval7, nval8, nval9,
                   nval10
                  )
           VALUES (sdetalle_conf.NEXTVAL, 24, 8000047, 1, 80002, 1,
                   1794720, NULL, NULL, NULL, NULL, NULL, 651.208748209546,
                   NULL, NULL, NULL, NULL, NULL, f_sysdate, f_user,
                   NULL, NULL, NULL, NULL, NULL, NULL, NULL,
                   NULL
                  );
   EXCEPTION
      WHEN DUP_VAL_ON_INDEX
      THEN
         NULL;
   END;

   BEGIN
      INSERT INTO sgt_subtabs_det
                  (sdetalle, cempres, csubtabla, cversubt, ccla1, ccla2,
                   ccla3, ccla4, ccla5, ccla6, ccla7, ccla8, nval1,
                   nval2, nval3, nval4, nval5, nval6, falta, cusualt,
                   fmodifi, cusumod, ccla9, ccla10, nval7, nval8, nval9,
                   nval10
                  )
           VALUES (sdetalle_conf.NEXTVAL, 24, 8000047, 1, 80003, 1,
                   1794720, NULL, NULL, NULL, NULL, NULL, 651.208748209546,
                   NULL, NULL, NULL, NULL, NULL, f_sysdate, f_user,
                   NULL, NULL, NULL, NULL, NULL, NULL, NULL,
                   NULL
                  );
   EXCEPTION
      WHEN DUP_VAL_ON_INDEX
      THEN
         NULL;
   END;

   BEGIN
      INSERT INTO sgt_subtabs_det
                  (sdetalle, cempres, csubtabla, cversubt, ccla1, ccla2,
                   ccla3, ccla4, ccla5, ccla6, ccla7, ccla8, nval1,
                   nval2, nval3, nval4, nval5, nval6, falta, cusualt,
                   fmodifi, cusumod, ccla9, ccla10, nval7, nval8, nval9,
                   nval10
                  )
           VALUES (sdetalle_conf.NEXTVAL, 24, 8000047, 1, 80001, 0,
                   1794720, NULL, NULL, NULL, NULL, NULL, 594.904528675414,
                   NULL, NULL, NULL, NULL, NULL, f_sysdate, f_user,
                   NULL, NULL, NULL, NULL, NULL, NULL, NULL,
                   NULL
                  );
   EXCEPTION
      WHEN DUP_VAL_ON_INDEX
      THEN
         NULL;
   END;

   BEGIN
      INSERT INTO sgt_subtabs_det
                  (sdetalle, cempres, csubtabla, cversubt, ccla1, ccla2,
                   ccla3, ccla4, ccla5, ccla6, ccla7, ccla8, nval1,
                   nval2, nval3, nval4, nval5, nval6, falta, cusualt,
                   fmodifi, cusumod, ccla9, ccla10, nval7, nval8, nval9,
                   nval10
                  )
           VALUES (sdetalle_conf.NEXTVAL, 24, 8000047, 1, 80002, 0,
                   1794720, NULL, NULL, NULL, NULL, NULL, 594.904528675414,
                   NULL, NULL, NULL, NULL, NULL, f_sysdate, f_user,
                   NULL, NULL, NULL, NULL, NULL, NULL, NULL,
                   NULL
                  );
   EXCEPTION
      WHEN DUP_VAL_ON_INDEX
      THEN
         NULL;
   END;

   BEGIN
      INSERT INTO sgt_subtabs_det
                  (sdetalle, cempres, csubtabla, cversubt, ccla1, ccla2,
                   ccla3, ccla4, ccla5, ccla6, ccla7, ccla8, nval1,
                   nval2, nval3, nval4, nval5, nval6, falta, cusualt,
                   fmodifi, cusumod, ccla9, ccla10, nval7, nval8, nval9,
                   nval10
                  )
           VALUES (sdetalle_conf.NEXTVAL, 24, 8000047, 1, 80003, 0,
                   1794720, NULL, NULL, NULL, NULL, NULL, 594.904528675414,
                   NULL, NULL, NULL, NULL, NULL, f_sysdate, f_user,
                   NULL, NULL, NULL, NULL, NULL, NULL, NULL,
                   NULL
                  );
   EXCEPTION
      WHEN DUP_VAL_ON_INDEX
      THEN
         NULL;
   END;

   BEGIN
      INSERT INTO sgt_subtabs_det
                  (sdetalle, cempres, csubtabla, cversubt, ccla1, ccla2,
                   ccla3, ccla4, ccla5, ccla6, ccla7, ccla8, nval1,
                   nval2, nval3, nval4, nval5, nval6, falta, cusualt,
                   fmodifi, cusumod, ccla9, ccla10, nval7, nval8, nval9,
                   nval10
                  )
           VALUES (sdetalle_conf.NEXTVAL, 24, 8000047, 1, 80001, 3,
                   1794720, NULL, NULL, NULL, NULL, NULL, 571.811561094262,
                   NULL, NULL, NULL, NULL, NULL, f_sysdate, f_user,
                   NULL, NULL, NULL, NULL, NULL, NULL, NULL,
                   NULL
                  );
   EXCEPTION
      WHEN DUP_VAL_ON_INDEX
      THEN
         NULL;
   END;

   BEGIN
      INSERT INTO sgt_subtabs_det
                  (sdetalle, cempres, csubtabla, cversubt, ccla1, ccla2,
                   ccla3, ccla4, ccla5, ccla6, ccla7, ccla8, nval1,
                   nval2, nval3, nval4, nval5, nval6, falta, cusualt,
                   fmodifi, cusumod, ccla9, ccla10, nval7, nval8, nval9,
                   nval10
                  )
           VALUES (sdetalle_conf.NEXTVAL, 24, 8000047, 1, 80002, 3,
                   1794720, NULL, NULL, NULL, NULL, NULL, 571.811561094262,
                   NULL, NULL, NULL, NULL, NULL, f_sysdate, f_user,
                   NULL, NULL, NULL, NULL, NULL, NULL, NULL,
                   NULL
                  );
   EXCEPTION
      WHEN DUP_VAL_ON_INDEX
      THEN
         NULL;
   END;

   BEGIN
      INSERT INTO sgt_subtabs_det
                  (sdetalle, cempres, csubtabla, cversubt, ccla1, ccla2,
                   ccla3, ccla4, ccla5, ccla6, ccla7, ccla8, nval1,
                   nval2, nval3, nval4, nval5, nval6, falta, cusualt,
                   fmodifi, cusumod, ccla9, ccla10, nval7, nval8, nval9,
                   nval10
                  )
           VALUES (sdetalle_conf.NEXTVAL, 24, 8000047, 1, 80003, 3,
                   1794720, NULL, NULL, NULL, NULL, NULL, 571.811561094262,
                   NULL, NULL, NULL, NULL, NULL, f_sysdate, f_user,
                   NULL, NULL, NULL, NULL, NULL, NULL, NULL,
                   NULL
                  );
   EXCEPTION
      WHEN DUP_VAL_ON_INDEX
      THEN
         NULL;
   END;

   BEGIN
      INSERT INTO sgt_subtabs_det
                  (sdetalle, cempres, csubtabla, cversubt, ccla1, ccla2,
                   ccla3, ccla4, ccla5, ccla6, ccla7, ccla8, nval1,
                   nval2, nval3, nval4, nval5, nval6, falta, cusualt,
                   fmodifi, cusumod, ccla9, ccla10, nval7, nval8, nval9,
                   nval10
                  )
           VALUES (sdetalle_conf.NEXTVAL, 24, 8000047, 1, 80001, 1,
                   1794720, NULL, NULL, NULL, NULL, NULL, 651.208748209546,
                   NULL, NULL, NULL, NULL, NULL, f_sysdate, f_user,
                   NULL, NULL, NULL, NULL, NULL, NULL, NULL,
                   NULL
                  );
   EXCEPTION
      WHEN DUP_VAL_ON_INDEX
      THEN
         NULL;
   END;

   BEGIN
      INSERT INTO sgt_subtabs_det
                  (sdetalle, cempres, csubtabla, cversubt, ccla1, ccla2,
                   ccla3, ccla4, ccla5, ccla6, ccla7, ccla8, nval1,
                   nval2, nval3, nval4, nval5, nval6, falta, cusualt,
                   fmodifi, cusumod, ccla9, ccla10, nval7, nval8, nval9,
                   nval10
                  )
           VALUES (sdetalle_conf.NEXTVAL, 24, 8000047, 1, 80002, 1,
                   1794720, NULL, NULL, NULL, NULL, NULL, 651.208748209546,
                   NULL, NULL, NULL, NULL, NULL, f_sysdate, f_user,
                   NULL, NULL, NULL, NULL, NULL, NULL, NULL,
                   NULL
                  );
   EXCEPTION
      WHEN DUP_VAL_ON_INDEX
      THEN
         NULL;
   END;

   BEGIN
      INSERT INTO sgt_subtabs_det
                  (sdetalle, cempres, csubtabla, cversubt, ccla1, ccla2,
                   ccla3, ccla4, ccla5, ccla6, ccla7, ccla8, nval1,
                   nval2, nval3, nval4, nval5, nval6, falta, cusualt,
                   fmodifi, cusumod, ccla9, ccla10, nval7, nval8, nval9,
                   nval10
                  )
           VALUES (sdetalle_conf.NEXTVAL, 24, 8000047, 1, 80003, 1,
                   1794720, NULL, NULL, NULL, NULL, NULL, 651.208748209546,
                   NULL, NULL, NULL, NULL, NULL, f_sysdate, f_user,
                   NULL, NULL, NULL, NULL, NULL, NULL, NULL,
                   NULL
                  );
   EXCEPTION
      WHEN DUP_VAL_ON_INDEX
      THEN
         NULL;
   END;

   BEGIN
      INSERT INTO sgt_subtabs_det
                  (sdetalle, cempres, csubtabla, cversubt, ccla1, ccla2,
                   ccla3, ccla4, ccla5, ccla6, ccla7, ccla8, nval1,
                   nval2, nval3, nval4, nval5, nval6, falta, cusualt,
                   fmodifi, cusumod, ccla9, ccla10, nval7, nval8, nval9,
                   nval10
                  )
           VALUES (sdetalle_conf.NEXTVAL, 24, 8000047, 1, 80001, 2,
                   1794720, NULL, NULL, NULL, NULL, NULL, 594.904528675414,
                   NULL, NULL, NULL, NULL, NULL, f_sysdate, f_user,
                   NULL, NULL, NULL, NULL, NULL, NULL, NULL,
                   NULL
                  );
   EXCEPTION
      WHEN DUP_VAL_ON_INDEX
      THEN
         NULL;
   END;

   BEGIN
      INSERT INTO sgt_subtabs_det
                  (sdetalle, cempres, csubtabla, cversubt, ccla1, ccla2,
                   ccla3, ccla4, ccla5, ccla6, ccla7, ccla8, nval1,
                   nval2, nval3, nval4, nval5, nval6, falta, cusualt,
                   fmodifi, cusumod, ccla9, ccla10, nval7, nval8, nval9,
                   nval10
                  )
           VALUES (sdetalle_conf.NEXTVAL, 24, 8000047, 1, 80002, 2,
                   1794720, NULL, NULL, NULL, NULL, NULL, 594.904528675414,
                   NULL, NULL, NULL, NULL, NULL, f_sysdate, f_user,
                   NULL, NULL, NULL, NULL, NULL, NULL, NULL,
                   NULL
                  );
   EXCEPTION
      WHEN DUP_VAL_ON_INDEX
      THEN
         NULL;
   END;

   BEGIN
      INSERT INTO sgt_subtabs_det
                  (sdetalle, cempres, csubtabla, cversubt, ccla1, ccla2,
                   ccla3, ccla4, ccla5, ccla6, ccla7, ccla8, nval1,
                   nval2, nval3, nval4, nval5, nval6, falta, cusualt,
                   fmodifi, cusumod, ccla9, ccla10, nval7, nval8, nval9,
                   nval10
                  )
           VALUES (sdetalle_conf.NEXTVAL, 24, 8000047, 1, 80003, 2,
                   1794720, NULL, NULL, NULL, NULL, NULL, 594.904528675414,
                   NULL, NULL, NULL, NULL, NULL, f_sysdate, f_user,
                   NULL, NULL, NULL, NULL, NULL, NULL, NULL,
                   NULL
                  );
   EXCEPTION
      WHEN DUP_VAL_ON_INDEX
      THEN
         NULL;
   END;

   BEGIN
      INSERT INTO sgt_subtabs_det
                  (sdetalle, cempres, csubtabla, cversubt, ccla1, ccla2,
                   ccla3, ccla4, ccla5, ccla6, ccla7, ccla8, nval1,
                   nval2, nval3, nval4, nval5, nval6, falta, cusualt,
                   fmodifi, cusumod, ccla9, ccla10, nval7, nval8, nval9,
                   nval10
                  )
           VALUES (sdetalle_conf.NEXTVAL, 24, 8000047, 1, 80001, 0,
                   1794720, NULL, NULL, NULL, NULL, NULL, 594.904528675414,
                   NULL, NULL, NULL, NULL, NULL, f_sysdate, f_user,
                   NULL, NULL, NULL, NULL, NULL, NULL, NULL,
                   NULL
                  );
   EXCEPTION
      WHEN DUP_VAL_ON_INDEX
      THEN
         NULL;
   END;

   BEGIN
      INSERT INTO sgt_subtabs_det
                  (sdetalle, cempres, csubtabla, cversubt, ccla1, ccla2,
                   ccla3, ccla4, ccla5, ccla6, ccla7, ccla8, nval1,
                   nval2, nval3, nval4, nval5, nval6, falta, cusualt,
                   fmodifi, cusumod, ccla9, ccla10, nval7, nval8, nval9,
                   nval10
                  )
           VALUES (sdetalle_conf.NEXTVAL, 24, 8000047, 1, 80002, 0,
                   1794720, NULL, NULL, NULL, NULL, NULL, 594.904528675414,
                   NULL, NULL, NULL, NULL, NULL, f_sysdate, f_user,
                   NULL, NULL, NULL, NULL, NULL, NULL, NULL,
                   NULL
                  );
   EXCEPTION
      WHEN DUP_VAL_ON_INDEX
      THEN
         NULL;
   END;

   BEGIN
      INSERT INTO sgt_subtabs_det
                  (sdetalle, cempres, csubtabla, cversubt, ccla1, ccla2,
                   ccla3, ccla4, ccla5, ccla6, ccla7, ccla8, nval1,
                   nval2, nval3, nval4, nval5, nval6, falta, cusualt,
                   fmodifi, cusumod, ccla9, ccla10, nval7, nval8, nval9,
                   nval10
                  )
           VALUES (sdetalle_conf.NEXTVAL, 24, 8000047, 1, 80003, 0,
                   1794720, NULL, NULL, NULL, NULL, NULL, 594.904528675414,
                   NULL, NULL, NULL, NULL, NULL, f_sysdate, f_user,
                   NULL, NULL, NULL, NULL, NULL, NULL, NULL,
                   NULL
                  );
   EXCEPTION
      WHEN DUP_VAL_ON_INDEX
      THEN
         NULL;
   END;

   BEGIN
      INSERT INTO sgt_subtabs_det
                  (sdetalle, cempres, csubtabla, cversubt, ccla1, ccla2,
                   ccla3, ccla4, ccla5, ccla6, ccla7, ccla8, nval1,
                   nval2, nval3, nval4, nval5, nval6, falta, cusualt,
                   fmodifi, cusumod, ccla9, ccla10, nval7, nval8, nval9,
                   nval10
                  )
           VALUES (sdetalle_conf.NEXTVAL, 24, 8000047, 1, 80001, 3,
                   1794720, NULL, NULL, NULL, NULL, NULL, 571.811561094262,
                   NULL, NULL, NULL, NULL, NULL, f_sysdate, f_user,
                   NULL, NULL, NULL, NULL, NULL, NULL, NULL,
                   NULL
                  );
   EXCEPTION
      WHEN DUP_VAL_ON_INDEX
      THEN
         NULL;
   END;

   BEGIN
      INSERT INTO sgt_subtabs_det
                  (sdetalle, cempres, csubtabla, cversubt, ccla1, ccla2,
                   ccla3, ccla4, ccla5, ccla6, ccla7, ccla8, nval1,
                   nval2, nval3, nval4, nval5, nval6, falta, cusualt,
                   fmodifi, cusumod, ccla9, ccla10, nval7, nval8, nval9,
                   nval10
                  )
           VALUES (sdetalle_conf.NEXTVAL, 24, 8000047, 1, 80002, 3,
                   1794720, NULL, NULL, NULL, NULL, NULL, 571.811561094262,
                   NULL, NULL, NULL, NULL, NULL, f_sysdate, f_user,
                   NULL, NULL, NULL, NULL, NULL, NULL, NULL,
                   NULL
                  );
   EXCEPTION
      WHEN DUP_VAL_ON_INDEX
      THEN
         NULL;
   END;

   BEGIN
      INSERT INTO sgt_subtabs_det
                  (sdetalle, cempres, csubtabla, cversubt, ccla1, ccla2,
                   ccla3, ccla4, ccla5, ccla6, ccla7, ccla8, nval1,
                   nval2, nval3, nval4, nval5, nval6, falta, cusualt,
                   fmodifi, cusumod, ccla9, ccla10, nval7, nval8, nval9,
                   nval10
                  )
           VALUES (sdetalle_conf.NEXTVAL, 24, 8000047, 1, 80003, 3,
                   1794720, NULL, NULL, NULL, NULL, NULL, 571.811561094262,
                   NULL, NULL, NULL, NULL, NULL, f_sysdate, f_user,
                   NULL, NULL, NULL, NULL, NULL, NULL, NULL,
                   NULL
                  );
   EXCEPTION
      WHEN DUP_VAL_ON_INDEX
      THEN
         NULL;
   END;

   BEGIN
      INSERT INTO sgt_subtabs_det
                  (sdetalle, cempres, csubtabla, cversubt, ccla1, ccla2,
                   ccla3, ccla4, ccla5, ccla6, ccla7, ccla8, nval1,
                   nval2, nval3, nval4, nval5, nval6, falta, cusualt,
                   fmodifi, cusumod, ccla9, ccla10, nval7, nval8, nval9,
                   nval10
                  )
           VALUES (sdetalle_conf.NEXTVAL, 24, 8000047, 1, 80001, 1,
                   1794720, NULL, NULL, NULL, NULL, NULL, 651.208748209546,
                   NULL, NULL, NULL, NULL, NULL, f_sysdate, f_user,
                   NULL, NULL, NULL, NULL, NULL, NULL, NULL,
                   NULL
                  );
   EXCEPTION
      WHEN DUP_VAL_ON_INDEX
      THEN
         NULL;
   END;

   BEGIN
      INSERT INTO sgt_subtabs_det
                  (sdetalle, cempres, csubtabla, cversubt, ccla1, ccla2,
                   ccla3, ccla4, ccla5, ccla6, ccla7, ccla8, nval1,
                   nval2, nval3, nval4, nval5, nval6, falta, cusualt,
                   fmodifi, cusumod, ccla9, ccla10, nval7, nval8, nval9,
                   nval10
                  )
           VALUES (sdetalle_conf.NEXTVAL, 24, 8000047, 1, 80002, 1,
                   1794720, NULL, NULL, NULL, NULL, NULL, 651.208748209546,
                   NULL, NULL, NULL, NULL, NULL, f_sysdate, f_user,
                   NULL, NULL, NULL, NULL, NULL, NULL, NULL,
                   NULL
                  );
   EXCEPTION
      WHEN DUP_VAL_ON_INDEX
      THEN
         NULL;
   END;

   BEGIN
      INSERT INTO sgt_subtabs_det
                  (sdetalle, cempres, csubtabla, cversubt, ccla1, ccla2,
                   ccla3, ccla4, ccla5, ccla6, ccla7, ccla8, nval1,
                   nval2, nval3, nval4, nval5, nval6, falta, cusualt,
                   fmodifi, cusumod, ccla9, ccla10, nval7, nval8, nval9,
                   nval10
                  )
           VALUES (sdetalle_conf.NEXTVAL, 24, 8000047, 1, 80003, 1,
                   1794720, NULL, NULL, NULL, NULL, NULL, 651.208748209546,
                   NULL, NULL, NULL, NULL, NULL, f_sysdate, f_user,
                   NULL, NULL, NULL, NULL, NULL, NULL, NULL,
                   NULL
                  );
   EXCEPTION
      WHEN DUP_VAL_ON_INDEX
      THEN
         NULL;
   END;

   BEGIN
      INSERT INTO sgt_subtabs_det
                  (sdetalle, cempres, csubtabla, cversubt, ccla1, ccla2,
                   ccla3, ccla4, ccla5, ccla6, ccla7, ccla8, nval1,
                   nval2, nval3, nval4, nval5, nval6, falta, cusualt,
                   fmodifi, cusumod, ccla9, ccla10, nval7, nval8, nval9,
                   nval10
                  )
           VALUES (sdetalle_conf.NEXTVAL, 24, 8000047, 1, 80001, 2,
                   1794720, NULL, NULL, NULL, NULL, NULL, 594.904528675414,
                   NULL, NULL, NULL, NULL, NULL, f_sysdate, f_user,
                   NULL, NULL, NULL, NULL, NULL, NULL, NULL,
                   NULL
                  );
   EXCEPTION
      WHEN DUP_VAL_ON_INDEX
      THEN
         NULL;
   END;

   BEGIN
      INSERT INTO sgt_subtabs_det
                  (sdetalle, cempres, csubtabla, cversubt, ccla1, ccla2,
                   ccla3, ccla4, ccla5, ccla6, ccla7, ccla8, nval1,
                   nval2, nval3, nval4, nval5, nval6, falta, cusualt,
                   fmodifi, cusumod, ccla9, ccla10, nval7, nval8, nval9,
                   nval10
                  )
           VALUES (sdetalle_conf.NEXTVAL, 24, 8000047, 1, 80002, 2,
                   1794720, NULL, NULL, NULL, NULL, NULL, 594.904528675414,
                   NULL, NULL, NULL, NULL, NULL, f_sysdate, f_user,
                   NULL, NULL, NULL, NULL, NULL, NULL, NULL,
                   NULL
                  );
   EXCEPTION
      WHEN DUP_VAL_ON_INDEX
      THEN
         NULL;
   END;

   BEGIN
      INSERT INTO sgt_subtabs_det
                  (sdetalle, cempres, csubtabla, cversubt, ccla1, ccla2,
                   ccla3, ccla4, ccla5, ccla6, ccla7, ccla8, nval1,
                   nval2, nval3, nval4, nval5, nval6, falta, cusualt,
                   fmodifi, cusumod, ccla9, ccla10, nval7, nval8, nval9,
                   nval10
                  )
           VALUES (sdetalle_conf.NEXTVAL, 24, 8000047, 1, 80003, 2,
                   1794720, NULL, NULL, NULL, NULL, NULL, 594.904528675414,
                   NULL, NULL, NULL, NULL, NULL, f_sysdate, f_user,
                   NULL, NULL, NULL, NULL, NULL, NULL, NULL,
                   NULL
                  );
   EXCEPTION
      WHEN DUP_VAL_ON_INDEX
      THEN
         NULL;
   END;

   BEGIN
      INSERT INTO sgt_subtabs_det
                  (sdetalle, cempres, csubtabla, cversubt, ccla1, ccla2,
                   ccla3, ccla4, ccla5, ccla6, ccla7, ccla8, nval1,
                   nval2, nval3, nval4, nval5, nval6, falta, cusualt,
                   fmodifi, cusumod, ccla9, ccla10, nval7, nval8, nval9,
                   nval10
                  )
           VALUES (sdetalle_conf.NEXTVAL, 24, 8000047, 1, 80001, 1,
                   1794720, NULL, NULL, NULL, NULL, NULL, 651.208748209546,
                   NULL, NULL, NULL, NULL, NULL, f_sysdate, f_user,
                   NULL, NULL, NULL, NULL, NULL, NULL, NULL,
                   NULL
                  );
   EXCEPTION
      WHEN DUP_VAL_ON_INDEX
      THEN
         NULL;
   END;

   BEGIN
      INSERT INTO sgt_subtabs_det
                  (sdetalle, cempres, csubtabla, cversubt, ccla1, ccla2,
                   ccla3, ccla4, ccla5, ccla6, ccla7, ccla8, nval1,
                   nval2, nval3, nval4, nval5, nval6, falta, cusualt,
                   fmodifi, cusumod, ccla9, ccla10, nval7, nval8, nval9,
                   nval10
                  )
           VALUES (sdetalle_conf.NEXTVAL, 24, 8000047, 1, 80002, 1,
                   1794720, NULL, NULL, NULL, NULL, NULL, 651.208748209546,
                   NULL, NULL, NULL, NULL, NULL, f_sysdate, f_user,
                   NULL, NULL, NULL, NULL, NULL, NULL, NULL,
                   NULL
                  );
   EXCEPTION
      WHEN DUP_VAL_ON_INDEX
      THEN
         NULL;
   END;

   BEGIN
      INSERT INTO sgt_subtabs_det
                  (sdetalle, cempres, csubtabla, cversubt, ccla1, ccla2,
                   ccla3, ccla4, ccla5, ccla6, ccla7, ccla8, nval1,
                   nval2, nval3, nval4, nval5, nval6, falta, cusualt,
                   fmodifi, cusumod, ccla9, ccla10, nval7, nval8, nval9,
                   nval10
                  )
           VALUES (sdetalle_conf.NEXTVAL, 24, 8000047, 1, 80003, 1,
                   1794720, NULL, NULL, NULL, NULL, NULL, 651.208748209546,
                   NULL, NULL, NULL, NULL, NULL, f_sysdate, f_user,
                   NULL, NULL, NULL, NULL, NULL, NULL, NULL,
                   NULL
                  );
   EXCEPTION
      WHEN DUP_VAL_ON_INDEX
      THEN
         NULL;
   END;

   BEGIN
      INSERT INTO sgt_subtabs_det
                  (sdetalle, cempres, csubtabla, cversubt, ccla1, ccla2,
                   ccla3, ccla4, ccla5, ccla6, ccla7, ccla8, nval1,
                   nval2, nval3, nval4, nval5, nval6, falta, cusualt,
                   fmodifi, cusumod, ccla9, ccla10, nval7, nval8, nval9,
                   nval10
                  )
           VALUES (sdetalle_conf.NEXTVAL, 24, 8000047, 1, 80001, 1,
                   1804720, NULL, NULL, NULL, NULL, NULL, 107.541819941837,
                   NULL, NULL, NULL, NULL, NULL, f_sysdate, f_user,
                   NULL, NULL, NULL, NULL, NULL, NULL, NULL,
                   NULL
                  );
   EXCEPTION
      WHEN DUP_VAL_ON_INDEX
      THEN
         NULL;
   END;

   BEGIN
      INSERT INTO sgt_subtabs_det
                  (sdetalle, cempres, csubtabla, cversubt, ccla1, ccla2,
                   ccla3, ccla4, ccla5, ccla6, ccla7, ccla8, nval1,
                   nval2, nval3, nval4, nval5, nval6, falta, cusualt,
                   fmodifi, cusumod, ccla9, ccla10, nval7, nval8, nval9,
                   nval10
                  )
           VALUES (sdetalle_conf.NEXTVAL, 24, 8000047, 1, 80002, 1,
                   1804720, NULL, NULL, NULL, NULL, NULL, 107.541819941837,
                   NULL, NULL, NULL, NULL, NULL, f_sysdate, f_user,
                   NULL, NULL, NULL, NULL, NULL, NULL, NULL,
                   NULL
                  );
   EXCEPTION
      WHEN DUP_VAL_ON_INDEX
      THEN
         NULL;
   END;

   BEGIN
      INSERT INTO sgt_subtabs_det
                  (sdetalle, cempres, csubtabla, cversubt, ccla1, ccla2,
                   ccla3, ccla4, ccla5, ccla6, ccla7, ccla8, nval1,
                   nval2, nval3, nval4, nval5, nval6, falta, cusualt,
                   fmodifi, cusumod, ccla9, ccla10, nval7, nval8, nval9,
                   nval10
                  )
           VALUES (sdetalle_conf.NEXTVAL, 24, 8000047, 1, 80003, 1,
                   1804720, NULL, NULL, NULL, NULL, NULL, 107.541819941837,
                   NULL, NULL, NULL, NULL, NULL, f_sysdate, f_user,
                   NULL, NULL, NULL, NULL, NULL, NULL, NULL,
                   NULL
                  );
   EXCEPTION
      WHEN DUP_VAL_ON_INDEX
      THEN
         NULL;
   END;

   BEGIN
      INSERT INTO sgt_subtabs_det
                  (sdetalle, cempres, csubtabla, cversubt, ccla1, ccla2,
                   ccla3, ccla4, ccla5, ccla6, ccla7, ccla8, nval1,
                   nval2, nval3, nval4, nval5, nval6, falta, cusualt,
                   fmodifi, cusumod, ccla9, ccla10, nval7, nval8, nval9,
                   nval10
                  )
           VALUES (sdetalle_conf.NEXTVAL, 24, 8000047, 1, 80001, 0,
                   1804720, NULL, NULL, NULL, NULL, NULL, 196.539678457549,
                   NULL, NULL, NULL, NULL, NULL, f_sysdate, f_user,
                   NULL, NULL, NULL, NULL, NULL, NULL, NULL,
                   NULL
                  );
   EXCEPTION
      WHEN DUP_VAL_ON_INDEX
      THEN
         NULL;
   END;

   BEGIN
      INSERT INTO sgt_subtabs_det
                  (sdetalle, cempres, csubtabla, cversubt, ccla1, ccla2,
                   ccla3, ccla4, ccla5, ccla6, ccla7, ccla8, nval1,
                   nval2, nval3, nval4, nval5, nval6, falta, cusualt,
                   fmodifi, cusumod, ccla9, ccla10, nval7, nval8, nval9,
                   nval10
                  )
           VALUES (sdetalle_conf.NEXTVAL, 24, 8000047, 1, 80002, 0,
                   1804720, NULL, NULL, NULL, NULL, NULL, 196.539678457549,
                   NULL, NULL, NULL, NULL, NULL, f_sysdate, f_user,
                   NULL, NULL, NULL, NULL, NULL, NULL, NULL,
                   NULL
                  );
   EXCEPTION
      WHEN DUP_VAL_ON_INDEX
      THEN
         NULL;
   END;

   BEGIN
      INSERT INTO sgt_subtabs_det
                  (sdetalle, cempres, csubtabla, cversubt, ccla1, ccla2,
                   ccla3, ccla4, ccla5, ccla6, ccla7, ccla8, nval1,
                   nval2, nval3, nval4, nval5, nval6, falta, cusualt,
                   fmodifi, cusumod, ccla9, ccla10, nval7, nval8, nval9,
                   nval10
                  )
           VALUES (sdetalle_conf.NEXTVAL, 24, 8000047, 1, 80003, 0,
                   1804720, NULL, NULL, NULL, NULL, NULL, 196.539678457549,
                   NULL, NULL, NULL, NULL, NULL, f_sysdate, f_user,
                   NULL, NULL, NULL, NULL, NULL, NULL, NULL,
                   NULL
                  );
   EXCEPTION
      WHEN DUP_VAL_ON_INDEX
      THEN
         NULL;
   END;

   BEGIN
      INSERT INTO sgt_subtabs_det
                  (sdetalle, cempres, csubtabla, cversubt, ccla1, ccla2,
                   ccla3, ccla4, ccla5, ccla6, ccla7, ccla8, nval1,
                   nval2, nval3, nval4, nval5, nval6, falta, cusualt,
                   fmodifi, cusumod, ccla9, ccla10, nval7, nval8, nval9,
                   nval10
                  )
           VALUES (sdetalle_conf.NEXTVAL, 24, 8000047, 1, 80001, 3,
                   1804720, NULL, NULL, NULL, NULL, NULL, 37.48647458301,
                   NULL, NULL, NULL, NULL, NULL, f_sysdate, f_user,
                   NULL, NULL, NULL, NULL, NULL, NULL, NULL,
                   NULL
                  );
   EXCEPTION
      WHEN DUP_VAL_ON_INDEX
      THEN
         NULL;
   END;

   BEGIN
      INSERT INTO sgt_subtabs_det
                  (sdetalle, cempres, csubtabla, cversubt, ccla1, ccla2,
                   ccla3, ccla4, ccla5, ccla6, ccla7, ccla8, nval1,
                   nval2, nval3, nval4, nval5, nval6, falta, cusualt,
                   fmodifi, cusumod, ccla9, ccla10, nval7, nval8, nval9,
                   nval10
                  )
           VALUES (sdetalle_conf.NEXTVAL, 24, 8000047, 1, 80002, 3,
                   1804720, NULL, NULL, NULL, NULL, NULL, 37.48647458301,
                   NULL, NULL, NULL, NULL, NULL, f_sysdate, f_user,
                   NULL, NULL, NULL, NULL, NULL, NULL, NULL,
                   NULL
                  );
   EXCEPTION
      WHEN DUP_VAL_ON_INDEX
      THEN
         NULL;
   END;

   BEGIN
      INSERT INTO sgt_subtabs_det
                  (sdetalle, cempres, csubtabla, cversubt, ccla1, ccla2,
                   ccla3, ccla4, ccla5, ccla6, ccla7, ccla8, nval1,
                   nval2, nval3, nval4, nval5, nval6, falta, cusualt,
                   fmodifi, cusumod, ccla9, ccla10, nval7, nval8, nval9,
                   nval10
                  )
           VALUES (sdetalle_conf.NEXTVAL, 24, 8000047, 1, 80003, 3,
                   1804720, NULL, NULL, NULL, NULL, NULL, 37.48647458301,
                   NULL, NULL, NULL, NULL, NULL, f_sysdate, f_user,
                   NULL, NULL, NULL, NULL, NULL, NULL, NULL,
                   NULL
                  );
   EXCEPTION
      WHEN DUP_VAL_ON_INDEX
      THEN
         NULL;
   END;

   BEGIN
      INSERT INTO sgt_subtabs_det
                  (sdetalle, cempres, csubtabla, cversubt, ccla1, ccla2,
                   ccla3, ccla4, ccla5, ccla6, ccla7, ccla8, nval1,
                   nval2, nval3, nval4, nval5, nval6, falta, cusualt,
                   fmodifi, cusumod, ccla9, ccla10, nval7, nval8, nval9,
                   nval10
                  )
           VALUES (sdetalle_conf.NEXTVAL, 24, 8000047, 1, 80001, 1,
                   1804720, NULL, NULL, NULL, NULL, NULL, 107.541819941837,
                   NULL, NULL, NULL, NULL, NULL, f_sysdate, f_user,
                   NULL, NULL, NULL, NULL, NULL, NULL, NULL,
                   NULL
                  );
   EXCEPTION
      WHEN DUP_VAL_ON_INDEX
      THEN
         NULL;
   END;

   BEGIN
      INSERT INTO sgt_subtabs_det
                  (sdetalle, cempres, csubtabla, cversubt, ccla1, ccla2,
                   ccla3, ccla4, ccla5, ccla6, ccla7, ccla8, nval1,
                   nval2, nval3, nval4, nval5, nval6, falta, cusualt,
                   fmodifi, cusumod, ccla9, ccla10, nval7, nval8, nval9,
                   nval10
                  )
           VALUES (sdetalle_conf.NEXTVAL, 24, 8000047, 1, 80002, 1,
                   1804720, NULL, NULL, NULL, NULL, NULL, 107.541819941837,
                   NULL, NULL, NULL, NULL, NULL, f_sysdate, f_user,
                   NULL, NULL, NULL, NULL, NULL, NULL, NULL,
                   NULL
                  );
   EXCEPTION
      WHEN DUP_VAL_ON_INDEX
      THEN
         NULL;
   END;

   BEGIN
      INSERT INTO sgt_subtabs_det
                  (sdetalle, cempres, csubtabla, cversubt, ccla1, ccla2,
                   ccla3, ccla4, ccla5, ccla6, ccla7, ccla8, nval1,
                   nval2, nval3, nval4, nval5, nval6, falta, cusualt,
                   fmodifi, cusumod, ccla9, ccla10, nval7, nval8, nval9,
                   nval10
                  )
           VALUES (sdetalle_conf.NEXTVAL, 24, 8000047, 1, 80003, 1,
                   1804720, NULL, NULL, NULL, NULL, NULL, 107.541819941837,
                   NULL, NULL, NULL, NULL, NULL, f_sysdate, f_user,
                   NULL, NULL, NULL, NULL, NULL, NULL, NULL,
                   NULL
                  );
   EXCEPTION
      WHEN DUP_VAL_ON_INDEX
      THEN
         NULL;
   END;

   BEGIN
      INSERT INTO sgt_subtabs_det
                  (sdetalle, cempres, csubtabla, cversubt, ccla1, ccla2,
                   ccla3, ccla4, ccla5, ccla6, ccla7, ccla8, nval1,
                   nval2, nval3, nval4, nval5, nval6, falta, cusualt,
                   fmodifi, cusumod, ccla9, ccla10, nval7, nval8, nval9,
                   nval10
                  )
           VALUES (sdetalle_conf.NEXTVAL, 24, 8000047, 1, 80001, 1,
                   1804720, NULL, NULL, NULL, NULL, NULL, 107.541819941837,
                   NULL, NULL, NULL, NULL, NULL, f_sysdate, f_user,
                   NULL, NULL, NULL, NULL, NULL, NULL, NULL,
                   NULL
                  );
   EXCEPTION
      WHEN DUP_VAL_ON_INDEX
      THEN
         NULL;
   END;

   BEGIN
      INSERT INTO sgt_subtabs_det
                  (sdetalle, cempres, csubtabla, cversubt, ccla1, ccla2,
                   ccla3, ccla4, ccla5, ccla6, ccla7, ccla8, nval1,
                   nval2, nval3, nval4, nval5, nval6, falta, cusualt,
                   fmodifi, cusumod, ccla9, ccla10, nval7, nval8, nval9,
                   nval10
                  )
           VALUES (sdetalle_conf.NEXTVAL, 24, 8000047, 1, 80002, 1,
                   1804720, NULL, NULL, NULL, NULL, NULL, 107.541819941837,
                   NULL, NULL, NULL, NULL, NULL, f_sysdate, f_user,
                   NULL, NULL, NULL, NULL, NULL, NULL, NULL,
                   NULL
                  );
   EXCEPTION
      WHEN DUP_VAL_ON_INDEX
      THEN
         NULL;
   END;

   BEGIN
      INSERT INTO sgt_subtabs_det
                  (sdetalle, cempres, csubtabla, cversubt, ccla1, ccla2,
                   ccla3, ccla4, ccla5, ccla6, ccla7, ccla8, nval1,
                   nval2, nval3, nval4, nval5, nval6, falta, cusualt,
                   fmodifi, cusumod, ccla9, ccla10, nval7, nval8, nval9,
                   nval10
                  )
           VALUES (sdetalle_conf.NEXTVAL, 24, 8000047, 1, 80003, 1,
                   1804720, NULL, NULL, NULL, NULL, NULL, 107.541819941837,
                   NULL, NULL, NULL, NULL, NULL, f_sysdate, f_user,
                   NULL, NULL, NULL, NULL, NULL, NULL, NULL,
                   NULL
                  );
   EXCEPTION
      WHEN DUP_VAL_ON_INDEX
      THEN
         NULL;
   END;

   BEGIN
      INSERT INTO sgt_subtabs_det
                  (sdetalle, cempres, csubtabla, cversubt, ccla1, ccla2,
                   ccla3, ccla4, ccla5, ccla6, ccla7, ccla8, nval1,
                   nval2, nval3, nval4, nval5, nval6, falta, cusualt,
                   fmodifi, cusumod, ccla9, ccla10, nval7, nval8, nval9,
                   nval10
                  )
           VALUES (sdetalle_conf.NEXTVAL, 24, 8000047, 1, 80001, 2,
                   1804720, NULL, NULL, NULL, NULL, NULL, 196.539678457549,
                   NULL, NULL, NULL, NULL, NULL, f_sysdate, f_user,
                   NULL, NULL, NULL, NULL, NULL, NULL, NULL,
                   NULL
                  );
   EXCEPTION
      WHEN DUP_VAL_ON_INDEX
      THEN
         NULL;
   END;

   BEGIN
      INSERT INTO sgt_subtabs_det
                  (sdetalle, cempres, csubtabla, cversubt, ccla1, ccla2,
                   ccla3, ccla4, ccla5, ccla6, ccla7, ccla8, nval1,
                   nval2, nval3, nval4, nval5, nval6, falta, cusualt,
                   fmodifi, cusumod, ccla9, ccla10, nval7, nval8, nval9,
                   nval10
                  )
           VALUES (sdetalle_conf.NEXTVAL, 24, 8000047, 1, 80002, 2,
                   1804720, NULL, NULL, NULL, NULL, NULL, 196.539678457549,
                   NULL, NULL, NULL, NULL, NULL, f_sysdate, f_user,
                   NULL, NULL, NULL, NULL, NULL, NULL, NULL,
                   NULL
                  );
   EXCEPTION
      WHEN DUP_VAL_ON_INDEX
      THEN
         NULL;
   END;

   BEGIN
      INSERT INTO sgt_subtabs_det
                  (sdetalle, cempres, csubtabla, cversubt, ccla1, ccla2,
                   ccla3, ccla4, ccla5, ccla6, ccla7, ccla8, nval1,
                   nval2, nval3, nval4, nval5, nval6, falta, cusualt,
                   fmodifi, cusumod, ccla9, ccla10, nval7, nval8, nval9,
                   nval10
                  )
           VALUES (sdetalle_conf.NEXTVAL, 24, 8000047, 1, 80003, 2,
                   1804720, NULL, NULL, NULL, NULL, NULL, 196.539678457549,
                   NULL, NULL, NULL, NULL, NULL, f_sysdate, f_user,
                   NULL, NULL, NULL, NULL, NULL, NULL, NULL,
                   NULL
                  );
   EXCEPTION
      WHEN DUP_VAL_ON_INDEX
      THEN
         NULL;
   END;

   BEGIN
      INSERT INTO sgt_subtabs_det
                  (sdetalle, cempres, csubtabla, cversubt, ccla1, ccla2,
                   ccla3, ccla4, ccla5, ccla6, ccla7, ccla8, nval1,
                   nval2, nval3, nval4, nval5, nval6, falta, cusualt,
                   fmodifi, cusumod, ccla9, ccla10, nval7, nval8, nval9,
                   nval10
                  )
           VALUES (sdetalle_conf.NEXTVAL, 24, 8000047, 1, 80001, 0,
                   1804720, NULL, NULL, NULL, NULL, NULL, 196.539678457549,
                   NULL, NULL, NULL, NULL, NULL, f_sysdate, f_user,
                   NULL, NULL, NULL, NULL, NULL, NULL, NULL,
                   NULL
                  );
   EXCEPTION
      WHEN DUP_VAL_ON_INDEX
      THEN
         NULL;
   END;

   BEGIN
      INSERT INTO sgt_subtabs_det
                  (sdetalle, cempres, csubtabla, cversubt, ccla1, ccla2,
                   ccla3, ccla4, ccla5, ccla6, ccla7, ccla8, nval1,
                   nval2, nval3, nval4, nval5, nval6, falta, cusualt,
                   fmodifi, cusumod, ccla9, ccla10, nval7, nval8, nval9,
                   nval10
                  )
           VALUES (sdetalle_conf.NEXTVAL, 24, 8000047, 1, 80002, 0,
                   1804720, NULL, NULL, NULL, NULL, NULL, 196.539678457549,
                   NULL, NULL, NULL, NULL, NULL, f_sysdate, f_user,
                   NULL, NULL, NULL, NULL, NULL, NULL, NULL,
                   NULL
                  );
   EXCEPTION
      WHEN DUP_VAL_ON_INDEX
      THEN
         NULL;
   END;

   BEGIN
      INSERT INTO sgt_subtabs_det
                  (sdetalle, cempres, csubtabla, cversubt, ccla1, ccla2,
                   ccla3, ccla4, ccla5, ccla6, ccla7, ccla8, nval1,
                   nval2, nval3, nval4, nval5, nval6, falta, cusualt,
                   fmodifi, cusumod, ccla9, ccla10, nval7, nval8, nval9,
                   nval10
                  )
           VALUES (sdetalle_conf.NEXTVAL, 24, 8000047, 1, 80003, 0,
                   1804720, NULL, NULL, NULL, NULL, NULL, 196.539678457549,
                   NULL, NULL, NULL, NULL, NULL, f_sysdate, f_user,
                   NULL, NULL, NULL, NULL, NULL, NULL, NULL,
                   NULL
                  );
   EXCEPTION
      WHEN DUP_VAL_ON_INDEX
      THEN
         NULL;
   END;

   BEGIN
      INSERT INTO sgt_subtabs_det
                  (sdetalle, cempres, csubtabla, cversubt, ccla1, ccla2,
                   ccla3, ccla4, ccla5, ccla6, ccla7, ccla8, nval1,
                   nval2, nval3, nval4, nval5, nval6, falta, cusualt,
                   fmodifi, cusumod, ccla9, ccla10, nval7, nval8, nval9,
                   nval10
                  )
           VALUES (sdetalle_conf.NEXTVAL, 24, 8000047, 1, 80001, 3,
                   1804720, NULL, NULL, NULL, NULL, NULL, 37.48647458301,
                   NULL, NULL, NULL, NULL, NULL, f_sysdate, f_user,
                   NULL, NULL, NULL, NULL, NULL, NULL, NULL,
                   NULL
                  );
   EXCEPTION
      WHEN DUP_VAL_ON_INDEX
      THEN
         NULL;
   END;

   BEGIN
      INSERT INTO sgt_subtabs_det
                  (sdetalle, cempres, csubtabla, cversubt, ccla1, ccla2,
                   ccla3, ccla4, ccla5, ccla6, ccla7, ccla8, nval1,
                   nval2, nval3, nval4, nval5, nval6, falta, cusualt,
                   fmodifi, cusumod, ccla9, ccla10, nval7, nval8, nval9,
                   nval10
                  )
           VALUES (sdetalle_conf.NEXTVAL, 24, 8000047, 1, 80002, 3,
                   1804720, NULL, NULL, NULL, NULL, NULL, 37.48647458301,
                   NULL, NULL, NULL, NULL, NULL, f_sysdate, f_user,
                   NULL, NULL, NULL, NULL, NULL, NULL, NULL,
                   NULL
                  );
   EXCEPTION
      WHEN DUP_VAL_ON_INDEX
      THEN
         NULL;
   END;

   BEGIN
      INSERT INTO sgt_subtabs_det
                  (sdetalle, cempres, csubtabla, cversubt, ccla1, ccla2,
                   ccla3, ccla4, ccla5, ccla6, ccla7, ccla8, nval1,
                   nval2, nval3, nval4, nval5, nval6, falta, cusualt,
                   fmodifi, cusumod, ccla9, ccla10, nval7, nval8, nval9,
                   nval10
                  )
           VALUES (sdetalle_conf.NEXTVAL, 24, 8000047, 1, 80003, 3,
                   1804720, NULL, NULL, NULL, NULL, NULL, 37.48647458301,
                   NULL, NULL, NULL, NULL, NULL, f_sysdate, f_user,
                   NULL, NULL, NULL, NULL, NULL, NULL, NULL,
                   NULL
                  );
   EXCEPTION
      WHEN DUP_VAL_ON_INDEX
      THEN
         NULL;
   END;

   BEGIN
      INSERT INTO sgt_subtabs_det
                  (sdetalle, cempres, csubtabla, cversubt, ccla1, ccla2,
                   ccla3, ccla4, ccla5, ccla6, ccla7, ccla8, nval1,
                   nval2, nval3, nval4, nval5, nval6, falta, cusualt,
                   fmodifi, cusumod, ccla9, ccla10, nval7, nval8, nval9,
                   nval10
                  )
           VALUES (sdetalle_conf.NEXTVAL, 24, 8000047, 1, 80001, 1,
                   1804720, NULL, NULL, NULL, NULL, NULL, 107.541819941837,
                   NULL, NULL, NULL, NULL, NULL, f_sysdate, f_user,
                   NULL, NULL, NULL, NULL, NULL, NULL, NULL,
                   NULL
                  );
   EXCEPTION
      WHEN DUP_VAL_ON_INDEX
      THEN
         NULL;
   END;

   BEGIN
      INSERT INTO sgt_subtabs_det
                  (sdetalle, cempres, csubtabla, cversubt, ccla1, ccla2,
                   ccla3, ccla4, ccla5, ccla6, ccla7, ccla8, nval1,
                   nval2, nval3, nval4, nval5, nval6, falta, cusualt,
                   fmodifi, cusumod, ccla9, ccla10, nval7, nval8, nval9,
                   nval10
                  )
           VALUES (sdetalle_conf.NEXTVAL, 24, 8000047, 1, 80002, 1,
                   1804720, NULL, NULL, NULL, NULL, NULL, 107.541819941837,
                   NULL, NULL, NULL, NULL, NULL, f_sysdate, f_user,
                   NULL, NULL, NULL, NULL, NULL, NULL, NULL,
                   NULL
                  );
   EXCEPTION
      WHEN DUP_VAL_ON_INDEX
      THEN
         NULL;
   END;

   BEGIN
      INSERT INTO sgt_subtabs_det
                  (sdetalle, cempres, csubtabla, cversubt, ccla1, ccla2,
                   ccla3, ccla4, ccla5, ccla6, ccla7, ccla8, nval1,
                   nval2, nval3, nval4, nval5, nval6, falta, cusualt,
                   fmodifi, cusumod, ccla9, ccla10, nval7, nval8, nval9,
                   nval10
                  )
           VALUES (sdetalle_conf.NEXTVAL, 24, 8000047, 1, 80003, 1,
                   1804720, NULL, NULL, NULL, NULL, NULL, 107.541819941837,
                   NULL, NULL, NULL, NULL, NULL, f_sysdate, f_user,
                   NULL, NULL, NULL, NULL, NULL, NULL, NULL,
                   NULL
                  );
   EXCEPTION
      WHEN DUP_VAL_ON_INDEX
      THEN
         NULL;
   END;

   BEGIN
      INSERT INTO sgt_subtabs_det
                  (sdetalle, cempres, csubtabla, cversubt, ccla1, ccla2,
                   ccla3, ccla4, ccla5, ccla6, ccla7, ccla8, nval1,
                   nval2, nval3, nval4, nval5, nval6, falta, cusualt,
                   fmodifi, cusumod, ccla9, ccla10, nval7, nval8, nval9,
                   nval10
                  )
           VALUES (sdetalle_conf.NEXTVAL, 24, 8000047, 1, 80001, 1,
                   1804720, NULL, NULL, NULL, NULL, NULL, 107.541819941837,
                   NULL, NULL, NULL, NULL, NULL, f_sysdate, f_user,
                   NULL, NULL, NULL, NULL, NULL, NULL, NULL,
                   NULL
                  );
   EXCEPTION
      WHEN DUP_VAL_ON_INDEX
      THEN
         NULL;
   END;

   BEGIN
      INSERT INTO sgt_subtabs_det
                  (sdetalle, cempres, csubtabla, cversubt, ccla1, ccla2,
                   ccla3, ccla4, ccla5, ccla6, ccla7, ccla8, nval1,
                   nval2, nval3, nval4, nval5, nval6, falta, cusualt,
                   fmodifi, cusumod, ccla9, ccla10, nval7, nval8, nval9,
                   nval10
                  )
           VALUES (sdetalle_conf.NEXTVAL, 24, 8000047, 1, 80002, 1,
                   1804720, NULL, NULL, NULL, NULL, NULL, 107.541819941837,
                   NULL, NULL, NULL, NULL, NULL, f_sysdate, f_user,
                   NULL, NULL, NULL, NULL, NULL, NULL, NULL,
                   NULL
                  );
   EXCEPTION
      WHEN DUP_VAL_ON_INDEX
      THEN
         NULL;
   END;

   BEGIN
      INSERT INTO sgt_subtabs_det
                  (sdetalle, cempres, csubtabla, cversubt, ccla1, ccla2,
                   ccla3, ccla4, ccla5, ccla6, ccla7, ccla8, nval1,
                   nval2, nval3, nval4, nval5, nval6, falta, cusualt,
                   fmodifi, cusumod, ccla9, ccla10, nval7, nval8, nval9,
                   nval10
                  )
           VALUES (sdetalle_conf.NEXTVAL, 24, 8000047, 1, 80003, 1,
                   1804720, NULL, NULL, NULL, NULL, NULL, 107.541819941837,
                   NULL, NULL, NULL, NULL, NULL, f_sysdate, f_user,
                   NULL, NULL, NULL, NULL, NULL, NULL, NULL,
                   NULL
                  );
   EXCEPTION
      WHEN DUP_VAL_ON_INDEX
      THEN
         NULL;
   END;

   BEGIN
      INSERT INTO sgt_subtabs_det
                  (sdetalle, cempres, csubtabla, cversubt, ccla1, ccla2,
                   ccla3, ccla4, ccla5, ccla6, ccla7, ccla8, nval1,
                   nval2, nval3, nval4, nval5, nval6, falta, cusualt,
                   fmodifi, cusumod, ccla9, ccla10, nval7, nval8, nval9,
                   nval10
                  )
           VALUES (sdetalle_conf.NEXTVAL, 24, 8000047, 1, 80001, 2,
                   1804720, NULL, NULL, NULL, NULL, NULL, 196.539678457549,
                   NULL, NULL, NULL, NULL, NULL, f_sysdate, f_user,
                   NULL, NULL, NULL, NULL, NULL, NULL, NULL,
                   NULL
                  );
   EXCEPTION
      WHEN DUP_VAL_ON_INDEX
      THEN
         NULL;
   END;

   BEGIN
      INSERT INTO sgt_subtabs_det
                  (sdetalle, cempres, csubtabla, cversubt, ccla1, ccla2,
                   ccla3, ccla4, ccla5, ccla6, ccla7, ccla8, nval1,
                   nval2, nval3, nval4, nval5, nval6, falta, cusualt,
                   fmodifi, cusumod, ccla9, ccla10, nval7, nval8, nval9,
                   nval10
                  )
           VALUES (sdetalle_conf.NEXTVAL, 24, 8000047, 1, 80002, 2,
                   1804720, NULL, NULL, NULL, NULL, NULL, 196.539678457549,
                   NULL, NULL, NULL, NULL, NULL, f_sysdate, f_user,
                   NULL, NULL, NULL, NULL, NULL, NULL, NULL,
                   NULL
                  );
   EXCEPTION
      WHEN DUP_VAL_ON_INDEX
      THEN
         NULL;
   END;

   BEGIN
      INSERT INTO sgt_subtabs_det
                  (sdetalle, cempres, csubtabla, cversubt, ccla1, ccla2,
                   ccla3, ccla4, ccla5, ccla6, ccla7, ccla8, nval1,
                   nval2, nval3, nval4, nval5, nval6, falta, cusualt,
                   fmodifi, cusumod, ccla9, ccla10, nval7, nval8, nval9,
                   nval10
                  )
           VALUES (sdetalle_conf.NEXTVAL, 24, 8000047, 1, 80003, 2,
                   1804720, NULL, NULL, NULL, NULL, NULL, 196.539678457549,
                   NULL, NULL, NULL, NULL, NULL, f_sysdate, f_user,
                   NULL, NULL, NULL, NULL, NULL, NULL, NULL,
                   NULL
                  );
   EXCEPTION
      WHEN DUP_VAL_ON_INDEX
      THEN
         NULL;
   END;

   BEGIN
      INSERT INTO sgt_subtabs_det
                  (sdetalle, cempres, csubtabla, cversubt, ccla1, ccla2,
                   ccla3, ccla4, ccla5, ccla6, ccla7, ccla8, nval1,
                   nval2, nval3, nval4, nval5, nval6, falta, cusualt,
                   fmodifi, cusumod, ccla9, ccla10, nval7, nval8, nval9,
                   nval10
                  )
           VALUES (sdetalle_conf.NEXTVAL, 24, 8000047, 1, 80001, 0,
                   1804720, NULL, NULL, NULL, NULL, NULL, 196.539678457549,
                   NULL, NULL, NULL, NULL, NULL, f_sysdate, f_user,
                   NULL, NULL, NULL, NULL, NULL, NULL, NULL,
                   NULL
                  );
   EXCEPTION
      WHEN DUP_VAL_ON_INDEX
      THEN
         NULL;
   END;

   BEGIN
      INSERT INTO sgt_subtabs_det
                  (sdetalle, cempres, csubtabla, cversubt, ccla1, ccla2,
                   ccla3, ccla4, ccla5, ccla6, ccla7, ccla8, nval1,
                   nval2, nval3, nval4, nval5, nval6, falta, cusualt,
                   fmodifi, cusumod, ccla9, ccla10, nval7, nval8, nval9,
                   nval10
                  )
           VALUES (sdetalle_conf.NEXTVAL, 24, 8000047, 1, 80002, 0,
                   1804720, NULL, NULL, NULL, NULL, NULL, 196.539678457549,
                   NULL, NULL, NULL, NULL, NULL, f_sysdate, f_user,
                   NULL, NULL, NULL, NULL, NULL, NULL, NULL,
                   NULL
                  );
   EXCEPTION
      WHEN DUP_VAL_ON_INDEX
      THEN
         NULL;
   END;

   BEGIN
      INSERT INTO sgt_subtabs_det
                  (sdetalle, cempres, csubtabla, cversubt, ccla1, ccla2,
                   ccla3, ccla4, ccla5, ccla6, ccla7, ccla8, nval1,
                   nval2, nval3, nval4, nval5, nval6, falta, cusualt,
                   fmodifi, cusumod, ccla9, ccla10, nval7, nval8, nval9,
                   nval10
                  )
           VALUES (sdetalle_conf.NEXTVAL, 24, 8000047, 1, 80003, 0,
                   1804720, NULL, NULL, NULL, NULL, NULL, 196.539678457549,
                   NULL, NULL, NULL, NULL, NULL, f_sysdate, f_user,
                   NULL, NULL, NULL, NULL, NULL, NULL, NULL,
                   NULL
                  );
   EXCEPTION
      WHEN DUP_VAL_ON_INDEX
      THEN
         NULL;
   END;

   BEGIN
      INSERT INTO sgt_subtabs_det
                  (sdetalle, cempres, csubtabla, cversubt, ccla1, ccla2,
                   ccla3, ccla4, ccla5, ccla6, ccla7, ccla8, nval1,
                   nval2, nval3, nval4, nval5, nval6, falta, cusualt,
                   fmodifi, cusumod, ccla9, ccla10, nval7, nval8, nval9,
                   nval10
                  )
           VALUES (sdetalle_conf.NEXTVAL, 24, 8000047, 1, 80001, 1,
                   1804720, NULL, NULL, NULL, NULL, NULL, 107.541819941837,
                   NULL, NULL, NULL, NULL, NULL, f_sysdate, f_user,
                   NULL, NULL, NULL, NULL, NULL, NULL, NULL,
                   NULL
                  );
   EXCEPTION
      WHEN DUP_VAL_ON_INDEX
      THEN
         NULL;
   END;

   BEGIN
      INSERT INTO sgt_subtabs_det
                  (sdetalle, cempres, csubtabla, cversubt, ccla1, ccla2,
                   ccla3, ccla4, ccla5, ccla6, ccla7, ccla8, nval1,
                   nval2, nval3, nval4, nval5, nval6, falta, cusualt,
                   fmodifi, cusumod, ccla9, ccla10, nval7, nval8, nval9,
                   nval10
                  )
           VALUES (sdetalle_conf.NEXTVAL, 24, 8000047, 1, 80002, 1,
                   1804720, NULL, NULL, NULL, NULL, NULL, 107.541819941837,
                   NULL, NULL, NULL, NULL, NULL, f_sysdate, f_user,
                   NULL, NULL, NULL, NULL, NULL, NULL, NULL,
                   NULL
                  );
   EXCEPTION
      WHEN DUP_VAL_ON_INDEX
      THEN
         NULL;
   END;

   BEGIN
      INSERT INTO sgt_subtabs_det
                  (sdetalle, cempres, csubtabla, cversubt, ccla1, ccla2,
                   ccla3, ccla4, ccla5, ccla6, ccla7, ccla8, nval1,
                   nval2, nval3, nval4, nval5, nval6, falta, cusualt,
                   fmodifi, cusumod, ccla9, ccla10, nval7, nval8, nval9,
                   nval10
                  )
           VALUES (sdetalle_conf.NEXTVAL, 24, 8000047, 1, 80003, 1,
                   1804720, NULL, NULL, NULL, NULL, NULL, 107.541819941837,
                   NULL, NULL, NULL, NULL, NULL, f_sysdate, f_user,
                   NULL, NULL, NULL, NULL, NULL, NULL, NULL,
                   NULL
                  );
   EXCEPTION
      WHEN DUP_VAL_ON_INDEX
      THEN
         NULL;
   END;

   BEGIN
      INSERT INTO sgt_subtabs_det
                  (sdetalle, cempres, csubtabla, cversubt, ccla1, ccla2,
                   ccla3, ccla4, ccla5, ccla6, ccla7, ccla8, nval1,
                   nval2, nval3, nval4, nval5, nval6, falta, cusualt,
                   fmodifi, cusumod, ccla9, ccla10, nval7, nval8, nval9,
                   nval10
                  )
           VALUES (sdetalle_conf.NEXTVAL, 24, 8000047, 1, 80001, 0,
                   1804720, NULL, NULL, NULL, NULL, NULL, 196.539678457549,
                   NULL, NULL, NULL, NULL, NULL, f_sysdate, f_user,
                   NULL, NULL, NULL, NULL, NULL, NULL, NULL,
                   NULL
                  );
   EXCEPTION
      WHEN DUP_VAL_ON_INDEX
      THEN
         NULL;
   END;

   BEGIN
      INSERT INTO sgt_subtabs_det
                  (sdetalle, cempres, csubtabla, cversubt, ccla1, ccla2,
                   ccla3, ccla4, ccla5, ccla6, ccla7, ccla8, nval1,
                   nval2, nval3, nval4, nval5, nval6, falta, cusualt,
                   fmodifi, cusumod, ccla9, ccla10, nval7, nval8, nval9,
                   nval10
                  )
           VALUES (sdetalle_conf.NEXTVAL, 24, 8000047, 1, 80002, 0,
                   1804720, NULL, NULL, NULL, NULL, NULL, 196.539678457549,
                   NULL, NULL, NULL, NULL, NULL, f_sysdate, f_user,
                   NULL, NULL, NULL, NULL, NULL, NULL, NULL,
                   NULL
                  );
   EXCEPTION
      WHEN DUP_VAL_ON_INDEX
      THEN
         NULL;
   END;

   BEGIN
      INSERT INTO sgt_subtabs_det
                  (sdetalle, cempres, csubtabla, cversubt, ccla1, ccla2,
                   ccla3, ccla4, ccla5, ccla6, ccla7, ccla8, nval1,
                   nval2, nval3, nval4, nval5, nval6, falta, cusualt,
                   fmodifi, cusumod, ccla9, ccla10, nval7, nval8, nval9,
                   nval10
                  )
           VALUES (sdetalle_conf.NEXTVAL, 24, 8000047, 1, 80003, 0,
                   1804720, NULL, NULL, NULL, NULL, NULL, 196.539678457549,
                   NULL, NULL, NULL, NULL, NULL, f_sysdate, f_user,
                   NULL, NULL, NULL, NULL, NULL, NULL, NULL,
                   NULL
                  );
   EXCEPTION
      WHEN DUP_VAL_ON_INDEX
      THEN
         NULL;
   END;

   BEGIN
      INSERT INTO sgt_subtabs_det
                  (sdetalle, cempres, csubtabla, cversubt, ccla1, ccla2,
                   ccla3, ccla4, ccla5, ccla6, ccla7, ccla8, nval1,
                   nval2, nval3, nval4, nval5, nval6, falta, cusualt,
                   fmodifi, cusumod, ccla9, ccla10, nval7, nval8, nval9,
                   nval10
                  )
           VALUES (sdetalle_conf.NEXTVAL, 24, 8000047, 1, 80001, 3,
                   1804720, NULL, NULL, NULL, NULL, NULL, 37.48647458301,
                   NULL, NULL, NULL, NULL, NULL, f_sysdate, f_user,
                   NULL, NULL, NULL, NULL, NULL, NULL, NULL,
                   NULL
                  );
   EXCEPTION
      WHEN DUP_VAL_ON_INDEX
      THEN
         NULL;
   END;

   BEGIN
      INSERT INTO sgt_subtabs_det
                  (sdetalle, cempres, csubtabla, cversubt, ccla1, ccla2,
                   ccla3, ccla4, ccla5, ccla6, ccla7, ccla8, nval1,
                   nval2, nval3, nval4, nval5, nval6, falta, cusualt,
                   fmodifi, cusumod, ccla9, ccla10, nval7, nval8, nval9,
                   nval10
                  )
           VALUES (sdetalle_conf.NEXTVAL, 24, 8000047, 1, 80002, 3,
                   1804720, NULL, NULL, NULL, NULL, NULL, 37.48647458301,
                   NULL, NULL, NULL, NULL, NULL, f_sysdate, f_user,
                   NULL, NULL, NULL, NULL, NULL, NULL, NULL,
                   NULL
                  );
   EXCEPTION
      WHEN DUP_VAL_ON_INDEX
      THEN
         NULL;
   END;

   BEGIN
      INSERT INTO sgt_subtabs_det
                  (sdetalle, cempres, csubtabla, cversubt, ccla1, ccla2,
                   ccla3, ccla4, ccla5, ccla6, ccla7, ccla8, nval1,
                   nval2, nval3, nval4, nval5, nval6, falta, cusualt,
                   fmodifi, cusumod, ccla9, ccla10, nval7, nval8, nval9,
                   nval10
                  )
           VALUES (sdetalle_conf.NEXTVAL, 24, 8000047, 1, 80003, 3,
                   1804720, NULL, NULL, NULL, NULL, NULL, 37.48647458301,
                   NULL, NULL, NULL, NULL, NULL, f_sysdate, f_user,
                   NULL, NULL, NULL, NULL, NULL, NULL, NULL,
                   NULL
                  );
   EXCEPTION
      WHEN DUP_VAL_ON_INDEX
      THEN
         NULL;
   END;

   BEGIN
      INSERT INTO sgt_subtabs_det
                  (sdetalle, cempres, csubtabla, cversubt, ccla1, ccla2,
                   ccla3, ccla4, ccla5, ccla6, ccla7, ccla8, nval1,
                   nval2, nval3, nval4, nval5, nval6, falta, cusualt,
                   fmodifi, cusumod, ccla9, ccla10, nval7, nval8, nval9,
                   nval10
                  )
           VALUES (sdetalle_conf.NEXTVAL, 24, 8000047, 1, 80001, 1,
                   1804720, NULL, NULL, NULL, NULL, NULL, 107.541819941837,
                   NULL, NULL, NULL, NULL, NULL, f_sysdate, f_user,
                   NULL, NULL, NULL, NULL, NULL, NULL, NULL,
                   NULL
                  );
   EXCEPTION
      WHEN DUP_VAL_ON_INDEX
      THEN
         NULL;
   END;

   BEGIN
      INSERT INTO sgt_subtabs_det
                  (sdetalle, cempres, csubtabla, cversubt, ccla1, ccla2,
                   ccla3, ccla4, ccla5, ccla6, ccla7, ccla8, nval1,
                   nval2, nval3, nval4, nval5, nval6, falta, cusualt,
                   fmodifi, cusumod, ccla9, ccla10, nval7, nval8, nval9,
                   nval10
                  )
           VALUES (sdetalle_conf.NEXTVAL, 24, 8000047, 1, 80002, 1,
                   1804720, NULL, NULL, NULL, NULL, NULL, 107.541819941837,
                   NULL, NULL, NULL, NULL, NULL, f_sysdate, f_user,
                   NULL, NULL, NULL, NULL, NULL, NULL, NULL,
                   NULL
                  );
   EXCEPTION
      WHEN DUP_VAL_ON_INDEX
      THEN
         NULL;
   END;

   BEGIN
      INSERT INTO sgt_subtabs_det
                  (sdetalle, cempres, csubtabla, cversubt, ccla1, ccla2,
                   ccla3, ccla4, ccla5, ccla6, ccla7, ccla8, nval1,
                   nval2, nval3, nval4, nval5, nval6, falta, cusualt,
                   fmodifi, cusumod, ccla9, ccla10, nval7, nval8, nval9,
                   nval10
                  )
           VALUES (sdetalle_conf.NEXTVAL, 24, 8000047, 1, 80003, 1,
                   1804720, NULL, NULL, NULL, NULL, NULL, 107.541819941837,
                   NULL, NULL, NULL, NULL, NULL, f_sysdate, f_user,
                   NULL, NULL, NULL, NULL, NULL, NULL, NULL,
                   NULL
                  );
   EXCEPTION
      WHEN DUP_VAL_ON_INDEX
      THEN
         NULL;
   END;

   BEGIN
      INSERT INTO sgt_subtabs_det
                  (sdetalle, cempres, csubtabla, cversubt, ccla1, ccla2,
                   ccla3, ccla4, ccla5, ccla6, ccla7, ccla8, nval1,
                   nval2, nval3, nval4, nval5, nval6, falta, cusualt,
                   fmodifi, cusumod, ccla9, ccla10, nval7, nval8, nval9,
                   nval10
                  )
           VALUES (sdetalle_conf.NEXTVAL, 24, 8000047, 1, 80001, 2,
                   1804720, NULL, NULL, NULL, NULL, NULL, 196.539678457549,
                   NULL, NULL, NULL, NULL, NULL, f_sysdate, f_user,
                   NULL, NULL, NULL, NULL, NULL, NULL, NULL,
                   NULL
                  );
   EXCEPTION
      WHEN DUP_VAL_ON_INDEX
      THEN
         NULL;
   END;

   BEGIN
      INSERT INTO sgt_subtabs_det
                  (sdetalle, cempres, csubtabla, cversubt, ccla1, ccla2,
                   ccla3, ccla4, ccla5, ccla6, ccla7, ccla8, nval1,
                   nval2, nval3, nval4, nval5, nval6, falta, cusualt,
                   fmodifi, cusumod, ccla9, ccla10, nval7, nval8, nval9,
                   nval10
                  )
           VALUES (sdetalle_conf.NEXTVAL, 24, 8000047, 1, 80002, 2,
                   1804720, NULL, NULL, NULL, NULL, NULL, 196.539678457549,
                   NULL, NULL, NULL, NULL, NULL, f_sysdate, f_user,
                   NULL, NULL, NULL, NULL, NULL, NULL, NULL,
                   NULL
                  );
   EXCEPTION
      WHEN DUP_VAL_ON_INDEX
      THEN
         NULL;
   END;

   BEGIN
      INSERT INTO sgt_subtabs_det
                  (sdetalle, cempres, csubtabla, cversubt, ccla1, ccla2,
                   ccla3, ccla4, ccla5, ccla6, ccla7, ccla8, nval1,
                   nval2, nval3, nval4, nval5, nval6, falta, cusualt,
                   fmodifi, cusumod, ccla9, ccla10, nval7, nval8, nval9,
                   nval10
                  )
           VALUES (sdetalle_conf.NEXTVAL, 24, 8000047, 1, 80003, 2,
                   1804720, NULL, NULL, NULL, NULL, NULL, 196.539678457549,
                   NULL, NULL, NULL, NULL, NULL, f_sysdate, f_user,
                   NULL, NULL, NULL, NULL, NULL, NULL, NULL,
                   NULL
                  );
   EXCEPTION
      WHEN DUP_VAL_ON_INDEX
      THEN
         NULL;
   END;

   BEGIN
      INSERT INTO sgt_subtabs_det
                  (sdetalle, cempres, csubtabla, cversubt, ccla1, ccla2,
                   ccla3, ccla4, ccla5, ccla6, ccla7, ccla8, nval1,
                   nval2, nval3, nval4, nval5, nval6, falta, cusualt,
                   fmodifi, cusumod, ccla9, ccla10, nval7, nval8, nval9,
                   nval10
                  )
           VALUES (sdetalle_conf.NEXTVAL, 24, 8000047, 1, 80001, 0,
                   1804720, NULL, NULL, NULL, NULL, NULL, 196.539678457549,
                   NULL, NULL, NULL, NULL, NULL, f_sysdate, f_user,
                   NULL, NULL, NULL, NULL, NULL, NULL, NULL,
                   NULL
                  );
   EXCEPTION
      WHEN DUP_VAL_ON_INDEX
      THEN
         NULL;
   END;

   BEGIN
      INSERT INTO sgt_subtabs_det
                  (sdetalle, cempres, csubtabla, cversubt, ccla1, ccla2,
                   ccla3, ccla4, ccla5, ccla6, ccla7, ccla8, nval1,
                   nval2, nval3, nval4, nval5, nval6, falta, cusualt,
                   fmodifi, cusumod, ccla9, ccla10, nval7, nval8, nval9,
                   nval10
                  )
           VALUES (sdetalle_conf.NEXTVAL, 24, 8000047, 1, 80002, 0,
                   1804720, NULL, NULL, NULL, NULL, NULL, 196.539678457549,
                   NULL, NULL, NULL, NULL, NULL, f_sysdate, f_user,
                   NULL, NULL, NULL, NULL, NULL, NULL, NULL,
                   NULL
                  );
   EXCEPTION
      WHEN DUP_VAL_ON_INDEX
      THEN
         NULL;
   END;

   BEGIN
      INSERT INTO sgt_subtabs_det
                  (sdetalle, cempres, csubtabla, cversubt, ccla1, ccla2,
                   ccla3, ccla4, ccla5, ccla6, ccla7, ccla8, nval1,
                   nval2, nval3, nval4, nval5, nval6, falta, cusualt,
                   fmodifi, cusumod, ccla9, ccla10, nval7, nval8, nval9,
                   nval10
                  )
           VALUES (sdetalle_conf.NEXTVAL, 24, 8000047, 1, 80003, 0,
                   1804720, NULL, NULL, NULL, NULL, NULL, 196.539678457549,
                   NULL, NULL, NULL, NULL, NULL, f_sysdate, f_user,
                   NULL, NULL, NULL, NULL, NULL, NULL, NULL,
                   NULL
                  );
   EXCEPTION
      WHEN DUP_VAL_ON_INDEX
      THEN
         NULL;
   END;

   BEGIN
      INSERT INTO sgt_subtabs_det
                  (sdetalle, cempres, csubtabla, cversubt, ccla1, ccla2,
                   ccla3, ccla4, ccla5, ccla6, ccla7, ccla8, nval1,
                   nval2, nval3, nval4, nval5, nval6, falta, cusualt,
                   fmodifi, cusumod, ccla9, ccla10, nval7, nval8, nval9,
                   nval10
                  )
           VALUES (sdetalle_conf.NEXTVAL, 24, 8000047, 1, 80001, 3,
                   1804720, NULL, NULL, NULL, NULL, NULL, 37.48647458301,
                   NULL, NULL, NULL, NULL, NULL, f_sysdate, f_user,
                   NULL, NULL, NULL, NULL, NULL, NULL, NULL,
                   NULL
                  );
   EXCEPTION
      WHEN DUP_VAL_ON_INDEX
      THEN
         NULL;
   END;

   BEGIN
      INSERT INTO sgt_subtabs_det
                  (sdetalle, cempres, csubtabla, cversubt, ccla1, ccla2,
                   ccla3, ccla4, ccla5, ccla6, ccla7, ccla8, nval1,
                   nval2, nval3, nval4, nval5, nval6, falta, cusualt,
                   fmodifi, cusumod, ccla9, ccla10, nval7, nval8, nval9,
                   nval10
                  )
           VALUES (sdetalle_conf.NEXTVAL, 24, 8000047, 1, 80002, 3,
                   1804720, NULL, NULL, NULL, NULL, NULL, 37.48647458301,
                   NULL, NULL, NULL, NULL, NULL, f_sysdate, f_user,
                   NULL, NULL, NULL, NULL, NULL, NULL, NULL,
                   NULL
                  );
   EXCEPTION
      WHEN DUP_VAL_ON_INDEX
      THEN
         NULL;
   END;

   BEGIN
      INSERT INTO sgt_subtabs_det
                  (sdetalle, cempres, csubtabla, cversubt, ccla1, ccla2,
                   ccla3, ccla4, ccla5, ccla6, ccla7, ccla8, nval1,
                   nval2, nval3, nval4, nval5, nval6, falta, cusualt,
                   fmodifi, cusumod, ccla9, ccla10, nval7, nval8, nval9,
                   nval10
                  )
           VALUES (sdetalle_conf.NEXTVAL, 24, 8000047, 1, 80003, 3,
                   1804720, NULL, NULL, NULL, NULL, NULL, 37.48647458301,
                   NULL, NULL, NULL, NULL, NULL, f_sysdate, f_user,
                   NULL, NULL, NULL, NULL, NULL, NULL, NULL,
                   NULL
                  );
   EXCEPTION
      WHEN DUP_VAL_ON_INDEX
      THEN
         NULL;
   END;

   BEGIN
      INSERT INTO sgt_subtabs_det
                  (sdetalle, cempres, csubtabla, cversubt, ccla1, ccla2,
                   ccla3, ccla4, ccla5, ccla6, ccla7, ccla8, nval1,
                   nval2, nval3, nval4, nval5, nval6, falta, cusualt,
                   fmodifi, cusumod, ccla9, ccla10, nval7, nval8, nval9,
                   nval10
                  )
           VALUES (sdetalle_conf.NEXTVAL, 24, 8000047, 1, 80001, 2,
                   1804720, NULL, NULL, NULL, NULL, NULL, 196.539678457549,
                   NULL, NULL, NULL, NULL, NULL, f_sysdate, f_user,
                   NULL, NULL, NULL, NULL, NULL, NULL, NULL,
                   NULL
                  );
   EXCEPTION
      WHEN DUP_VAL_ON_INDEX
      THEN
         NULL;
   END;

   BEGIN
      INSERT INTO sgt_subtabs_det
                  (sdetalle, cempres, csubtabla, cversubt, ccla1, ccla2,
                   ccla3, ccla4, ccla5, ccla6, ccla7, ccla8, nval1,
                   nval2, nval3, nval4, nval5, nval6, falta, cusualt,
                   fmodifi, cusumod, ccla9, ccla10, nval7, nval8, nval9,
                   nval10
                  )
           VALUES (sdetalle_conf.NEXTVAL, 24, 8000047, 1, 80002, 2,
                   1804720, NULL, NULL, NULL, NULL, NULL, 196.539678457549,
                   NULL, NULL, NULL, NULL, NULL, f_sysdate, f_user,
                   NULL, NULL, NULL, NULL, NULL, NULL, NULL,
                   NULL
                  );
   EXCEPTION
      WHEN DUP_VAL_ON_INDEX
      THEN
         NULL;
   END;

   BEGIN
      INSERT INTO sgt_subtabs_det
                  (sdetalle, cempres, csubtabla, cversubt, ccla1, ccla2,
                   ccla3, ccla4, ccla5, ccla6, ccla7, ccla8, nval1,
                   nval2, nval3, nval4, nval5, nval6, falta, cusualt,
                   fmodifi, cusumod, ccla9, ccla10, nval7, nval8, nval9,
                   nval10
                  )
           VALUES (sdetalle_conf.NEXTVAL, 24, 8000047, 1, 80003, 2,
                   1804720, NULL, NULL, NULL, NULL, NULL, 196.539678457549,
                   NULL, NULL, NULL, NULL, NULL, f_sysdate, f_user,
                   NULL, NULL, NULL, NULL, NULL, NULL, NULL,
                   NULL
                  );
   EXCEPTION
      WHEN DUP_VAL_ON_INDEX
      THEN
         NULL;
   END;

   BEGIN
      INSERT INTO sgt_subtabs_det
                  (sdetalle, cempres, csubtabla, cversubt, ccla1, ccla2,
                   ccla3, ccla4, ccla5, ccla6, ccla7, ccla8, nval1,
                   nval2, nval3, nval4, nval5, nval6, falta, cusualt,
                   fmodifi, cusumod, ccla9, ccla10, nval7, nval8, nval9,
                   nval10
                  )
           VALUES (sdetalle_conf.NEXTVAL, 24, 8000047, 1, 80001, 1,
                   1804720, NULL, NULL, NULL, NULL, NULL, 107.541819941837,
                   NULL, NULL, NULL, NULL, NULL, f_sysdate, f_user,
                   NULL, NULL, NULL, NULL, NULL, NULL, NULL,
                   NULL
                  );
   EXCEPTION
      WHEN DUP_VAL_ON_INDEX
      THEN
         NULL;
   END;

   BEGIN
      INSERT INTO sgt_subtabs_det
                  (sdetalle, cempres, csubtabla, cversubt, ccla1, ccla2,
                   ccla3, ccla4, ccla5, ccla6, ccla7, ccla8, nval1,
                   nval2, nval3, nval4, nval5, nval6, falta, cusualt,
                   fmodifi, cusumod, ccla9, ccla10, nval7, nval8, nval9,
                   nval10
                  )
           VALUES (sdetalle_conf.NEXTVAL, 24, 8000047, 1, 80002, 1,
                   1804720, NULL, NULL, NULL, NULL, NULL, 107.541819941837,
                   NULL, NULL, NULL, NULL, NULL, f_sysdate, f_user,
                   NULL, NULL, NULL, NULL, NULL, NULL, NULL,
                   NULL
                  );
   EXCEPTION
      WHEN DUP_VAL_ON_INDEX
      THEN
         NULL;
   END;

   BEGIN
      INSERT INTO sgt_subtabs_det
                  (sdetalle, cempres, csubtabla, cversubt, ccla1, ccla2,
                   ccla3, ccla4, ccla5, ccla6, ccla7, ccla8, nval1,
                   nval2, nval3, nval4, nval5, nval6, falta, cusualt,
                   fmodifi, cusumod, ccla9, ccla10, nval7, nval8, nval9,
                   nval10
                  )
           VALUES (sdetalle_conf.NEXTVAL, 24, 8000047, 1, 80003, 1,
                   1804720, NULL, NULL, NULL, NULL, NULL, 107.541819941837,
                   NULL, NULL, NULL, NULL, NULL, f_sysdate, f_user,
                   NULL, NULL, NULL, NULL, NULL, NULL, NULL,
                   NULL
                  );
   EXCEPTION
      WHEN DUP_VAL_ON_INDEX
      THEN
         NULL;
   END;

   BEGIN
      INSERT INTO sgt_subtabs_det
                  (sdetalle, cempres, csubtabla, cversubt, ccla1, ccla2,
                   ccla3, ccla4, ccla5, ccla6, ccla7, ccla8, nval1,
                   nval2, nval3, nval4, nval5, nval6, falta, cusualt,
                   fmodifi, cusumod, ccla9, ccla10, nval7, nval8, nval9,
                   nval10
                  )
           VALUES (sdetalle_conf.NEXTVAL, 24, 8000047, 1, 80001, 0,
                   1774720, NULL, NULL, NULL, NULL, NULL, 35.3876261525094,
                   NULL, NULL, NULL, NULL, NULL, f_sysdate, f_user,
                   NULL, NULL, NULL, NULL, NULL, NULL, NULL,
                   NULL
                  );
   EXCEPTION
      WHEN DUP_VAL_ON_INDEX
      THEN
         NULL;
   END;

   BEGIN
      INSERT INTO sgt_subtabs_det
                  (sdetalle, cempres, csubtabla, cversubt, ccla1, ccla2,
                   ccla3, ccla4, ccla5, ccla6, ccla7, ccla8, nval1,
                   nval2, nval3, nval4, nval5, nval6, falta, cusualt,
                   fmodifi, cusumod, ccla9, ccla10, nval7, nval8, nval9,
                   nval10
                  )
           VALUES (sdetalle_conf.NEXTVAL, 24, 8000047, 1, 80002, 0,
                   1774720, NULL, NULL, NULL, NULL, NULL, 35.3876261525094,
                   NULL, NULL, NULL, NULL, NULL, f_sysdate, f_user,
                   NULL, NULL, NULL, NULL, NULL, NULL, NULL,
                   NULL
                  );
   EXCEPTION
      WHEN DUP_VAL_ON_INDEX
      THEN
         NULL;
   END;

   BEGIN
      INSERT INTO sgt_subtabs_det
                  (sdetalle, cempres, csubtabla, cversubt, ccla1, ccla2,
                   ccla3, ccla4, ccla5, ccla6, ccla7, ccla8, nval1,
                   nval2, nval3, nval4, nval5, nval6, falta, cusualt,
                   fmodifi, cusumod, ccla9, ccla10, nval7, nval8, nval9,
                   nval10
                  )
           VALUES (sdetalle_conf.NEXTVAL, 24, 8000047, 1, 80003, 0,
                   1774720, NULL, NULL, NULL, NULL, NULL, 35.3876261525094,
                   NULL, NULL, NULL, NULL, NULL, f_sysdate, f_user,
                   NULL, NULL, NULL, NULL, NULL, NULL, NULL,
                   NULL
                  );
   EXCEPTION
      WHEN DUP_VAL_ON_INDEX
      THEN
         NULL;
   END;

   BEGIN
      INSERT INTO sgt_subtabs_det
                  (sdetalle, cempres, csubtabla, cversubt, ccla1, ccla2,
                   ccla3, ccla4, ccla5, ccla6, ccla7, ccla8, nval1,
                   nval2, nval3, nval4, nval5, nval6, falta, cusualt,
                   fmodifi, cusumod, ccla9, ccla10, nval7, nval8, nval9,
                   nval10
                  )
           VALUES (sdetalle_conf.NEXTVAL, 24, 8000047, 1, 80001, 3,
                   1774720, NULL, NULL, NULL, NULL, NULL, 19.5160882850886,
                   NULL, NULL, NULL, NULL, NULL, f_sysdate, f_user,
                   NULL, NULL, NULL, NULL, NULL, NULL, NULL,
                   NULL
                  );
   EXCEPTION
      WHEN DUP_VAL_ON_INDEX
      THEN
         NULL;
   END;

   BEGIN
      INSERT INTO sgt_subtabs_det
                  (sdetalle, cempres, csubtabla, cversubt, ccla1, ccla2,
                   ccla3, ccla4, ccla5, ccla6, ccla7, ccla8, nval1,
                   nval2, nval3, nval4, nval5, nval6, falta, cusualt,
                   fmodifi, cusumod, ccla9, ccla10, nval7, nval8, nval9,
                   nval10
                  )
           VALUES (sdetalle_conf.NEXTVAL, 24, 8000047, 1, 80002, 3,
                   1774720, NULL, NULL, NULL, NULL, NULL, 19.5160882850886,
                   NULL, NULL, NULL, NULL, NULL, f_sysdate, f_user,
                   NULL, NULL, NULL, NULL, NULL, NULL, NULL,
                   NULL
                  );
   EXCEPTION
      WHEN DUP_VAL_ON_INDEX
      THEN
         NULL;
   END;

   BEGIN
      INSERT INTO sgt_subtabs_det
                  (sdetalle, cempres, csubtabla, cversubt, ccla1, ccla2,
                   ccla3, ccla4, ccla5, ccla6, ccla7, ccla8, nval1,
                   nval2, nval3, nval4, nval5, nval6, falta, cusualt,
                   fmodifi, cusumod, ccla9, ccla10, nval7, nval8, nval9,
                   nval10
                  )
           VALUES (sdetalle_conf.NEXTVAL, 24, 8000047, 1, 80003, 3,
                   1774720, NULL, NULL, NULL, NULL, NULL, 19.5160882850886,
                   NULL, NULL, NULL, NULL, NULL, f_sysdate, f_user,
                   NULL, NULL, NULL, NULL, NULL, NULL, NULL,
                   NULL
                  );
   EXCEPTION
      WHEN DUP_VAL_ON_INDEX
      THEN
         NULL;
   END;

   BEGIN
      INSERT INTO sgt_subtabs_det
                  (sdetalle, cempres, csubtabla, cversubt, ccla1, ccla2,
                   ccla3, ccla4, ccla5, ccla6, ccla7, ccla8, nval1,
                   nval2, nval3, nval4, nval5, nval6, falta, cusualt,
                   fmodifi, cusumod, ccla9, ccla10, nval7, nval8, nval9,
                   nval10
                  )
           VALUES (sdetalle_conf.NEXTVAL, 24, 8000047, 1, 80001, 1,
                   1774720, NULL, NULL, NULL, NULL, NULL, 24.8715805464753,
                   NULL, NULL, NULL, NULL, NULL, f_sysdate, f_user,
                   NULL, NULL, NULL, NULL, NULL, NULL, NULL,
                   NULL
                  );
   EXCEPTION
      WHEN DUP_VAL_ON_INDEX
      THEN
         NULL;
   END;

   BEGIN
      INSERT INTO sgt_subtabs_det
                  (sdetalle, cempres, csubtabla, cversubt, ccla1, ccla2,
                   ccla3, ccla4, ccla5, ccla6, ccla7, ccla8, nval1,
                   nval2, nval3, nval4, nval5, nval6, falta, cusualt,
                   fmodifi, cusumod, ccla9, ccla10, nval7, nval8, nval9,
                   nval10
                  )
           VALUES (sdetalle_conf.NEXTVAL, 24, 8000047, 1, 80002, 1,
                   1774720, NULL, NULL, NULL, NULL, NULL, 24.8715805464753,
                   NULL, NULL, NULL, NULL, NULL, f_sysdate, f_user,
                   NULL, NULL, NULL, NULL, NULL, NULL, NULL,
                   NULL
                  );
   EXCEPTION
      WHEN DUP_VAL_ON_INDEX
      THEN
         NULL;
   END;

   BEGIN
      INSERT INTO sgt_subtabs_det
                  (sdetalle, cempres, csubtabla, cversubt, ccla1, ccla2,
                   ccla3, ccla4, ccla5, ccla6, ccla7, ccla8, nval1,
                   nval2, nval3, nval4, nval5, nval6, falta, cusualt,
                   fmodifi, cusumod, ccla9, ccla10, nval7, nval8, nval9,
                   nval10
                  )
           VALUES (sdetalle_conf.NEXTVAL, 24, 8000047, 1, 80003, 1,
                   1774720, NULL, NULL, NULL, NULL, NULL, 24.8715805464753,
                   NULL, NULL, NULL, NULL, NULL, f_sysdate, f_user,
                   NULL, NULL, NULL, NULL, NULL, NULL, NULL,
                   NULL
                  );
   EXCEPTION
      WHEN DUP_VAL_ON_INDEX
      THEN
         NULL;
   END;

   BEGIN
      INSERT INTO sgt_subtabs_det
                  (sdetalle, cempres, csubtabla, cversubt, ccla1, ccla2,
                   ccla3, ccla4, ccla5, ccla6, ccla7, ccla8, nval1,
                   nval2, nval3, nval4, nval5, nval6, falta, cusualt,
                   fmodifi, cusumod, ccla9, ccla10, nval7, nval8, nval9,
                   nval10
                  )
           VALUES (sdetalle_conf.NEXTVAL, 24, 8000047, 1, 80001, 2,
                   1774720, NULL, NULL, NULL, NULL, NULL, 35.3876261525094,
                   NULL, NULL, NULL, NULL, NULL, f_sysdate, f_user,
                   NULL, NULL, NULL, NULL, NULL, NULL, NULL,
                   NULL
                  );
   EXCEPTION
      WHEN DUP_VAL_ON_INDEX
      THEN
         NULL;
   END;

   BEGIN
      INSERT INTO sgt_subtabs_det
                  (sdetalle, cempres, csubtabla, cversubt, ccla1, ccla2,
                   ccla3, ccla4, ccla5, ccla6, ccla7, ccla8, nval1,
                   nval2, nval3, nval4, nval5, nval6, falta, cusualt,
                   fmodifi, cusumod, ccla9, ccla10, nval7, nval8, nval9,
                   nval10
                  )
           VALUES (sdetalle_conf.NEXTVAL, 24, 8000047, 1, 80002, 2,
                   1774720, NULL, NULL, NULL, NULL, NULL, 35.3876261525094,
                   NULL, NULL, NULL, NULL, NULL, f_sysdate, f_user,
                   NULL, NULL, NULL, NULL, NULL, NULL, NULL,
                   NULL
                  );
   EXCEPTION
      WHEN DUP_VAL_ON_INDEX
      THEN
         NULL;
   END;

   BEGIN
      INSERT INTO sgt_subtabs_det
                  (sdetalle, cempres, csubtabla, cversubt, ccla1, ccla2,
                   ccla3, ccla4, ccla5, ccla6, ccla7, ccla8, nval1,
                   nval2, nval3, nval4, nval5, nval6, falta, cusualt,
                   fmodifi, cusumod, ccla9, ccla10, nval7, nval8, nval9,
                   nval10
                  )
           VALUES (sdetalle_conf.NEXTVAL, 24, 8000047, 1, 80003, 2,
                   1774720, NULL, NULL, NULL, NULL, NULL, 35.3876261525094,
                   NULL, NULL, NULL, NULL, NULL, f_sysdate, f_user,
                   NULL, NULL, NULL, NULL, NULL, NULL, NULL,
                   NULL
                  );
   EXCEPTION
      WHEN DUP_VAL_ON_INDEX
      THEN
         NULL;
   END;

   BEGIN
      INSERT INTO sgt_subtabs_det
                  (sdetalle, cempres, csubtabla, cversubt, ccla1, ccla2,
                   ccla3, ccla4, ccla5, ccla6, ccla7, ccla8, nval1,
                   nval2, nval3, nval4, nval5, nval6, falta, cusualt,
                   fmodifi, cusumod, ccla9, ccla10, nval7, nval8, nval9,
                   nval10
                  )
           VALUES (sdetalle_conf.NEXTVAL, 24, 8000047, 1, 80001, 2,
                   1774720, NULL, NULL, NULL, NULL, NULL, 35.3876261525094,
                   NULL, NULL, NULL, NULL, NULL, f_sysdate, f_user,
                   NULL, NULL, NULL, NULL, NULL, NULL, NULL,
                   NULL
                  );
   EXCEPTION
      WHEN DUP_VAL_ON_INDEX
      THEN
         NULL;
   END;

   BEGIN
      INSERT INTO sgt_subtabs_det
                  (sdetalle, cempres, csubtabla, cversubt, ccla1, ccla2,
                   ccla3, ccla4, ccla5, ccla6, ccla7, ccla8, nval1,
                   nval2, nval3, nval4, nval5, nval6, falta, cusualt,
                   fmodifi, cusumod, ccla9, ccla10, nval7, nval8, nval9,
                   nval10
                  )
           VALUES (sdetalle_conf.NEXTVAL, 24, 8000047, 1, 80002, 2,
                   1774720, NULL, NULL, NULL, NULL, NULL, 35.3876261525094,
                   NULL, NULL, NULL, NULL, NULL, f_sysdate, f_user,
                   NULL, NULL, NULL, NULL, NULL, NULL, NULL,
                   NULL
                  );
   EXCEPTION
      WHEN DUP_VAL_ON_INDEX
      THEN
         NULL;
   END;

   BEGIN
      INSERT INTO sgt_subtabs_det
                  (sdetalle, cempres, csubtabla, cversubt, ccla1, ccla2,
                   ccla3, ccla4, ccla5, ccla6, ccla7, ccla8, nval1,
                   nval2, nval3, nval4, nval5, nval6, falta, cusualt,
                   fmodifi, cusumod, ccla9, ccla10, nval7, nval8, nval9,
                   nval10
                  )
           VALUES (sdetalle_conf.NEXTVAL, 24, 8000047, 1, 80003, 2,
                   1774720, NULL, NULL, NULL, NULL, NULL, 35.3876261525094,
                   NULL, NULL, NULL, NULL, NULL, f_sysdate, f_user,
                   NULL, NULL, NULL, NULL, NULL, NULL, NULL,
                   NULL
                  );
   EXCEPTION
      WHEN DUP_VAL_ON_INDEX
      THEN
         NULL;
   END;

   BEGIN
      INSERT INTO sgt_subtabs_det
                  (sdetalle, cempres, csubtabla, cversubt, ccla1, ccla2,
                   ccla3, ccla4, ccla5, ccla6, ccla7, ccla8, nval1,
                   nval2, nval3, nval4, nval5, nval6, falta, cusualt,
                   fmodifi, cusumod, ccla9, ccla10, nval7, nval8, nval9,
                   nval10
                  )
           VALUES (sdetalle_conf.NEXTVAL, 24, 8000047, 1, 80001, 0,
                   1774720, NULL, NULL, NULL, NULL, NULL, 35.3876261525094,
                   NULL, NULL, NULL, NULL, NULL, f_sysdate, f_user,
                   NULL, NULL, NULL, NULL, NULL, NULL, NULL,
                   NULL
                  );
   EXCEPTION
      WHEN DUP_VAL_ON_INDEX
      THEN
         NULL;
   END;

   BEGIN
      INSERT INTO sgt_subtabs_det
                  (sdetalle, cempres, csubtabla, cversubt, ccla1, ccla2,
                   ccla3, ccla4, ccla5, ccla6, ccla7, ccla8, nval1,
                   nval2, nval3, nval4, nval5, nval6, falta, cusualt,
                   fmodifi, cusumod, ccla9, ccla10, nval7, nval8, nval9,
                   nval10
                  )
           VALUES (sdetalle_conf.NEXTVAL, 24, 8000047, 1, 80002, 0,
                   1774720, NULL, NULL, NULL, NULL, NULL, 35.3876261525094,
                   NULL, NULL, NULL, NULL, NULL, f_sysdate, f_user,
                   NULL, NULL, NULL, NULL, NULL, NULL, NULL,
                   NULL
                  );
   EXCEPTION
      WHEN DUP_VAL_ON_INDEX
      THEN
         NULL;
   END;

   BEGIN
      INSERT INTO sgt_subtabs_det
                  (sdetalle, cempres, csubtabla, cversubt, ccla1, ccla2,
                   ccla3, ccla4, ccla5, ccla6, ccla7, ccla8, nval1,
                   nval2, nval3, nval4, nval5, nval6, falta, cusualt,
                   fmodifi, cusumod, ccla9, ccla10, nval7, nval8, nval9,
                   nval10
                  )
           VALUES (sdetalle_conf.NEXTVAL, 24, 8000047, 1, 80003, 0,
                   1774720, NULL, NULL, NULL, NULL, NULL, 35.3876261525094,
                   NULL, NULL, NULL, NULL, NULL, f_sysdate, f_user,
                   NULL, NULL, NULL, NULL, NULL, NULL, NULL,
                   NULL
                  );
   EXCEPTION
      WHEN DUP_VAL_ON_INDEX
      THEN
         NULL;
   END;

   BEGIN
      INSERT INTO sgt_subtabs_det
                  (sdetalle, cempres, csubtabla, cversubt, ccla1, ccla2,
                   ccla3, ccla4, ccla5, ccla6, ccla7, ccla8, nval1,
                   nval2, nval3, nval4, nval5, nval6, falta, cusualt,
                   fmodifi, cusumod, ccla9, ccla10, nval7, nval8, nval9,
                   nval10
                  )
           VALUES (sdetalle_conf.NEXTVAL, 24, 8000047, 1, 80001, 3,
                   1774720, NULL, NULL, NULL, NULL, NULL, 19.5160882850886,
                   NULL, NULL, NULL, NULL, NULL, f_sysdate, f_user,
                   NULL, NULL, NULL, NULL, NULL, NULL, NULL,
                   NULL
                  );
   EXCEPTION
      WHEN DUP_VAL_ON_INDEX
      THEN
         NULL;
   END;

   BEGIN
      INSERT INTO sgt_subtabs_det
                  (sdetalle, cempres, csubtabla, cversubt, ccla1, ccla2,
                   ccla3, ccla4, ccla5, ccla6, ccla7, ccla8, nval1,
                   nval2, nval3, nval4, nval5, nval6, falta, cusualt,
                   fmodifi, cusumod, ccla9, ccla10, nval7, nval8, nval9,
                   nval10
                  )
           VALUES (sdetalle_conf.NEXTVAL, 24, 8000047, 1, 80002, 3,
                   1774720, NULL, NULL, NULL, NULL, NULL, 19.5160882850886,
                   NULL, NULL, NULL, NULL, NULL, f_sysdate, f_user,
                   NULL, NULL, NULL, NULL, NULL, NULL, NULL,
                   NULL
                  );
   EXCEPTION
      WHEN DUP_VAL_ON_INDEX
      THEN
         NULL;
   END;

   BEGIN
      INSERT INTO sgt_subtabs_det
                  (sdetalle, cempres, csubtabla, cversubt, ccla1, ccla2,
                   ccla3, ccla4, ccla5, ccla6, ccla7, ccla8, nval1,
                   nval2, nval3, nval4, nval5, nval6, falta, cusualt,
                   fmodifi, cusumod, ccla9, ccla10, nval7, nval8, nval9,
                   nval10
                  )
           VALUES (sdetalle_conf.NEXTVAL, 24, 8000047, 1, 80003, 3,
                   1774720, NULL, NULL, NULL, NULL, NULL, 19.5160882850886,
                   NULL, NULL, NULL, NULL, NULL, f_sysdate, f_user,
                   NULL, NULL, NULL, NULL, NULL, NULL, NULL,
                   NULL
                  );
   EXCEPTION
      WHEN DUP_VAL_ON_INDEX
      THEN
         NULL;
   END;

   BEGIN
      INSERT INTO sgt_subtabs_det
                  (sdetalle, cempres, csubtabla, cversubt, ccla1, ccla2,
                   ccla3, ccla4, ccla5, ccla6, ccla7, ccla8, nval1,
                   nval2, nval3, nval4, nval5, nval6, falta, cusualt,
                   fmodifi, cusumod, ccla9, ccla10, nval7, nval8, nval9,
                   nval10
                  )
           VALUES (sdetalle_conf.NEXTVAL, 24, 8000047, 1, 80001, 1,
                   1774720, NULL, NULL, NULL, NULL, NULL, 24.8715805464753,
                   NULL, NULL, NULL, NULL, NULL, f_sysdate, f_user,
                   NULL, NULL, NULL, NULL, NULL, NULL, NULL,
                   NULL
                  );
   EXCEPTION
      WHEN DUP_VAL_ON_INDEX
      THEN
         NULL;
   END;

   BEGIN
      INSERT INTO sgt_subtabs_det
                  (sdetalle, cempres, csubtabla, cversubt, ccla1, ccla2,
                   ccla3, ccla4, ccla5, ccla6, ccla7, ccla8, nval1,
                   nval2, nval3, nval4, nval5, nval6, falta, cusualt,
                   fmodifi, cusumod, ccla9, ccla10, nval7, nval8, nval9,
                   nval10
                  )
           VALUES (sdetalle_conf.NEXTVAL, 24, 8000047, 1, 80002, 1,
                   1774720, NULL, NULL, NULL, NULL, NULL, 24.8715805464753,
                   NULL, NULL, NULL, NULL, NULL, f_sysdate, f_user,
                   NULL, NULL, NULL, NULL, NULL, NULL, NULL,
                   NULL
                  );
   EXCEPTION
      WHEN DUP_VAL_ON_INDEX
      THEN
         NULL;
   END;

   BEGIN
      INSERT INTO sgt_subtabs_det
                  (sdetalle, cempres, csubtabla, cversubt, ccla1, ccla2,
                   ccla3, ccla4, ccla5, ccla6, ccla7, ccla8, nval1,
                   nval2, nval3, nval4, nval5, nval6, falta, cusualt,
                   fmodifi, cusumod, ccla9, ccla10, nval7, nval8, nval9,
                   nval10
                  )
           VALUES (sdetalle_conf.NEXTVAL, 24, 8000047, 1, 80003, 1,
                   1774720, NULL, NULL, NULL, NULL, NULL, 24.8715805464753,
                   NULL, NULL, NULL, NULL, NULL, f_sysdate, f_user,
                   NULL, NULL, NULL, NULL, NULL, NULL, NULL,
                   NULL
                  );
   EXCEPTION
      WHEN DUP_VAL_ON_INDEX
      THEN
         NULL;
   END;

   BEGIN
      INSERT INTO sgt_subtabs_det
                  (sdetalle, cempres, csubtabla, cversubt, ccla1, ccla2,
                   ccla3, ccla4, ccla5, ccla6, ccla7, ccla8, nval1,
                   nval2, nval3, nval4, nval5, nval6, falta, cusualt,
                   fmodifi, cusumod, ccla9, ccla10, nval7, nval8, nval9,
                   nval10
                  )
           VALUES (sdetalle_conf.NEXTVAL, 24, 8000047, 1, 80001, 2,
                   1774720, NULL, NULL, NULL, NULL, NULL, 35.3876261525094,
                   NULL, NULL, NULL, NULL, NULL, f_sysdate, f_user,
                   NULL, NULL, NULL, NULL, NULL, NULL, NULL,
                   NULL
                  );
   EXCEPTION
      WHEN DUP_VAL_ON_INDEX
      THEN
         NULL;
   END;

   BEGIN
      INSERT INTO sgt_subtabs_det
                  (sdetalle, cempres, csubtabla, cversubt, ccla1, ccla2,
                   ccla3, ccla4, ccla5, ccla6, ccla7, ccla8, nval1,
                   nval2, nval3, nval4, nval5, nval6, falta, cusualt,
                   fmodifi, cusumod, ccla9, ccla10, nval7, nval8, nval9,
                   nval10
                  )
           VALUES (sdetalle_conf.NEXTVAL, 24, 8000047, 1, 80002, 2,
                   1774720, NULL, NULL, NULL, NULL, NULL, 35.3876261525094,
                   NULL, NULL, NULL, NULL, NULL, f_sysdate, f_user,
                   NULL, NULL, NULL, NULL, NULL, NULL, NULL,
                   NULL
                  );
   EXCEPTION
      WHEN DUP_VAL_ON_INDEX
      THEN
         NULL;
   END;

   BEGIN
      INSERT INTO sgt_subtabs_det
                  (sdetalle, cempres, csubtabla, cversubt, ccla1, ccla2,
                   ccla3, ccla4, ccla5, ccla6, ccla7, ccla8, nval1,
                   nval2, nval3, nval4, nval5, nval6, falta, cusualt,
                   fmodifi, cusumod, ccla9, ccla10, nval7, nval8, nval9,
                   nval10
                  )
           VALUES (sdetalle_conf.NEXTVAL, 24, 8000047, 1, 80003, 2,
                   1774720, NULL, NULL, NULL, NULL, NULL, 35.3876261525094,
                   NULL, NULL, NULL, NULL, NULL, f_sysdate, f_user,
                   NULL, NULL, NULL, NULL, NULL, NULL, NULL,
                   NULL
                  );
   EXCEPTION
      WHEN DUP_VAL_ON_INDEX
      THEN
         NULL;
   END;

   BEGIN
      INSERT INTO sgt_subtabs_det
                  (sdetalle, cempres, csubtabla, cversubt, ccla1, ccla2,
                   ccla3, ccla4, ccla5, ccla6, ccla7, ccla8, nval1,
                   nval2, nval3, nval4, nval5, nval6, falta, cusualt,
                   fmodifi, cusumod, ccla9, ccla10, nval7, nval8, nval9,
                   nval10
                  )
           VALUES (sdetalle_conf.NEXTVAL, 24, 8000047, 1, 80001, 0,
                   1774720, NULL, NULL, NULL, NULL, NULL, 35.3876261525094,
                   NULL, NULL, NULL, NULL, NULL, f_sysdate, f_user,
                   NULL, NULL, NULL, NULL, NULL, NULL, NULL,
                   NULL
                  );
   EXCEPTION
      WHEN DUP_VAL_ON_INDEX
      THEN
         NULL;
   END;

   BEGIN
      INSERT INTO sgt_subtabs_det
                  (sdetalle, cempres, csubtabla, cversubt, ccla1, ccla2,
                   ccla3, ccla4, ccla5, ccla6, ccla7, ccla8, nval1,
                   nval2, nval3, nval4, nval5, nval6, falta, cusualt,
                   fmodifi, cusumod, ccla9, ccla10, nval7, nval8, nval9,
                   nval10
                  )
           VALUES (sdetalle_conf.NEXTVAL, 24, 8000047, 1, 80002, 0,
                   1774720, NULL, NULL, NULL, NULL, NULL, 35.3876261525094,
                   NULL, NULL, NULL, NULL, NULL, f_sysdate, f_user,
                   NULL, NULL, NULL, NULL, NULL, NULL, NULL,
                   NULL
                  );
   EXCEPTION
      WHEN DUP_VAL_ON_INDEX
      THEN
         NULL;
   END;

   BEGIN
      INSERT INTO sgt_subtabs_det
                  (sdetalle, cempres, csubtabla, cversubt, ccla1, ccla2,
                   ccla3, ccla4, ccla5, ccla6, ccla7, ccla8, nval1,
                   nval2, nval3, nval4, nval5, nval6, falta, cusualt,
                   fmodifi, cusumod, ccla9, ccla10, nval7, nval8, nval9,
                   nval10
                  )
           VALUES (sdetalle_conf.NEXTVAL, 24, 8000047, 1, 80003, 0,
                   1774720, NULL, NULL, NULL, NULL, NULL, 35.3876261525094,
                   NULL, NULL, NULL, NULL, NULL, f_sysdate, f_user,
                   NULL, NULL, NULL, NULL, NULL, NULL, NULL,
                   NULL
                  );
   EXCEPTION
      WHEN DUP_VAL_ON_INDEX
      THEN
         NULL;
   END;

   BEGIN
      INSERT INTO sgt_subtabs_det
                  (sdetalle, cempres, csubtabla, cversubt, ccla1, ccla2,
                   ccla3, ccla4, ccla5, ccla6, ccla7, ccla8, nval1,
                   nval2, nval3, nval4, nval5, nval6, falta, cusualt,
                   fmodifi, cusumod, ccla9, ccla10, nval7, nval8, nval9,
                   nval10
                  )
           VALUES (sdetalle_conf.NEXTVAL, 24, 8000047, 1, 80001, 1,
                   1774720, NULL, NULL, NULL, NULL, NULL, 24.8715805464753,
                   NULL, NULL, NULL, NULL, NULL, f_sysdate, f_user,
                   NULL, NULL, NULL, NULL, NULL, NULL, NULL,
                   NULL
                  );
   EXCEPTION
      WHEN DUP_VAL_ON_INDEX
      THEN
         NULL;
   END;

   BEGIN
      INSERT INTO sgt_subtabs_det
                  (sdetalle, cempres, csubtabla, cversubt, ccla1, ccla2,
                   ccla3, ccla4, ccla5, ccla6, ccla7, ccla8, nval1,
                   nval2, nval3, nval4, nval5, nval6, falta, cusualt,
                   fmodifi, cusumod, ccla9, ccla10, nval7, nval8, nval9,
                   nval10
                  )
           VALUES (sdetalle_conf.NEXTVAL, 24, 8000047, 1, 80002, 1,
                   1774720, NULL, NULL, NULL, NULL, NULL, 24.8715805464753,
                   NULL, NULL, NULL, NULL, NULL, f_sysdate, f_user,
                   NULL, NULL, NULL, NULL, NULL, NULL, NULL,
                   NULL
                  );
   EXCEPTION
      WHEN DUP_VAL_ON_INDEX
      THEN
         NULL;
   END;

   BEGIN
      INSERT INTO sgt_subtabs_det
                  (sdetalle, cempres, csubtabla, cversubt, ccla1, ccla2,
                   ccla3, ccla4, ccla5, ccla6, ccla7, ccla8, nval1,
                   nval2, nval3, nval4, nval5, nval6, falta, cusualt,
                   fmodifi, cusumod, ccla9, ccla10, nval7, nval8, nval9,
                   nval10
                  )
           VALUES (sdetalle_conf.NEXTVAL, 24, 8000047, 1, 80003, 1,
                   1774720, NULL, NULL, NULL, NULL, NULL, 24.8715805464753,
                   NULL, NULL, NULL, NULL, NULL, f_sysdate, f_user,
                   NULL, NULL, NULL, NULL, NULL, NULL, NULL,
                   NULL
                  );
   EXCEPTION
      WHEN DUP_VAL_ON_INDEX
      THEN
         NULL;
   END;

   BEGIN
      INSERT INTO sgt_subtabs_det
                  (sdetalle, cempres, csubtabla, cversubt, ccla1, ccla2,
                   ccla3, ccla4, ccla5, ccla6, ccla7, ccla8, nval1, nval2,
                   nval3, nval4, nval5, nval6, falta, cusualt, fmodifi,
                   cusumod, ccla9, ccla10, nval7, nval8, nval9, nval10
                  )
           VALUES (sdetalle_conf.NEXTVAL, 24, 8000047, 1, 80001, 1,
                   1774720, NULL, NULL, NULL, NULL, NULL, 200, NULL,
                   NULL, NULL, NULL, NULL, f_sysdate, f_user, NULL,
                   NULL, NULL, NULL, NULL, NULL, NULL, NULL
                  );
   EXCEPTION
      WHEN DUP_VAL_ON_INDEX
      THEN
         NULL;
   END;

   BEGIN
      INSERT INTO sgt_subtabs_det
                  (sdetalle, cempres, csubtabla, cversubt, ccla1, ccla2,
                   ccla3, ccla4, ccla5, ccla6, ccla7, ccla8, nval1, nval2,
                   nval3, nval4, nval5, nval6, falta, cusualt, fmodifi,
                   cusumod, ccla9, ccla10, nval7, nval8, nval9, nval10
                  )
           VALUES (sdetalle_conf.NEXTVAL, 24, 8000047, 1, 80002, 1,
                   1774720, NULL, NULL, NULL, NULL, NULL, 200, NULL,
                   NULL, NULL, NULL, NULL, f_sysdate, f_user, NULL,
                   NULL, NULL, NULL, NULL, NULL, NULL, NULL
                  );
   EXCEPTION
      WHEN DUP_VAL_ON_INDEX
      THEN
         NULL;
   END;

   BEGIN
      INSERT INTO sgt_subtabs_det
                  (sdetalle, cempres, csubtabla, cversubt, ccla1, ccla2,
                   ccla3, ccla4, ccla5, ccla6, ccla7, ccla8, nval1, nval2,
                   nval3, nval4, nval5, nval6, falta, cusualt, fmodifi,
                   cusumod, ccla9, ccla10, nval7, nval8, nval9, nval10
                  )
           VALUES (sdetalle_conf.NEXTVAL, 24, 8000047, 1, 80003, 1,
                   1774720, NULL, NULL, NULL, NULL, NULL, 200, NULL,
                   NULL, NULL, NULL, NULL, f_sysdate, f_user, NULL,
                   NULL, NULL, NULL, NULL, NULL, NULL, NULL
                  );
   EXCEPTION
      WHEN DUP_VAL_ON_INDEX
      THEN
         NULL;
   END;

   BEGIN
      INSERT INTO sgt_subtabs_det
                  (sdetalle, cempres, csubtabla, cversubt, ccla1, ccla2,
                   ccla3, ccla4, ccla5, ccla6, ccla7, ccla8, nval1, nval2,
                   nval3, nval4, nval5, nval6, falta, cusualt, fmodifi,
                   cusumod, ccla9, ccla10, nval7, nval8, nval9, nval10
                  )
           VALUES (sdetalle_conf.NEXTVAL, 24, 8000047, 1, 80001, 1,
                   1774720, NULL, NULL, NULL, NULL, NULL, 200, NULL,
                   NULL, NULL, NULL, NULL, f_sysdate, f_user, NULL,
                   NULL, NULL, NULL, NULL, NULL, NULL, NULL
                  );
   EXCEPTION
      WHEN DUP_VAL_ON_INDEX
      THEN
         NULL;
   END;

   BEGIN
      INSERT INTO sgt_subtabs_det
                  (sdetalle, cempres, csubtabla, cversubt, ccla1, ccla2,
                   ccla3, ccla4, ccla5, ccla6, ccla7, ccla8, nval1, nval2,
                   nval3, nval4, nval5, nval6, falta, cusualt, fmodifi,
                   cusumod, ccla9, ccla10, nval7, nval8, nval9, nval10
                  )
           VALUES (sdetalle_conf.NEXTVAL, 24, 8000047, 1, 80002, 1,
                   1774720, NULL, NULL, NULL, NULL, NULL, 200, NULL,
                   NULL, NULL, NULL, NULL, f_sysdate, f_user, NULL,
                   NULL, NULL, NULL, NULL, NULL, NULL, NULL
                  );
   EXCEPTION
      WHEN DUP_VAL_ON_INDEX
      THEN
         NULL;
   END;

   BEGIN
      INSERT INTO sgt_subtabs_det
                  (sdetalle, cempres, csubtabla, cversubt, ccla1, ccla2,
                   ccla3, ccla4, ccla5, ccla6, ccla7, ccla8, nval1, nval2,
                   nval3, nval4, nval5, nval6, falta, cusualt, fmodifi,
                   cusumod, ccla9, ccla10, nval7, nval8, nval9, nval10
                  )
           VALUES (sdetalle_conf.NEXTVAL, 24, 8000047, 1, 80003, 1,
                   1774720, NULL, NULL, NULL, NULL, NULL, 200, NULL,
                   NULL, NULL, NULL, NULL, f_sysdate, f_user, NULL,
                   NULL, NULL, NULL, NULL, NULL, NULL, NULL
                  );
   EXCEPTION
      WHEN DUP_VAL_ON_INDEX
      THEN
         NULL;
   END;

   BEGIN
      INSERT INTO sgt_subtabs_det
                  (sdetalle, cempres, csubtabla, cversubt, ccla1, ccla2,
                   ccla3, ccla4, ccla5, ccla6, ccla7, ccla8, nval1, nval2,
                   nval3, nval4, nval5, nval6, falta, cusualt, fmodifi,
                   cusumod, ccla9, ccla10, nval7, nval8, nval9, nval10
                  )
           VALUES (sdetalle_conf.NEXTVAL, 24, 8000047, 1, 80001, 1,
                   1774720, NULL, NULL, NULL, NULL, NULL, 200, NULL,
                   NULL, NULL, NULL, NULL, f_sysdate, f_user, NULL,
                   NULL, NULL, NULL, NULL, NULL, NULL, NULL
                  );
   EXCEPTION
      WHEN DUP_VAL_ON_INDEX
      THEN
         NULL;
   END;

   BEGIN
      INSERT INTO sgt_subtabs_det
                  (sdetalle, cempres, csubtabla, cversubt, ccla1, ccla2,
                   ccla3, ccla4, ccla5, ccla6, ccla7, ccla8, nval1, nval2,
                   nval3, nval4, nval5, nval6, falta, cusualt, fmodifi,
                   cusumod, ccla9, ccla10, nval7, nval8, nval9, nval10
                  )
           VALUES (sdetalle_conf.NEXTVAL, 24, 8000047, 1, 80002, 1,
                   1774720, NULL, NULL, NULL, NULL, NULL, 200, NULL,
                   NULL, NULL, NULL, NULL, f_sysdate, f_user, NULL,
                   NULL, NULL, NULL, NULL, NULL, NULL, NULL
                  );
   EXCEPTION
      WHEN DUP_VAL_ON_INDEX
      THEN
         NULL;
   END;

   BEGIN
      INSERT INTO sgt_subtabs_det
                  (sdetalle, cempres, csubtabla, cversubt, ccla1, ccla2,
                   ccla3, ccla4, ccla5, ccla6, ccla7, ccla8, nval1, nval2,
                   nval3, nval4, nval5, nval6, falta, cusualt, fmodifi,
                   cusumod, ccla9, ccla10, nval7, nval8, nval9, nval10
                  )
           VALUES (sdetalle_conf.NEXTVAL, 24, 8000047, 1, 80003, 1,
                   1774720, NULL, NULL, NULL, NULL, NULL, 200, NULL,
                   NULL, NULL, NULL, NULL, f_sysdate, f_user, NULL,
                   NULL, NULL, NULL, NULL, NULL, NULL, NULL
                  );
   EXCEPTION
      WHEN DUP_VAL_ON_INDEX
      THEN
         NULL;
   END;

   BEGIN
      INSERT INTO sgt_subtabs_det
                  (sdetalle, cempres, csubtabla, cversubt, ccla1, ccla2,
                   ccla3, ccla4, ccla5, ccla6, ccla7, ccla8, nval1,
                   nval2, nval3, nval4, nval5, nval6, falta, cusualt,
                   fmodifi, cusumod, ccla9, ccla10, nval7, nval8, nval9,
                   nval10
                  )
           VALUES (sdetalle_conf.NEXTVAL, 24, 8000047, 1, 80001, 0,
                   1774720, NULL, NULL, NULL, NULL, NULL, 35.3876261525094,
                   NULL, NULL, NULL, NULL, NULL, f_sysdate, f_user,
                   NULL, NULL, NULL, NULL, NULL, NULL, NULL,
                   NULL
                  );
   EXCEPTION
      WHEN DUP_VAL_ON_INDEX
      THEN
         NULL;
   END;

   BEGIN
      INSERT INTO sgt_subtabs_det
                  (sdetalle, cempres, csubtabla, cversubt, ccla1, ccla2,
                   ccla3, ccla4, ccla5, ccla6, ccla7, ccla8, nval1,
                   nval2, nval3, nval4, nval5, nval6, falta, cusualt,
                   fmodifi, cusumod, ccla9, ccla10, nval7, nval8, nval9,
                   nval10
                  )
           VALUES (sdetalle_conf.NEXTVAL, 24, 8000047, 1, 80002, 0,
                   1774720, NULL, NULL, NULL, NULL, NULL, 35.3876261525094,
                   NULL, NULL, NULL, NULL, NULL, f_sysdate, f_user,
                   NULL, NULL, NULL, NULL, NULL, NULL, NULL,
                   NULL
                  );
   EXCEPTION
      WHEN DUP_VAL_ON_INDEX
      THEN
         NULL;
   END;

   BEGIN
      INSERT INTO sgt_subtabs_det
                  (sdetalle, cempres, csubtabla, cversubt, ccla1, ccla2,
                   ccla3, ccla4, ccla5, ccla6, ccla7, ccla8, nval1,
                   nval2, nval3, nval4, nval5, nval6, falta, cusualt,
                   fmodifi, cusumod, ccla9, ccla10, nval7, nval8, nval9,
                   nval10
                  )
           VALUES (sdetalle_conf.NEXTVAL, 24, 8000047, 1, 80003, 0,
                   1774720, NULL, NULL, NULL, NULL, NULL, 35.3876261525094,
                   NULL, NULL, NULL, NULL, NULL, f_sysdate, f_user,
                   NULL, NULL, NULL, NULL, NULL, NULL, NULL,
                   NULL
                  );
   EXCEPTION
      WHEN DUP_VAL_ON_INDEX
      THEN
         NULL;
   END;

   BEGIN
      INSERT INTO sgt_subtabs_det
                  (sdetalle, cempres, csubtabla, cversubt, ccla1, ccla2,
                   ccla3, ccla4, ccla5, ccla6, ccla7, ccla8, nval1,
                   nval2, nval3, nval4, nval5, nval6, falta, cusualt,
                   fmodifi, cusumod, ccla9, ccla10, nval7, nval8, nval9,
                   nval10
                  )
           VALUES (sdetalle_conf.NEXTVAL, 24, 8000047, 1, 80001, 3,
                   1774720, NULL, NULL, NULL, NULL, NULL, 19.5160882850886,
                   NULL, NULL, NULL, NULL, NULL, f_sysdate, f_user,
                   NULL, NULL, NULL, NULL, NULL, NULL, NULL,
                   NULL
                  );
   EXCEPTION
      WHEN DUP_VAL_ON_INDEX
      THEN
         NULL;
   END;

   BEGIN
      INSERT INTO sgt_subtabs_det
                  (sdetalle, cempres, csubtabla, cversubt, ccla1, ccla2,
                   ccla3, ccla4, ccla5, ccla6, ccla7, ccla8, nval1,
                   nval2, nval3, nval4, nval5, nval6, falta, cusualt,
                   fmodifi, cusumod, ccla9, ccla10, nval7, nval8, nval9,
                   nval10
                  )
           VALUES (sdetalle_conf.NEXTVAL, 24, 8000047, 1, 80002, 3,
                   1774720, NULL, NULL, NULL, NULL, NULL, 19.5160882850886,
                   NULL, NULL, NULL, NULL, NULL, f_sysdate, f_user,
                   NULL, NULL, NULL, NULL, NULL, NULL, NULL,
                   NULL
                  );
   EXCEPTION
      WHEN DUP_VAL_ON_INDEX
      THEN
         NULL;
   END;

   BEGIN
      INSERT INTO sgt_subtabs_det
                  (sdetalle, cempres, csubtabla, cversubt, ccla1, ccla2,
                   ccla3, ccla4, ccla5, ccla6, ccla7, ccla8, nval1,
                   nval2, nval3, nval4, nval5, nval6, falta, cusualt,
                   fmodifi, cusumod, ccla9, ccla10, nval7, nval8, nval9,
                   nval10
                  )
           VALUES (sdetalle_conf.NEXTVAL, 24, 8000047, 1, 80003, 3,
                   1774720, NULL, NULL, NULL, NULL, NULL, 19.5160882850886,
                   NULL, NULL, NULL, NULL, NULL, f_sysdate, f_user,
                   NULL, NULL, NULL, NULL, NULL, NULL, NULL,
                   NULL
                  );
   EXCEPTION
      WHEN DUP_VAL_ON_INDEX
      THEN
         NULL;
   END;

   BEGIN
      INSERT INTO sgt_subtabs_det
                  (sdetalle, cempres, csubtabla, cversubt, ccla1, ccla2,
                   ccla3, ccla4, ccla5, ccla6, ccla7, ccla8, nval1,
                   nval2, nval3, nval4, nval5, nval6, falta, cusualt,
                   fmodifi, cusumod, ccla9, ccla10, nval7, nval8, nval9,
                   nval10
                  )
           VALUES (sdetalle_conf.NEXTVAL, 24, 8000047, 1, 80001, 1,
                   1774720, NULL, NULL, NULL, NULL, NULL, 24.8715805464753,
                   NULL, NULL, NULL, NULL, NULL, f_sysdate, f_user,
                   NULL, NULL, NULL, NULL, NULL, NULL, NULL,
                   NULL
                  );
   EXCEPTION
      WHEN DUP_VAL_ON_INDEX
      THEN
         NULL;
   END;

   BEGIN
      INSERT INTO sgt_subtabs_det
                  (sdetalle, cempres, csubtabla, cversubt, ccla1, ccla2,
                   ccla3, ccla4, ccla5, ccla6, ccla7, ccla8, nval1,
                   nval2, nval3, nval4, nval5, nval6, falta, cusualt,
                   fmodifi, cusumod, ccla9, ccla10, nval7, nval8, nval9,
                   nval10
                  )
           VALUES (sdetalle_conf.NEXTVAL, 24, 8000047, 1, 80002, 1,
                   1774720, NULL, NULL, NULL, NULL, NULL, 24.8715805464753,
                   NULL, NULL, NULL, NULL, NULL, f_sysdate, f_user,
                   NULL, NULL, NULL, NULL, NULL, NULL, NULL,
                   NULL
                  );
   EXCEPTION
      WHEN DUP_VAL_ON_INDEX
      THEN
         NULL;
   END;

   BEGIN
      INSERT INTO sgt_subtabs_det
                  (sdetalle, cempres, csubtabla, cversubt, ccla1, ccla2,
                   ccla3, ccla4, ccla5, ccla6, ccla7, ccla8, nval1,
                   nval2, nval3, nval4, nval5, nval6, falta, cusualt,
                   fmodifi, cusumod, ccla9, ccla10, nval7, nval8, nval9,
                   nval10
                  )
           VALUES (sdetalle_conf.NEXTVAL, 24, 8000047, 1, 80003, 1,
                   1774720, NULL, NULL, NULL, NULL, NULL, 24.8715805464753,
                   NULL, NULL, NULL, NULL, NULL, f_sysdate, f_user,
                   NULL, NULL, NULL, NULL, NULL, NULL, NULL,
                   NULL
                  );
   EXCEPTION
      WHEN DUP_VAL_ON_INDEX
      THEN
         NULL;
   END;

   BEGIN
      INSERT INTO sgt_subtabs_det
                  (sdetalle, cempres, csubtabla, cversubt, ccla1, ccla2,
                   ccla3, ccla4, ccla5, ccla6, ccla7, ccla8, nval1,
                   nval2, nval3, nval4, nval5, nval6, falta, cusualt,
                   fmodifi, cusumod, ccla9, ccla10, nval7, nval8, nval9,
                   nval10
                  )
           VALUES (sdetalle_conf.NEXTVAL, 24, 8000047, 1, 80001, 2,
                   1774720, NULL, NULL, NULL, NULL, NULL, 35.3876261525094,
                   NULL, NULL, NULL, NULL, NULL, f_sysdate, f_user,
                   NULL, NULL, NULL, NULL, NULL, NULL, NULL,
                   NULL
                  );
   EXCEPTION
      WHEN DUP_VAL_ON_INDEX
      THEN
         NULL;
   END;

   BEGIN
      INSERT INTO sgt_subtabs_det
                  (sdetalle, cempres, csubtabla, cversubt, ccla1, ccla2,
                   ccla3, ccla4, ccla5, ccla6, ccla7, ccla8, nval1,
                   nval2, nval3, nval4, nval5, nval6, falta, cusualt,
                   fmodifi, cusumod, ccla9, ccla10, nval7, nval8, nval9,
                   nval10
                  )
           VALUES (sdetalle_conf.NEXTVAL, 24, 8000047, 1, 80002, 2,
                   1774720, NULL, NULL, NULL, NULL, NULL, 35.3876261525094,
                   NULL, NULL, NULL, NULL, NULL, f_sysdate, f_user,
                   NULL, NULL, NULL, NULL, NULL, NULL, NULL,
                   NULL
                  );
   EXCEPTION
      WHEN DUP_VAL_ON_INDEX
      THEN
         NULL;
   END;

   BEGIN
      INSERT INTO sgt_subtabs_det
                  (sdetalle, cempres, csubtabla, cversubt, ccla1, ccla2,
                   ccla3, ccla4, ccla5, ccla6, ccla7, ccla8, nval1,
                   nval2, nval3, nval4, nval5, nval6, falta, cusualt,
                   fmodifi, cusumod, ccla9, ccla10, nval7, nval8, nval9,
                   nval10
                  )
           VALUES (sdetalle_conf.NEXTVAL, 24, 8000047, 1, 80003, 2,
                   1774720, NULL, NULL, NULL, NULL, NULL, 35.3876261525094,
                   NULL, NULL, NULL, NULL, NULL, f_sysdate, f_user,
                   NULL, NULL, NULL, NULL, NULL, NULL, NULL,
                   NULL
                  );
   EXCEPTION
      WHEN DUP_VAL_ON_INDEX
      THEN
         NULL;
   END;

   BEGIN
      INSERT INTO sgt_subtabs_det
                  (sdetalle, cempres, csubtabla, cversubt, ccla1, ccla2,
                   ccla3, ccla4, ccla5, ccla6, ccla7, ccla8, nval1,
                   nval2, nval3, nval4, nval5, nval6, falta, cusualt,
                   fmodifi, cusumod, ccla9, ccla10, nval7, nval8, nval9,
                   nval10
                  )
           VALUES (sdetalle_conf.NEXTVAL, 24, 8000047, 1, 80001, 0,
                   1774720, NULL, NULL, NULL, NULL, NULL, 35.3876261525094,
                   NULL, NULL, NULL, NULL, NULL, f_sysdate, f_user,
                   NULL, NULL, NULL, NULL, NULL, NULL, NULL,
                   NULL
                  );
   EXCEPTION
      WHEN DUP_VAL_ON_INDEX
      THEN
         NULL;
   END;

   BEGIN
      INSERT INTO sgt_subtabs_det
                  (sdetalle, cempres, csubtabla, cversubt, ccla1, ccla2,
                   ccla3, ccla4, ccla5, ccla6, ccla7, ccla8, nval1,
                   nval2, nval3, nval4, nval5, nval6, falta, cusualt,
                   fmodifi, cusumod, ccla9, ccla10, nval7, nval8, nval9,
                   nval10
                  )
           VALUES (sdetalle_conf.NEXTVAL, 24, 8000047, 1, 80002, 0,
                   1774720, NULL, NULL, NULL, NULL, NULL, 35.3876261525094,
                   NULL, NULL, NULL, NULL, NULL, f_sysdate, f_user,
                   NULL, NULL, NULL, NULL, NULL, NULL, NULL,
                   NULL
                  );
   EXCEPTION
      WHEN DUP_VAL_ON_INDEX
      THEN
         NULL;
   END;

   BEGIN
      INSERT INTO sgt_subtabs_det
                  (sdetalle, cempres, csubtabla, cversubt, ccla1, ccla2,
                   ccla3, ccla4, ccla5, ccla6, ccla7, ccla8, nval1,
                   nval2, nval3, nval4, nval5, nval6, falta, cusualt,
                   fmodifi, cusumod, ccla9, ccla10, nval7, nval8, nval9,
                   nval10
                  )
           VALUES (sdetalle_conf.NEXTVAL, 24, 8000047, 1, 80003, 0,
                   1774720, NULL, NULL, NULL, NULL, NULL, 35.3876261525094,
                   NULL, NULL, NULL, NULL, NULL, f_sysdate, f_user,
                   NULL, NULL, NULL, NULL, NULL, NULL, NULL,
                   NULL
                  );
   EXCEPTION
      WHEN DUP_VAL_ON_INDEX
      THEN
         NULL;
   END;

   BEGIN
      INSERT INTO sgt_subtabs_det
                  (sdetalle, cempres, csubtabla, cversubt, ccla1, ccla2,
                   ccla3, ccla4, ccla5, ccla6, ccla7, ccla8, nval1,
                   nval2, nval3, nval4, nval5, nval6, falta, cusualt,
                   fmodifi, cusumod, ccla9, ccla10, nval7, nval8, nval9,
                   nval10
                  )
           VALUES (sdetalle_conf.NEXTVAL, 24, 8000047, 1, 80001, 3,
                   1774720, NULL, NULL, NULL, NULL, NULL, 19.5160882850886,
                   NULL, NULL, NULL, NULL, NULL, f_sysdate, f_user,
                   NULL, NULL, NULL, NULL, NULL, NULL, NULL,
                   NULL
                  );
   EXCEPTION
      WHEN DUP_VAL_ON_INDEX
      THEN
         NULL;
   END;

   BEGIN
      INSERT INTO sgt_subtabs_det
                  (sdetalle, cempres, csubtabla, cversubt, ccla1, ccla2,
                   ccla3, ccla4, ccla5, ccla6, ccla7, ccla8, nval1,
                   nval2, nval3, nval4, nval5, nval6, falta, cusualt,
                   fmodifi, cusumod, ccla9, ccla10, nval7, nval8, nval9,
                   nval10
                  )
           VALUES (sdetalle_conf.NEXTVAL, 24, 8000047, 1, 80002, 3,
                   1774720, NULL, NULL, NULL, NULL, NULL, 19.5160882850886,
                   NULL, NULL, NULL, NULL, NULL, f_sysdate, f_user,
                   NULL, NULL, NULL, NULL, NULL, NULL, NULL,
                   NULL
                  );
   EXCEPTION
      WHEN DUP_VAL_ON_INDEX
      THEN
         NULL;
   END;

   BEGIN
      INSERT INTO sgt_subtabs_det
                  (sdetalle, cempres, csubtabla, cversubt, ccla1, ccla2,
                   ccla3, ccla4, ccla5, ccla6, ccla7, ccla8, nval1,
                   nval2, nval3, nval4, nval5, nval6, falta, cusualt,
                   fmodifi, cusumod, ccla9, ccla10, nval7, nval8, nval9,
                   nval10
                  )
           VALUES (sdetalle_conf.NEXTVAL, 24, 8000047, 1, 80003, 3,
                   1774720, NULL, NULL, NULL, NULL, NULL, 19.5160882850886,
                   NULL, NULL, NULL, NULL, NULL, f_sysdate, f_user,
                   NULL, NULL, NULL, NULL, NULL, NULL, NULL,
                   NULL
                  );
   EXCEPTION
      WHEN DUP_VAL_ON_INDEX
      THEN
         NULL;
   END;

   BEGIN
      INSERT INTO sgt_subtabs_det
                  (sdetalle, cempres, csubtabla, cversubt, ccla1, ccla2,
                   ccla3, ccla4, ccla5, ccla6, ccla7, ccla8, nval1,
                   nval2, nval3, nval4, nval5, nval6, falta, cusualt,
                   fmodifi, cusumod, ccla9, ccla10, nval7, nval8, nval9,
                   nval10
                  )
           VALUES (sdetalle_conf.NEXTVAL, 24, 8000047, 1, 80001, 1,
                   1774720, NULL, NULL, NULL, NULL, NULL, 24.8715805464753,
                   NULL, NULL, NULL, NULL, NULL, f_sysdate, f_user,
                   NULL, NULL, NULL, NULL, NULL, NULL, NULL,
                   NULL
                  );
   EXCEPTION
      WHEN DUP_VAL_ON_INDEX
      THEN
         NULL;
   END;

   BEGIN
      INSERT INTO sgt_subtabs_det
                  (sdetalle, cempres, csubtabla, cversubt, ccla1, ccla2,
                   ccla3, ccla4, ccla5, ccla6, ccla7, ccla8, nval1,
                   nval2, nval3, nval4, nval5, nval6, falta, cusualt,
                   fmodifi, cusumod, ccla9, ccla10, nval7, nval8, nval9,
                   nval10
                  )
           VALUES (sdetalle_conf.NEXTVAL, 24, 8000047, 1, 80002, 1,
                   1774720, NULL, NULL, NULL, NULL, NULL, 24.8715805464753,
                   NULL, NULL, NULL, NULL, NULL, f_sysdate, f_user,
                   NULL, NULL, NULL, NULL, NULL, NULL, NULL,
                   NULL
                  );
   EXCEPTION
      WHEN DUP_VAL_ON_INDEX
      THEN
         NULL;
   END;

   BEGIN
      INSERT INTO sgt_subtabs_det
                  (sdetalle, cempres, csubtabla, cversubt, ccla1, ccla2,
                   ccla3, ccla4, ccla5, ccla6, ccla7, ccla8, nval1,
                   nval2, nval3, nval4, nval5, nval6, falta, cusualt,
                   fmodifi, cusumod, ccla9, ccla10, nval7, nval8, nval9,
                   nval10
                  )
           VALUES (sdetalle_conf.NEXTVAL, 24, 8000047, 1, 80003, 1,
                   1774720, NULL, NULL, NULL, NULL, NULL, 24.8715805464753,
                   NULL, NULL, NULL, NULL, NULL, f_sysdate, f_user,
                   NULL, NULL, NULL, NULL, NULL, NULL, NULL,
                   NULL
                  );
   EXCEPTION
      WHEN DUP_VAL_ON_INDEX
      THEN
         NULL;
   END;

   BEGIN
      INSERT INTO sgt_subtabs_det
                  (sdetalle, cempres, csubtabla, cversubt, ccla1, ccla2,
                   ccla3, ccla4, ccla5, ccla6, ccla7, ccla8, nval1,
                   nval2, nval3, nval4, nval5, nval6, falta, cusualt,
                   fmodifi, cusumod, ccla9, ccla10, nval7, nval8, nval9,
                   nval10
                  )
           VALUES (sdetalle_conf.NEXTVAL, 24, 8000047, 1, 80001, 2,
                   1774720, NULL, NULL, NULL, NULL, NULL, 35.3876261525094,
                   NULL, NULL, NULL, NULL, NULL, f_sysdate, f_user,
                   NULL, NULL, NULL, NULL, NULL, NULL, NULL,
                   NULL
                  );
   EXCEPTION
      WHEN DUP_VAL_ON_INDEX
      THEN
         NULL;
   END;

   BEGIN
      INSERT INTO sgt_subtabs_det
                  (sdetalle, cempres, csubtabla, cversubt, ccla1, ccla2,
                   ccla3, ccla4, ccla5, ccla6, ccla7, ccla8, nval1,
                   nval2, nval3, nval4, nval5, nval6, falta, cusualt,
                   fmodifi, cusumod, ccla9, ccla10, nval7, nval8, nval9,
                   nval10
                  )
           VALUES (sdetalle_conf.NEXTVAL, 24, 8000047, 1, 80002, 2,
                   1774720, NULL, NULL, NULL, NULL, NULL, 35.3876261525094,
                   NULL, NULL, NULL, NULL, NULL, f_sysdate, f_user,
                   NULL, NULL, NULL, NULL, NULL, NULL, NULL,
                   NULL
                  );
   EXCEPTION
      WHEN DUP_VAL_ON_INDEX
      THEN
         NULL;
   END;

   BEGIN
      INSERT INTO sgt_subtabs_det
                  (sdetalle, cempres, csubtabla, cversubt, ccla1, ccla2,
                   ccla3, ccla4, ccla5, ccla6, ccla7, ccla8, nval1,
                   nval2, nval3, nval4, nval5, nval6, falta, cusualt,
                   fmodifi, cusumod, ccla9, ccla10, nval7, nval8, nval9,
                   nval10
                  )
           VALUES (sdetalle_conf.NEXTVAL, 24, 8000047, 1, 80003, 2,
                   1774720, NULL, NULL, NULL, NULL, NULL, 35.3876261525094,
                   NULL, NULL, NULL, NULL, NULL, f_sysdate, f_user,
                   NULL, NULL, NULL, NULL, NULL, NULL, NULL,
                   NULL
                  );
   EXCEPTION
      WHEN DUP_VAL_ON_INDEX
      THEN
         NULL;
   END;

   BEGIN
      INSERT INTO sgt_subtabs_det
                  (sdetalle, cempres, csubtabla, cversubt, ccla1, ccla2,
                   ccla3, ccla4, ccla5, ccla6, ccla7, ccla8, nval1,
                   nval2, nval3, nval4, nval5, nval6, falta, cusualt,
                   fmodifi, cusumod, ccla9, ccla10, nval7, nval8, nval9,
                   nval10
                  )
           VALUES (sdetalle_conf.NEXTVAL, 24, 8000047, 1, 80001, 0,
                   1774720, NULL, NULL, NULL, NULL, NULL, 35.3876261525094,
                   NULL, NULL, NULL, NULL, NULL, f_sysdate, f_user,
                   NULL, NULL, NULL, NULL, NULL, NULL, NULL,
                   NULL
                  );
   EXCEPTION
      WHEN DUP_VAL_ON_INDEX
      THEN
         NULL;
   END;

   BEGIN
      INSERT INTO sgt_subtabs_det
                  (sdetalle, cempres, csubtabla, cversubt, ccla1, ccla2,
                   ccla3, ccla4, ccla5, ccla6, ccla7, ccla8, nval1,
                   nval2, nval3, nval4, nval5, nval6, falta, cusualt,
                   fmodifi, cusumod, ccla9, ccla10, nval7, nval8, nval9,
                   nval10
                  )
           VALUES (sdetalle_conf.NEXTVAL, 24, 8000047, 1, 80002, 0,
                   1774720, NULL, NULL, NULL, NULL, NULL, 35.3876261525094,
                   NULL, NULL, NULL, NULL, NULL, f_sysdate, f_user,
                   NULL, NULL, NULL, NULL, NULL, NULL, NULL,
                   NULL
                  );
   EXCEPTION
      WHEN DUP_VAL_ON_INDEX
      THEN
         NULL;
   END;

   BEGIN
      INSERT INTO sgt_subtabs_det
                  (sdetalle, cempres, csubtabla, cversubt, ccla1, ccla2,
                   ccla3, ccla4, ccla5, ccla6, ccla7, ccla8, nval1,
                   nval2, nval3, nval4, nval5, nval6, falta, cusualt,
                   fmodifi, cusumod, ccla9, ccla10, nval7, nval8, nval9,
                   nval10
                  )
           VALUES (sdetalle_conf.NEXTVAL, 24, 8000047, 1, 80003, 0,
                   1774720, NULL, NULL, NULL, NULL, NULL, 35.3876261525094,
                   NULL, NULL, NULL, NULL, NULL, f_sysdate, f_user,
                   NULL, NULL, NULL, NULL, NULL, NULL, NULL,
                   NULL
                  );
   EXCEPTION
      WHEN DUP_VAL_ON_INDEX
      THEN
         NULL;
   END;

   BEGIN
      INSERT INTO sgt_subtabs_det
                  (sdetalle, cempres, csubtabla, cversubt, ccla1, ccla2,
                   ccla3, ccla4, ccla5, ccla6, ccla7, ccla8, nval1,
                   nval2, nval3, nval4, nval5, nval6, falta, cusualt,
                   fmodifi, cusumod, ccla9, ccla10, nval7, nval8, nval9,
                   nval10
                  )
           VALUES (sdetalle_conf.NEXTVAL, 24, 8000047, 1, 80001, 1,
                   1774720, NULL, NULL, NULL, NULL, NULL, 24.8715805464753,
                   NULL, NULL, NULL, NULL, NULL, f_sysdate, f_user,
                   NULL, NULL, NULL, NULL, NULL, NULL, NULL,
                   NULL
                  );
   EXCEPTION
      WHEN DUP_VAL_ON_INDEX
      THEN
         NULL;
   END;

   BEGIN
      INSERT INTO sgt_subtabs_det
                  (sdetalle, cempres, csubtabla, cversubt, ccla1, ccla2,
                   ccla3, ccla4, ccla5, ccla6, ccla7, ccla8, nval1,
                   nval2, nval3, nval4, nval5, nval6, falta, cusualt,
                   fmodifi, cusumod, ccla9, ccla10, nval7, nval8, nval9,
                   nval10
                  )
           VALUES (sdetalle_conf.NEXTVAL, 24, 8000047, 1, 80002, 1,
                   1774720, NULL, NULL, NULL, NULL, NULL, 24.8715805464753,
                   NULL, NULL, NULL, NULL, NULL, f_sysdate, f_user,
                   NULL, NULL, NULL, NULL, NULL, NULL, NULL,
                   NULL
                  );
   EXCEPTION
      WHEN DUP_VAL_ON_INDEX
      THEN
         NULL;
   END;

   BEGIN
      INSERT INTO sgt_subtabs_det
                  (sdetalle, cempres, csubtabla, cversubt, ccla1, ccla2,
                   ccla3, ccla4, ccla5, ccla6, ccla7, ccla8, nval1,
                   nval2, nval3, nval4, nval5, nval6, falta, cusualt,
                   fmodifi, cusumod, ccla9, ccla10, nval7, nval8, nval9,
                   nval10
                  )
           VALUES (sdetalle_conf.NEXTVAL, 24, 8000047, 1, 80003, 1,
                   1774720, NULL, NULL, NULL, NULL, NULL, 24.8715805464753,
                   NULL, NULL, NULL, NULL, NULL, f_sysdate, f_user,
                   NULL, NULL, NULL, NULL, NULL, NULL, NULL,
                   NULL
                  );
   EXCEPTION
      WHEN DUP_VAL_ON_INDEX
      THEN
         NULL;
   END;

   BEGIN
      INSERT INTO sgt_subtabs_det
                  (sdetalle, cempres, csubtabla, cversubt, ccla1, ccla2,
                   ccla3, ccla4, ccla5, ccla6, ccla7, ccla8, nval1,
                   nval2, nval3, nval4, nval5, nval6, falta, cusualt,
                   fmodifi, cusumod, ccla9, ccla10, nval7, nval8, nval9,
                   nval10
                  )
           VALUES (sdetalle_conf.NEXTVAL, 24, 8000047, 1, 80001, 2,
                   1744720, NULL, NULL, NULL, NULL, NULL, -29.9609204608137,
                   NULL, NULL, NULL, NULL, NULL, f_sysdate, f_user,
                   NULL, NULL, NULL, NULL, NULL, NULL, NULL,
                   NULL
                  );
   EXCEPTION
      WHEN DUP_VAL_ON_INDEX
      THEN
         NULL;
   END;

   BEGIN
      INSERT INTO sgt_subtabs_det
                  (sdetalle, cempres, csubtabla, cversubt, ccla1, ccla2,
                   ccla3, ccla4, ccla5, ccla6, ccla7, ccla8, nval1,
                   nval2, nval3, nval4, nval5, nval6, falta, cusualt,
                   fmodifi, cusumod, ccla9, ccla10, nval7, nval8, nval9,
                   nval10
                  )
           VALUES (sdetalle_conf.NEXTVAL, 24, 8000047, 1, 80002, 2,
                   1744720, NULL, NULL, NULL, NULL, NULL, -29.9609204608137,
                   NULL, NULL, NULL, NULL, NULL, f_sysdate, f_user,
                   NULL, NULL, NULL, NULL, NULL, NULL, NULL,
                   NULL
                  );
   EXCEPTION
      WHEN DUP_VAL_ON_INDEX
      THEN
         NULL;
   END;

   BEGIN
      INSERT INTO sgt_subtabs_det
                  (sdetalle, cempres, csubtabla, cversubt, ccla1, ccla2,
                   ccla3, ccla4, ccla5, ccla6, ccla7, ccla8, nval1,
                   nval2, nval3, nval4, nval5, nval6, falta, cusualt,
                   fmodifi, cusumod, ccla9, ccla10, nval7, nval8, nval9,
                   nval10
                  )
           VALUES (sdetalle_conf.NEXTVAL, 24, 8000047, 1, 80003, 2,
                   1744720, NULL, NULL, NULL, NULL, NULL, -29.9609204608137,
                   NULL, NULL, NULL, NULL, NULL, f_sysdate, f_user,
                   NULL, NULL, NULL, NULL, NULL, NULL, NULL,
                   NULL
                  );
   EXCEPTION
      WHEN DUP_VAL_ON_INDEX
      THEN
         NULL;
   END;

   BEGIN
      INSERT INTO sgt_subtabs_det
                  (sdetalle, cempres, csubtabla, cversubt, ccla1, ccla2,
                   ccla3, ccla4, ccla5, ccla6, ccla7, ccla8, nval1,
                   nval2, nval3, nval4, nval5, nval6, falta, cusualt,
                   fmodifi, cusumod, ccla9, ccla10, nval7, nval8, nval9,
                   nval10
                  )
           VALUES (sdetalle_conf.NEXTVAL, 24, 8000047, 1, 80001, 0,
                   1744720, NULL, NULL, NULL, NULL, NULL, -29.9609204608137,
                   NULL, NULL, NULL, NULL, NULL, f_sysdate, f_user,
                   NULL, NULL, NULL, NULL, NULL, NULL, NULL,
                   NULL
                  );
   EXCEPTION
      WHEN DUP_VAL_ON_INDEX
      THEN
         NULL;
   END;

   BEGIN
      INSERT INTO sgt_subtabs_det
                  (sdetalle, cempres, csubtabla, cversubt, ccla1, ccla2,
                   ccla3, ccla4, ccla5, ccla6, ccla7, ccla8, nval1,
                   nval2, nval3, nval4, nval5, nval6, falta, cusualt,
                   fmodifi, cusumod, ccla9, ccla10, nval7, nval8, nval9,
                   nval10
                  )
           VALUES (sdetalle_conf.NEXTVAL, 24, 8000047, 1, 80002, 0,
                   1744720, NULL, NULL, NULL, NULL, NULL, -29.9609204608137,
                   NULL, NULL, NULL, NULL, NULL, f_sysdate, f_user,
                   NULL, NULL, NULL, NULL, NULL, NULL, NULL,
                   NULL
                  );
   EXCEPTION
      WHEN DUP_VAL_ON_INDEX
      THEN
         NULL;
   END;

   BEGIN
      INSERT INTO sgt_subtabs_det
                  (sdetalle, cempres, csubtabla, cversubt, ccla1, ccla2,
                   ccla3, ccla4, ccla5, ccla6, ccla7, ccla8, nval1,
                   nval2, nval3, nval4, nval5, nval6, falta, cusualt,
                   fmodifi, cusumod, ccla9, ccla10, nval7, nval8, nval9,
                   nval10
                  )
           VALUES (sdetalle_conf.NEXTVAL, 24, 8000047, 1, 80003, 0,
                   1744720, NULL, NULL, NULL, NULL, NULL, -29.9609204608137,
                   NULL, NULL, NULL, NULL, NULL, f_sysdate, f_user,
                   NULL, NULL, NULL, NULL, NULL, NULL, NULL,
                   NULL
                  );
   EXCEPTION
      WHEN DUP_VAL_ON_INDEX
      THEN
         NULL;
   END;

   BEGIN
      INSERT INTO sgt_subtabs_det
                  (sdetalle, cempres, csubtabla, cversubt, ccla1, ccla2,
                   ccla3, ccla4, ccla5, ccla6, ccla7, ccla8, nval1,
                   nval2, nval3, nval4, nval5, nval6, falta, cusualt,
                   fmodifi, cusumod, ccla9, ccla10, nval7, nval8, nval9,
                   nval10
                  )
           VALUES (sdetalle_conf.NEXTVAL, 24, 8000047, 1, 80001, 1,
                   1744720, NULL, NULL, NULL, NULL, NULL, -22.5101293338447,
                   NULL, NULL, NULL, NULL, NULL, f_sysdate, f_user,
                   NULL, NULL, NULL, NULL, NULL, NULL, NULL,
                   NULL
                  );
   EXCEPTION
      WHEN DUP_VAL_ON_INDEX
      THEN
         NULL;
   END;

   BEGIN
      INSERT INTO sgt_subtabs_det
                  (sdetalle, cempres, csubtabla, cversubt, ccla1, ccla2,
                   ccla3, ccla4, ccla5, ccla6, ccla7, ccla8, nval1,
                   nval2, nval3, nval4, nval5, nval6, falta, cusualt,
                   fmodifi, cusumod, ccla9, ccla10, nval7, nval8, nval9,
                   nval10
                  )
           VALUES (sdetalle_conf.NEXTVAL, 24, 8000047, 1, 80002, 1,
                   1744720, NULL, NULL, NULL, NULL, NULL, -22.5101293338447,
                   NULL, NULL, NULL, NULL, NULL, f_sysdate, f_user,
                   NULL, NULL, NULL, NULL, NULL, NULL, NULL,
                   NULL
                  );
   EXCEPTION
      WHEN DUP_VAL_ON_INDEX
      THEN
         NULL;
   END;

   BEGIN
      INSERT INTO sgt_subtabs_det
                  (sdetalle, cempres, csubtabla, cversubt, ccla1, ccla2,
                   ccla3, ccla4, ccla5, ccla6, ccla7, ccla8, nval1,
                   nval2, nval3, nval4, nval5, nval6, falta, cusualt,
                   fmodifi, cusumod, ccla9, ccla10, nval7, nval8, nval9,
                   nval10
                  )
           VALUES (sdetalle_conf.NEXTVAL, 24, 8000047, 1, 80003, 1,
                   1744720, NULL, NULL, NULL, NULL, NULL, -22.5101293338447,
                   NULL, NULL, NULL, NULL, NULL, f_sysdate, f_user,
                   NULL, NULL, NULL, NULL, NULL, NULL, NULL,
                   NULL
                  );
   EXCEPTION
      WHEN DUP_VAL_ON_INDEX
      THEN
         NULL;
   END;

   BEGIN
      INSERT INTO sgt_subtabs_det
                  (sdetalle, cempres, csubtabla, cversubt, ccla1, ccla2,
                   ccla3, ccla4, ccla5, ccla6, ccla7, ccla8, nval1, nval2,
                   nval3, nval4, nval5, nval6, falta, cusualt, fmodifi,
                   cusumod, ccla9, ccla10, nval7, nval8, nval9, nval10
                  )
           VALUES (sdetalle_conf.NEXTVAL, 24, 8000047, 1, 80001, 1,
                   1744720, NULL, NULL, NULL, NULL, NULL, 200, NULL,
                   NULL, NULL, NULL, NULL, f_sysdate, f_user, NULL,
                   NULL, NULL, NULL, NULL, NULL, NULL, NULL
                  );
   EXCEPTION
      WHEN DUP_VAL_ON_INDEX
      THEN
         NULL;
   END;

   BEGIN
      INSERT INTO sgt_subtabs_det
                  (sdetalle, cempres, csubtabla, cversubt, ccla1, ccla2,
                   ccla3, ccla4, ccla5, ccla6, ccla7, ccla8, nval1, nval2,
                   nval3, nval4, nval5, nval6, falta, cusualt, fmodifi,
                   cusumod, ccla9, ccla10, nval7, nval8, nval9, nval10
                  )
           VALUES (sdetalle_conf.NEXTVAL, 24, 8000047, 1, 80002, 1,
                   1744720, NULL, NULL, NULL, NULL, NULL, 200, NULL,
                   NULL, NULL, NULL, NULL, f_sysdate, f_user, NULL,
                   NULL, NULL, NULL, NULL, NULL, NULL, NULL
                  );
   EXCEPTION
      WHEN DUP_VAL_ON_INDEX
      THEN
         NULL;
   END;

   BEGIN
      INSERT INTO sgt_subtabs_det
                  (sdetalle, cempres, csubtabla, cversubt, ccla1, ccla2,
                   ccla3, ccla4, ccla5, ccla6, ccla7, ccla8, nval1, nval2,
                   nval3, nval4, nval5, nval6, falta, cusualt, fmodifi,
                   cusumod, ccla9, ccla10, nval7, nval8, nval9, nval10
                  )
           VALUES (sdetalle_conf.NEXTVAL, 24, 8000047, 1, 80003, 1,
                   1744720, NULL, NULL, NULL, NULL, NULL, 200, NULL,
                   NULL, NULL, NULL, NULL, f_sysdate, f_user, NULL,
                   NULL, NULL, NULL, NULL, NULL, NULL, NULL
                  );
   EXCEPTION
      WHEN DUP_VAL_ON_INDEX
      THEN
         NULL;
   END;

   BEGIN
      INSERT INTO sgt_subtabs_det
                  (sdetalle, cempres, csubtabla, cversubt, ccla1, ccla2,
                   ccla3, ccla4, ccla5, ccla6, ccla7, ccla8, nval1, nval2,
                   nval3, nval4, nval5, nval6, falta, cusualt, fmodifi,
                   cusumod, ccla9, ccla10, nval7, nval8, nval9, nval10
                  )
           VALUES (sdetalle_conf.NEXTVAL, 24, 8000047, 1, 80001, 1,
                   1744720, NULL, NULL, NULL, NULL, NULL, 200, NULL,
                   NULL, NULL, NULL, NULL, f_sysdate, f_user, NULL,
                   NULL, NULL, NULL, NULL, NULL, NULL, NULL
                  );
   EXCEPTION
      WHEN DUP_VAL_ON_INDEX
      THEN
         NULL;
   END;

   BEGIN
      INSERT INTO sgt_subtabs_det
                  (sdetalle, cempres, csubtabla, cversubt, ccla1, ccla2,
                   ccla3, ccla4, ccla5, ccla6, ccla7, ccla8, nval1, nval2,
                   nval3, nval4, nval5, nval6, falta, cusualt, fmodifi,
                   cusumod, ccla9, ccla10, nval7, nval8, nval9, nval10
                  )
           VALUES (sdetalle_conf.NEXTVAL, 24, 8000047, 1, 80002, 1,
                   1744720, NULL, NULL, NULL, NULL, NULL, 200, NULL,
                   NULL, NULL, NULL, NULL, f_sysdate, f_user, NULL,
                   NULL, NULL, NULL, NULL, NULL, NULL, NULL
                  );
   EXCEPTION
      WHEN DUP_VAL_ON_INDEX
      THEN
         NULL;
   END;

   BEGIN
      INSERT INTO sgt_subtabs_det
                  (sdetalle, cempres, csubtabla, cversubt, ccla1, ccla2,
                   ccla3, ccla4, ccla5, ccla6, ccla7, ccla8, nval1, nval2,
                   nval3, nval4, nval5, nval6, falta, cusualt, fmodifi,
                   cusumod, ccla9, ccla10, nval7, nval8, nval9, nval10
                  )
           VALUES (sdetalle_conf.NEXTVAL, 24, 8000047, 1, 80003, 1,
                   1744720, NULL, NULL, NULL, NULL, NULL, 200, NULL,
                   NULL, NULL, NULL, NULL, f_sysdate, f_user, NULL,
                   NULL, NULL, NULL, NULL, NULL, NULL, NULL
                  );
   EXCEPTION
      WHEN DUP_VAL_ON_INDEX
      THEN
         NULL;
   END;

   BEGIN
      INSERT INTO sgt_subtabs_det
                  (sdetalle, cempres, csubtabla, cversubt, ccla1, ccla2,
                   ccla3, ccla4, ccla5, ccla6, ccla7, ccla8, nval1, nval2,
                   nval3, nval4, nval5, nval6, falta, cusualt, fmodifi,
                   cusumod, ccla9, ccla10, nval7, nval8, nval9, nval10
                  )
           VALUES (sdetalle_conf.NEXTVAL, 24, 8000047, 1, 80001, 1,
                   1744720, NULL, NULL, NULL, NULL, NULL, 200, NULL,
                   NULL, NULL, NULL, NULL, f_sysdate, f_user, NULL,
                   NULL, NULL, NULL, NULL, NULL, NULL, NULL
                  );
   EXCEPTION
      WHEN DUP_VAL_ON_INDEX
      THEN
         NULL;
   END;

   BEGIN
      INSERT INTO sgt_subtabs_det
                  (sdetalle, cempres, csubtabla, cversubt, ccla1, ccla2,
                   ccla3, ccla4, ccla5, ccla6, ccla7, ccla8, nval1, nval2,
                   nval3, nval4, nval5, nval6, falta, cusualt, fmodifi,
                   cusumod, ccla9, ccla10, nval7, nval8, nval9, nval10
                  )
           VALUES (sdetalle_conf.NEXTVAL, 24, 8000047, 1, 80002, 1,
                   1744720, NULL, NULL, NULL, NULL, NULL, 200, NULL,
                   NULL, NULL, NULL, NULL, f_sysdate, f_user, NULL,
                   NULL, NULL, NULL, NULL, NULL, NULL, NULL
                  );
   EXCEPTION
      WHEN DUP_VAL_ON_INDEX
      THEN
         NULL;
   END;

   BEGIN
      INSERT INTO sgt_subtabs_det
                  (sdetalle, cempres, csubtabla, cversubt, ccla1, ccla2,
                   ccla3, ccla4, ccla5, ccla6, ccla7, ccla8, nval1, nval2,
                   nval3, nval4, nval5, nval6, falta, cusualt, fmodifi,
                   cusumod, ccla9, ccla10, nval7, nval8, nval9, nval10
                  )
           VALUES (sdetalle_conf.NEXTVAL, 24, 8000047, 1, 80003, 1,
                   1744720, NULL, NULL, NULL, NULL, NULL, 200, NULL,
                   NULL, NULL, NULL, NULL, f_sysdate, f_user, NULL,
                   NULL, NULL, NULL, NULL, NULL, NULL, NULL
                  );
   EXCEPTION
      WHEN DUP_VAL_ON_INDEX
      THEN
         NULL;
   END;

   BEGIN
      INSERT INTO sgt_subtabs_det
                  (sdetalle, cempres, csubtabla, cversubt, ccla1, ccla2,
                   ccla3, ccla4, ccla5, ccla6, ccla7, ccla8, nval1,
                   nval2, nval3, nval4, nval5, nval6, falta, cusualt,
                   fmodifi, cusumod, ccla9, ccla10, nval7, nval8, nval9,
                   nval10
                  )
           VALUES (sdetalle_conf.NEXTVAL, 24, 8000047, 1, 80001, 0,
                   1744720, NULL, NULL, NULL, NULL, NULL, -29.9609204608137,
                   NULL, NULL, NULL, NULL, NULL, f_sysdate, f_user,
                   NULL, NULL, NULL, NULL, NULL, NULL, NULL,
                   NULL
                  );
   EXCEPTION
      WHEN DUP_VAL_ON_INDEX
      THEN
         NULL;
   END;

   BEGIN
      INSERT INTO sgt_subtabs_det
                  (sdetalle, cempres, csubtabla, cversubt, ccla1, ccla2,
                   ccla3, ccla4, ccla5, ccla6, ccla7, ccla8, nval1,
                   nval2, nval3, nval4, nval5, nval6, falta, cusualt,
                   fmodifi, cusumod, ccla9, ccla10, nval7, nval8, nval9,
                   nval10
                  )
           VALUES (sdetalle_conf.NEXTVAL, 24, 8000047, 1, 80002, 0,
                   1744720, NULL, NULL, NULL, NULL, NULL, -29.9609204608137,
                   NULL, NULL, NULL, NULL, NULL, f_sysdate, f_user,
                   NULL, NULL, NULL, NULL, NULL, NULL, NULL,
                   NULL
                  );
   EXCEPTION
      WHEN DUP_VAL_ON_INDEX
      THEN
         NULL;
   END;

   BEGIN
      INSERT INTO sgt_subtabs_det
                  (sdetalle, cempres, csubtabla, cversubt, ccla1, ccla2,
                   ccla3, ccla4, ccla5, ccla6, ccla7, ccla8, nval1,
                   nval2, nval3, nval4, nval5, nval6, falta, cusualt,
                   fmodifi, cusumod, ccla9, ccla10, nval7, nval8, nval9,
                   nval10
                  )
           VALUES (sdetalle_conf.NEXTVAL, 24, 8000047, 1, 80003, 0,
                   1744720, NULL, NULL, NULL, NULL, NULL, -29.9609204608137,
                   NULL, NULL, NULL, NULL, NULL, f_sysdate, f_user,
                   NULL, NULL, NULL, NULL, NULL, NULL, NULL,
                   NULL
                  );
   EXCEPTION
      WHEN DUP_VAL_ON_INDEX
      THEN
         NULL;
   END;

   BEGIN
      INSERT INTO sgt_subtabs_det
                  (sdetalle, cempres, csubtabla, cversubt, ccla1, ccla2,
                   ccla3, ccla4, ccla5, ccla6, ccla7, ccla8, nval1,
                   nval2, nval3, nval4, nval5, nval6, falta, cusualt,
                   fmodifi, cusumod, ccla9, ccla10, nval7, nval8, nval9,
                   nval10
                  )
           VALUES (sdetalle_conf.NEXTVAL, 24, 8000047, 1, 80001, 3,
                   1744720, NULL, NULL, NULL, NULL, NULL, 11.4105155873087,
                   NULL, NULL, NULL, NULL, NULL, f_sysdate, f_user,
                   NULL, NULL, NULL, NULL, NULL, NULL, NULL,
                   NULL
                  );
   EXCEPTION
      WHEN DUP_VAL_ON_INDEX
      THEN
         NULL;
   END;

   BEGIN
      INSERT INTO sgt_subtabs_det
                  (sdetalle, cempres, csubtabla, cversubt, ccla1, ccla2,
                   ccla3, ccla4, ccla5, ccla6, ccla7, ccla8, nval1,
                   nval2, nval3, nval4, nval5, nval6, falta, cusualt,
                   fmodifi, cusumod, ccla9, ccla10, nval7, nval8, nval9,
                   nval10
                  )
           VALUES (sdetalle_conf.NEXTVAL, 24, 8000047, 1, 80002, 3,
                   1744720, NULL, NULL, NULL, NULL, NULL, 11.4105155873087,
                   NULL, NULL, NULL, NULL, NULL, f_sysdate, f_user,
                   NULL, NULL, NULL, NULL, NULL, NULL, NULL,
                   NULL
                  );
   EXCEPTION
      WHEN DUP_VAL_ON_INDEX
      THEN
         NULL;
   END;

   BEGIN
      INSERT INTO sgt_subtabs_det
                  (sdetalle, cempres, csubtabla, cversubt, ccla1, ccla2,
                   ccla3, ccla4, ccla5, ccla6, ccla7, ccla8, nval1,
                   nval2, nval3, nval4, nval5, nval6, falta, cusualt,
                   fmodifi, cusumod, ccla9, ccla10, nval7, nval8, nval9,
                   nval10
                  )
           VALUES (sdetalle_conf.NEXTVAL, 24, 8000047, 1, 80003, 3,
                   1744720, NULL, NULL, NULL, NULL, NULL, 11.4105155873087,
                   NULL, NULL, NULL, NULL, NULL, f_sysdate, f_user,
                   NULL, NULL, NULL, NULL, NULL, NULL, NULL,
                   NULL
                  );
   EXCEPTION
      WHEN DUP_VAL_ON_INDEX
      THEN
         NULL;
   END;

   BEGIN
      INSERT INTO sgt_subtabs_det
                  (sdetalle, cempres, csubtabla, cversubt, ccla1, ccla2,
                   ccla3, ccla4, ccla5, ccla6, ccla7, ccla8, nval1,
                   nval2, nval3, nval4, nval5, nval6, falta, cusualt,
                   fmodifi, cusumod, ccla9, ccla10, nval7, nval8, nval9,
                   nval10
                  )
           VALUES (sdetalle_conf.NEXTVAL, 24, 8000047, 1, 80001, 1,
                   1744720, NULL, NULL, NULL, NULL, NULL, -22.5101293338447,
                   NULL, NULL, NULL, NULL, NULL, f_sysdate, f_user,
                   NULL, NULL, NULL, NULL, NULL, NULL, NULL,
                   NULL
                  );
   EXCEPTION
      WHEN DUP_VAL_ON_INDEX
      THEN
         NULL;
   END;

   BEGIN
      INSERT INTO sgt_subtabs_det
                  (sdetalle, cempres, csubtabla, cversubt, ccla1, ccla2,
                   ccla3, ccla4, ccla5, ccla6, ccla7, ccla8, nval1,
                   nval2, nval3, nval4, nval5, nval6, falta, cusualt,
                   fmodifi, cusumod, ccla9, ccla10, nval7, nval8, nval9,
                   nval10
                  )
           VALUES (sdetalle_conf.NEXTVAL, 24, 8000047, 1, 80002, 1,
                   1744720, NULL, NULL, NULL, NULL, NULL, -22.5101293338447,
                   NULL, NULL, NULL, NULL, NULL, f_sysdate, f_user,
                   NULL, NULL, NULL, NULL, NULL, NULL, NULL,
                   NULL
                  );
   EXCEPTION
      WHEN DUP_VAL_ON_INDEX
      THEN
         NULL;
   END;

   BEGIN
      INSERT INTO sgt_subtabs_det
                  (sdetalle, cempres, csubtabla, cversubt, ccla1, ccla2,
                   ccla3, ccla4, ccla5, ccla6, ccla7, ccla8, nval1,
                   nval2, nval3, nval4, nval5, nval6, falta, cusualt,
                   fmodifi, cusumod, ccla9, ccla10, nval7, nval8, nval9,
                   nval10
                  )
           VALUES (sdetalle_conf.NEXTVAL, 24, 8000047, 1, 80003, 1,
                   1744720, NULL, NULL, NULL, NULL, NULL, -22.5101293338447,
                   NULL, NULL, NULL, NULL, NULL, f_sysdate, f_user,
                   NULL, NULL, NULL, NULL, NULL, NULL, NULL,
                   NULL
                  );
   EXCEPTION
      WHEN DUP_VAL_ON_INDEX
      THEN
         NULL;
   END;

   BEGIN
      INSERT INTO sgt_subtabs_det
                  (sdetalle, cempres, csubtabla, cversubt, ccla1, ccla2,
                   ccla3, ccla4, ccla5, ccla6, ccla7, ccla8, nval1,
                   nval2, nval3, nval4, nval5, nval6, falta, cusualt,
                   fmodifi, cusumod, ccla9, ccla10, nval7, nval8, nval9,
                   nval10
                  )
           VALUES (sdetalle_conf.NEXTVAL, 24, 8000047, 1, 80001, 2,
                   1744720, NULL, NULL, NULL, NULL, NULL, -29.9609204608137,
                   NULL, NULL, NULL, NULL, NULL, f_sysdate, f_user,
                   NULL, NULL, NULL, NULL, NULL, NULL, NULL,
                   NULL
                  );
   EXCEPTION
      WHEN DUP_VAL_ON_INDEX
      THEN
         NULL;
   END;

   BEGIN
      INSERT INTO sgt_subtabs_det
                  (sdetalle, cempres, csubtabla, cversubt, ccla1, ccla2,
                   ccla3, ccla4, ccla5, ccla6, ccla7, ccla8, nval1,
                   nval2, nval3, nval4, nval5, nval6, falta, cusualt,
                   fmodifi, cusumod, ccla9, ccla10, nval7, nval8, nval9,
                   nval10
                  )
           VALUES (sdetalle_conf.NEXTVAL, 24, 8000047, 1, 80002, 2,
                   1744720, NULL, NULL, NULL, NULL, NULL, -29.9609204608137,
                   NULL, NULL, NULL, NULL, NULL, f_sysdate, f_user,
                   NULL, NULL, NULL, NULL, NULL, NULL, NULL,
                   NULL
                  );
   EXCEPTION
      WHEN DUP_VAL_ON_INDEX
      THEN
         NULL;
   END;

   BEGIN
      INSERT INTO sgt_subtabs_det
                  (sdetalle, cempres, csubtabla, cversubt, ccla1, ccla2,
                   ccla3, ccla4, ccla5, ccla6, ccla7, ccla8, nval1,
                   nval2, nval3, nval4, nval5, nval6, falta, cusualt,
                   fmodifi, cusumod, ccla9, ccla10, nval7, nval8, nval9,
                   nval10
                  )
           VALUES (sdetalle_conf.NEXTVAL, 24, 8000047, 1, 80003, 2,
                   1744720, NULL, NULL, NULL, NULL, NULL, -29.9609204608137,
                   NULL, NULL, NULL, NULL, NULL, f_sysdate, f_user,
                   NULL, NULL, NULL, NULL, NULL, NULL, NULL,
                   NULL
                  );
   EXCEPTION
      WHEN DUP_VAL_ON_INDEX
      THEN
         NULL;
   END;

   BEGIN
      INSERT INTO sgt_subtabs_det
                  (sdetalle, cempres, csubtabla, cversubt, ccla1, ccla2,
                   ccla3, ccla4, ccla5, ccla6, ccla7, ccla8, nval1,
                   nval2, nval3, nval4, nval5, nval6, falta, cusualt,
                   fmodifi, cusumod, ccla9, ccla10, nval7, nval8, nval9,
                   nval10
                  )
           VALUES (sdetalle_conf.NEXTVAL, 24, 8000047, 1, 80001, 0,
                   1744720, NULL, NULL, NULL, NULL, NULL, -29.9609204608137,
                   NULL, NULL, NULL, NULL, NULL, f_sysdate, f_user,
                   NULL, NULL, NULL, NULL, NULL, NULL, NULL,
                   NULL
                  );
   EXCEPTION
      WHEN DUP_VAL_ON_INDEX
      THEN
         NULL;
   END;

   BEGIN
      INSERT INTO sgt_subtabs_det
                  (sdetalle, cempres, csubtabla, cversubt, ccla1, ccla2,
                   ccla3, ccla4, ccla5, ccla6, ccla7, ccla8, nval1,
                   nval2, nval3, nval4, nval5, nval6, falta, cusualt,
                   fmodifi, cusumod, ccla9, ccla10, nval7, nval8, nval9,
                   nval10
                  )
           VALUES (sdetalle_conf.NEXTVAL, 24, 8000047, 1, 80002, 0,
                   1744720, NULL, NULL, NULL, NULL, NULL, -29.9609204608137,
                   NULL, NULL, NULL, NULL, NULL, f_sysdate, f_user,
                   NULL, NULL, NULL, NULL, NULL, NULL, NULL,
                   NULL
                  );
   EXCEPTION
      WHEN DUP_VAL_ON_INDEX
      THEN
         NULL;
   END;

   BEGIN
      INSERT INTO sgt_subtabs_det
                  (sdetalle, cempres, csubtabla, cversubt, ccla1, ccla2,
                   ccla3, ccla4, ccla5, ccla6, ccla7, ccla8, nval1,
                   nval2, nval3, nval4, nval5, nval6, falta, cusualt,
                   fmodifi, cusumod, ccla9, ccla10, nval7, nval8, nval9,
                   nval10
                  )
           VALUES (sdetalle_conf.NEXTVAL, 24, 8000047, 1, 80003, 0,
                   1744720, NULL, NULL, NULL, NULL, NULL, -29.9609204608137,
                   NULL, NULL, NULL, NULL, NULL, f_sysdate, f_user,
                   NULL, NULL, NULL, NULL, NULL, NULL, NULL,
                   NULL
                  );
   EXCEPTION
      WHEN DUP_VAL_ON_INDEX
      THEN
         NULL;
   END;

   BEGIN
      INSERT INTO sgt_subtabs_det
                  (sdetalle, cempres, csubtabla, cversubt, ccla1, ccla2,
                   ccla3, ccla4, ccla5, ccla6, ccla7, ccla8, nval1,
                   nval2, nval3, nval4, nval5, nval6, falta, cusualt,
                   fmodifi, cusumod, ccla9, ccla10, nval7, nval8, nval9,
                   nval10
                  )
           VALUES (sdetalle_conf.NEXTVAL, 24, 8000047, 1, 80001, 1,
                   1744720, NULL, NULL, NULL, NULL, NULL, -22.5101293338447,
                   NULL, NULL, NULL, NULL, NULL, f_sysdate, f_user,
                   NULL, NULL, NULL, NULL, NULL, NULL, NULL,
                   NULL
                  );
   EXCEPTION
      WHEN DUP_VAL_ON_INDEX
      THEN
         NULL;
   END;

   BEGIN
      INSERT INTO sgt_subtabs_det
                  (sdetalle, cempres, csubtabla, cversubt, ccla1, ccla2,
                   ccla3, ccla4, ccla5, ccla6, ccla7, ccla8, nval1,
                   nval2, nval3, nval4, nval5, nval6, falta, cusualt,
                   fmodifi, cusumod, ccla9, ccla10, nval7, nval8, nval9,
                   nval10
                  )
           VALUES (sdetalle_conf.NEXTVAL, 24, 8000047, 1, 80002, 1,
                   1744720, NULL, NULL, NULL, NULL, NULL, -22.5101293338447,
                   NULL, NULL, NULL, NULL, NULL, f_sysdate, f_user,
                   NULL, NULL, NULL, NULL, NULL, NULL, NULL,
                   NULL
                  );
   EXCEPTION
      WHEN DUP_VAL_ON_INDEX
      THEN
         NULL;
   END;

   BEGIN
      INSERT INTO sgt_subtabs_det
                  (sdetalle, cempres, csubtabla, cversubt, ccla1, ccla2,
                   ccla3, ccla4, ccla5, ccla6, ccla7, ccla8, nval1,
                   nval2, nval3, nval4, nval5, nval6, falta, cusualt,
                   fmodifi, cusumod, ccla9, ccla10, nval7, nval8, nval9,
                   nval10
                  )
           VALUES (sdetalle_conf.NEXTVAL, 24, 8000047, 1, 80003, 1,
                   1744720, NULL, NULL, NULL, NULL, NULL, -22.5101293338447,
                   NULL, NULL, NULL, NULL, NULL, f_sysdate, f_user,
                   NULL, NULL, NULL, NULL, NULL, NULL, NULL,
                   NULL
                  );
   EXCEPTION
      WHEN DUP_VAL_ON_INDEX
      THEN
         NULL;
   END;

   BEGIN
      INSERT INTO sgt_subtabs_det
                  (sdetalle, cempres, csubtabla, cversubt, ccla1, ccla2,
                   ccla3, ccla4, ccla5, ccla6, ccla7, ccla8, nval1,
                   nval2, nval3, nval4, nval5, nval6, falta, cusualt,
                   fmodifi, cusumod, ccla9, ccla10, nval7, nval8, nval9,
                   nval10
                  )
           VALUES (sdetalle_conf.NEXTVAL, 24, 8000047, 1, 80001, 2,
                   1744720, NULL, NULL, NULL, NULL, NULL, -29.9609204608137,
                   NULL, NULL, NULL, NULL, NULL, f_sysdate, f_user,
                   NULL, NULL, NULL, NULL, NULL, NULL, NULL,
                   NULL
                  );
   EXCEPTION
      WHEN DUP_VAL_ON_INDEX
      THEN
         NULL;
   END;

   BEGIN
      INSERT INTO sgt_subtabs_det
                  (sdetalle, cempres, csubtabla, cversubt, ccla1, ccla2,
                   ccla3, ccla4, ccla5, ccla6, ccla7, ccla8, nval1,
                   nval2, nval3, nval4, nval5, nval6, falta, cusualt,
                   fmodifi, cusumod, ccla9, ccla10, nval7, nval8, nval9,
                   nval10
                  )
           VALUES (sdetalle_conf.NEXTVAL, 24, 8000047, 1, 80002, 2,
                   1744720, NULL, NULL, NULL, NULL, NULL, -29.9609204608137,
                   NULL, NULL, NULL, NULL, NULL, f_sysdate, f_user,
                   NULL, NULL, NULL, NULL, NULL, NULL, NULL,
                   NULL
                  );
   EXCEPTION
      WHEN DUP_VAL_ON_INDEX
      THEN
         NULL;
   END;

   BEGIN
      INSERT INTO sgt_subtabs_det
                  (sdetalle, cempres, csubtabla, cversubt, ccla1, ccla2,
                   ccla3, ccla4, ccla5, ccla6, ccla7, ccla8, nval1,
                   nval2, nval3, nval4, nval5, nval6, falta, cusualt,
                   fmodifi, cusumod, ccla9, ccla10, nval7, nval8, nval9,
                   nval10
                  )
           VALUES (sdetalle_conf.NEXTVAL, 24, 8000047, 1, 80003, 2,
                   1744720, NULL, NULL, NULL, NULL, NULL, -29.9609204608137,
                   NULL, NULL, NULL, NULL, NULL, f_sysdate, f_user,
                   NULL, NULL, NULL, NULL, NULL, NULL, NULL,
                   NULL
                  );
   EXCEPTION
      WHEN DUP_VAL_ON_INDEX
      THEN
         NULL;
   END;

   BEGIN
      INSERT INTO sgt_subtabs_det
                  (sdetalle, cempres, csubtabla, cversubt, ccla1, ccla2,
                   ccla3, ccla4, ccla5, ccla6, ccla7, ccla8, nval1,
                   nval2, nval3, nval4, nval5, nval6, falta, cusualt,
                   fmodifi, cusumod, ccla9, ccla10, nval7, nval8, nval9,
                   nval10
                  )
           VALUES (sdetalle_conf.NEXTVAL, 24, 8000047, 1, 80001, 0,
                   1744720, NULL, NULL, NULL, NULL, NULL, -29.9609204608137,
                   NULL, NULL, NULL, NULL, NULL, f_sysdate, f_user,
                   NULL, NULL, NULL, NULL, NULL, NULL, NULL,
                   NULL
                  );
   EXCEPTION
      WHEN DUP_VAL_ON_INDEX
      THEN
         NULL;
   END;

   BEGIN
      INSERT INTO sgt_subtabs_det
                  (sdetalle, cempres, csubtabla, cversubt, ccla1, ccla2,
                   ccla3, ccla4, ccla5, ccla6, ccla7, ccla8, nval1,
                   nval2, nval3, nval4, nval5, nval6, falta, cusualt,
                   fmodifi, cusumod, ccla9, ccla10, nval7, nval8, nval9,
                   nval10
                  )
           VALUES (sdetalle_conf.NEXTVAL, 24, 8000047, 1, 80002, 0,
                   1744720, NULL, NULL, NULL, NULL, NULL, -29.9609204608137,
                   NULL, NULL, NULL, NULL, NULL, f_sysdate, f_user,
                   NULL, NULL, NULL, NULL, NULL, NULL, NULL,
                   NULL
                  );
   EXCEPTION
      WHEN DUP_VAL_ON_INDEX
      THEN
         NULL;
   END;

   BEGIN
      INSERT INTO sgt_subtabs_det
                  (sdetalle, cempres, csubtabla, cversubt, ccla1, ccla2,
                   ccla3, ccla4, ccla5, ccla6, ccla7, ccla8, nval1,
                   nval2, nval3, nval4, nval5, nval6, falta, cusualt,
                   fmodifi, cusumod, ccla9, ccla10, nval7, nval8, nval9,
                   nval10
                  )
           VALUES (sdetalle_conf.NEXTVAL, 24, 8000047, 1, 80003, 0,
                   1744720, NULL, NULL, NULL, NULL, NULL, -29.9609204608137,
                   NULL, NULL, NULL, NULL, NULL, f_sysdate, f_user,
                   NULL, NULL, NULL, NULL, NULL, NULL, NULL,
                   NULL
                  );
   EXCEPTION
      WHEN DUP_VAL_ON_INDEX
      THEN
         NULL;
   END;

   BEGIN
      INSERT INTO sgt_subtabs_det
                  (sdetalle, cempres, csubtabla, cversubt, ccla1, ccla2,
                   ccla3, ccla4, ccla5, ccla6, ccla7, ccla8, nval1,
                   nval2, nval3, nval4, nval5, nval6, falta, cusualt,
                   fmodifi, cusumod, ccla9, ccla10, nval7, nval8, nval9,
                   nval10
                  )
           VALUES (sdetalle_conf.NEXTVAL, 24, 8000047, 1, 80001, 1,
                   1744720, NULL, NULL, NULL, NULL, NULL, -22.5101293338447,
                   NULL, NULL, NULL, NULL, NULL, f_sysdate, f_user,
                   NULL, NULL, NULL, NULL, NULL, NULL, NULL,
                   NULL
                  );
   EXCEPTION
      WHEN DUP_VAL_ON_INDEX
      THEN
         NULL;
   END;

   BEGIN
      INSERT INTO sgt_subtabs_det
                  (sdetalle, cempres, csubtabla, cversubt, ccla1, ccla2,
                   ccla3, ccla4, ccla5, ccla6, ccla7, ccla8, nval1,
                   nval2, nval3, nval4, nval5, nval6, falta, cusualt,
                   fmodifi, cusumod, ccla9, ccla10, nval7, nval8, nval9,
                   nval10
                  )
           VALUES (sdetalle_conf.NEXTVAL, 24, 8000047, 1, 80002, 1,
                   1744720, NULL, NULL, NULL, NULL, NULL, -22.5101293338447,
                   NULL, NULL, NULL, NULL, NULL, f_sysdate, f_user,
                   NULL, NULL, NULL, NULL, NULL, NULL, NULL,
                   NULL
                  );
   EXCEPTION
      WHEN DUP_VAL_ON_INDEX
      THEN
         NULL;
   END;

   BEGIN
      INSERT INTO sgt_subtabs_det
                  (sdetalle, cempres, csubtabla, cversubt, ccla1, ccla2,
                   ccla3, ccla4, ccla5, ccla6, ccla7, ccla8, nval1,
                   nval2, nval3, nval4, nval5, nval6, falta, cusualt,
                   fmodifi, cusumod, ccla9, ccla10, nval7, nval8, nval9,
                   nval10
                  )
           VALUES (sdetalle_conf.NEXTVAL, 24, 8000047, 1, 80003, 1,
                   1744720, NULL, NULL, NULL, NULL, NULL, -22.5101293338447,
                   NULL, NULL, NULL, NULL, NULL, f_sysdate, f_user,
                   NULL, NULL, NULL, NULL, NULL, NULL, NULL,
                   NULL
                  );
   EXCEPTION
      WHEN DUP_VAL_ON_INDEX
      THEN
         NULL;
   END;

   BEGIN
      INSERT INTO sgt_subtabs_det
                  (sdetalle, cempres, csubtabla, cversubt, ccla1, ccla2,
                   ccla3, ccla4, ccla5, ccla6, ccla7, ccla8, nval1,
                   nval2, nval3, nval4, nval5, nval6, falta, cusualt,
                   fmodifi, cusumod, ccla9, ccla10, nval7, nval8, nval9,
                   nval10
                  )
           VALUES (sdetalle_conf.NEXTVAL, 24, 8000047, 1, 80001, 0,
                   1744720, NULL, NULL, NULL, NULL, NULL, -29.9609204608137,
                   NULL, NULL, NULL, NULL, NULL, f_sysdate, f_user,
                   NULL, NULL, NULL, NULL, NULL, NULL, NULL,
                   NULL
                  );
   EXCEPTION
      WHEN DUP_VAL_ON_INDEX
      THEN
         NULL;
   END;

   BEGIN
      INSERT INTO sgt_subtabs_det
                  (sdetalle, cempres, csubtabla, cversubt, ccla1, ccla2,
                   ccla3, ccla4, ccla5, ccla6, ccla7, ccla8, nval1,
                   nval2, nval3, nval4, nval5, nval6, falta, cusualt,
                   fmodifi, cusumod, ccla9, ccla10, nval7, nval8, nval9,
                   nval10
                  )
           VALUES (sdetalle_conf.NEXTVAL, 24, 8000047, 1, 80002, 0,
                   1744720, NULL, NULL, NULL, NULL, NULL, -29.9609204608137,
                   NULL, NULL, NULL, NULL, NULL, f_sysdate, f_user,
                   NULL, NULL, NULL, NULL, NULL, NULL, NULL,
                   NULL
                  );
   EXCEPTION
      WHEN DUP_VAL_ON_INDEX
      THEN
         NULL;
   END;

   BEGIN
      INSERT INTO sgt_subtabs_det
                  (sdetalle, cempres, csubtabla, cversubt, ccla1, ccla2,
                   ccla3, ccla4, ccla5, ccla6, ccla7, ccla8, nval1,
                   nval2, nval3, nval4, nval5, nval6, falta, cusualt,
                   fmodifi, cusumod, ccla9, ccla10, nval7, nval8, nval9,
                   nval10
                  )
           VALUES (sdetalle_conf.NEXTVAL, 24, 8000047, 1, 80003, 0,
                   1744720, NULL, NULL, NULL, NULL, NULL, -29.9609204608137,
                   NULL, NULL, NULL, NULL, NULL, f_sysdate, f_user,
                   NULL, NULL, NULL, NULL, NULL, NULL, NULL,
                   NULL
                  );
   EXCEPTION
      WHEN DUP_VAL_ON_INDEX
      THEN
         NULL;
   END;

   BEGIN
      INSERT INTO sgt_subtabs_det
                  (sdetalle, cempres, csubtabla, cversubt, ccla1, ccla2,
                   ccla3, ccla4, ccla5, ccla6, ccla7, ccla8, nval1,
                   nval2, nval3, nval4, nval5, nval6, falta, cusualt,
                   fmodifi, cusumod, ccla9, ccla10, nval7, nval8, nval9,
                   nval10
                  )
           VALUES (sdetalle_conf.NEXTVAL, 24, 8000047, 1, 80001, 3,
                   1744720, NULL, NULL, NULL, NULL, NULL, 11.4105155873087,
                   NULL, NULL, NULL, NULL, NULL, f_sysdate, f_user,
                   NULL, NULL, NULL, NULL, NULL, NULL, NULL,
                   NULL
                  );
   EXCEPTION
      WHEN DUP_VAL_ON_INDEX
      THEN
         NULL;
   END;

   BEGIN
      INSERT INTO sgt_subtabs_det
                  (sdetalle, cempres, csubtabla, cversubt, ccla1, ccla2,
                   ccla3, ccla4, ccla5, ccla6, ccla7, ccla8, nval1,
                   nval2, nval3, nval4, nval5, nval6, falta, cusualt,
                   fmodifi, cusumod, ccla9, ccla10, nval7, nval8, nval9,
                   nval10
                  )
           VALUES (sdetalle_conf.NEXTVAL, 24, 8000047, 1, 80002, 3,
                   1744720, NULL, NULL, NULL, NULL, NULL, 11.4105155873087,
                   NULL, NULL, NULL, NULL, NULL, f_sysdate, f_user,
                   NULL, NULL, NULL, NULL, NULL, NULL, NULL,
                   NULL
                  );
   EXCEPTION
      WHEN DUP_VAL_ON_INDEX
      THEN
         NULL;
   END;

   BEGIN
      INSERT INTO sgt_subtabs_det
                  (sdetalle, cempres, csubtabla, cversubt, ccla1, ccla2,
                   ccla3, ccla4, ccla5, ccla6, ccla7, ccla8, nval1,
                   nval2, nval3, nval4, nval5, nval6, falta, cusualt,
                   fmodifi, cusumod, ccla9, ccla10, nval7, nval8, nval9,
                   nval10
                  )
           VALUES (sdetalle_conf.NEXTVAL, 24, 8000047, 1, 80003, 3,
                   1744720, NULL, NULL, NULL, NULL, NULL, 11.4105155873087,
                   NULL, NULL, NULL, NULL, NULL, f_sysdate, f_user,
                   NULL, NULL, NULL, NULL, NULL, NULL, NULL,
                   NULL
                  );
   EXCEPTION
      WHEN DUP_VAL_ON_INDEX
      THEN
         NULL;
   END;

   BEGIN
      INSERT INTO sgt_subtabs_det
                  (sdetalle, cempres, csubtabla, cversubt, ccla1, ccla2,
                   ccla3, ccla4, ccla5, ccla6, ccla7, ccla8, nval1,
                   nval2, nval3, nval4, nval5, nval6, falta, cusualt,
                   fmodifi, cusumod, ccla9, ccla10, nval7, nval8, nval9,
                   nval10
                  )
           VALUES (sdetalle_conf.NEXTVAL, 24, 8000047, 1, 80001, 1,
                   1744720, NULL, NULL, NULL, NULL, NULL, -22.5101293338447,
                   NULL, NULL, NULL, NULL, NULL, f_sysdate, f_user,
                   NULL, NULL, NULL, NULL, NULL, NULL, NULL,
                   NULL
                  );
   EXCEPTION
      WHEN DUP_VAL_ON_INDEX
      THEN
         NULL;
   END;

   BEGIN
      INSERT INTO sgt_subtabs_det
                  (sdetalle, cempres, csubtabla, cversubt, ccla1, ccla2,
                   ccla3, ccla4, ccla5, ccla6, ccla7, ccla8, nval1,
                   nval2, nval3, nval4, nval5, nval6, falta, cusualt,
                   fmodifi, cusumod, ccla9, ccla10, nval7, nval8, nval9,
                   nval10
                  )
           VALUES (sdetalle_conf.NEXTVAL, 24, 8000047, 1, 80002, 1,
                   1744720, NULL, NULL, NULL, NULL, NULL, -22.5101293338447,
                   NULL, NULL, NULL, NULL, NULL, f_sysdate, f_user,
                   NULL, NULL, NULL, NULL, NULL, NULL, NULL,
                   NULL
                  );
   EXCEPTION
      WHEN DUP_VAL_ON_INDEX
      THEN
         NULL;
   END;

   BEGIN
      INSERT INTO sgt_subtabs_det
                  (sdetalle, cempres, csubtabla, cversubt, ccla1, ccla2,
                   ccla3, ccla4, ccla5, ccla6, ccla7, ccla8, nval1,
                   nval2, nval3, nval4, nval5, nval6, falta, cusualt,
                   fmodifi, cusumod, ccla9, ccla10, nval7, nval8, nval9,
                   nval10
                  )
           VALUES (sdetalle_conf.NEXTVAL, 24, 8000047, 1, 80003, 1,
                   1744720, NULL, NULL, NULL, NULL, NULL, -22.5101293338447,
                   NULL, NULL, NULL, NULL, NULL, f_sysdate, f_user,
                   NULL, NULL, NULL, NULL, NULL, NULL, NULL,
                   NULL
                  );
   EXCEPTION
      WHEN DUP_VAL_ON_INDEX
      THEN
         NULL;
   END;

   BEGIN
      INSERT INTO sgt_subtabs_det
                  (sdetalle, cempres, csubtabla, cversubt, ccla1, ccla2,
                   ccla3, ccla4, ccla5, ccla6, ccla7, ccla8, nval1,
                   nval2, nval3, nval4, nval5, nval6, falta, cusualt,
                   fmodifi, cusumod, ccla9, ccla10, nval7, nval8, nval9,
                   nval10
                  )
           VALUES (sdetalle_conf.NEXTVAL, 24, 8000047, 1, 80001, 1,
                   1744720, NULL, NULL, NULL, NULL, NULL, -29.9609204608137,
                   NULL, NULL, NULL, NULL, NULL, f_sysdate, f_user,
                   NULL, NULL, NULL, NULL, NULL, NULL, NULL,
                   NULL
                  );
   EXCEPTION
      WHEN DUP_VAL_ON_INDEX
      THEN
         NULL;
   END;

   BEGIN
      INSERT INTO sgt_subtabs_det
                  (sdetalle, cempres, csubtabla, cversubt, ccla1, ccla2,
                   ccla3, ccla4, ccla5, ccla6, ccla7, ccla8, nval1,
                   nval2, nval3, nval4, nval5, nval6, falta, cusualt,
                   fmodifi, cusumod, ccla9, ccla10, nval7, nval8, nval9,
                   nval10
                  )
           VALUES (sdetalle_conf.NEXTVAL, 24, 8000047, 1, 80002, 1,
                   1744720, NULL, NULL, NULL, NULL, NULL, -29.9609204608137,
                   NULL, NULL, NULL, NULL, NULL, f_sysdate, f_user,
                   NULL, NULL, NULL, NULL, NULL, NULL, NULL,
                   NULL
                  );
   EXCEPTION
      WHEN DUP_VAL_ON_INDEX
      THEN
         NULL;
   END;

   BEGIN
      INSERT INTO sgt_subtabs_det
                  (sdetalle, cempres, csubtabla, cversubt, ccla1, ccla2,
                   ccla3, ccla4, ccla5, ccla6, ccla7, ccla8, nval1,
                   nval2, nval3, nval4, nval5, nval6, falta, cusualt,
                   fmodifi, cusumod, ccla9, ccla10, nval7, nval8, nval9,
                   nval10
                  )
           VALUES (sdetalle_conf.NEXTVAL, 24, 8000047, 1, 80003, 1,
                   1744720, NULL, NULL, NULL, NULL, NULL, -29.9609204608137,
                   NULL, NULL, NULL, NULL, NULL, f_sysdate, f_user,
                   NULL, NULL, NULL, NULL, NULL, NULL, NULL,
                   NULL
                  );
   EXCEPTION
      WHEN DUP_VAL_ON_INDEX
      THEN
         NULL;
   END;

   BEGIN
      INSERT INTO sgt_subtabs_det
                  (sdetalle, cempres, csubtabla, cversubt, ccla1, ccla2,
                   ccla3, ccla4, ccla5, ccla6, ccla7, ccla8, nval1,
                   nval2, nval3, nval4, nval5, nval6, falta, cusualt,
                   fmodifi, cusumod, ccla9, ccla10, nval7, nval8, nval9,
                   nval10
                  )
           VALUES (sdetalle_conf.NEXTVAL, 24, 8000047, 1, 80001, 0,
                   1744720, NULL, NULL, NULL, NULL, NULL, -29.9609204608137,
                   NULL, NULL, NULL, NULL, NULL, f_sysdate, f_user,
                   NULL, NULL, NULL, NULL, NULL, NULL, NULL,
                   NULL
                  );
   EXCEPTION
      WHEN DUP_VAL_ON_INDEX
      THEN
         NULL;
   END;

   BEGIN
      INSERT INTO sgt_subtabs_det
                  (sdetalle, cempres, csubtabla, cversubt, ccla1, ccla2,
                   ccla3, ccla4, ccla5, ccla6, ccla7, ccla8, nval1,
                   nval2, nval3, nval4, nval5, nval6, falta, cusualt,
                   fmodifi, cusumod, ccla9, ccla10, nval7, nval8, nval9,
                   nval10
                  )
           VALUES (sdetalle_conf.NEXTVAL, 24, 8000047, 1, 80002, 0,
                   1744720, NULL, NULL, NULL, NULL, NULL, -29.9609204608137,
                   NULL, NULL, NULL, NULL, NULL, f_sysdate, f_user,
                   NULL, NULL, NULL, NULL, NULL, NULL, NULL,
                   NULL
                  );
   EXCEPTION
      WHEN DUP_VAL_ON_INDEX
      THEN
         NULL;
   END;

   BEGIN
      INSERT INTO sgt_subtabs_det
                  (sdetalle, cempres, csubtabla, cversubt, ccla1, ccla2,
                   ccla3, ccla4, ccla5, ccla6, ccla7, ccla8, nval1,
                   nval2, nval3, nval4, nval5, nval6, falta, cusualt,
                   fmodifi, cusumod, ccla9, ccla10, nval7, nval8, nval9,
                   nval10
                  )
           VALUES (sdetalle_conf.NEXTVAL, 24, 8000047, 1, 80003, 0,
                   1744720, NULL, NULL, NULL, NULL, NULL, -29.9609204608137,
                   NULL, NULL, NULL, NULL, NULL, f_sysdate, f_user,
                   NULL, NULL, NULL, NULL, NULL, NULL, NULL,
                   NULL
                  );
   EXCEPTION
      WHEN DUP_VAL_ON_INDEX
      THEN
         NULL;
   END;

   BEGIN
      INSERT INTO sgt_subtabs_det
                  (sdetalle, cempres, csubtabla, cversubt, ccla1, ccla2,
                   ccla3, ccla4, ccla5, ccla6, ccla7, ccla8, nval1,
                   nval2, nval3, nval4, nval5, nval6, falta, cusualt,
                   fmodifi, cusumod, ccla9, ccla10, nval7, nval8, nval9,
                   nval10
                  )
           VALUES (sdetalle_conf.NEXTVAL, 24, 8000047, 1, 80001, 3,
                   1744720, NULL, NULL, NULL, NULL, NULL, 11.4105155873087,
                   NULL, NULL, NULL, NULL, NULL, f_sysdate, f_user,
                   NULL, NULL, NULL, NULL, NULL, NULL, NULL,
                   NULL
                  );
   EXCEPTION
      WHEN DUP_VAL_ON_INDEX
      THEN
         NULL;
   END;

   BEGIN
      INSERT INTO sgt_subtabs_det
                  (sdetalle, cempres, csubtabla, cversubt, ccla1, ccla2,
                   ccla3, ccla4, ccla5, ccla6, ccla7, ccla8, nval1,
                   nval2, nval3, nval4, nval5, nval6, falta, cusualt,
                   fmodifi, cusumod, ccla9, ccla10, nval7, nval8, nval9,
                   nval10
                  )
           VALUES (sdetalle_conf.NEXTVAL, 24, 8000047, 1, 80002, 3,
                   1744720, NULL, NULL, NULL, NULL, NULL, 11.4105155873087,
                   NULL, NULL, NULL, NULL, NULL, f_sysdate, f_user,
                   NULL, NULL, NULL, NULL, NULL, NULL, NULL,
                   NULL
                  );
   EXCEPTION
      WHEN DUP_VAL_ON_INDEX
      THEN
         NULL;
   END;

   BEGIN
      INSERT INTO sgt_subtabs_det
                  (sdetalle, cempres, csubtabla, cversubt, ccla1, ccla2,
                   ccla3, ccla4, ccla5, ccla6, ccla7, ccla8, nval1,
                   nval2, nval3, nval4, nval5, nval6, falta, cusualt,
                   fmodifi, cusumod, ccla9, ccla10, nval7, nval8, nval9,
                   nval10
                  )
           VALUES (sdetalle_conf.NEXTVAL, 24, 8000047, 1, 80003, 3,
                   1744720, NULL, NULL, NULL, NULL, NULL, 11.4105155873087,
                   NULL, NULL, NULL, NULL, NULL, f_sysdate, f_user,
                   NULL, NULL, NULL, NULL, NULL, NULL, NULL,
                   NULL
                  );
   EXCEPTION
      WHEN DUP_VAL_ON_INDEX
      THEN
         NULL;
   END;

   BEGIN
      INSERT INTO sgt_subtabs_det
                  (sdetalle, cempres, csubtabla, cversubt, ccla1, ccla2,
                   ccla3, ccla4, ccla5, ccla6, ccla7, ccla8, nval1,
                   nval2, nval3, nval4, nval5, nval6, falta, cusualt,
                   fmodifi, cusumod, ccla9, ccla10, nval7, nval8, nval9,
                   nval10
                  )
           VALUES (sdetalle_conf.NEXTVAL, 24, 8000047, 1, 80001, 1,
                   1744720, NULL, NULL, NULL, NULL, NULL, -22.5101293338447,
                   NULL, NULL, NULL, NULL, NULL, f_sysdate, f_user,
                   NULL, NULL, NULL, NULL, NULL, NULL, NULL,
                   NULL
                  );
   EXCEPTION
      WHEN DUP_VAL_ON_INDEX
      THEN
         NULL;
   END;

   BEGIN
      INSERT INTO sgt_subtabs_det
                  (sdetalle, cempres, csubtabla, cversubt, ccla1, ccla2,
                   ccla3, ccla4, ccla5, ccla6, ccla7, ccla8, nval1,
                   nval2, nval3, nval4, nval5, nval6, falta, cusualt,
                   fmodifi, cusumod, ccla9, ccla10, nval7, nval8, nval9,
                   nval10
                  )
           VALUES (sdetalle_conf.NEXTVAL, 24, 8000047, 1, 80002, 1,
                   1744720, NULL, NULL, NULL, NULL, NULL, -22.5101293338447,
                   NULL, NULL, NULL, NULL, NULL, f_sysdate, f_user,
                   NULL, NULL, NULL, NULL, NULL, NULL, NULL,
                   NULL
                  );
   EXCEPTION
      WHEN DUP_VAL_ON_INDEX
      THEN
         NULL;
   END;

   BEGIN
      INSERT INTO sgt_subtabs_det
                  (sdetalle, cempres, csubtabla, cversubt, ccla1, ccla2,
                   ccla3, ccla4, ccla5, ccla6, ccla7, ccla8, nval1,
                   nval2, nval3, nval4, nval5, nval6, falta, cusualt,
                   fmodifi, cusumod, ccla9, ccla10, nval7, nval8, nval9,
                   nval10
                  )
           VALUES (sdetalle_conf.NEXTVAL, 24, 8000047, 1, 80003, 1,
                   1744720, NULL, NULL, NULL, NULL, NULL, -22.5101293338447,
                   NULL, NULL, NULL, NULL, NULL, f_sysdate, f_user,
                   NULL, NULL, NULL, NULL, NULL, NULL, NULL,
                   NULL
                  );
   EXCEPTION
      WHEN DUP_VAL_ON_INDEX
      THEN
         NULL;
   END;

   BEGIN
      INSERT INTO sgt_subtabs_det
                  (sdetalle, cempres, csubtabla, cversubt, ccla1, ccla2,
                   ccla3, ccla4, ccla5, ccla6, ccla7, ccla8, nval1,
                   nval2, nval3, nval4, nval5, nval6, falta, cusualt,
                   fmodifi, cusumod, ccla9, ccla10, nval7, nval8, nval9,
                   nval10
                  )
           VALUES (sdetalle_conf.NEXTVAL, 24, 8000047, 1, 80001, 2,
                   1744720, NULL, NULL, NULL, NULL, NULL, -29.9609204608137,
                   NULL, NULL, NULL, NULL, NULL, f_sysdate, f_user,
                   NULL, NULL, NULL, NULL, NULL, NULL, NULL,
                   NULL
                  );
   EXCEPTION
      WHEN DUP_VAL_ON_INDEX
      THEN
         NULL;
   END;

   BEGIN
      INSERT INTO sgt_subtabs_det
                  (sdetalle, cempres, csubtabla, cversubt, ccla1, ccla2,
                   ccla3, ccla4, ccla5, ccla6, ccla7, ccla8, nval1,
                   nval2, nval3, nval4, nval5, nval6, falta, cusualt,
                   fmodifi, cusumod, ccla9, ccla10, nval7, nval8, nval9,
                   nval10
                  )
           VALUES (sdetalle_conf.NEXTVAL, 24, 8000047, 1, 80002, 2,
                   1744720, NULL, NULL, NULL, NULL, NULL, -29.9609204608137,
                   NULL, NULL, NULL, NULL, NULL, f_sysdate, f_user,
                   NULL, NULL, NULL, NULL, NULL, NULL, NULL,
                   NULL
                  );
   EXCEPTION
      WHEN DUP_VAL_ON_INDEX
      THEN
         NULL;
   END;

   BEGIN
      INSERT INTO sgt_subtabs_det
                  (sdetalle, cempres, csubtabla, cversubt, ccla1, ccla2,
                   ccla3, ccla4, ccla5, ccla6, ccla7, ccla8, nval1,
                   nval2, nval3, nval4, nval5, nval6, falta, cusualt,
                   fmodifi, cusumod, ccla9, ccla10, nval7, nval8, nval9,
                   nval10
                  )
           VALUES (sdetalle_conf.NEXTVAL, 24, 8000047, 1, 80003, 2,
                   1744720, NULL, NULL, NULL, NULL, NULL, -29.9609204608137,
                   NULL, NULL, NULL, NULL, NULL, f_sysdate, f_user,
                   NULL, NULL, NULL, NULL, NULL, NULL, NULL,
                   NULL
                  );
   EXCEPTION
      WHEN DUP_VAL_ON_INDEX
      THEN
         NULL;
   END;

   BEGIN
      INSERT INTO sgt_subtabs_det
                  (sdetalle, cempres, csubtabla, cversubt, ccla1, ccla2,
                   ccla3, ccla4, ccla5, ccla6, ccla7, ccla8, nval1,
                   nval2, nval3, nval4, nval5, nval6, falta, cusualt,
                   fmodifi, cusumod, ccla9, ccla10, nval7, nval8, nval9,
                   nval10
                  )
           VALUES (sdetalle_conf.NEXTVAL, 24, 8000047, 1, 80001, 3,
                   1744720, NULL, NULL, NULL, NULL, NULL, 11.4105155873087,
                   NULL, NULL, NULL, NULL, NULL, f_sysdate, f_user,
                   NULL, NULL, NULL, NULL, NULL, NULL, NULL,
                   NULL
                  );
   EXCEPTION
      WHEN DUP_VAL_ON_INDEX
      THEN
         NULL;
   END;

   BEGIN
      INSERT INTO sgt_subtabs_det
                  (sdetalle, cempres, csubtabla, cversubt, ccla1, ccla2,
                   ccla3, ccla4, ccla5, ccla6, ccla7, ccla8, nval1,
                   nval2, nval3, nval4, nval5, nval6, falta, cusualt,
                   fmodifi, cusumod, ccla9, ccla10, nval7, nval8, nval9,
                   nval10
                  )
           VALUES (sdetalle_conf.NEXTVAL, 24, 8000047, 1, 80002, 3,
                   1744720, NULL, NULL, NULL, NULL, NULL, 11.4105155873087,
                   NULL, NULL, NULL, NULL, NULL, f_sysdate, f_user,
                   NULL, NULL, NULL, NULL, NULL, NULL, NULL,
                   NULL
                  );
   EXCEPTION
      WHEN DUP_VAL_ON_INDEX
      THEN
         NULL;
   END;

   BEGIN
      INSERT INTO sgt_subtabs_det
                  (sdetalle, cempres, csubtabla, cversubt, ccla1, ccla2,
                   ccla3, ccla4, ccla5, ccla6, ccla7, ccla8, nval1,
                   nval2, nval3, nval4, nval5, nval6, falta, cusualt,
                   fmodifi, cusumod, ccla9, ccla10, nval7, nval8, nval9,
                   nval10
                  )
           VALUES (sdetalle_conf.NEXTVAL, 24, 8000047, 1, 80003, 3,
                   1744720, NULL, NULL, NULL, NULL, NULL, 11.4105155873087,
                   NULL, NULL, NULL, NULL, NULL, f_sysdate, f_user,
                   NULL, NULL, NULL, NULL, NULL, NULL, NULL,
                   NULL
                  );
   EXCEPTION
      WHEN DUP_VAL_ON_INDEX
      THEN
         NULL;
   END;

   BEGIN
      INSERT INTO sgt_subtabs_det
                  (sdetalle, cempres, csubtabla, cversubt, ccla1, ccla2,
                   ccla3, ccla4, ccla5, ccla6, ccla7, ccla8, nval1,
                   nval2, nval3, nval4, nval5, nval6, falta, cusualt,
                   fmodifi, cusumod, ccla9, ccla10, nval7, nval8, nval9,
                   nval10
                  )
           VALUES (sdetalle_conf.NEXTVAL, 24, 8000047, 1, 80001, 0,
                   1684720, NULL, NULL, NULL, NULL, NULL, 35.9902648937437,
                   NULL, NULL, NULL, NULL, NULL, f_sysdate, f_user,
                   NULL, NULL, NULL, NULL, NULL, NULL, NULL,
                   NULL
                  );
   EXCEPTION
      WHEN DUP_VAL_ON_INDEX
      THEN
         NULL;
   END;

   BEGIN
      INSERT INTO sgt_subtabs_det
                  (sdetalle, cempres, csubtabla, cversubt, ccla1, ccla2,
                   ccla3, ccla4, ccla5, ccla6, ccla7, ccla8, nval1,
                   nval2, nval3, nval4, nval5, nval6, falta, cusualt,
                   fmodifi, cusumod, ccla9, ccla10, nval7, nval8, nval9,
                   nval10
                  )
           VALUES (sdetalle_conf.NEXTVAL, 24, 8000047, 1, 80002, 0,
                   1684720, NULL, NULL, NULL, NULL, NULL, 35.9902648937437,
                   NULL, NULL, NULL, NULL, NULL, f_sysdate, f_user,
                   NULL, NULL, NULL, NULL, NULL, NULL, NULL,
                   NULL
                  );
   EXCEPTION
      WHEN DUP_VAL_ON_INDEX
      THEN
         NULL;
   END;

   BEGIN
      INSERT INTO sgt_subtabs_det
                  (sdetalle, cempres, csubtabla, cversubt, ccla1, ccla2,
                   ccla3, ccla4, ccla5, ccla6, ccla7, ccla8, nval1,
                   nval2, nval3, nval4, nval5, nval6, falta, cusualt,
                   fmodifi, cusumod, ccla9, ccla10, nval7, nval8, nval9,
                   nval10
                  )
           VALUES (sdetalle_conf.NEXTVAL, 24, 8000047, 1, 80003, 0,
                   1684720, NULL, NULL, NULL, NULL, NULL, 35.9902648937437,
                   NULL, NULL, NULL, NULL, NULL, f_sysdate, f_user,
                   NULL, NULL, NULL, NULL, NULL, NULL, NULL,
                   NULL
                  );
   EXCEPTION
      WHEN DUP_VAL_ON_INDEX
      THEN
         NULL;
   END;

   BEGIN
      INSERT INTO sgt_subtabs_det
                  (sdetalle, cempres, csubtabla, cversubt, ccla1, ccla2,
                   ccla3, ccla4, ccla5, ccla6, ccla7, ccla8, nval1,
                   nval2, nval3, nval4, nval5, nval6, falta, cusualt,
                   fmodifi, cusumod, ccla9, ccla10, nval7, nval8, nval9,
                   nval10
                  )
           VALUES (sdetalle_conf.NEXTVAL, 24, 8000047, 1, 80001, 0,
                   1684720, NULL, NULL, NULL, NULL, NULL, 46.8358376088498,
                   NULL, NULL, NULL, NULL, NULL, f_sysdate, f_user,
                   NULL, NULL, NULL, NULL, NULL, NULL, NULL,
                   NULL
                  );
   EXCEPTION
      WHEN DUP_VAL_ON_INDEX
      THEN
         NULL;
   END;

   BEGIN
      INSERT INTO sgt_subtabs_det
                  (sdetalle, cempres, csubtabla, cversubt, ccla1, ccla2,
                   ccla3, ccla4, ccla5, ccla6, ccla7, ccla8, nval1,
                   nval2, nval3, nval4, nval5, nval6, falta, cusualt,
                   fmodifi, cusumod, ccla9, ccla10, nval7, nval8, nval9,
                   nval10
                  )
           VALUES (sdetalle_conf.NEXTVAL, 24, 8000047, 1, 80002, 0,
                   1684720, NULL, NULL, NULL, NULL, NULL, 46.8358376088498,
                   NULL, NULL, NULL, NULL, NULL, f_sysdate, f_user,
                   NULL, NULL, NULL, NULL, NULL, NULL, NULL,
                   NULL
                  );
   EXCEPTION
      WHEN DUP_VAL_ON_INDEX
      THEN
         NULL;
   END;

   BEGIN
      INSERT INTO sgt_subtabs_det
                  (sdetalle, cempres, csubtabla, cversubt, ccla1, ccla2,
                   ccla3, ccla4, ccla5, ccla6, ccla7, ccla8, nval1,
                   nval2, nval3, nval4, nval5, nval6, falta, cusualt,
                   fmodifi, cusumod, ccla9, ccla10, nval7, nval8, nval9,
                   nval10
                  )
           VALUES (sdetalle_conf.NEXTVAL, 24, 8000047, 1, 80003, 0,
                   1684720, NULL, NULL, NULL, NULL, NULL, 46.8358376088498,
                   NULL, NULL, NULL, NULL, NULL, f_sysdate, f_user,
                   NULL, NULL, NULL, NULL, NULL, NULL, NULL,
                   NULL
                  );
   EXCEPTION
      WHEN DUP_VAL_ON_INDEX
      THEN
         NULL;
   END;

   BEGIN
      INSERT INTO sgt_subtabs_det
                  (sdetalle, cempres, csubtabla, cversubt, ccla1, ccla2,
                   ccla3, ccla4, ccla5, ccla6, ccla7, ccla8, nval1,
                   nval2, nval3, nval4, nval5, nval6, falta, cusualt,
                   fmodifi, cusumod, ccla9, ccla10, nval7, nval8, nval9,
                   nval10
                  )
           VALUES (sdetalle_conf.NEXTVAL, 24, 8000047, 1, 80001, 2,
                   1684720, NULL, NULL, NULL, NULL, NULL, 35.9902648937437,
                   NULL, NULL, NULL, NULL, NULL, f_sysdate, f_user,
                   NULL, NULL, NULL, NULL, NULL, NULL, NULL,
                   NULL
                  );
   EXCEPTION
      WHEN DUP_VAL_ON_INDEX
      THEN
         NULL;
   END;

   BEGIN
      INSERT INTO sgt_subtabs_det
                  (sdetalle, cempres, csubtabla, cversubt, ccla1, ccla2,
                   ccla3, ccla4, ccla5, ccla6, ccla7, ccla8, nval1,
                   nval2, nval3, nval4, nval5, nval6, falta, cusualt,
                   fmodifi, cusumod, ccla9, ccla10, nval7, nval8, nval9,
                   nval10
                  )
           VALUES (sdetalle_conf.NEXTVAL, 24, 8000047, 1, 80002, 2,
                   1684720, NULL, NULL, NULL, NULL, NULL, 35.9902648937437,
                   NULL, NULL, NULL, NULL, NULL, f_sysdate, f_user,
                   NULL, NULL, NULL, NULL, NULL, NULL, NULL,
                   NULL
                  );
   EXCEPTION
      WHEN DUP_VAL_ON_INDEX
      THEN
         NULL;
   END;

   BEGIN
      INSERT INTO sgt_subtabs_det
                  (sdetalle, cempres, csubtabla, cversubt, ccla1, ccla2,
                   ccla3, ccla4, ccla5, ccla6, ccla7, ccla8, nval1,
                   nval2, nval3, nval4, nval5, nval6, falta, cusualt,
                   fmodifi, cusumod, ccla9, ccla10, nval7, nval8, nval9,
                   nval10
                  )
           VALUES (sdetalle_conf.NEXTVAL, 24, 8000047, 1, 80003, 2,
                   1684720, NULL, NULL, NULL, NULL, NULL, 35.9902648937437,
                   NULL, NULL, NULL, NULL, NULL, f_sysdate, f_user,
                   NULL, NULL, NULL, NULL, NULL, NULL, NULL,
                   NULL
                  );
   EXCEPTION
      WHEN DUP_VAL_ON_INDEX
      THEN
         NULL;
   END;

   BEGIN
      INSERT INTO sgt_subtabs_det
                  (sdetalle, cempres, csubtabla, cversubt, ccla1, ccla2,
                   ccla3, ccla4, ccla5, ccla6, ccla7, ccla8, nval1,
                   nval2, nval3, nval4, nval5, nval6, falta, cusualt,
                   fmodifi, cusumod, ccla9, ccla10, nval7, nval8, nval9,
                   nval10
                  )
           VALUES (sdetalle_conf.NEXTVAL, 24, 8000047, 1, 80001, 3,
                   1684720, NULL, NULL, NULL, NULL, NULL, 31.316379799491,
                   NULL, NULL, NULL, NULL, NULL, f_sysdate, f_user,
                   NULL, NULL, NULL, NULL, NULL, NULL, NULL,
                   NULL
                  );
   EXCEPTION
      WHEN DUP_VAL_ON_INDEX
      THEN
         NULL;
   END;

   BEGIN
      INSERT INTO sgt_subtabs_det
                  (sdetalle, cempres, csubtabla, cversubt, ccla1, ccla2,
                   ccla3, ccla4, ccla5, ccla6, ccla7, ccla8, nval1,
                   nval2, nval3, nval4, nval5, nval6, falta, cusualt,
                   fmodifi, cusumod, ccla9, ccla10, nval7, nval8, nval9,
                   nval10
                  )
           VALUES (sdetalle_conf.NEXTVAL, 24, 8000047, 1, 80002, 3,
                   1684720, NULL, NULL, NULL, NULL, NULL, 31.316379799491,
                   NULL, NULL, NULL, NULL, NULL, f_sysdate, f_user,
                   NULL, NULL, NULL, NULL, NULL, NULL, NULL,
                   NULL
                  );
   EXCEPTION
      WHEN DUP_VAL_ON_INDEX
      THEN
         NULL;
   END;

   BEGIN
      INSERT INTO sgt_subtabs_det
                  (sdetalle, cempres, csubtabla, cversubt, ccla1, ccla2,
                   ccla3, ccla4, ccla5, ccla6, ccla7, ccla8, nval1,
                   nval2, nval3, nval4, nval5, nval6, falta, cusualt,
                   fmodifi, cusumod, ccla9, ccla10, nval7, nval8, nval9,
                   nval10
                  )
           VALUES (sdetalle_conf.NEXTVAL, 24, 8000047, 1, 80003, 3,
                   1684720, NULL, NULL, NULL, NULL, NULL, 31.316379799491,
                   NULL, NULL, NULL, NULL, NULL, f_sysdate, f_user,
                   NULL, NULL, NULL, NULL, NULL, NULL, NULL,
                   NULL
                  );
   EXCEPTION
      WHEN DUP_VAL_ON_INDEX
      THEN
         NULL;
   END;

   BEGIN
      INSERT INTO sgt_subtabs_det
                  (sdetalle, cempres, csubtabla, cversubt, ccla1, ccla2,
                   ccla3, ccla4, ccla5, ccla6, ccla7, ccla8, nval1,
                   nval2, nval3, nval4, nval5, nval6, falta, cusualt,
                   fmodifi, cusumod, ccla9, ccla10, nval7, nval8, nval9,
                   nval10
                  )
           VALUES (sdetalle_conf.NEXTVAL, 24, 8000047, 1, 80001, 0,
                   1684720, NULL, NULL, NULL, NULL, NULL, 35.830271904361,
                   NULL, NULL, NULL, NULL, NULL, f_sysdate, f_user,
                   NULL, NULL, NULL, NULL, NULL, NULL, NULL,
                   NULL
                  );
   EXCEPTION
      WHEN DUP_VAL_ON_INDEX
      THEN
         NULL;
   END;

   BEGIN
      INSERT INTO sgt_subtabs_det
                  (sdetalle, cempres, csubtabla, cversubt, ccla1, ccla2,
                   ccla3, ccla4, ccla5, ccla6, ccla7, ccla8, nval1,
                   nval2, nval3, nval4, nval5, nval6, falta, cusualt,
                   fmodifi, cusumod, ccla9, ccla10, nval7, nval8, nval9,
                   nval10
                  )
           VALUES (sdetalle_conf.NEXTVAL, 24, 8000047, 1, 80002, 0,
                   1684720, NULL, NULL, NULL, NULL, NULL, 35.830271904361,
                   NULL, NULL, NULL, NULL, NULL, f_sysdate, f_user,
                   NULL, NULL, NULL, NULL, NULL, NULL, NULL,
                   NULL
                  );
   EXCEPTION
      WHEN DUP_VAL_ON_INDEX
      THEN
         NULL;
   END;

   BEGIN
      INSERT INTO sgt_subtabs_det
                  (sdetalle, cempres, csubtabla, cversubt, ccla1, ccla2,
                   ccla3, ccla4, ccla5, ccla6, ccla7, ccla8, nval1,
                   nval2, nval3, nval4, nval5, nval6, falta, cusualt,
                   fmodifi, cusumod, ccla9, ccla10, nval7, nval8, nval9,
                   nval10
                  )
           VALUES (sdetalle_conf.NEXTVAL, 24, 8000047, 1, 80003, 0,
                   1684720, NULL, NULL, NULL, NULL, NULL, 35.830271904361,
                   NULL, NULL, NULL, NULL, NULL, f_sysdate, f_user,
                   NULL, NULL, NULL, NULL, NULL, NULL, NULL,
                   NULL
                  );
   EXCEPTION
      WHEN DUP_VAL_ON_INDEX
      THEN
         NULL;
   END;

   BEGIN
      INSERT INTO sgt_subtabs_det
                  (sdetalle, cempres, csubtabla, cversubt, ccla1, ccla2,
                   ccla3, ccla4, ccla5, ccla6, ccla7, ccla8, nval1,
                   nval2, nval3, nval4, nval5, nval6, falta, cusualt,
                   fmodifi, cusumod, ccla9, ccla10, nval7, nval8, nval9,
                   nval10
                  )
           VALUES (sdetalle_conf.NEXTVAL, 24, 8000047, 1, 80001, 3,
                   1684720, NULL, NULL, NULL, NULL, NULL, 31.316379799491,
                   NULL, NULL, NULL, NULL, NULL, f_sysdate, f_user,
                   NULL, NULL, NULL, NULL, NULL, NULL, NULL,
                   NULL
                  );
   EXCEPTION
      WHEN DUP_VAL_ON_INDEX
      THEN
         NULL;
   END;

   BEGIN
      INSERT INTO sgt_subtabs_det
                  (sdetalle, cempres, csubtabla, cversubt, ccla1, ccla2,
                   ccla3, ccla4, ccla5, ccla6, ccla7, ccla8, nval1,
                   nval2, nval3, nval4, nval5, nval6, falta, cusualt,
                   fmodifi, cusumod, ccla9, ccla10, nval7, nval8, nval9,
                   nval10
                  )
           VALUES (sdetalle_conf.NEXTVAL, 24, 8000047, 1, 80002, 3,
                   1684720, NULL, NULL, NULL, NULL, NULL, 31.316379799491,
                   NULL, NULL, NULL, NULL, NULL, f_sysdate, f_user,
                   NULL, NULL, NULL, NULL, NULL, NULL, NULL,
                   NULL
                  );
   EXCEPTION
      WHEN DUP_VAL_ON_INDEX
      THEN
         NULL;
   END;

   BEGIN
      INSERT INTO sgt_subtabs_det
                  (sdetalle, cempres, csubtabla, cversubt, ccla1, ccla2,
                   ccla3, ccla4, ccla5, ccla6, ccla7, ccla8, nval1,
                   nval2, nval3, nval4, nval5, nval6, falta, cusualt,
                   fmodifi, cusumod, ccla9, ccla10, nval7, nval8, nval9,
                   nval10
                  )
           VALUES (sdetalle_conf.NEXTVAL, 24, 8000047, 1, 80003, 3,
                   1684720, NULL, NULL, NULL, NULL, NULL, 31.316379799491,
                   NULL, NULL, NULL, NULL, NULL, f_sysdate, f_user,
                   NULL, NULL, NULL, NULL, NULL, NULL, NULL,
                   NULL
                  );
   EXCEPTION
      WHEN DUP_VAL_ON_INDEX
      THEN
         NULL;
   END;

   BEGIN
      INSERT INTO sgt_subtabs_det
                  (sdetalle, cempres, csubtabla, cversubt, ccla1, ccla2,
                   ccla3, ccla4, ccla5, ccla6, ccla7, ccla8, nval1,
                   nval2, nval3, nval4, nval5, nval6, falta, cusualt,
                   fmodifi, cusumod, ccla9, ccla10, nval7, nval8, nval9,
                   nval10
                  )
           VALUES (sdetalle_conf.NEXTVAL, 24, 8000047, 1, 80001, 2,
                   1684720, NULL, NULL, NULL, NULL, NULL, 35.830271904361,
                   NULL, NULL, NULL, NULL, NULL, f_sysdate, f_user,
                   NULL, NULL, NULL, NULL, NULL, NULL, NULL,
                   NULL
                  );
   EXCEPTION
      WHEN DUP_VAL_ON_INDEX
      THEN
         NULL;
   END;

   BEGIN
      INSERT INTO sgt_subtabs_det
                  (sdetalle, cempres, csubtabla, cversubt, ccla1, ccla2,
                   ccla3, ccla4, ccla5, ccla6, ccla7, ccla8, nval1,
                   nval2, nval3, nval4, nval5, nval6, falta, cusualt,
                   fmodifi, cusumod, ccla9, ccla10, nval7, nval8, nval9,
                   nval10
                  )
           VALUES (sdetalle_conf.NEXTVAL, 24, 8000047, 1, 80002, 2,
                   1684720, NULL, NULL, NULL, NULL, NULL, 35.830271904361,
                   NULL, NULL, NULL, NULL, NULL, f_sysdate, f_user,
                   NULL, NULL, NULL, NULL, NULL, NULL, NULL,
                   NULL
                  );
   EXCEPTION
      WHEN DUP_VAL_ON_INDEX
      THEN
         NULL;
   END;

   BEGIN
      INSERT INTO sgt_subtabs_det
                  (sdetalle, cempres, csubtabla, cversubt, ccla1, ccla2,
                   ccla3, ccla4, ccla5, ccla6, ccla7, ccla8, nval1,
                   nval2, nval3, nval4, nval5, nval6, falta, cusualt,
                   fmodifi, cusumod, ccla9, ccla10, nval7, nval8, nval9,
                   nval10
                  )
           VALUES (sdetalle_conf.NEXTVAL, 24, 8000047, 1, 80003, 2,
                   1684720, NULL, NULL, NULL, NULL, NULL, 35.830271904361,
                   NULL, NULL, NULL, NULL, NULL, f_sysdate, f_user,
                   NULL, NULL, NULL, NULL, NULL, NULL, NULL,
                   NULL
                  );
   EXCEPTION
      WHEN DUP_VAL_ON_INDEX
      THEN
         NULL;
   END;

   BEGIN
      INSERT INTO sgt_subtabs_det
                  (sdetalle, cempres, csubtabla, cversubt, ccla1, ccla2,
                   ccla3, ccla4, ccla5, ccla6, ccla7, ccla8, nval1,
                   nval2, nval3, nval4, nval5, nval6, falta, cusualt,
                   fmodifi, cusumod, ccla9, ccla10, nval7, nval8, nval9,
                   nval10
                  )
           VALUES (sdetalle_conf.NEXTVAL, 24, 8000047, 1, 80001, 0,
                   1684720, NULL, NULL, NULL, NULL, NULL, 35.830271904361,
                   NULL, NULL, NULL, NULL, NULL, f_sysdate, f_user,
                   NULL, NULL, NULL, NULL, NULL, NULL, NULL,
                   NULL
                  );
   EXCEPTION
      WHEN DUP_VAL_ON_INDEX
      THEN
         NULL;
   END;

   BEGIN
      INSERT INTO sgt_subtabs_det
                  (sdetalle, cempres, csubtabla, cversubt, ccla1, ccla2,
                   ccla3, ccla4, ccla5, ccla6, ccla7, ccla8, nval1,
                   nval2, nval3, nval4, nval5, nval6, falta, cusualt,
                   fmodifi, cusumod, ccla9, ccla10, nval7, nval8, nval9,
                   nval10
                  )
           VALUES (sdetalle_conf.NEXTVAL, 24, 8000047, 1, 80002, 0,
                   1684720, NULL, NULL, NULL, NULL, NULL, 35.830271904361,
                   NULL, NULL, NULL, NULL, NULL, f_sysdate, f_user,
                   NULL, NULL, NULL, NULL, NULL, NULL, NULL,
                   NULL
                  );
   EXCEPTION
      WHEN DUP_VAL_ON_INDEX
      THEN
         NULL;
   END;

   BEGIN
      INSERT INTO sgt_subtabs_det
                  (sdetalle, cempres, csubtabla, cversubt, ccla1, ccla2,
                   ccla3, ccla4, ccla5, ccla6, ccla7, ccla8, nval1,
                   nval2, nval3, nval4, nval5, nval6, falta, cusualt,
                   fmodifi, cusumod, ccla9, ccla10, nval7, nval8, nval9,
                   nval10
                  )
           VALUES (sdetalle_conf.NEXTVAL, 24, 8000047, 1, 80003, 0,
                   1684720, NULL, NULL, NULL, NULL, NULL, 35.830271904361,
                   NULL, NULL, NULL, NULL, NULL, f_sysdate, f_user,
                   NULL, NULL, NULL, NULL, NULL, NULL, NULL,
                   NULL
                  );
   EXCEPTION
      WHEN DUP_VAL_ON_INDEX
      THEN
         NULL;
   END;

   BEGIN
      INSERT INTO sgt_subtabs_det
                  (sdetalle, cempres, csubtabla, cversubt, ccla1, ccla2,
                   ccla3, ccla4, ccla5, ccla6, ccla7, ccla8, nval1,
                   nval2, nval3, nval4, nval5, nval6, falta, cusualt,
                   fmodifi, cusumod, ccla9, ccla10, nval7, nval8, nval9,
                   nval10
                  )
           VALUES (sdetalle_conf.NEXTVAL, 24, 8000047, 1, 80001, 0,
                   1684720, NULL, NULL, NULL, NULL, NULL, 35.830271904361,
                   NULL, NULL, NULL, NULL, NULL, f_sysdate, f_user,
                   NULL, NULL, NULL, NULL, NULL, NULL, NULL,
                   NULL
                  );
   EXCEPTION
      WHEN DUP_VAL_ON_INDEX
      THEN
         NULL;
   END;

   BEGIN
      INSERT INTO sgt_subtabs_det
                  (sdetalle, cempres, csubtabla, cversubt, ccla1, ccla2,
                   ccla3, ccla4, ccla5, ccla6, ccla7, ccla8, nval1,
                   nval2, nval3, nval4, nval5, nval6, falta, cusualt,
                   fmodifi, cusumod, ccla9, ccla10, nval7, nval8, nval9,
                   nval10
                  )
           VALUES (sdetalle_conf.NEXTVAL, 24, 8000047, 1, 80002, 0,
                   1684720, NULL, NULL, NULL, NULL, NULL, 35.830271904361,
                   NULL, NULL, NULL, NULL, NULL, f_sysdate, f_user,
                   NULL, NULL, NULL, NULL, NULL, NULL, NULL,
                   NULL
                  );
   EXCEPTION
      WHEN DUP_VAL_ON_INDEX
      THEN
         NULL;
   END;

   BEGIN
      INSERT INTO sgt_subtabs_det
                  (sdetalle, cempres, csubtabla, cversubt, ccla1, ccla2,
                   ccla3, ccla4, ccla5, ccla6, ccla7, ccla8, nval1,
                   nval2, nval3, nval4, nval5, nval6, falta, cusualt,
                   fmodifi, cusumod, ccla9, ccla10, nval7, nval8, nval9,
                   nval10
                  )
           VALUES (sdetalle_conf.NEXTVAL, 24, 8000047, 1, 80003, 0,
                   1684720, NULL, NULL, NULL, NULL, NULL, 35.830271904361,
                   NULL, NULL, NULL, NULL, NULL, f_sysdate, f_user,
                   NULL, NULL, NULL, NULL, NULL, NULL, NULL,
                   NULL
                  );
   EXCEPTION
      WHEN DUP_VAL_ON_INDEX
      THEN
         NULL;
   END;

   BEGIN
      INSERT INTO sgt_subtabs_det
                  (sdetalle, cempres, csubtabla, cversubt, ccla1, ccla2,
                   ccla3, ccla4, ccla5, ccla6, ccla7, ccla8, nval1,
                   nval2, nval3, nval4, nval5, nval6, falta, cusualt,
                   fmodifi, cusumod, ccla9, ccla10, nval7, nval8, nval9,
                   nval10
                  )
           VALUES (sdetalle_conf.NEXTVAL, 24, 8000047, 1, 80001, 3,
                   1684720, NULL, NULL, NULL, NULL, NULL, 31.316379799491,
                   NULL, NULL, NULL, NULL, NULL, f_sysdate, f_user,
                   NULL, NULL, NULL, NULL, NULL, NULL, NULL,
                   NULL
                  );
   EXCEPTION
      WHEN DUP_VAL_ON_INDEX
      THEN
         NULL;
   END;

   BEGIN
      INSERT INTO sgt_subtabs_det
                  (sdetalle, cempres, csubtabla, cversubt, ccla1, ccla2,
                   ccla3, ccla4, ccla5, ccla6, ccla7, ccla8, nval1,
                   nval2, nval3, nval4, nval5, nval6, falta, cusualt,
                   fmodifi, cusumod, ccla9, ccla10, nval7, nval8, nval9,
                   nval10
                  )
           VALUES (sdetalle_conf.NEXTVAL, 24, 8000047, 1, 80002, 3,
                   1684720, NULL, NULL, NULL, NULL, NULL, 31.316379799491,
                   NULL, NULL, NULL, NULL, NULL, f_sysdate, f_user,
                   NULL, NULL, NULL, NULL, NULL, NULL, NULL,
                   NULL
                  );
   EXCEPTION
      WHEN DUP_VAL_ON_INDEX
      THEN
         NULL;
   END;

   BEGIN
      INSERT INTO sgt_subtabs_det
                  (sdetalle, cempres, csubtabla, cversubt, ccla1, ccla2,
                   ccla3, ccla4, ccla5, ccla6, ccla7, ccla8, nval1,
                   nval2, nval3, nval4, nval5, nval6, falta, cusualt,
                   fmodifi, cusumod, ccla9, ccla10, nval7, nval8, nval9,
                   nval10
                  )
           VALUES (sdetalle_conf.NEXTVAL, 24, 8000047, 1, 80003, 3,
                   1684720, NULL, NULL, NULL, NULL, NULL, 31.316379799491,
                   NULL, NULL, NULL, NULL, NULL, f_sysdate, f_user,
                   NULL, NULL, NULL, NULL, NULL, NULL, NULL,
                   NULL
                  );
   EXCEPTION
      WHEN DUP_VAL_ON_INDEX
      THEN
         NULL;
   END;

   BEGIN
      INSERT INTO sgt_subtabs_det
                  (sdetalle, cempres, csubtabla, cversubt, ccla1, ccla2,
                   ccla3, ccla4, ccla5, ccla6, ccla7, ccla8, nval1,
                   nval2, nval3, nval4, nval5, nval6, falta, cusualt,
                   fmodifi, cusumod, ccla9, ccla10, nval7, nval8, nval9,
                   nval10
                  )
           VALUES (sdetalle_conf.NEXTVAL, 24, 8000047, 1, 80001, 2,
                   1684720, NULL, NULL, NULL, NULL, NULL, 35.830271904361,
                   NULL, NULL, NULL, NULL, NULL, f_sysdate, f_user,
                   NULL, NULL, NULL, NULL, NULL, NULL, NULL,
                   NULL
                  );
   EXCEPTION
      WHEN DUP_VAL_ON_INDEX
      THEN
         NULL;
   END;

   BEGIN
      INSERT INTO sgt_subtabs_det
                  (sdetalle, cempres, csubtabla, cversubt, ccla1, ccla2,
                   ccla3, ccla4, ccla5, ccla6, ccla7, ccla8, nval1,
                   nval2, nval3, nval4, nval5, nval6, falta, cusualt,
                   fmodifi, cusumod, ccla9, ccla10, nval7, nval8, nval9,
                   nval10
                  )
           VALUES (sdetalle_conf.NEXTVAL, 24, 8000047, 1, 80002, 2,
                   1684720, NULL, NULL, NULL, NULL, NULL, 35.830271904361,
                   NULL, NULL, NULL, NULL, NULL, f_sysdate, f_user,
                   NULL, NULL, NULL, NULL, NULL, NULL, NULL,
                   NULL
                  );
   EXCEPTION
      WHEN DUP_VAL_ON_INDEX
      THEN
         NULL;
   END;

   BEGIN
      INSERT INTO sgt_subtabs_det
                  (sdetalle, cempres, csubtabla, cversubt, ccla1, ccla2,
                   ccla3, ccla4, ccla5, ccla6, ccla7, ccla8, nval1,
                   nval2, nval3, nval4, nval5, nval6, falta, cusualt,
                   fmodifi, cusumod, ccla9, ccla10, nval7, nval8, nval9,
                   nval10
                  )
           VALUES (sdetalle_conf.NEXTVAL, 24, 8000047, 1, 80003, 2,
                   1684720, NULL, NULL, NULL, NULL, NULL, 35.830271904361,
                   NULL, NULL, NULL, NULL, NULL, f_sysdate, f_user,
                   NULL, NULL, NULL, NULL, NULL, NULL, NULL,
                   NULL
                  );
   EXCEPTION
      WHEN DUP_VAL_ON_INDEX
      THEN
         NULL;
   END;

   BEGIN
      INSERT INTO sgt_subtabs_det
                  (sdetalle, cempres, csubtabla, cversubt, ccla1, ccla2,
                   ccla3, ccla4, ccla5, ccla6, ccla7, ccla8, nval1,
                   nval2, nval3, nval4, nval5, nval6, falta, cusualt,
                   fmodifi, cusumod, ccla9, ccla10, nval7, nval8, nval9,
                   nval10
                  )
           VALUES (sdetalle_conf.NEXTVAL, 24, 8000047, 1, 80001, 0,
                   1684720, NULL, NULL, NULL, NULL, NULL, 35.830271904361,
                   NULL, NULL, NULL, NULL, NULL, f_sysdate, f_user,
                   NULL, NULL, NULL, NULL, NULL, NULL, NULL,
                   NULL
                  );
   EXCEPTION
      WHEN DUP_VAL_ON_INDEX
      THEN
         NULL;
   END;

   BEGIN
      INSERT INTO sgt_subtabs_det
                  (sdetalle, cempres, csubtabla, cversubt, ccla1, ccla2,
                   ccla3, ccla4, ccla5, ccla6, ccla7, ccla8, nval1,
                   nval2, nval3, nval4, nval5, nval6, falta, cusualt,
                   fmodifi, cusumod, ccla9, ccla10, nval7, nval8, nval9,
                   nval10
                  )
           VALUES (sdetalle_conf.NEXTVAL, 24, 8000047, 1, 80002, 0,
                   1684720, NULL, NULL, NULL, NULL, NULL, 35.830271904361,
                   NULL, NULL, NULL, NULL, NULL, f_sysdate, f_user,
                   NULL, NULL, NULL, NULL, NULL, NULL, NULL,
                   NULL
                  );
   EXCEPTION
      WHEN DUP_VAL_ON_INDEX
      THEN
         NULL;
   END;

   BEGIN
      INSERT INTO sgt_subtabs_det
                  (sdetalle, cempres, csubtabla, cversubt, ccla1, ccla2,
                   ccla3, ccla4, ccla5, ccla6, ccla7, ccla8, nval1,
                   nval2, nval3, nval4, nval5, nval6, falta, cusualt,
                   fmodifi, cusumod, ccla9, ccla10, nval7, nval8, nval9,
                   nval10
                  )
           VALUES (sdetalle_conf.NEXTVAL, 24, 8000047, 1, 80003, 0,
                   1684720, NULL, NULL, NULL, NULL, NULL, 35.830271904361,
                   NULL, NULL, NULL, NULL, NULL, f_sysdate, f_user,
                   NULL, NULL, NULL, NULL, NULL, NULL, NULL,
                   NULL
                  );
   EXCEPTION
      WHEN DUP_VAL_ON_INDEX
      THEN
         NULL;
   END;

   BEGIN
      INSERT INTO sgt_subtabs_det
                  (sdetalle, cempres, csubtabla, cversubt, ccla1, ccla2,
                   ccla3, ccla4, ccla5, ccla6, ccla7, ccla8, nval1,
                   nval2, nval3, nval4, nval5, nval6, falta, cusualt,
                   fmodifi, cusumod, ccla9, ccla10, nval7, nval8, nval9,
                   nval10
                  )
           VALUES (sdetalle_conf.NEXTVAL, 24, 8000047, 1, 80001, 3,
                   1684720, NULL, NULL, NULL, NULL, NULL, 31.316379799491,
                   NULL, NULL, NULL, NULL, NULL, f_sysdate, f_user,
                   NULL, NULL, NULL, NULL, NULL, NULL, NULL,
                   NULL
                  );
   EXCEPTION
      WHEN DUP_VAL_ON_INDEX
      THEN
         NULL;
   END;

   BEGIN
      INSERT INTO sgt_subtabs_det
                  (sdetalle, cempres, csubtabla, cversubt, ccla1, ccla2,
                   ccla3, ccla4, ccla5, ccla6, ccla7, ccla8, nval1,
                   nval2, nval3, nval4, nval5, nval6, falta, cusualt,
                   fmodifi, cusumod, ccla9, ccla10, nval7, nval8, nval9,
                   nval10
                  )
           VALUES (sdetalle_conf.NEXTVAL, 24, 8000047, 1, 80002, 3,
                   1684720, NULL, NULL, NULL, NULL, NULL, 31.316379799491,
                   NULL, NULL, NULL, NULL, NULL, f_sysdate, f_user,
                   NULL, NULL, NULL, NULL, NULL, NULL, NULL,
                   NULL
                  );
   EXCEPTION
      WHEN DUP_VAL_ON_INDEX
      THEN
         NULL;
   END;

   BEGIN
      INSERT INTO sgt_subtabs_det
                  (sdetalle, cempres, csubtabla, cversubt, ccla1, ccla2,
                   ccla3, ccla4, ccla5, ccla6, ccla7, ccla8, nval1,
                   nval2, nval3, nval4, nval5, nval6, falta, cusualt,
                   fmodifi, cusumod, ccla9, ccla10, nval7, nval8, nval9,
                   nval10
                  )
           VALUES (sdetalle_conf.NEXTVAL, 24, 8000047, 1, 80003, 3,
                   1684720, NULL, NULL, NULL, NULL, NULL, 31.316379799491,
                   NULL, NULL, NULL, NULL, NULL, f_sysdate, f_user,
                   NULL, NULL, NULL, NULL, NULL, NULL, NULL,
                   NULL
                  );
   EXCEPTION
      WHEN DUP_VAL_ON_INDEX
      THEN
         NULL;
   END;

   BEGIN
      INSERT INTO sgt_subtabs_det
                  (sdetalle, cempres, csubtabla, cversubt, ccla1, ccla2,
                   ccla3, ccla4, ccla5, ccla6, ccla7, ccla8, nval1,
                   nval2, nval3, nval4, nval5, nval6, falta, cusualt,
                   fmodifi, cusumod, ccla9, ccla10, nval7, nval8, nval9,
                   nval10
                  )
           VALUES (sdetalle_conf.NEXTVAL, 24, 8000047, 1, 80001, 2,
                   1684720, NULL, NULL, NULL, NULL, NULL, 35.830271904361,
                   NULL, NULL, NULL, NULL, NULL, f_sysdate, f_user,
                   NULL, NULL, NULL, NULL, NULL, NULL, NULL,
                   NULL
                  );
   EXCEPTION
      WHEN DUP_VAL_ON_INDEX
      THEN
         NULL;
   END;

   BEGIN
      INSERT INTO sgt_subtabs_det
                  (sdetalle, cempres, csubtabla, cversubt, ccla1, ccla2,
                   ccla3, ccla4, ccla5, ccla6, ccla7, ccla8, nval1,
                   nval2, nval3, nval4, nval5, nval6, falta, cusualt,
                   fmodifi, cusumod, ccla9, ccla10, nval7, nval8, nval9,
                   nval10
                  )
           VALUES (sdetalle_conf.NEXTVAL, 24, 8000047, 1, 80002, 2,
                   1684720, NULL, NULL, NULL, NULL, NULL, 35.830271904361,
                   NULL, NULL, NULL, NULL, NULL, f_sysdate, f_user,
                   NULL, NULL, NULL, NULL, NULL, NULL, NULL,
                   NULL
                  );
   EXCEPTION
      WHEN DUP_VAL_ON_INDEX
      THEN
         NULL;
   END;

   BEGIN
      INSERT INTO sgt_subtabs_det
                  (sdetalle, cempres, csubtabla, cversubt, ccla1, ccla2,
                   ccla3, ccla4, ccla5, ccla6, ccla7, ccla8, nval1,
                   nval2, nval3, nval4, nval5, nval6, falta, cusualt,
                   fmodifi, cusumod, ccla9, ccla10, nval7, nval8, nval9,
                   nval10
                  )
           VALUES (sdetalle_conf.NEXTVAL, 24, 8000047, 1, 80003, 2,
                   1684720, NULL, NULL, NULL, NULL, NULL, 35.830271904361,
                   NULL, NULL, NULL, NULL, NULL, f_sysdate, f_user,
                   NULL, NULL, NULL, NULL, NULL, NULL, NULL,
                   NULL
                  );
   EXCEPTION
      WHEN DUP_VAL_ON_INDEX
      THEN
         NULL;
   END;

   BEGIN
      INSERT INTO sgt_subtabs_det
                  (sdetalle, cempres, csubtabla, cversubt, ccla1, ccla2,
                   ccla3, ccla4, ccla5, ccla6, ccla7, ccla8, nval1,
                   nval2, nval3, nval4, nval5, nval6, falta, cusualt,
                   fmodifi, cusumod, ccla9, ccla10, nval7, nval8, nval9,
                   nval10
                  )
           VALUES (sdetalle_conf.NEXTVAL, 24, 8000047, 1, 80001, 0,
                   1784720, NULL, NULL, NULL, NULL, NULL, 48.874456394289,
                   NULL, NULL, NULL, NULL, NULL, f_sysdate, f_user,
                   NULL, NULL, NULL, NULL, NULL, NULL, NULL,
                   NULL
                  );
   EXCEPTION
      WHEN DUP_VAL_ON_INDEX
      THEN
         NULL;
   END;

   BEGIN
      INSERT INTO sgt_subtabs_det
                  (sdetalle, cempres, csubtabla, cversubt, ccla1, ccla2,
                   ccla3, ccla4, ccla5, ccla6, ccla7, ccla8, nval1,
                   nval2, nval3, nval4, nval5, nval6, falta, cusualt,
                   fmodifi, cusumod, ccla9, ccla10, nval7, nval8, nval9,
                   nval10
                  )
           VALUES (sdetalle_conf.NEXTVAL, 24, 8000047, 1, 80002, 0,
                   1784720, NULL, NULL, NULL, NULL, NULL, 48.874456394289,
                   NULL, NULL, NULL, NULL, NULL, f_sysdate, f_user,
                   NULL, NULL, NULL, NULL, NULL, NULL, NULL,
                   NULL
                  );
   EXCEPTION
      WHEN DUP_VAL_ON_INDEX
      THEN
         NULL;
   END;

   BEGIN
      INSERT INTO sgt_subtabs_det
                  (sdetalle, cempres, csubtabla, cversubt, ccla1, ccla2,
                   ccla3, ccla4, ccla5, ccla6, ccla7, ccla8, nval1,
                   nval2, nval3, nval4, nval5, nval6, falta, cusualt,
                   fmodifi, cusumod, ccla9, ccla10, nval7, nval8, nval9,
                   nval10
                  )
           VALUES (sdetalle_conf.NEXTVAL, 24, 8000047, 1, 80003, 0,
                   1784720, NULL, NULL, NULL, NULL, NULL, 48.874456394289,
                   NULL, NULL, NULL, NULL, NULL, f_sysdate, f_user,
                   NULL, NULL, NULL, NULL, NULL, NULL, NULL,
                   NULL
                  );
   EXCEPTION
      WHEN DUP_VAL_ON_INDEX
      THEN
         NULL;
   END;

   BEGIN
      INSERT INTO sgt_subtabs_det
                  (sdetalle, cempres, csubtabla, cversubt, ccla1, ccla2,
                   ccla3, ccla4, ccla5, ccla6, ccla7, ccla8, nval1,
                   nval2, nval3, nval4, nval5, nval6, falta, cusualt,
                   fmodifi, cusumod, ccla9, ccla10, nval7, nval8, nval9,
                   nval10
                  )
           VALUES (sdetalle_conf.NEXTVAL, 24, 8000047, 1, 80001, 3,
                   1784720, NULL, NULL, NULL, NULL, NULL, 43.9270818222337,
                   NULL, NULL, NULL, NULL, NULL, f_sysdate, f_user,
                   NULL, NULL, NULL, NULL, NULL, NULL, NULL,
                   NULL
                  );
   EXCEPTION
      WHEN DUP_VAL_ON_INDEX
      THEN
         NULL;
   END;

   BEGIN
      INSERT INTO sgt_subtabs_det
                  (sdetalle, cempres, csubtabla, cversubt, ccla1, ccla2,
                   ccla3, ccla4, ccla5, ccla6, ccla7, ccla8, nval1,
                   nval2, nval3, nval4, nval5, nval6, falta, cusualt,
                   fmodifi, cusumod, ccla9, ccla10, nval7, nval8, nval9,
                   nval10
                  )
           VALUES (sdetalle_conf.NEXTVAL, 24, 8000047, 1, 80002, 3,
                   1784720, NULL, NULL, NULL, NULL, NULL, 43.9270818222337,
                   NULL, NULL, NULL, NULL, NULL, f_sysdate, f_user,
                   NULL, NULL, NULL, NULL, NULL, NULL, NULL,
                   NULL
                  );
   EXCEPTION
      WHEN DUP_VAL_ON_INDEX
      THEN
         NULL;
   END;

   BEGIN
      INSERT INTO sgt_subtabs_det
                  (sdetalle, cempres, csubtabla, cversubt, ccla1, ccla2,
                   ccla3, ccla4, ccla5, ccla6, ccla7, ccla8, nval1,
                   nval2, nval3, nval4, nval5, nval6, falta, cusualt,
                   fmodifi, cusumod, ccla9, ccla10, nval7, nval8, nval9,
                   nval10
                  )
           VALUES (sdetalle_conf.NEXTVAL, 24, 8000047, 1, 80003, 3,
                   1784720, NULL, NULL, NULL, NULL, NULL, 43.9270818222337,
                   NULL, NULL, NULL, NULL, NULL, f_sysdate, f_user,
                   NULL, NULL, NULL, NULL, NULL, NULL, NULL,
                   NULL
                  );
   EXCEPTION
      WHEN DUP_VAL_ON_INDEX
      THEN
         NULL;
   END;

   BEGIN
      INSERT INTO sgt_subtabs_det
                  (sdetalle, cempres, csubtabla, cversubt, ccla1, ccla2,
                   ccla3, ccla4, ccla5, ccla6, ccla7, ccla8, nval1,
                   nval2, nval3, nval4, nval5, nval6, falta, cusualt,
                   fmodifi, cusumod, ccla9, ccla10, nval7, nval8, nval9,
                   nval10
                  )
           VALUES (sdetalle_conf.NEXTVAL, 24, 8000047, 1, 80001, 1,
                   1784720, NULL, NULL, NULL, NULL, NULL, 60.9369192650181,
                   NULL, NULL, NULL, NULL, NULL, f_sysdate, f_user,
                   NULL, NULL, NULL, NULL, NULL, NULL, NULL,
                   NULL
                  );
   EXCEPTION
      WHEN DUP_VAL_ON_INDEX
      THEN
         NULL;
   END;

   BEGIN
      INSERT INTO sgt_subtabs_det
                  (sdetalle, cempres, csubtabla, cversubt, ccla1, ccla2,
                   ccla3, ccla4, ccla5, ccla6, ccla7, ccla8, nval1,
                   nval2, nval3, nval4, nval5, nval6, falta, cusualt,
                   fmodifi, cusumod, ccla9, ccla10, nval7, nval8, nval9,
                   nval10
                  )
           VALUES (sdetalle_conf.NEXTVAL, 24, 8000047, 1, 80002, 1,
                   1784720, NULL, NULL, NULL, NULL, NULL, 60.9369192650181,
                   NULL, NULL, NULL, NULL, NULL, f_sysdate, f_user,
                   NULL, NULL, NULL, NULL, NULL, NULL, NULL,
                   NULL
                  );
   EXCEPTION
      WHEN DUP_VAL_ON_INDEX
      THEN
         NULL;
   END;

   BEGIN
      INSERT INTO sgt_subtabs_det
                  (sdetalle, cempres, csubtabla, cversubt, ccla1, ccla2,
                   ccla3, ccla4, ccla5, ccla6, ccla7, ccla8, nval1,
                   nval2, nval3, nval4, nval5, nval6, falta, cusualt,
                   fmodifi, cusumod, ccla9, ccla10, nval7, nval8, nval9,
                   nval10
                  )
           VALUES (sdetalle_conf.NEXTVAL, 24, 8000047, 1, 80003, 1,
                   1784720, NULL, NULL, NULL, NULL, NULL, 60.9369192650181,
                   NULL, NULL, NULL, NULL, NULL, f_sysdate, f_user,
                   NULL, NULL, NULL, NULL, NULL, NULL, NULL,
                   NULL
                  );
   EXCEPTION
      WHEN DUP_VAL_ON_INDEX
      THEN
         NULL;
   END;

   BEGIN
      INSERT INTO sgt_subtabs_det
                  (sdetalle, cempres, csubtabla, cversubt, ccla1, ccla2,
                   ccla3, ccla4, ccla5, ccla6, ccla7, ccla8, nval1,
                   nval2, nval3, nval4, nval5, nval6, falta, cusualt,
                   fmodifi, cusumod, ccla9, ccla10, nval7, nval8, nval9,
                   nval10
                  )
           VALUES (sdetalle_conf.NEXTVAL, 24, 8000047, 1, 80001, 1,
                   1784720, NULL, NULL, NULL, NULL, NULL, 60.9369192650181,
                   NULL, NULL, NULL, NULL, NULL, f_sysdate, f_user,
                   NULL, NULL, NULL, NULL, NULL, NULL, NULL,
                   NULL
                  );
   EXCEPTION
      WHEN DUP_VAL_ON_INDEX
      THEN
         NULL;
   END;

   BEGIN
      INSERT INTO sgt_subtabs_det
                  (sdetalle, cempres, csubtabla, cversubt, ccla1, ccla2,
                   ccla3, ccla4, ccla5, ccla6, ccla7, ccla8, nval1,
                   nval2, nval3, nval4, nval5, nval6, falta, cusualt,
                   fmodifi, cusumod, ccla9, ccla10, nval7, nval8, nval9,
                   nval10
                  )
           VALUES (sdetalle_conf.NEXTVAL, 24, 8000047, 1, 80002, 1,
                   1784720, NULL, NULL, NULL, NULL, NULL, 60.9369192650181,
                   NULL, NULL, NULL, NULL, NULL, f_sysdate, f_user,
                   NULL, NULL, NULL, NULL, NULL, NULL, NULL,
                   NULL
                  );
   EXCEPTION
      WHEN DUP_VAL_ON_INDEX
      THEN
         NULL;
   END;

   BEGIN
      INSERT INTO sgt_subtabs_det
                  (sdetalle, cempres, csubtabla, cversubt, ccla1, ccla2,
                   ccla3, ccla4, ccla5, ccla6, ccla7, ccla8, nval1,
                   nval2, nval3, nval4, nval5, nval6, falta, cusualt,
                   fmodifi, cusumod, ccla9, ccla10, nval7, nval8, nval9,
                   nval10
                  )
           VALUES (sdetalle_conf.NEXTVAL, 24, 8000047, 1, 80003, 1,
                   1784720, NULL, NULL, NULL, NULL, NULL, 60.9369192650181,
                   NULL, NULL, NULL, NULL, NULL, f_sysdate, f_user,
                   NULL, NULL, NULL, NULL, NULL, NULL, NULL,
                   NULL
                  );
   EXCEPTION
      WHEN DUP_VAL_ON_INDEX
      THEN
         NULL;
   END;

   BEGIN
      INSERT INTO sgt_subtabs_det
                  (sdetalle, cempres, csubtabla, cversubt, ccla1, ccla2,
                   ccla3, ccla4, ccla5, ccla6, ccla7, ccla8, nval1,
                   nval2, nval3, nval4, nval5, nval6, falta, cusualt,
                   fmodifi, cusumod, ccla9, ccla10, nval7, nval8, nval9,
                   nval10
                  )
           VALUES (sdetalle_conf.NEXTVAL, 24, 8000047, 1, 80001, 2,
                   1784720, NULL, NULL, NULL, NULL, NULL, 48.874456394289,
                   NULL, NULL, NULL, NULL, NULL, f_sysdate, f_user,
                   NULL, NULL, NULL, NULL, NULL, NULL, NULL,
                   NULL
                  );
   EXCEPTION
      WHEN DUP_VAL_ON_INDEX
      THEN
         NULL;
   END;

   BEGIN
      INSERT INTO sgt_subtabs_det
                  (sdetalle, cempres, csubtabla, cversubt, ccla1, ccla2,
                   ccla3, ccla4, ccla5, ccla6, ccla7, ccla8, nval1,
                   nval2, nval3, nval4, nval5, nval6, falta, cusualt,
                   fmodifi, cusumod, ccla9, ccla10, nval7, nval8, nval9,
                   nval10
                  )
           VALUES (sdetalle_conf.NEXTVAL, 24, 8000047, 1, 80002, 2,
                   1784720, NULL, NULL, NULL, NULL, NULL, 48.874456394289,
                   NULL, NULL, NULL, NULL, NULL, f_sysdate, f_user,
                   NULL, NULL, NULL, NULL, NULL, NULL, NULL,
                   NULL
                  );
   EXCEPTION
      WHEN DUP_VAL_ON_INDEX
      THEN
         NULL;
   END;

   BEGIN
      INSERT INTO sgt_subtabs_det
                  (sdetalle, cempres, csubtabla, cversubt, ccla1, ccla2,
                   ccla3, ccla4, ccla5, ccla6, ccla7, ccla8, nval1,
                   nval2, nval3, nval4, nval5, nval6, falta, cusualt,
                   fmodifi, cusumod, ccla9, ccla10, nval7, nval8, nval9,
                   nval10
                  )
           VALUES (sdetalle_conf.NEXTVAL, 24, 8000047, 1, 80003, 2,
                   1784720, NULL, NULL, NULL, NULL, NULL, 48.874456394289,
                   NULL, NULL, NULL, NULL, NULL, f_sysdate, f_user,
                   NULL, NULL, NULL, NULL, NULL, NULL, NULL,
                   NULL
                  );
   EXCEPTION
      WHEN DUP_VAL_ON_INDEX
      THEN
         NULL;
   END;

   BEGIN
      INSERT INTO sgt_subtabs_det
                  (sdetalle, cempres, csubtabla, cversubt, ccla1, ccla2,
                   ccla3, ccla4, ccla5, ccla6, ccla7, ccla8, nval1,
                   nval2, nval3, nval4, nval5, nval6, falta, cusualt,
                   fmodifi, cusumod, ccla9, ccla10, nval7, nval8, nval9,
                   nval10
                  )
           VALUES (sdetalle_conf.NEXTVAL, 24, 8000047, 1, 80001, 0,
                   1784720, NULL, NULL, NULL, NULL, NULL, 48.874456394289,
                   NULL, NULL, NULL, NULL, NULL, f_sysdate, f_user,
                   NULL, NULL, NULL, NULL, NULL, NULL, NULL,
                   NULL
                  );
   EXCEPTION
      WHEN DUP_VAL_ON_INDEX
      THEN
         NULL;
   END;

   BEGIN
      INSERT INTO sgt_subtabs_det
                  (sdetalle, cempres, csubtabla, cversubt, ccla1, ccla2,
                   ccla3, ccla4, ccla5, ccla6, ccla7, ccla8, nval1,
                   nval2, nval3, nval4, nval5, nval6, falta, cusualt,
                   fmodifi, cusumod, ccla9, ccla10, nval7, nval8, nval9,
                   nval10
                  )
           VALUES (sdetalle_conf.NEXTVAL, 24, 8000047, 1, 80002, 0,
                   1784720, NULL, NULL, NULL, NULL, NULL, 48.874456394289,
                   NULL, NULL, NULL, NULL, NULL, f_sysdate, f_user,
                   NULL, NULL, NULL, NULL, NULL, NULL, NULL,
                   NULL
                  );
   EXCEPTION
      WHEN DUP_VAL_ON_INDEX
      THEN
         NULL;
   END;

   BEGIN
      INSERT INTO sgt_subtabs_det
                  (sdetalle, cempres, csubtabla, cversubt, ccla1, ccla2,
                   ccla3, ccla4, ccla5, ccla6, ccla7, ccla8, nval1,
                   nval2, nval3, nval4, nval5, nval6, falta, cusualt,
                   fmodifi, cusumod, ccla9, ccla10, nval7, nval8, nval9,
                   nval10
                  )
           VALUES (sdetalle_conf.NEXTVAL, 24, 8000047, 1, 80003, 0,
                   1784720, NULL, NULL, NULL, NULL, NULL, 48.874456394289,
                   NULL, NULL, NULL, NULL, NULL, f_sysdate, f_user,
                   NULL, NULL, NULL, NULL, NULL, NULL, NULL,
                   NULL
                  );
   EXCEPTION
      WHEN DUP_VAL_ON_INDEX
      THEN
         NULL;
   END;

   BEGIN
      INSERT INTO sgt_subtabs_det
                  (sdetalle, cempres, csubtabla, cversubt, ccla1, ccla2,
                   ccla3, ccla4, ccla5, ccla6, ccla7, ccla8, nval1,
                   nval2, nval3, nval4, nval5, nval6, falta, cusualt,
                   fmodifi, cusumod, ccla9, ccla10, nval7, nval8, nval9,
                   nval10
                  )
           VALUES (sdetalle_conf.NEXTVAL, 24, 8000047, 1, 80001, 3,
                   1784720, NULL, NULL, NULL, NULL, NULL, 43.9270818222337,
                   NULL, NULL, NULL, NULL, NULL, f_sysdate, f_user,
                   NULL, NULL, NULL, NULL, NULL, NULL, NULL,
                   NULL
                  );
   EXCEPTION
      WHEN DUP_VAL_ON_INDEX
      THEN
         NULL;
   END;

   BEGIN
      INSERT INTO sgt_subtabs_det
                  (sdetalle, cempres, csubtabla, cversubt, ccla1, ccla2,
                   ccla3, ccla4, ccla5, ccla6, ccla7, ccla8, nval1,
                   nval2, nval3, nval4, nval5, nval6, falta, cusualt,
                   fmodifi, cusumod, ccla9, ccla10, nval7, nval8, nval9,
                   nval10
                  )
           VALUES (sdetalle_conf.NEXTVAL, 24, 8000047, 1, 80002, 3,
                   1784720, NULL, NULL, NULL, NULL, NULL, 43.9270818222337,
                   NULL, NULL, NULL, NULL, NULL, f_sysdate, f_user,
                   NULL, NULL, NULL, NULL, NULL, NULL, NULL,
                   NULL
                  );
   EXCEPTION
      WHEN DUP_VAL_ON_INDEX
      THEN
         NULL;
   END;

   BEGIN
      INSERT INTO sgt_subtabs_det
                  (sdetalle, cempres, csubtabla, cversubt, ccla1, ccla2,
                   ccla3, ccla4, ccla5, ccla6, ccla7, ccla8, nval1,
                   nval2, nval3, nval4, nval5, nval6, falta, cusualt,
                   fmodifi, cusumod, ccla9, ccla10, nval7, nval8, nval9,
                   nval10
                  )
           VALUES (sdetalle_conf.NEXTVAL, 24, 8000047, 1, 80003, 3,
                   1784720, NULL, NULL, NULL, NULL, NULL, 43.9270818222337,
                   NULL, NULL, NULL, NULL, NULL, f_sysdate, f_user,
                   NULL, NULL, NULL, NULL, NULL, NULL, NULL,
                   NULL
                  );
   EXCEPTION
      WHEN DUP_VAL_ON_INDEX
      THEN
         NULL;
   END;

   BEGIN
      INSERT INTO sgt_subtabs_det
                  (sdetalle, cempres, csubtabla, cversubt, ccla1, ccla2,
                   ccla3, ccla4, ccla5, ccla6, ccla7, ccla8, nval1,
                   nval2, nval3, nval4, nval5, nval6, falta, cusualt,
                   fmodifi, cusumod, ccla9, ccla10, nval7, nval8, nval9,
                   nval10
                  )
           VALUES (sdetalle_conf.NEXTVAL, 24, 8000047, 1, 80001, 1,
                   1784720, NULL, NULL, NULL, NULL, NULL, 60.9369192650181,
                   NULL, NULL, NULL, NULL, NULL, f_sysdate, f_user,
                   NULL, NULL, NULL, NULL, NULL, NULL, NULL,
                   NULL
                  );
   EXCEPTION
      WHEN DUP_VAL_ON_INDEX
      THEN
         NULL;
   END;

   BEGIN
      INSERT INTO sgt_subtabs_det
                  (sdetalle, cempres, csubtabla, cversubt, ccla1, ccla2,
                   ccla3, ccla4, ccla5, ccla6, ccla7, ccla8, nval1,
                   nval2, nval3, nval4, nval5, nval6, falta, cusualt,
                   fmodifi, cusumod, ccla9, ccla10, nval7, nval8, nval9,
                   nval10
                  )
           VALUES (sdetalle_conf.NEXTVAL, 24, 8000047, 1, 80002, 1,
                   1784720, NULL, NULL, NULL, NULL, NULL, 60.9369192650181,
                   NULL, NULL, NULL, NULL, NULL, f_sysdate, f_user,
                   NULL, NULL, NULL, NULL, NULL, NULL, NULL,
                   NULL
                  );
   EXCEPTION
      WHEN DUP_VAL_ON_INDEX
      THEN
         NULL;
   END;

   BEGIN
      INSERT INTO sgt_subtabs_det
                  (sdetalle, cempres, csubtabla, cversubt, ccla1, ccla2,
                   ccla3, ccla4, ccla5, ccla6, ccla7, ccla8, nval1,
                   nval2, nval3, nval4, nval5, nval6, falta, cusualt,
                   fmodifi, cusumod, ccla9, ccla10, nval7, nval8, nval9,
                   nval10
                  )
           VALUES (sdetalle_conf.NEXTVAL, 24, 8000047, 1, 80003, 1,
                   1784720, NULL, NULL, NULL, NULL, NULL, 60.9369192650181,
                   NULL, NULL, NULL, NULL, NULL, f_sysdate, f_user,
                   NULL, NULL, NULL, NULL, NULL, NULL, NULL,
                   NULL
                  );
   EXCEPTION
      WHEN DUP_VAL_ON_INDEX
      THEN
         NULL;
   END;

   BEGIN
      INSERT INTO sgt_subtabs_det
                  (sdetalle, cempres, csubtabla, cversubt, ccla1, ccla2,
                   ccla3, ccla4, ccla5, ccla6, ccla7, ccla8, nval1,
                   nval2, nval3, nval4, nval5, nval6, falta, cusualt,
                   fmodifi, cusumod, ccla9, ccla10, nval7, nval8, nval9,
                   nval10
                  )
           VALUES (sdetalle_conf.NEXTVAL, 24, 8000047, 1, 80001, 1,
                   1784720, NULL, NULL, NULL, NULL, NULL, 60.9369192650181,
                   NULL, NULL, NULL, NULL, NULL, f_sysdate, f_user,
                   NULL, NULL, NULL, NULL, NULL, NULL, NULL,
                   NULL
                  );
   EXCEPTION
      WHEN DUP_VAL_ON_INDEX
      THEN
         NULL;
   END;

   BEGIN
      INSERT INTO sgt_subtabs_det
                  (sdetalle, cempres, csubtabla, cversubt, ccla1, ccla2,
                   ccla3, ccla4, ccla5, ccla6, ccla7, ccla8, nval1,
                   nval2, nval3, nval4, nval5, nval6, falta, cusualt,
                   fmodifi, cusumod, ccla9, ccla10, nval7, nval8, nval9,
                   nval10
                  )
           VALUES (sdetalle_conf.NEXTVAL, 24, 8000047, 1, 80002, 1,
                   1784720, NULL, NULL, NULL, NULL, NULL, 60.9369192650181,
                   NULL, NULL, NULL, NULL, NULL, f_sysdate, f_user,
                   NULL, NULL, NULL, NULL, NULL, NULL, NULL,
                   NULL
                  );
   EXCEPTION
      WHEN DUP_VAL_ON_INDEX
      THEN
         NULL;
   END;

   BEGIN
      INSERT INTO sgt_subtabs_det
                  (sdetalle, cempres, csubtabla, cversubt, ccla1, ccla2,
                   ccla3, ccla4, ccla5, ccla6, ccla7, ccla8, nval1,
                   nval2, nval3, nval4, nval5, nval6, falta, cusualt,
                   fmodifi, cusumod, ccla9, ccla10, nval7, nval8, nval9,
                   nval10
                  )
           VALUES (sdetalle_conf.NEXTVAL, 24, 8000047, 1, 80003, 1,
                   1784720, NULL, NULL, NULL, NULL, NULL, 60.9369192650181,
                   NULL, NULL, NULL, NULL, NULL, f_sysdate, f_user,
                   NULL, NULL, NULL, NULL, NULL, NULL, NULL,
                   NULL
                  );
   EXCEPTION
      WHEN DUP_VAL_ON_INDEX
      THEN
         NULL;
   END;

   BEGIN
      INSERT INTO sgt_subtabs_det
                  (sdetalle, cempres, csubtabla, cversubt, ccla1, ccla2,
                   ccla3, ccla4, ccla5, ccla6, ccla7, ccla8, nval1,
                   nval2, nval3, nval4, nval5, nval6, falta, cusualt,
                   fmodifi, cusumod, ccla9, ccla10, nval7, nval8, nval9,
                   nval10
                  )
           VALUES (sdetalle_conf.NEXTVAL, 24, 8000047, 1, 80001, 2,
                   1784720, NULL, NULL, NULL, NULL, NULL, 48.874456394289,
                   NULL, NULL, NULL, NULL, NULL, f_sysdate, f_user,
                   NULL, NULL, NULL, NULL, NULL, NULL, NULL,
                   NULL
                  );
   EXCEPTION
      WHEN DUP_VAL_ON_INDEX
      THEN
         NULL;
   END;

   BEGIN
      INSERT INTO sgt_subtabs_det
                  (sdetalle, cempres, csubtabla, cversubt, ccla1, ccla2,
                   ccla3, ccla4, ccla5, ccla6, ccla7, ccla8, nval1,
                   nval2, nval3, nval4, nval5, nval6, falta, cusualt,
                   fmodifi, cusumod, ccla9, ccla10, nval7, nval8, nval9,
                   nval10
                  )
           VALUES (sdetalle_conf.NEXTVAL, 24, 8000047, 1, 80002, 2,
                   1784720, NULL, NULL, NULL, NULL, NULL, 48.874456394289,
                   NULL, NULL, NULL, NULL, NULL, f_sysdate, f_user,
                   NULL, NULL, NULL, NULL, NULL, NULL, NULL,
                   NULL
                  );
   EXCEPTION
      WHEN DUP_VAL_ON_INDEX
      THEN
         NULL;
   END;

   BEGIN
      INSERT INTO sgt_subtabs_det
                  (sdetalle, cempres, csubtabla, cversubt, ccla1, ccla2,
                   ccla3, ccla4, ccla5, ccla6, ccla7, ccla8, nval1,
                   nval2, nval3, nval4, nval5, nval6, falta, cusualt,
                   fmodifi, cusumod, ccla9, ccla10, nval7, nval8, nval9,
                   nval10
                  )
           VALUES (sdetalle_conf.NEXTVAL, 24, 8000047, 1, 80003, 2,
                   1784720, NULL, NULL, NULL, NULL, NULL, 48.874456394289,
                   NULL, NULL, NULL, NULL, NULL, f_sysdate, f_user,
                   NULL, NULL, NULL, NULL, NULL, NULL, NULL,
                   NULL
                  );
   EXCEPTION
      WHEN DUP_VAL_ON_INDEX
      THEN
         NULL;
   END;

   BEGIN
      INSERT INTO sgt_subtabs_det
                  (sdetalle, cempres, csubtabla, cversubt, ccla1, ccla2,
                   ccla3, ccla4, ccla5, ccla6, ccla7, ccla8, nval1,
                   nval2, nval3, nval4, nval5, nval6, falta, cusualt,
                   fmodifi, cusumod, ccla9, ccla10, nval7, nval8, nval9,
                   nval10
                  )
           VALUES (sdetalle_conf.NEXTVAL, 24, 8000047, 1, 80001, 0,
                   1784720, NULL, NULL, NULL, NULL, NULL, 48.874456394289,
                   NULL, NULL, NULL, NULL, NULL, f_sysdate, f_user,
                   NULL, NULL, NULL, NULL, NULL, NULL, NULL,
                   NULL
                  );
   EXCEPTION
      WHEN DUP_VAL_ON_INDEX
      THEN
         NULL;
   END;

   BEGIN
      INSERT INTO sgt_subtabs_det
                  (sdetalle, cempres, csubtabla, cversubt, ccla1, ccla2,
                   ccla3, ccla4, ccla5, ccla6, ccla7, ccla8, nval1,
                   nval2, nval3, nval4, nval5, nval6, falta, cusualt,
                   fmodifi, cusumod, ccla9, ccla10, nval7, nval8, nval9,
                   nval10
                  )
           VALUES (sdetalle_conf.NEXTVAL, 24, 8000047, 1, 80002, 0,
                   1784720, NULL, NULL, NULL, NULL, NULL, 48.874456394289,
                   NULL, NULL, NULL, NULL, NULL, f_sysdate, f_user,
                   NULL, NULL, NULL, NULL, NULL, NULL, NULL,
                   NULL
                  );
   EXCEPTION
      WHEN DUP_VAL_ON_INDEX
      THEN
         NULL;
   END;

   BEGIN
      INSERT INTO sgt_subtabs_det
                  (sdetalle, cempres, csubtabla, cversubt, ccla1, ccla2,
                   ccla3, ccla4, ccla5, ccla6, ccla7, ccla8, nval1,
                   nval2, nval3, nval4, nval5, nval6, falta, cusualt,
                   fmodifi, cusumod, ccla9, ccla10, nval7, nval8, nval9,
                   nval10
                  )
           VALUES (sdetalle_conf.NEXTVAL, 24, 8000047, 1, 80003, 0,
                   1784720, NULL, NULL, NULL, NULL, NULL, 48.874456394289,
                   NULL, NULL, NULL, NULL, NULL, f_sysdate, f_user,
                   NULL, NULL, NULL, NULL, NULL, NULL, NULL,
                   NULL
                  );
   EXCEPTION
      WHEN DUP_VAL_ON_INDEX
      THEN
         NULL;
   END;

   BEGIN
      INSERT INTO sgt_subtabs_det
                  (sdetalle, cempres, csubtabla, cversubt, ccla1, ccla2,
                   ccla3, ccla4, ccla5, ccla6, ccla7, ccla8, nval1,
                   nval2, nval3, nval4, nval5, nval6, falta, cusualt,
                   fmodifi, cusumod, ccla9, ccla10, nval7, nval8, nval9,
                   nval10
                  )
           VALUES (sdetalle_conf.NEXTVAL, 24, 8000047, 1, 80001, 1,
                   1784720, NULL, NULL, NULL, NULL, NULL, 60.9369192650181,
                   NULL, NULL, NULL, NULL, NULL, f_sysdate, f_user,
                   NULL, NULL, NULL, NULL, NULL, NULL, NULL,
                   NULL
                  );
   EXCEPTION
      WHEN DUP_VAL_ON_INDEX
      THEN
         NULL;
   END;

   BEGIN
      INSERT INTO sgt_subtabs_det
                  (sdetalle, cempres, csubtabla, cversubt, ccla1, ccla2,
                   ccla3, ccla4, ccla5, ccla6, ccla7, ccla8, nval1,
                   nval2, nval3, nval4, nval5, nval6, falta, cusualt,
                   fmodifi, cusumod, ccla9, ccla10, nval7, nval8, nval9,
                   nval10
                  )
           VALUES (sdetalle_conf.NEXTVAL, 24, 8000047, 1, 80002, 1,
                   1784720, NULL, NULL, NULL, NULL, NULL, 60.9369192650181,
                   NULL, NULL, NULL, NULL, NULL, f_sysdate, f_user,
                   NULL, NULL, NULL, NULL, NULL, NULL, NULL,
                   NULL
                  );
   EXCEPTION
      WHEN DUP_VAL_ON_INDEX
      THEN
         NULL;
   END;

   BEGIN
      INSERT INTO sgt_subtabs_det
                  (sdetalle, cempres, csubtabla, cversubt, ccla1, ccla2,
                   ccla3, ccla4, ccla5, ccla6, ccla7, ccla8, nval1,
                   nval2, nval3, nval4, nval5, nval6, falta, cusualt,
                   fmodifi, cusumod, ccla9, ccla10, nval7, nval8, nval9,
                   nval10
                  )
           VALUES (sdetalle_conf.NEXTVAL, 24, 8000047, 1, 80003, 1,
                   1784720, NULL, NULL, NULL, NULL, NULL, 60.9369192650181,
                   NULL, NULL, NULL, NULL, NULL, f_sysdate, f_user,
                   NULL, NULL, NULL, NULL, NULL, NULL, NULL,
                   NULL
                  );
   EXCEPTION
      WHEN DUP_VAL_ON_INDEX
      THEN
         NULL;
   END;

   BEGIN
      INSERT INTO sgt_subtabs_det
                  (sdetalle, cempres, csubtabla, cversubt, ccla1, ccla2,
                   ccla3, ccla4, ccla5, ccla6, ccla7, ccla8, nval1,
                   nval2, nval3, nval4, nval5, nval6, falta, cusualt,
                   fmodifi, cusumod, ccla9, ccla10, nval7, nval8, nval9,
                   nval10
                  )
           VALUES (sdetalle_conf.NEXTVAL, 24, 8000047, 1, 80001, 0,
                   1784720, NULL, NULL, NULL, NULL, NULL, 48.874456394289,
                   NULL, NULL, NULL, NULL, NULL, f_sysdate, f_user,
                   NULL, NULL, NULL, NULL, NULL, NULL, NULL,
                   NULL
                  );
   EXCEPTION
      WHEN DUP_VAL_ON_INDEX
      THEN
         NULL;
   END;

   BEGIN
      INSERT INTO sgt_subtabs_det
                  (sdetalle, cempres, csubtabla, cversubt, ccla1, ccla2,
                   ccla3, ccla4, ccla5, ccla6, ccla7, ccla8, nval1,
                   nval2, nval3, nval4, nval5, nval6, falta, cusualt,
                   fmodifi, cusumod, ccla9, ccla10, nval7, nval8, nval9,
                   nval10
                  )
           VALUES (sdetalle_conf.NEXTVAL, 24, 8000047, 1, 80002, 0,
                   1784720, NULL, NULL, NULL, NULL, NULL, 48.874456394289,
                   NULL, NULL, NULL, NULL, NULL, f_sysdate, f_user,
                   NULL, NULL, NULL, NULL, NULL, NULL, NULL,
                   NULL
                  );
   EXCEPTION
      WHEN DUP_VAL_ON_INDEX
      THEN
         NULL;
   END;

   BEGIN
      INSERT INTO sgt_subtabs_det
                  (sdetalle, cempres, csubtabla, cversubt, ccla1, ccla2,
                   ccla3, ccla4, ccla5, ccla6, ccla7, ccla8, nval1,
                   nval2, nval3, nval4, nval5, nval6, falta, cusualt,
                   fmodifi, cusumod, ccla9, ccla10, nval7, nval8, nval9,
                   nval10
                  )
           VALUES (sdetalle_conf.NEXTVAL, 24, 8000047, 1, 80003, 0,
                   1784720, NULL, NULL, NULL, NULL, NULL, 48.874456394289,
                   NULL, NULL, NULL, NULL, NULL, f_sysdate, f_user,
                   NULL, NULL, NULL, NULL, NULL, NULL, NULL,
                   NULL
                  );
   EXCEPTION
      WHEN DUP_VAL_ON_INDEX
      THEN
         NULL;
   END;

   BEGIN
      INSERT INTO sgt_subtabs_det
                  (sdetalle, cempres, csubtabla, cversubt, ccla1, ccla2,
                   ccla3, ccla4, ccla5, ccla6, ccla7, ccla8, nval1,
                   nval2, nval3, nval4, nval5, nval6, falta, cusualt,
                   fmodifi, cusumod, ccla9, ccla10, nval7, nval8, nval9,
                   nval10
                  )
           VALUES (sdetalle_conf.NEXTVAL, 24, 8000047, 1, 80001, 3,
                   1784720, NULL, NULL, NULL, NULL, NULL, 43.9270818222337,
                   NULL, NULL, NULL, NULL, NULL, f_sysdate, f_user,
                   NULL, NULL, NULL, NULL, NULL, NULL, NULL,
                   NULL
                  );
   EXCEPTION
      WHEN DUP_VAL_ON_INDEX
      THEN
         NULL;
   END;

   BEGIN
      INSERT INTO sgt_subtabs_det
                  (sdetalle, cempres, csubtabla, cversubt, ccla1, ccla2,
                   ccla3, ccla4, ccla5, ccla6, ccla7, ccla8, nval1,
                   nval2, nval3, nval4, nval5, nval6, falta, cusualt,
                   fmodifi, cusumod, ccla9, ccla10, nval7, nval8, nval9,
                   nval10
                  )
           VALUES (sdetalle_conf.NEXTVAL, 24, 8000047, 1, 80002, 3,
                   1784720, NULL, NULL, NULL, NULL, NULL, 43.9270818222337,
                   NULL, NULL, NULL, NULL, NULL, f_sysdate, f_user,
                   NULL, NULL, NULL, NULL, NULL, NULL, NULL,
                   NULL
                  );
   EXCEPTION
      WHEN DUP_VAL_ON_INDEX
      THEN
         NULL;
   END;

   BEGIN
      INSERT INTO sgt_subtabs_det
                  (sdetalle, cempres, csubtabla, cversubt, ccla1, ccla2,
                   ccla3, ccla4, ccla5, ccla6, ccla7, ccla8, nval1,
                   nval2, nval3, nval4, nval5, nval6, falta, cusualt,
                   fmodifi, cusumod, ccla9, ccla10, nval7, nval8, nval9,
                   nval10
                  )
           VALUES (sdetalle_conf.NEXTVAL, 24, 8000047, 1, 80003, 3,
                   1784720, NULL, NULL, NULL, NULL, NULL, 43.9270818222337,
                   NULL, NULL, NULL, NULL, NULL, f_sysdate, f_user,
                   NULL, NULL, NULL, NULL, NULL, NULL, NULL,
                   NULL
                  );
   EXCEPTION
      WHEN DUP_VAL_ON_INDEX
      THEN
         NULL;
   END;

   BEGIN
      INSERT INTO sgt_subtabs_det
                  (sdetalle, cempres, csubtabla, cversubt, ccla1, ccla2,
                   ccla3, ccla4, ccla5, ccla6, ccla7, ccla8, nval1,
                   nval2, nval3, nval4, nval5, nval6, falta, cusualt,
                   fmodifi, cusumod, ccla9, ccla10, nval7, nval8, nval9,
                   nval10
                  )
           VALUES (sdetalle_conf.NEXTVAL, 24, 8000047, 1, 80001, 1,
                   1784720, NULL, NULL, NULL, NULL, NULL, 60.9369192650181,
                   NULL, NULL, NULL, NULL, NULL, f_sysdate, f_user,
                   NULL, NULL, NULL, NULL, NULL, NULL, NULL,
                   NULL
                  );
   EXCEPTION
      WHEN DUP_VAL_ON_INDEX
      THEN
         NULL;
   END;

   BEGIN
      INSERT INTO sgt_subtabs_det
                  (sdetalle, cempres, csubtabla, cversubt, ccla1, ccla2,
                   ccla3, ccla4, ccla5, ccla6, ccla7, ccla8, nval1,
                   nval2, nval3, nval4, nval5, nval6, falta, cusualt,
                   fmodifi, cusumod, ccla9, ccla10, nval7, nval8, nval9,
                   nval10
                  )
           VALUES (sdetalle_conf.NEXTVAL, 24, 8000047, 1, 80002, 1,
                   1784720, NULL, NULL, NULL, NULL, NULL, 60.9369192650181,
                   NULL, NULL, NULL, NULL, NULL, f_sysdate, f_user,
                   NULL, NULL, NULL, NULL, NULL, NULL, NULL,
                   NULL
                  );
   EXCEPTION
      WHEN DUP_VAL_ON_INDEX
      THEN
         NULL;
   END;

   BEGIN
      INSERT INTO sgt_subtabs_det
                  (sdetalle, cempres, csubtabla, cversubt, ccla1, ccla2,
                   ccla3, ccla4, ccla5, ccla6, ccla7, ccla8, nval1,
                   nval2, nval3, nval4, nval5, nval6, falta, cusualt,
                   fmodifi, cusumod, ccla9, ccla10, nval7, nval8, nval9,
                   nval10
                  )
           VALUES (sdetalle_conf.NEXTVAL, 24, 8000047, 1, 80003, 1,
                   1784720, NULL, NULL, NULL, NULL, NULL, 60.9369192650181,
                   NULL, NULL, NULL, NULL, NULL, f_sysdate, f_user,
                   NULL, NULL, NULL, NULL, NULL, NULL, NULL,
                   NULL
                  );
   EXCEPTION
      WHEN DUP_VAL_ON_INDEX
      THEN
         NULL;
   END;

   BEGIN
      INSERT INTO sgt_subtabs_det
                  (sdetalle, cempres, csubtabla, cversubt, ccla1, ccla2,
                   ccla3, ccla4, ccla5, ccla6, ccla7, ccla8, nval1,
                   nval2, nval3, nval4, nval5, nval6, falta, cusualt,
                   fmodifi, cusumod, ccla9, ccla10, nval7, nval8, nval9,
                   nval10
                  )
           VALUES (sdetalle_conf.NEXTVAL, 24, 8000047, 1, 80001, 2,
                   1784720, NULL, NULL, NULL, NULL, NULL, 48.874456394289,
                   NULL, NULL, NULL, NULL, NULL, f_sysdate, f_user,
                   NULL, NULL, NULL, NULL, NULL, NULL, NULL,
                   NULL
                  );
   EXCEPTION
      WHEN DUP_VAL_ON_INDEX
      THEN
         NULL;
   END;

   BEGIN
      INSERT INTO sgt_subtabs_det
                  (sdetalle, cempres, csubtabla, cversubt, ccla1, ccla2,
                   ccla3, ccla4, ccla5, ccla6, ccla7, ccla8, nval1,
                   nval2, nval3, nval4, nval5, nval6, falta, cusualt,
                   fmodifi, cusumod, ccla9, ccla10, nval7, nval8, nval9,
                   nval10
                  )
           VALUES (sdetalle_conf.NEXTVAL, 24, 8000047, 1, 80002, 2,
                   1784720, NULL, NULL, NULL, NULL, NULL, 48.874456394289,
                   NULL, NULL, NULL, NULL, NULL, f_sysdate, f_user,
                   NULL, NULL, NULL, NULL, NULL, NULL, NULL,
                   NULL
                  );
   EXCEPTION
      WHEN DUP_VAL_ON_INDEX
      THEN
         NULL;
   END;

   BEGIN
      INSERT INTO sgt_subtabs_det
                  (sdetalle, cempres, csubtabla, cversubt, ccla1, ccla2,
                   ccla3, ccla4, ccla5, ccla6, ccla7, ccla8, nval1,
                   nval2, nval3, nval4, nval5, nval6, falta, cusualt,
                   fmodifi, cusumod, ccla9, ccla10, nval7, nval8, nval9,
                   nval10
                  )
           VALUES (sdetalle_conf.NEXTVAL, 24, 8000047, 1, 80003, 2,
                   1784720, NULL, NULL, NULL, NULL, NULL, 48.874456394289,
                   NULL, NULL, NULL, NULL, NULL, f_sysdate, f_user,
                   NULL, NULL, NULL, NULL, NULL, NULL, NULL,
                   NULL
                  );
   EXCEPTION
      WHEN DUP_VAL_ON_INDEX
      THEN
         NULL;
   END;

   BEGIN
      INSERT INTO sgt_subtabs_det
                  (sdetalle, cempres, csubtabla, cversubt, ccla1, ccla2,
                   ccla3, ccla4, ccla5, ccla6, ccla7, ccla8, nval1,
                   nval2, nval3, nval4, nval5, nval6, falta, cusualt,
                   fmodifi, cusumod, ccla9, ccla10, nval7, nval8, nval9,
                   nval10
                  )
           VALUES (sdetalle_conf.NEXTVAL, 24, 8000047, 1, 80001, 0,
                   1784720, NULL, NULL, NULL, NULL, NULL, 48.874456394289,
                   NULL, NULL, NULL, NULL, NULL, f_sysdate, f_user,
                   NULL, NULL, NULL, NULL, NULL, NULL, NULL,
                   NULL
                  );
   EXCEPTION
      WHEN DUP_VAL_ON_INDEX
      THEN
         NULL;
   END;

   BEGIN
      INSERT INTO sgt_subtabs_det
                  (sdetalle, cempres, csubtabla, cversubt, ccla1, ccla2,
                   ccla3, ccla4, ccla5, ccla6, ccla7, ccla8, nval1,
                   nval2, nval3, nval4, nval5, nval6, falta, cusualt,
                   fmodifi, cusumod, ccla9, ccla10, nval7, nval8, nval9,
                   nval10
                  )
           VALUES (sdetalle_conf.NEXTVAL, 24, 8000047, 1, 80002, 0,
                   1784720, NULL, NULL, NULL, NULL, NULL, 48.874456394289,
                   NULL, NULL, NULL, NULL, NULL, f_sysdate, f_user,
                   NULL, NULL, NULL, NULL, NULL, NULL, NULL,
                   NULL
                  );
   EXCEPTION
      WHEN DUP_VAL_ON_INDEX
      THEN
         NULL;
   END;

   BEGIN
      INSERT INTO sgt_subtabs_det
                  (sdetalle, cempres, csubtabla, cversubt, ccla1, ccla2,
                   ccla3, ccla4, ccla5, ccla6, ccla7, ccla8, nval1,
                   nval2, nval3, nval4, nval5, nval6, falta, cusualt,
                   fmodifi, cusumod, ccla9, ccla10, nval7, nval8, nval9,
                   nval10
                  )
           VALUES (sdetalle_conf.NEXTVAL, 24, 8000047, 1, 80003, 0,
                   1784720, NULL, NULL, NULL, NULL, NULL, 48.874456394289,
                   NULL, NULL, NULL, NULL, NULL, f_sysdate, f_user,
                   NULL, NULL, NULL, NULL, NULL, NULL, NULL,
                   NULL
                  );
   EXCEPTION
      WHEN DUP_VAL_ON_INDEX
      THEN
         NULL;
   END;

   BEGIN
      INSERT INTO sgt_subtabs_det
                  (sdetalle, cempres, csubtabla, cversubt, ccla1, ccla2,
                   ccla3, ccla4, ccla5, ccla6, ccla7, ccla8, nval1,
                   nval2, nval3, nval4, nval5, nval6, falta, cusualt,
                   fmodifi, cusumod, ccla9, ccla10, nval7, nval8, nval9,
                   nval10
                  )
           VALUES (sdetalle_conf.NEXTVAL, 24, 8000047, 1, 80001, 3,
                   1784720, NULL, NULL, NULL, NULL, NULL, 43.9270818222337,
                   NULL, NULL, NULL, NULL, NULL, f_sysdate, f_user,
                   NULL, NULL, NULL, NULL, NULL, NULL, NULL,
                   NULL
                  );
   EXCEPTION
      WHEN DUP_VAL_ON_INDEX
      THEN
         NULL;
   END;

   BEGIN
      INSERT INTO sgt_subtabs_det
                  (sdetalle, cempres, csubtabla, cversubt, ccla1, ccla2,
                   ccla3, ccla4, ccla5, ccla6, ccla7, ccla8, nval1,
                   nval2, nval3, nval4, nval5, nval6, falta, cusualt,
                   fmodifi, cusumod, ccla9, ccla10, nval7, nval8, nval9,
                   nval10
                  )
           VALUES (sdetalle_conf.NEXTVAL, 24, 8000047, 1, 80002, 3,
                   1784720, NULL, NULL, NULL, NULL, NULL, 43.9270818222337,
                   NULL, NULL, NULL, NULL, NULL, f_sysdate, f_user,
                   NULL, NULL, NULL, NULL, NULL, NULL, NULL,
                   NULL
                  );
   EXCEPTION
      WHEN DUP_VAL_ON_INDEX
      THEN
         NULL;
   END;

   BEGIN
      INSERT INTO sgt_subtabs_det
                  (sdetalle, cempres, csubtabla, cversubt, ccla1, ccla2,
                   ccla3, ccla4, ccla5, ccla6, ccla7, ccla8, nval1,
                   nval2, nval3, nval4, nval5, nval6, falta, cusualt,
                   fmodifi, cusumod, ccla9, ccla10, nval7, nval8, nval9,
                   nval10
                  )
           VALUES (sdetalle_conf.NEXTVAL, 24, 8000047, 1, 80003, 3,
                   1784720, NULL, NULL, NULL, NULL, NULL, 43.9270818222337,
                   NULL, NULL, NULL, NULL, NULL, f_sysdate, f_user,
                   NULL, NULL, NULL, NULL, NULL, NULL, NULL,
                   NULL
                  );
   EXCEPTION
      WHEN DUP_VAL_ON_INDEX
      THEN
         NULL;
   END;

   BEGIN
      INSERT INTO sgt_subtabs_det
                  (sdetalle, cempres, csubtabla, cversubt, ccla1, ccla2,
                   ccla3, ccla4, ccla5, ccla6, ccla7, ccla8, nval1,
                   nval2, nval3, nval4, nval5, nval6, falta, cusualt,
                   fmodifi, cusumod, ccla9, ccla10, nval7, nval8, nval9,
                   nval10
                  )
           VALUES (sdetalle_conf.NEXTVAL, 24, 8000047, 1, 80001, 1,
                   1784720, NULL, NULL, NULL, NULL, NULL, 60.9369192650181,
                   NULL, NULL, NULL, NULL, NULL, f_sysdate, f_user,
                   NULL, NULL, NULL, NULL, NULL, NULL, NULL,
                   NULL
                  );
   EXCEPTION
      WHEN DUP_VAL_ON_INDEX
      THEN
         NULL;
   END;

   BEGIN
      INSERT INTO sgt_subtabs_det
                  (sdetalle, cempres, csubtabla, cversubt, ccla1, ccla2,
                   ccla3, ccla4, ccla5, ccla6, ccla7, ccla8, nval1,
                   nval2, nval3, nval4, nval5, nval6, falta, cusualt,
                   fmodifi, cusumod, ccla9, ccla10, nval7, nval8, nval9,
                   nval10
                  )
           VALUES (sdetalle_conf.NEXTVAL, 24, 8000047, 1, 80002, 1,
                   1784720, NULL, NULL, NULL, NULL, NULL, 60.9369192650181,
                   NULL, NULL, NULL, NULL, NULL, f_sysdate, f_user,
                   NULL, NULL, NULL, NULL, NULL, NULL, NULL,
                   NULL
                  );
   EXCEPTION
      WHEN DUP_VAL_ON_INDEX
      THEN
         NULL;
   END;

   BEGIN
      INSERT INTO sgt_subtabs_det
                  (sdetalle, cempres, csubtabla, cversubt, ccla1, ccla2,
                   ccla3, ccla4, ccla5, ccla6, ccla7, ccla8, nval1,
                   nval2, nval3, nval4, nval5, nval6, falta, cusualt,
                   fmodifi, cusumod, ccla9, ccla10, nval7, nval8, nval9,
                   nval10
                  )
           VALUES (sdetalle_conf.NEXTVAL, 24, 8000047, 1, 80003, 1,
                   1784720, NULL, NULL, NULL, NULL, NULL, 60.9369192650181,
                   NULL, NULL, NULL, NULL, NULL, f_sysdate, f_user,
                   NULL, NULL, NULL, NULL, NULL, NULL, NULL,
                   NULL
                  );
   EXCEPTION
      WHEN DUP_VAL_ON_INDEX
      THEN
         NULL;
   END;

   BEGIN
      INSERT INTO sgt_subtabs_det
                  (sdetalle, cempres, csubtabla, cversubt, ccla1, ccla2,
                   ccla3, ccla4, ccla5, ccla6, ccla7, ccla8, nval1,
                   nval2, nval3, nval4, nval5, nval6, falta, cusualt,
                   fmodifi, cusumod, ccla9, ccla10, nval7, nval8, nval9,
                   nval10
                  )
           VALUES (sdetalle_conf.NEXTVAL, 24, 8000047, 1, 80001, 2,
                   1784720, NULL, NULL, NULL, NULL, NULL, 48.874456394289,
                   NULL, NULL, NULL, NULL, NULL, f_sysdate, f_user,
                   NULL, NULL, NULL, NULL, NULL, NULL, NULL,
                   NULL
                  );
   EXCEPTION
      WHEN DUP_VAL_ON_INDEX
      THEN
         NULL;
   END;

   BEGIN
      INSERT INTO sgt_subtabs_det
                  (sdetalle, cempres, csubtabla, cversubt, ccla1, ccla2,
                   ccla3, ccla4, ccla5, ccla6, ccla7, ccla8, nval1,
                   nval2, nval3, nval4, nval5, nval6, falta, cusualt,
                   fmodifi, cusumod, ccla9, ccla10, nval7, nval8, nval9,
                   nval10
                  )
           VALUES (sdetalle_conf.NEXTVAL, 24, 8000047, 1, 80002, 2,
                   1784720, NULL, NULL, NULL, NULL, NULL, 48.874456394289,
                   NULL, NULL, NULL, NULL, NULL, f_sysdate, f_user,
                   NULL, NULL, NULL, NULL, NULL, NULL, NULL,
                   NULL
                  );
   EXCEPTION
      WHEN DUP_VAL_ON_INDEX
      THEN
         NULL;
   END;

   BEGIN
      INSERT INTO sgt_subtabs_det
                  (sdetalle, cempres, csubtabla, cversubt, ccla1, ccla2,
                   ccla3, ccla4, ccla5, ccla6, ccla7, ccla8, nval1,
                   nval2, nval3, nval4, nval5, nval6, falta, cusualt,
                   fmodifi, cusumod, ccla9, ccla10, nval7, nval8, nval9,
                   nval10
                  )
           VALUES (sdetalle_conf.NEXTVAL, 24, 8000047, 1, 80003, 2,
                   1784720, NULL, NULL, NULL, NULL, NULL, 48.874456394289,
                   NULL, NULL, NULL, NULL, NULL, f_sysdate, f_user,
                   NULL, NULL, NULL, NULL, NULL, NULL, NULL,
                   NULL
                  );
   EXCEPTION
      WHEN DUP_VAL_ON_INDEX
      THEN
         NULL;
   END;

   BEGIN
      INSERT INTO sgt_subtabs_det
                  (sdetalle, cempres, csubtabla, cversubt, ccla1, ccla2,
                   ccla3, ccla4, ccla5, ccla6, ccla7, ccla8, nval1,
                   nval2, nval3, nval4, nval5, nval6, falta, cusualt,
                   fmodifi, cusumod, ccla9, ccla10, nval7, nval8, nval9,
                   nval10
                  )
           VALUES (sdetalle_conf.NEXTVAL, 24, 8000047, 1, 80001, 1,
                   1784720, NULL, NULL, NULL, NULL, NULL, 60.9369192650181,
                   NULL, NULL, NULL, NULL, NULL, f_sysdate, f_user,
                   NULL, NULL, NULL, NULL, NULL, NULL, NULL,
                   NULL
                  );
   EXCEPTION
      WHEN DUP_VAL_ON_INDEX
      THEN
         NULL;
   END;

   BEGIN
      INSERT INTO sgt_subtabs_det
                  (sdetalle, cempres, csubtabla, cversubt, ccla1, ccla2,
                   ccla3, ccla4, ccla5, ccla6, ccla7, ccla8, nval1,
                   nval2, nval3, nval4, nval5, nval6, falta, cusualt,
                   fmodifi, cusumod, ccla9, ccla10, nval7, nval8, nval9,
                   nval10
                  )
           VALUES (sdetalle_conf.NEXTVAL, 24, 8000047, 1, 80002, 1,
                   1784720, NULL, NULL, NULL, NULL, NULL, 60.9369192650181,
                   NULL, NULL, NULL, NULL, NULL, f_sysdate, f_user,
                   NULL, NULL, NULL, NULL, NULL, NULL, NULL,
                   NULL
                  );
   EXCEPTION
      WHEN DUP_VAL_ON_INDEX
      THEN
         NULL;
   END;

   BEGIN
      INSERT INTO sgt_subtabs_det
                  (sdetalle, cempres, csubtabla, cversubt, ccla1, ccla2,
                   ccla3, ccla4, ccla5, ccla6, ccla7, ccla8, nval1,
                   nval2, nval3, nval4, nval5, nval6, falta, cusualt,
                   fmodifi, cusumod, ccla9, ccla10, nval7, nval8, nval9,
                   nval10
                  )
           VALUES (sdetalle_conf.NEXTVAL, 24, 8000047, 1, 80003, 1,
                   1784720, NULL, NULL, NULL, NULL, NULL, 60.9369192650181,
                   NULL, NULL, NULL, NULL, NULL, f_sysdate, f_user,
                   NULL, NULL, NULL, NULL, NULL, NULL, NULL,
                   NULL
                  );
   EXCEPTION
      WHEN DUP_VAL_ON_INDEX
      THEN
         NULL;
   END;

   BEGIN
      INSERT INTO sgt_subtabs_det
                  (sdetalle, cempres, csubtabla, cversubt, ccla1, ccla2,
                   ccla3, ccla4, ccla5, ccla6, ccla7, ccla8, nval1,
                   nval2, nval3, nval4, nval5, nval6, falta, cusualt,
                   fmodifi, cusumod, ccla9, ccla10, nval7, nval8, nval9,
                   nval10
                  )
           VALUES (sdetalle_conf.NEXTVAL, 24, 8000047, 1, 80001, 0,
                   1654720, NULL, NULL, NULL, NULL, NULL, 144.923415336003,
                   NULL, NULL, NULL, NULL, NULL, f_sysdate, f_user,
                   NULL, NULL, NULL, NULL, NULL, NULL, NULL,
                   NULL
                  );
   EXCEPTION
      WHEN DUP_VAL_ON_INDEX
      THEN
         NULL;
   END;

   BEGIN
      INSERT INTO sgt_subtabs_det
                  (sdetalle, cempres, csubtabla, cversubt, ccla1, ccla2,
                   ccla3, ccla4, ccla5, ccla6, ccla7, ccla8, nval1,
                   nval2, nval3, nval4, nval5, nval6, falta, cusualt,
                   fmodifi, cusumod, ccla9, ccla10, nval7, nval8, nval9,
                   nval10
                  )
           VALUES (sdetalle_conf.NEXTVAL, 24, 8000047, 1, 80002, 0,
                   1654720, NULL, NULL, NULL, NULL, NULL, 144.923415336003,
                   NULL, NULL, NULL, NULL, NULL, f_sysdate, f_user,
                   NULL, NULL, NULL, NULL, NULL, NULL, NULL,
                   NULL
                  );
   EXCEPTION
      WHEN DUP_VAL_ON_INDEX
      THEN
         NULL;
   END;

   BEGIN
      INSERT INTO sgt_subtabs_det
                  (sdetalle, cempres, csubtabla, cversubt, ccla1, ccla2,
                   ccla3, ccla4, ccla5, ccla6, ccla7, ccla8, nval1,
                   nval2, nval3, nval4, nval5, nval6, falta, cusualt,
                   fmodifi, cusumod, ccla9, ccla10, nval7, nval8, nval9,
                   nval10
                  )
           VALUES (sdetalle_conf.NEXTVAL, 24, 8000047, 1, 80003, 0,
                   1654720, NULL, NULL, NULL, NULL, NULL, 144.923415336003,
                   NULL, NULL, NULL, NULL, NULL, f_sysdate, f_user,
                   NULL, NULL, NULL, NULL, NULL, NULL, NULL,
                   NULL
                  );
   EXCEPTION
      WHEN DUP_VAL_ON_INDEX
      THEN
         NULL;
   END;

   BEGIN
      INSERT INTO sgt_subtabs_det
                  (sdetalle, cempres, csubtabla, cversubt, ccla1, ccla2,
                   ccla3, ccla4, ccla5, ccla6, ccla7, ccla8, nval1,
                   nval2, nval3, nval4, nval5, nval6, falta, cusualt,
                   fmodifi, cusumod, ccla9, ccla10, nval7, nval8, nval9,
                   nval10
                  )
           VALUES (sdetalle_conf.NEXTVAL, 24, 8000047, 1, 80001, 1,
                   1654720, NULL, NULL, NULL, NULL, NULL, 164.768187066609,
                   NULL, NULL, NULL, NULL, NULL, f_sysdate, f_user,
                   NULL, NULL, NULL, NULL, NULL, NULL, NULL,
                   NULL
                  );
   EXCEPTION
      WHEN DUP_VAL_ON_INDEX
      THEN
         NULL;
   END;

   BEGIN
      INSERT INTO sgt_subtabs_det
                  (sdetalle, cempres, csubtabla, cversubt, ccla1, ccla2,
                   ccla3, ccla4, ccla5, ccla6, ccla7, ccla8, nval1,
                   nval2, nval3, nval4, nval5, nval6, falta, cusualt,
                   fmodifi, cusumod, ccla9, ccla10, nval7, nval8, nval9,
                   nval10
                  )
           VALUES (sdetalle_conf.NEXTVAL, 24, 8000047, 1, 80002, 1,
                   1654720, NULL, NULL, NULL, NULL, NULL, 164.768187066609,
                   NULL, NULL, NULL, NULL, NULL, f_sysdate, f_user,
                   NULL, NULL, NULL, NULL, NULL, NULL, NULL,
                   NULL
                  );
   EXCEPTION
      WHEN DUP_VAL_ON_INDEX
      THEN
         NULL;
   END;

   BEGIN
      INSERT INTO sgt_subtabs_det
                  (sdetalle, cempres, csubtabla, cversubt, ccla1, ccla2,
                   ccla3, ccla4, ccla5, ccla6, ccla7, ccla8, nval1,
                   nval2, nval3, nval4, nval5, nval6, falta, cusualt,
                   fmodifi, cusumod, ccla9, ccla10, nval7, nval8, nval9,
                   nval10
                  )
           VALUES (sdetalle_conf.NEXTVAL, 24, 8000047, 1, 80003, 1,
                   1654720, NULL, NULL, NULL, NULL, NULL, 164.768187066609,
                   NULL, NULL, NULL, NULL, NULL, f_sysdate, f_user,
                   NULL, NULL, NULL, NULL, NULL, NULL, NULL,
                   NULL
                  );
   EXCEPTION
      WHEN DUP_VAL_ON_INDEX
      THEN
         NULL;
   END;

   BEGIN
      INSERT INTO sgt_subtabs_det
                  (sdetalle, cempres, csubtabla, cversubt, ccla1, ccla2,
                   ccla3, ccla4, ccla5, ccla6, ccla7, ccla8, nval1,
                   nval2, nval3, nval4, nval5, nval6, falta, cusualt,
                   fmodifi, cusumod, ccla9, ccla10, nval7, nval8, nval9,
                   nval10
                  )
           VALUES (sdetalle_conf.NEXTVAL, 24, 8000047, 1, 80001, 0,
                   1654720, NULL, NULL, NULL, NULL, NULL, 144.923415336003,
                   NULL, NULL, NULL, NULL, NULL, f_sysdate, f_user,
                   NULL, NULL, NULL, NULL, NULL, NULL, NULL,
                   NULL
                  );
   EXCEPTION
      WHEN DUP_VAL_ON_INDEX
      THEN
         NULL;
   END;

   BEGIN
      INSERT INTO sgt_subtabs_det
                  (sdetalle, cempres, csubtabla, cversubt, ccla1, ccla2,
                   ccla3, ccla4, ccla5, ccla6, ccla7, ccla8, nval1,
                   nval2, nval3, nval4, nval5, nval6, falta, cusualt,
                   fmodifi, cusumod, ccla9, ccla10, nval7, nval8, nval9,
                   nval10
                  )
           VALUES (sdetalle_conf.NEXTVAL, 24, 8000047, 1, 80002, 0,
                   1654720, NULL, NULL, NULL, NULL, NULL, 144.923415336003,
                   NULL, NULL, NULL, NULL, NULL, f_sysdate, f_user,
                   NULL, NULL, NULL, NULL, NULL, NULL, NULL,
                   NULL
                  );
   EXCEPTION
      WHEN DUP_VAL_ON_INDEX
      THEN
         NULL;
   END;

   BEGIN
      INSERT INTO sgt_subtabs_det
                  (sdetalle, cempres, csubtabla, cversubt, ccla1, ccla2,
                   ccla3, ccla4, ccla5, ccla6, ccla7, ccla8, nval1,
                   nval2, nval3, nval4, nval5, nval6, falta, cusualt,
                   fmodifi, cusumod, ccla9, ccla10, nval7, nval8, nval9,
                   nval10
                  )
           VALUES (sdetalle_conf.NEXTVAL, 24, 8000047, 1, 80003, 0,
                   1654720, NULL, NULL, NULL, NULL, NULL, 144.923415336003,
                   NULL, NULL, NULL, NULL, NULL, f_sysdate, f_user,
                   NULL, NULL, NULL, NULL, NULL, NULL, NULL,
                   NULL
                  );
   EXCEPTION
      WHEN DUP_VAL_ON_INDEX
      THEN
         NULL;
   END;

   BEGIN
      INSERT INTO sgt_subtabs_det
                  (sdetalle, cempres, csubtabla, cversubt, ccla1, ccla2,
                   ccla3, ccla4, ccla5, ccla6, ccla7, ccla8, nval1,
                   nval2, nval3, nval4, nval5, nval6, falta, cusualt,
                   fmodifi, cusumod, ccla9, ccla10, nval7, nval8, nval9,
                   nval10
                  )
           VALUES (sdetalle_conf.NEXTVAL, 24, 8000047, 1, 80001, 3,
                   1654720, NULL, NULL, NULL, NULL, NULL, 136.784155543007,
                   NULL, NULL, NULL, NULL, NULL, f_sysdate, f_user,
                   NULL, NULL, NULL, NULL, NULL, NULL, NULL,
                   NULL
                  );
   EXCEPTION
      WHEN DUP_VAL_ON_INDEX
      THEN
         NULL;
   END;

   BEGIN
      INSERT INTO sgt_subtabs_det
                  (sdetalle, cempres, csubtabla, cversubt, ccla1, ccla2,
                   ccla3, ccla4, ccla5, ccla6, ccla7, ccla8, nval1,
                   nval2, nval3, nval4, nval5, nval6, falta, cusualt,
                   fmodifi, cusumod, ccla9, ccla10, nval7, nval8, nval9,
                   nval10
                  )
           VALUES (sdetalle_conf.NEXTVAL, 24, 8000047, 1, 80002, 3,
                   1654720, NULL, NULL, NULL, NULL, NULL, 136.784155543007,
                   NULL, NULL, NULL, NULL, NULL, f_sysdate, f_user,
                   NULL, NULL, NULL, NULL, NULL, NULL, NULL,
                   NULL
                  );
   EXCEPTION
      WHEN DUP_VAL_ON_INDEX
      THEN
         NULL;
   END;

   BEGIN
      INSERT INTO sgt_subtabs_det
                  (sdetalle, cempres, csubtabla, cversubt, ccla1, ccla2,
                   ccla3, ccla4, ccla5, ccla6, ccla7, ccla8, nval1,
                   nval2, nval3, nval4, nval5, nval6, falta, cusualt,
                   fmodifi, cusumod, ccla9, ccla10, nval7, nval8, nval9,
                   nval10
                  )
           VALUES (sdetalle_conf.NEXTVAL, 24, 8000047, 1, 80003, 3,
                   1654720, NULL, NULL, NULL, NULL, NULL, 136.784155543007,
                   NULL, NULL, NULL, NULL, NULL, f_sysdate, f_user,
                   NULL, NULL, NULL, NULL, NULL, NULL, NULL,
                   NULL
                  );
   EXCEPTION
      WHEN DUP_VAL_ON_INDEX
      THEN
         NULL;
   END;

   BEGIN
      INSERT INTO sgt_subtabs_det
                  (sdetalle, cempres, csubtabla, cversubt, ccla1, ccla2,
                   ccla3, ccla4, ccla5, ccla6, ccla7, ccla8, nval1,
                   nval2, nval3, nval4, nval5, nval6, falta, cusualt,
                   fmodifi, cusumod, ccla9, ccla10, nval7, nval8, nval9,
                   nval10
                  )
           VALUES (sdetalle_conf.NEXTVAL, 24, 8000047, 1, 80001, 1,
                   1654720, NULL, NULL, NULL, NULL, NULL, 164.768187066609,
                   NULL, NULL, NULL, NULL, NULL, f_sysdate, f_user,
                   NULL, NULL, NULL, NULL, NULL, NULL, NULL,
                   NULL
                  );
   EXCEPTION
      WHEN DUP_VAL_ON_INDEX
      THEN
         NULL;
   END;

   BEGIN
      INSERT INTO sgt_subtabs_det
                  (sdetalle, cempres, csubtabla, cversubt, ccla1, ccla2,
                   ccla3, ccla4, ccla5, ccla6, ccla7, ccla8, nval1,
                   nval2, nval3, nval4, nval5, nval6, falta, cusualt,
                   fmodifi, cusumod, ccla9, ccla10, nval7, nval8, nval9,
                   nval10
                  )
           VALUES (sdetalle_conf.NEXTVAL, 24, 8000047, 1, 80002, 1,
                   1654720, NULL, NULL, NULL, NULL, NULL, 164.768187066609,
                   NULL, NULL, NULL, NULL, NULL, f_sysdate, f_user,
                   NULL, NULL, NULL, NULL, NULL, NULL, NULL,
                   NULL
                  );
   EXCEPTION
      WHEN DUP_VAL_ON_INDEX
      THEN
         NULL;
   END;

   BEGIN
      INSERT INTO sgt_subtabs_det
                  (sdetalle, cempres, csubtabla, cversubt, ccla1, ccla2,
                   ccla3, ccla4, ccla5, ccla6, ccla7, ccla8, nval1,
                   nval2, nval3, nval4, nval5, nval6, falta, cusualt,
                   fmodifi, cusumod, ccla9, ccla10, nval7, nval8, nval9,
                   nval10
                  )
           VALUES (sdetalle_conf.NEXTVAL, 24, 8000047, 1, 80003, 1,
                   1654720, NULL, NULL, NULL, NULL, NULL, 164.768187066609,
                   NULL, NULL, NULL, NULL, NULL, f_sysdate, f_user,
                   NULL, NULL, NULL, NULL, NULL, NULL, NULL,
                   NULL
                  );
   EXCEPTION
      WHEN DUP_VAL_ON_INDEX
      THEN
         NULL;
   END;

   BEGIN
      INSERT INTO sgt_subtabs_det
                  (sdetalle, cempres, csubtabla, cversubt, ccla1, ccla2,
                   ccla3, ccla4, ccla5, ccla6, ccla7, ccla8, nval1,
                   nval2, nval3, nval4, nval5, nval6, falta, cusualt,
                   fmodifi, cusumod, ccla9, ccla10, nval7, nval8, nval9,
                   nval10
                  )
           VALUES (sdetalle_conf.NEXTVAL, 24, 8000047, 1, 80001, 2,
                   1654720, NULL, NULL, NULL, NULL, NULL, 144.923415336003,
                   NULL, NULL, NULL, NULL, NULL, f_sysdate, f_user,
                   NULL, NULL, NULL, NULL, NULL, NULL, NULL,
                   NULL
                  );
   EXCEPTION
      WHEN DUP_VAL_ON_INDEX
      THEN
         NULL;
   END;

   BEGIN
      INSERT INTO sgt_subtabs_det
                  (sdetalle, cempres, csubtabla, cversubt, ccla1, ccla2,
                   ccla3, ccla4, ccla5, ccla6, ccla7, ccla8, nval1,
                   nval2, nval3, nval4, nval5, nval6, falta, cusualt,
                   fmodifi, cusumod, ccla9, ccla10, nval7, nval8, nval9,
                   nval10
                  )
           VALUES (sdetalle_conf.NEXTVAL, 24, 8000047, 1, 80002, 2,
                   1654720, NULL, NULL, NULL, NULL, NULL, 144.923415336003,
                   NULL, NULL, NULL, NULL, NULL, f_sysdate, f_user,
                   NULL, NULL, NULL, NULL, NULL, NULL, NULL,
                   NULL
                  );
   EXCEPTION
      WHEN DUP_VAL_ON_INDEX
      THEN
         NULL;
   END;

   BEGIN
      INSERT INTO sgt_subtabs_det
                  (sdetalle, cempres, csubtabla, cversubt, ccla1, ccla2,
                   ccla3, ccla4, ccla5, ccla6, ccla7, ccla8, nval1,
                   nval2, nval3, nval4, nval5, nval6, falta, cusualt,
                   fmodifi, cusumod, ccla9, ccla10, nval7, nval8, nval9,
                   nval10
                  )
           VALUES (sdetalle_conf.NEXTVAL, 24, 8000047, 1, 80003, 2,
                   1654720, NULL, NULL, NULL, NULL, NULL, 144.923415336003,
                   NULL, NULL, NULL, NULL, NULL, f_sysdate, f_user,
                   NULL, NULL, NULL, NULL, NULL, NULL, NULL,
                   NULL
                  );
   EXCEPTION
      WHEN DUP_VAL_ON_INDEX
      THEN
         NULL;
   END;

   BEGIN
      INSERT INTO sgt_subtabs_det
                  (sdetalle, cempres, csubtabla, cversubt, ccla1, ccla2,
                   ccla3, ccla4, ccla5, ccla6, ccla7, ccla8, nval1,
                   nval2, nval3, nval4, nval5, nval6, falta, cusualt,
                   fmodifi, cusumod, ccla9, ccla10, nval7, nval8, nval9,
                   nval10
                  )
           VALUES (sdetalle_conf.NEXTVAL, 24, 8000047, 1, 80001, 0,
                   1654720, NULL, NULL, NULL, NULL, NULL, 144.923415336003,
                   NULL, NULL, NULL, NULL, NULL, f_sysdate, f_user,
                   NULL, NULL, NULL, NULL, NULL, NULL, NULL,
                   NULL
                  );
   EXCEPTION
      WHEN DUP_VAL_ON_INDEX
      THEN
         NULL;
   END;

   BEGIN
      INSERT INTO sgt_subtabs_det
                  (sdetalle, cempres, csubtabla, cversubt, ccla1, ccla2,
                   ccla3, ccla4, ccla5, ccla6, ccla7, ccla8, nval1,
                   nval2, nval3, nval4, nval5, nval6, falta, cusualt,
                   fmodifi, cusumod, ccla9, ccla10, nval7, nval8, nval9,
                   nval10
                  )
           VALUES (sdetalle_conf.NEXTVAL, 24, 8000047, 1, 80002, 0,
                   1654720, NULL, NULL, NULL, NULL, NULL, 144.923415336003,
                   NULL, NULL, NULL, NULL, NULL, f_sysdate, f_user,
                   NULL, NULL, NULL, NULL, NULL, NULL, NULL,
                   NULL
                  );
   EXCEPTION
      WHEN DUP_VAL_ON_INDEX
      THEN
         NULL;
   END;

   BEGIN
      INSERT INTO sgt_subtabs_det
                  (sdetalle, cempres, csubtabla, cversubt, ccla1, ccla2,
                   ccla3, ccla4, ccla5, ccla6, ccla7, ccla8, nval1,
                   nval2, nval3, nval4, nval5, nval6, falta, cusualt,
                   fmodifi, cusumod, ccla9, ccla10, nval7, nval8, nval9,
                   nval10
                  )
           VALUES (sdetalle_conf.NEXTVAL, 24, 8000047, 1, 80003, 0,
                   1654720, NULL, NULL, NULL, NULL, NULL, 144.923415336003,
                   NULL, NULL, NULL, NULL, NULL, f_sysdate, f_user,
                   NULL, NULL, NULL, NULL, NULL, NULL, NULL,
                   NULL
                  );
   EXCEPTION
      WHEN DUP_VAL_ON_INDEX
      THEN
         NULL;
   END;

   BEGIN
      INSERT INTO sgt_subtabs_det
                  (sdetalle, cempres, csubtabla, cversubt, ccla1, ccla2,
                   ccla3, ccla4, ccla5, ccla6, ccla7, ccla8, nval1,
                   nval2, nval3, nval4, nval5, nval6, falta, cusualt,
                   fmodifi, cusumod, ccla9, ccla10, nval7, nval8, nval9,
                   nval10
                  )
           VALUES (sdetalle_conf.NEXTVAL, 24, 8000047, 1, 80001, 3,
                   1654720, NULL, NULL, NULL, NULL, NULL, 136.784155543007,
                   NULL, NULL, NULL, NULL, NULL, f_sysdate, f_user,
                   NULL, NULL, NULL, NULL, NULL, NULL, NULL,
                   NULL
                  );
   EXCEPTION
      WHEN DUP_VAL_ON_INDEX
      THEN
         NULL;
   END;

   BEGIN
      INSERT INTO sgt_subtabs_det
                  (sdetalle, cempres, csubtabla, cversubt, ccla1, ccla2,
                   ccla3, ccla4, ccla5, ccla6, ccla7, ccla8, nval1,
                   nval2, nval3, nval4, nval5, nval6, falta, cusualt,
                   fmodifi, cusumod, ccla9, ccla10, nval7, nval8, nval9,
                   nval10
                  )
           VALUES (sdetalle_conf.NEXTVAL, 24, 8000047, 1, 80002, 3,
                   1654720, NULL, NULL, NULL, NULL, NULL, 136.784155543007,
                   NULL, NULL, NULL, NULL, NULL, f_sysdate, f_user,
                   NULL, NULL, NULL, NULL, NULL, NULL, NULL,
                   NULL
                  );
   EXCEPTION
      WHEN DUP_VAL_ON_INDEX
      THEN
         NULL;
   END;

   BEGIN
      INSERT INTO sgt_subtabs_det
                  (sdetalle, cempres, csubtabla, cversubt, ccla1, ccla2,
                   ccla3, ccla4, ccla5, ccla6, ccla7, ccla8, nval1,
                   nval2, nval3, nval4, nval5, nval6, falta, cusualt,
                   fmodifi, cusumod, ccla9, ccla10, nval7, nval8, nval9,
                   nval10
                  )
           VALUES (sdetalle_conf.NEXTVAL, 24, 8000047, 1, 80003, 3,
                   1654720, NULL, NULL, NULL, NULL, NULL, 136.784155543007,
                   NULL, NULL, NULL, NULL, NULL, f_sysdate, f_user,
                   NULL, NULL, NULL, NULL, NULL, NULL, NULL,
                   NULL
                  );
   EXCEPTION
      WHEN DUP_VAL_ON_INDEX
      THEN
         NULL;
   END;

   BEGIN
      INSERT INTO sgt_subtabs_det
                  (sdetalle, cempres, csubtabla, cversubt, ccla1, ccla2,
                   ccla3, ccla4, ccla5, ccla6, ccla7, ccla8, nval1,
                   nval2, nval3, nval4, nval5, nval6, falta, cusualt,
                   fmodifi, cusumod, ccla9, ccla10, nval7, nval8, nval9,
                   nval10
                  )
           VALUES (sdetalle_conf.NEXTVAL, 24, 8000047, 1, 80001, 1,
                   1654720, NULL, NULL, NULL, NULL, NULL, 164.768187066609,
                   NULL, NULL, NULL, NULL, NULL, f_sysdate, f_user,
                   NULL, NULL, NULL, NULL, NULL, NULL, NULL,
                   NULL
                  );
   EXCEPTION
      WHEN DUP_VAL_ON_INDEX
      THEN
         NULL;
   END;

   BEGIN
      INSERT INTO sgt_subtabs_det
                  (sdetalle, cempres, csubtabla, cversubt, ccla1, ccla2,
                   ccla3, ccla4, ccla5, ccla6, ccla7, ccla8, nval1,
                   nval2, nval3, nval4, nval5, nval6, falta, cusualt,
                   fmodifi, cusumod, ccla9, ccla10, nval7, nval8, nval9,
                   nval10
                  )
           VALUES (sdetalle_conf.NEXTVAL, 24, 8000047, 1, 80002, 1,
                   1654720, NULL, NULL, NULL, NULL, NULL, 164.768187066609,
                   NULL, NULL, NULL, NULL, NULL, f_sysdate, f_user,
                   NULL, NULL, NULL, NULL, NULL, NULL, NULL,
                   NULL
                  );
   EXCEPTION
      WHEN DUP_VAL_ON_INDEX
      THEN
         NULL;
   END;

   BEGIN
      INSERT INTO sgt_subtabs_det
                  (sdetalle, cempres, csubtabla, cversubt, ccla1, ccla2,
                   ccla3, ccla4, ccla5, ccla6, ccla7, ccla8, nval1,
                   nval2, nval3, nval4, nval5, nval6, falta, cusualt,
                   fmodifi, cusumod, ccla9, ccla10, nval7, nval8, nval9,
                   nval10
                  )
           VALUES (sdetalle_conf.NEXTVAL, 24, 8000047, 1, 80003, 1,
                   1654720, NULL, NULL, NULL, NULL, NULL, 164.768187066609,
                   NULL, NULL, NULL, NULL, NULL, f_sysdate, f_user,
                   NULL, NULL, NULL, NULL, NULL, NULL, NULL,
                   NULL
                  );
   EXCEPTION
      WHEN DUP_VAL_ON_INDEX
      THEN
         NULL;
   END;

   BEGIN
      INSERT INTO sgt_subtabs_det
                  (sdetalle, cempres, csubtabla, cversubt, ccla1, ccla2,
                   ccla3, ccla4, ccla5, ccla6, ccla7, ccla8, nval1,
                   nval2, nval3, nval4, nval5, nval6, falta, cusualt,
                   fmodifi, cusumod, ccla9, ccla10, nval7, nval8, nval9,
                   nval10
                  )
           VALUES (sdetalle_conf.NEXTVAL, 24, 8000047, 1, 80001, 2,
                   1654720, NULL, NULL, NULL, NULL, NULL, 144.923415336003,
                   NULL, NULL, NULL, NULL, NULL, f_sysdate, f_user,
                   NULL, NULL, NULL, NULL, NULL, NULL, NULL,
                   NULL
                  );
   EXCEPTION
      WHEN DUP_VAL_ON_INDEX
      THEN
         NULL;
   END;

   BEGIN
      INSERT INTO sgt_subtabs_det
                  (sdetalle, cempres, csubtabla, cversubt, ccla1, ccla2,
                   ccla3, ccla4, ccla5, ccla6, ccla7, ccla8, nval1,
                   nval2, nval3, nval4, nval5, nval6, falta, cusualt,
                   fmodifi, cusumod, ccla9, ccla10, nval7, nval8, nval9,
                   nval10
                  )
           VALUES (sdetalle_conf.NEXTVAL, 24, 8000047, 1, 80002, 2,
                   1654720, NULL, NULL, NULL, NULL, NULL, 144.923415336003,
                   NULL, NULL, NULL, NULL, NULL, f_sysdate, f_user,
                   NULL, NULL, NULL, NULL, NULL, NULL, NULL,
                   NULL
                  );
   EXCEPTION
      WHEN DUP_VAL_ON_INDEX
      THEN
         NULL;
   END;

   BEGIN
      INSERT INTO sgt_subtabs_det
                  (sdetalle, cempres, csubtabla, cversubt, ccla1, ccla2,
                   ccla3, ccla4, ccla5, ccla6, ccla7, ccla8, nval1,
                   nval2, nval3, nval4, nval5, nval6, falta, cusualt,
                   fmodifi, cusumod, ccla9, ccla10, nval7, nval8, nval9,
                   nval10
                  )
           VALUES (sdetalle_conf.NEXTVAL, 24, 8000047, 1, 80003, 2,
                   1654720, NULL, NULL, NULL, NULL, NULL, 144.923415336003,
                   NULL, NULL, NULL, NULL, NULL, f_sysdate, f_user,
                   NULL, NULL, NULL, NULL, NULL, NULL, NULL,
                   NULL
                  );
   EXCEPTION
      WHEN DUP_VAL_ON_INDEX
      THEN
         NULL;
   END;

   BEGIN
      INSERT INTO sgt_subtabs_det
                  (sdetalle, cempres, csubtabla, cversubt, ccla1, ccla2,
                   ccla3, ccla4, ccla5, ccla6, ccla7, ccla8, nval1,
                   nval2, nval3, nval4, nval5, nval6, falta, cusualt,
                   fmodifi, cusumod, ccla9, ccla10, nval7, nval8, nval9,
                   nval10
                  )
           VALUES (sdetalle_conf.NEXTVAL, 24, 8000047, 1, 80001, 1,
                   1654720, NULL, NULL, NULL, NULL, NULL, 164.768187066609,
                   NULL, NULL, NULL, NULL, NULL, f_sysdate, f_user,
                   NULL, NULL, NULL, NULL, NULL, NULL, NULL,
                   NULL
                  );
   EXCEPTION
      WHEN DUP_VAL_ON_INDEX
      THEN
         NULL;
   END;

   BEGIN
      INSERT INTO sgt_subtabs_det
                  (sdetalle, cempres, csubtabla, cversubt, ccla1, ccla2,
                   ccla3, ccla4, ccla5, ccla6, ccla7, ccla8, nval1,
                   nval2, nval3, nval4, nval5, nval6, falta, cusualt,
                   fmodifi, cusumod, ccla9, ccla10, nval7, nval8, nval9,
                   nval10
                  )
           VALUES (sdetalle_conf.NEXTVAL, 24, 8000047, 1, 80002, 1,
                   1654720, NULL, NULL, NULL, NULL, NULL, 164.768187066609,
                   NULL, NULL, NULL, NULL, NULL, f_sysdate, f_user,
                   NULL, NULL, NULL, NULL, NULL, NULL, NULL,
                   NULL
                  );
   EXCEPTION
      WHEN DUP_VAL_ON_INDEX
      THEN
         NULL;
   END;

   BEGIN
      INSERT INTO sgt_subtabs_det
                  (sdetalle, cempres, csubtabla, cversubt, ccla1, ccla2,
                   ccla3, ccla4, ccla5, ccla6, ccla7, ccla8, nval1,
                   nval2, nval3, nval4, nval5, nval6, falta, cusualt,
                   fmodifi, cusumod, ccla9, ccla10, nval7, nval8, nval9,
                   nval10
                  )
           VALUES (sdetalle_conf.NEXTVAL, 24, 8000047, 1, 80003, 1,
                   1654720, NULL, NULL, NULL, NULL, NULL, 164.768187066609,
                   NULL, NULL, NULL, NULL, NULL, f_sysdate, f_user,
                   NULL, NULL, NULL, NULL, NULL, NULL, NULL,
                   NULL
                  );
   EXCEPTION
      WHEN DUP_VAL_ON_INDEX
      THEN
         NULL;
   END;

   BEGIN
      INSERT INTO sgt_subtabs_det
                  (sdetalle, cempres, csubtabla, cversubt, ccla1, ccla2,
                   ccla3, ccla4, ccla5, ccla6, ccla7, ccla8, nval1,
                   nval2, nval3, nval4, nval5, nval6, falta, cusualt,
                   fmodifi, cusumod, ccla9, ccla10, nval7, nval8, nval9,
                   nval10
                  )
           VALUES (sdetalle_conf.NEXTVAL, 24, 8000047, 1, 80001, 0,
                   1654720, NULL, NULL, NULL, NULL, NULL, 144.923415336003,
                   NULL, NULL, NULL, NULL, NULL, f_sysdate, f_user,
                   NULL, NULL, NULL, NULL, NULL, NULL, NULL,
                   NULL
                  );
   EXCEPTION
      WHEN DUP_VAL_ON_INDEX
      THEN
         NULL;
   END;

   BEGIN
      INSERT INTO sgt_subtabs_det
                  (sdetalle, cempres, csubtabla, cversubt, ccla1, ccla2,
                   ccla3, ccla4, ccla5, ccla6, ccla7, ccla8, nval1,
                   nval2, nval3, nval4, nval5, nval6, falta, cusualt,
                   fmodifi, cusumod, ccla9, ccla10, nval7, nval8, nval9,
                   nval10
                  )
           VALUES (sdetalle_conf.NEXTVAL, 24, 8000047, 1, 80002, 0,
                   1654720, NULL, NULL, NULL, NULL, NULL, 144.923415336003,
                   NULL, NULL, NULL, NULL, NULL, f_sysdate, f_user,
                   NULL, NULL, NULL, NULL, NULL, NULL, NULL,
                   NULL
                  );
   EXCEPTION
      WHEN DUP_VAL_ON_INDEX
      THEN
         NULL;
   END;

   BEGIN
      INSERT INTO sgt_subtabs_det
                  (sdetalle, cempres, csubtabla, cversubt, ccla1, ccla2,
                   ccla3, ccla4, ccla5, ccla6, ccla7, ccla8, nval1,
                   nval2, nval3, nval4, nval5, nval6, falta, cusualt,
                   fmodifi, cusumod, ccla9, ccla10, nval7, nval8, nval9,
                   nval10
                  )
           VALUES (sdetalle_conf.NEXTVAL, 24, 8000047, 1, 80003, 0,
                   1654720, NULL, NULL, NULL, NULL, NULL, 144.923415336003,
                   NULL, NULL, NULL, NULL, NULL, f_sysdate, f_user,
                   NULL, NULL, NULL, NULL, NULL, NULL, NULL,
                   NULL
                  );
   EXCEPTION
      WHEN DUP_VAL_ON_INDEX
      THEN
         NULL;
   END;

   BEGIN
      INSERT INTO sgt_subtabs_det
                  (sdetalle, cempres, csubtabla, cversubt, ccla1, ccla2,
                   ccla3, ccla4, ccla5, ccla6, ccla7, ccla8, nval1,
                   nval2, nval3, nval4, nval5, nval6, falta, cusualt,
                   fmodifi, cusumod, ccla9, ccla10, nval7, nval8, nval9,
                   nval10
                  )
           VALUES (sdetalle_conf.NEXTVAL, 24, 8000047, 1, 80001, 3,
                   1654720, NULL, NULL, NULL, NULL, NULL, 136.784155543007,
                   NULL, NULL, NULL, NULL, NULL, f_sysdate, f_user,
                   NULL, NULL, NULL, NULL, NULL, NULL, NULL,
                   NULL
                  );
   EXCEPTION
      WHEN DUP_VAL_ON_INDEX
      THEN
         NULL;
   END;

   BEGIN
      INSERT INTO sgt_subtabs_det
                  (sdetalle, cempres, csubtabla, cversubt, ccla1, ccla2,
                   ccla3, ccla4, ccla5, ccla6, ccla7, ccla8, nval1,
                   nval2, nval3, nval4, nval5, nval6, falta, cusualt,
                   fmodifi, cusumod, ccla9, ccla10, nval7, nval8, nval9,
                   nval10
                  )
           VALUES (sdetalle_conf.NEXTVAL, 24, 8000047, 1, 80002, 3,
                   1654720, NULL, NULL, NULL, NULL, NULL, 136.784155543007,
                   NULL, NULL, NULL, NULL, NULL, f_sysdate, f_user,
                   NULL, NULL, NULL, NULL, NULL, NULL, NULL,
                   NULL
                  );
   EXCEPTION
      WHEN DUP_VAL_ON_INDEX
      THEN
         NULL;
   END;

   BEGIN
      INSERT INTO sgt_subtabs_det
                  (sdetalle, cempres, csubtabla, cversubt, ccla1, ccla2,
                   ccla3, ccla4, ccla5, ccla6, ccla7, ccla8, nval1,
                   nval2, nval3, nval4, nval5, nval6, falta, cusualt,
                   fmodifi, cusumod, ccla9, ccla10, nval7, nval8, nval9,
                   nval10
                  )
           VALUES (sdetalle_conf.NEXTVAL, 24, 8000047, 1, 80003, 3,
                   1654720, NULL, NULL, NULL, NULL, NULL, 136.784155543007,
                   NULL, NULL, NULL, NULL, NULL, f_sysdate, f_user,
                   NULL, NULL, NULL, NULL, NULL, NULL, NULL,
                   NULL
                  );
   EXCEPTION
      WHEN DUP_VAL_ON_INDEX
      THEN
         NULL;
   END;

   BEGIN
      INSERT INTO sgt_subtabs_det
                  (sdetalle, cempres, csubtabla, cversubt, ccla1, ccla2,
                   ccla3, ccla4, ccla5, ccla6, ccla7, ccla8, nval1,
                   nval2, nval3, nval4, nval5, nval6, falta, cusualt,
                   fmodifi, cusumod, ccla9, ccla10, nval7, nval8, nval9,
                   nval10
                  )
           VALUES (sdetalle_conf.NEXTVAL, 24, 8000047, 1, 80001, 1,
                   1654720, NULL, NULL, NULL, NULL, NULL, 164.768187066609,
                   NULL, NULL, NULL, NULL, NULL, f_sysdate, f_user,
                   NULL, NULL, NULL, NULL, NULL, NULL, NULL,
                   NULL
                  );
   EXCEPTION
      WHEN DUP_VAL_ON_INDEX
      THEN
         NULL;
   END;

   BEGIN
      INSERT INTO sgt_subtabs_det
                  (sdetalle, cempres, csubtabla, cversubt, ccla1, ccla2,
                   ccla3, ccla4, ccla5, ccla6, ccla7, ccla8, nval1,
                   nval2, nval3, nval4, nval5, nval6, falta, cusualt,
                   fmodifi, cusumod, ccla9, ccla10, nval7, nval8, nval9,
                   nval10
                  )
           VALUES (sdetalle_conf.NEXTVAL, 24, 8000047, 1, 80002, 1,
                   1654720, NULL, NULL, NULL, NULL, NULL, 164.768187066609,
                   NULL, NULL, NULL, NULL, NULL, f_sysdate, f_user,
                   NULL, NULL, NULL, NULL, NULL, NULL, NULL,
                   NULL
                  );
   EXCEPTION
      WHEN DUP_VAL_ON_INDEX
      THEN
         NULL;
   END;

   BEGIN
      INSERT INTO sgt_subtabs_det
                  (sdetalle, cempres, csubtabla, cversubt, ccla1, ccla2,
                   ccla3, ccla4, ccla5, ccla6, ccla7, ccla8, nval1,
                   nval2, nval3, nval4, nval5, nval6, falta, cusualt,
                   fmodifi, cusumod, ccla9, ccla10, nval7, nval8, nval9,
                   nval10
                  )
           VALUES (sdetalle_conf.NEXTVAL, 24, 8000047, 1, 80003, 1,
                   1654720, NULL, NULL, NULL, NULL, NULL, 164.768187066609,
                   NULL, NULL, NULL, NULL, NULL, f_sysdate, f_user,
                   NULL, NULL, NULL, NULL, NULL, NULL, NULL,
                   NULL
                  );
   EXCEPTION
      WHEN DUP_VAL_ON_INDEX
      THEN
         NULL;
   END;

   BEGIN
      INSERT INTO sgt_subtabs_det
                  (sdetalle, cempres, csubtabla, cversubt, ccla1, ccla2,
                   ccla3, ccla4, ccla5, ccla6, ccla7, ccla8, nval1,
                   nval2, nval3, nval4, nval5, nval6, falta, cusualt,
                   fmodifi, cusumod, ccla9, ccla10, nval7, nval8, nval9,
                   nval10
                  )
           VALUES (sdetalle_conf.NEXTVAL, 24, 8000047, 1, 80001, 1,
                   1654720, NULL, NULL, NULL, NULL, NULL, 164.768187066609,
                   NULL, NULL, NULL, NULL, NULL, f_sysdate, f_user,
                   NULL, NULL, NULL, NULL, NULL, NULL, NULL,
                   NULL
                  );
   EXCEPTION
      WHEN DUP_VAL_ON_INDEX
      THEN
         NULL;
   END;

   BEGIN
      INSERT INTO sgt_subtabs_det
                  (sdetalle, cempres, csubtabla, cversubt, ccla1, ccla2,
                   ccla3, ccla4, ccla5, ccla6, ccla7, ccla8, nval1,
                   nval2, nval3, nval4, nval5, nval6, falta, cusualt,
                   fmodifi, cusumod, ccla9, ccla10, nval7, nval8, nval9,
                   nval10
                  )
           VALUES (sdetalle_conf.NEXTVAL, 24, 8000047, 1, 80002, 1,
                   1654720, NULL, NULL, NULL, NULL, NULL, 164.768187066609,
                   NULL, NULL, NULL, NULL, NULL, f_sysdate, f_user,
                   NULL, NULL, NULL, NULL, NULL, NULL, NULL,
                   NULL
                  );
   EXCEPTION
      WHEN DUP_VAL_ON_INDEX
      THEN
         NULL;
   END;

   BEGIN
      INSERT INTO sgt_subtabs_det
                  (sdetalle, cempres, csubtabla, cversubt, ccla1, ccla2,
                   ccla3, ccla4, ccla5, ccla6, ccla7, ccla8, nval1,
                   nval2, nval3, nval4, nval5, nval6, falta, cusualt,
                   fmodifi, cusumod, ccla9, ccla10, nval7, nval8, nval9,
                   nval10
                  )
           VALUES (sdetalle_conf.NEXTVAL, 24, 8000047, 1, 80003, 1,
                   1654720, NULL, NULL, NULL, NULL, NULL, 164.768187066609,
                   NULL, NULL, NULL, NULL, NULL, f_sysdate, f_user,
                   NULL, NULL, NULL, NULL, NULL, NULL, NULL,
                   NULL
                  );
   EXCEPTION
      WHEN DUP_VAL_ON_INDEX
      THEN
         NULL;
   END;

   BEGIN
      INSERT INTO sgt_subtabs_det
                  (sdetalle, cempres, csubtabla, cversubt, ccla1, ccla2,
                   ccla3, ccla4, ccla5, ccla6, ccla7, ccla8, nval1,
                   nval2, nval3, nval4, nval5, nval6, falta, cusualt,
                   fmodifi, cusumod, ccla9, ccla10, nval7, nval8, nval9,
                   nval10
                  )
           VALUES (sdetalle_conf.NEXTVAL, 24, 8000047, 1, 80001, 2,
                   1654720, NULL, NULL, NULL, NULL, NULL, 144.923415336003,
                   NULL, NULL, NULL, NULL, NULL, f_sysdate, f_user,
                   NULL, NULL, NULL, NULL, NULL, NULL, NULL,
                   NULL
                  );
   EXCEPTION
      WHEN DUP_VAL_ON_INDEX
      THEN
         NULL;
   END;

   BEGIN
      INSERT INTO sgt_subtabs_det
                  (sdetalle, cempres, csubtabla, cversubt, ccla1, ccla2,
                   ccla3, ccla4, ccla5, ccla6, ccla7, ccla8, nval1,
                   nval2, nval3, nval4, nval5, nval6, falta, cusualt,
                   fmodifi, cusumod, ccla9, ccla10, nval7, nval8, nval9,
                   nval10
                  )
           VALUES (sdetalle_conf.NEXTVAL, 24, 8000047, 1, 80002, 2,
                   1654720, NULL, NULL, NULL, NULL, NULL, 144.923415336003,
                   NULL, NULL, NULL, NULL, NULL, f_sysdate, f_user,
                   NULL, NULL, NULL, NULL, NULL, NULL, NULL,
                   NULL
                  );
   EXCEPTION
      WHEN DUP_VAL_ON_INDEX
      THEN
         NULL;
   END;

   BEGIN
      INSERT INTO sgt_subtabs_det
                  (sdetalle, cempres, csubtabla, cversubt, ccla1, ccla2,
                   ccla3, ccla4, ccla5, ccla6, ccla7, ccla8, nval1,
                   nval2, nval3, nval4, nval5, nval6, falta, cusualt,
                   fmodifi, cusumod, ccla9, ccla10, nval7, nval8, nval9,
                   nval10
                  )
           VALUES (sdetalle_conf.NEXTVAL, 24, 8000047, 1, 80003, 2,
                   1654720, NULL, NULL, NULL, NULL, NULL, 144.923415336003,
                   NULL, NULL, NULL, NULL, NULL, f_sysdate, f_user,
                   NULL, NULL, NULL, NULL, NULL, NULL, NULL,
                   NULL
                  );
   EXCEPTION
      WHEN DUP_VAL_ON_INDEX
      THEN
         NULL;
   END;

   BEGIN
      INSERT INTO sgt_subtabs_det
                  (sdetalle, cempres, csubtabla, cversubt, ccla1, ccla2,
                   ccla3, ccla4, ccla5, ccla6, ccla7, ccla8, nval1,
                   nval2, nval3, nval4, nval5, nval6, falta, cusualt,
                   fmodifi, cusumod, ccla9, ccla10, nval7, nval8, nval9,
                   nval10
                  )
           VALUES (sdetalle_conf.NEXTVAL, 24, 8000047, 1, 80001, 0,
                   1654720, NULL, NULL, NULL, NULL, NULL, 144.923415336003,
                   NULL, NULL, NULL, NULL, NULL, f_sysdate, f_user,
                   NULL, NULL, NULL, NULL, NULL, NULL, NULL,
                   NULL
                  );
   EXCEPTION
      WHEN DUP_VAL_ON_INDEX
      THEN
         NULL;
   END;

   BEGIN
      INSERT INTO sgt_subtabs_det
                  (sdetalle, cempres, csubtabla, cversubt, ccla1, ccla2,
                   ccla3, ccla4, ccla5, ccla6, ccla7, ccla8, nval1,
                   nval2, nval3, nval4, nval5, nval6, falta, cusualt,
                   fmodifi, cusumod, ccla9, ccla10, nval7, nval8, nval9,
                   nval10
                  )
           VALUES (sdetalle_conf.NEXTVAL, 24, 8000047, 1, 80002, 0,
                   1654720, NULL, NULL, NULL, NULL, NULL, 144.923415336003,
                   NULL, NULL, NULL, NULL, NULL, f_sysdate, f_user,
                   NULL, NULL, NULL, NULL, NULL, NULL, NULL,
                   NULL
                  );
   EXCEPTION
      WHEN DUP_VAL_ON_INDEX
      THEN
         NULL;
   END;

   BEGIN
      INSERT INTO sgt_subtabs_det
                  (sdetalle, cempres, csubtabla, cversubt, ccla1, ccla2,
                   ccla3, ccla4, ccla5, ccla6, ccla7, ccla8, nval1,
                   nval2, nval3, nval4, nval5, nval6, falta, cusualt,
                   fmodifi, cusumod, ccla9, ccla10, nval7, nval8, nval9,
                   nval10
                  )
           VALUES (sdetalle_conf.NEXTVAL, 24, 8000047, 1, 80003, 0,
                   1654720, NULL, NULL, NULL, NULL, NULL, 144.923415336003,
                   NULL, NULL, NULL, NULL, NULL, f_sysdate, f_user,
                   NULL, NULL, NULL, NULL, NULL, NULL, NULL,
                   NULL
                  );
   EXCEPTION
      WHEN DUP_VAL_ON_INDEX
      THEN
         NULL;
   END;

   BEGIN
      INSERT INTO sgt_subtabs_det
                  (sdetalle, cempres, csubtabla, cversubt, ccla1, ccla2,
                   ccla3, ccla4, ccla5, ccla6, ccla7, ccla8, nval1,
                   nval2, nval3, nval4, nval5, nval6, falta, cusualt,
                   fmodifi, cusumod, ccla9, ccla10, nval7, nval8, nval9,
                   nval10
                  )
           VALUES (sdetalle_conf.NEXTVAL, 24, 8000047, 1, 80001, 3,
                   1654720, NULL, NULL, NULL, NULL, NULL, 136.784155543007,
                   NULL, NULL, NULL, NULL, NULL, f_sysdate, f_user,
                   NULL, NULL, NULL, NULL, NULL, NULL, NULL,
                   NULL
                  );
   EXCEPTION
      WHEN DUP_VAL_ON_INDEX
      THEN
         NULL;
   END;

   BEGIN
      INSERT INTO sgt_subtabs_det
                  (sdetalle, cempres, csubtabla, cversubt, ccla1, ccla2,
                   ccla3, ccla4, ccla5, ccla6, ccla7, ccla8, nval1,
                   nval2, nval3, nval4, nval5, nval6, falta, cusualt,
                   fmodifi, cusumod, ccla9, ccla10, nval7, nval8, nval9,
                   nval10
                  )
           VALUES (sdetalle_conf.NEXTVAL, 24, 8000047, 1, 80002, 3,
                   1654720, NULL, NULL, NULL, NULL, NULL, 136.784155543007,
                   NULL, NULL, NULL, NULL, NULL, f_sysdate, f_user,
                   NULL, NULL, NULL, NULL, NULL, NULL, NULL,
                   NULL
                  );
   EXCEPTION
      WHEN DUP_VAL_ON_INDEX
      THEN
         NULL;
   END;

   BEGIN
      INSERT INTO sgt_subtabs_det
                  (sdetalle, cempres, csubtabla, cversubt, ccla1, ccla2,
                   ccla3, ccla4, ccla5, ccla6, ccla7, ccla8, nval1,
                   nval2, nval3, nval4, nval5, nval6, falta, cusualt,
                   fmodifi, cusumod, ccla9, ccla10, nval7, nval8, nval9,
                   nval10
                  )
           VALUES (sdetalle_conf.NEXTVAL, 24, 8000047, 1, 80003, 3,
                   1654720, NULL, NULL, NULL, NULL, NULL, 136.784155543007,
                   NULL, NULL, NULL, NULL, NULL, f_sysdate, f_user,
                   NULL, NULL, NULL, NULL, NULL, NULL, NULL,
                   NULL
                  );
   EXCEPTION
      WHEN DUP_VAL_ON_INDEX
      THEN
         NULL;
   END;

   BEGIN
      INSERT INTO sgt_subtabs_det
                  (sdetalle, cempres, csubtabla, cversubt, ccla1, ccla2,
                   ccla3, ccla4, ccla5, ccla6, ccla7, ccla8, nval1,
                   nval2, nval3, nval4, nval5, nval6, falta, cusualt,
                   fmodifi, cusumod, ccla9, ccla10, nval7, nval8, nval9,
                   nval10
                  )
           VALUES (sdetalle_conf.NEXTVAL, 24, 8000047, 1, 80001, 1,
                   1654720, NULL, NULL, NULL, NULL, NULL, 164.768187066609,
                   NULL, NULL, NULL, NULL, NULL, f_sysdate, f_user,
                   NULL, NULL, NULL, NULL, NULL, NULL, NULL,
                   NULL
                  );
   EXCEPTION
      WHEN DUP_VAL_ON_INDEX
      THEN
         NULL;
   END;

   BEGIN
      INSERT INTO sgt_subtabs_det
                  (sdetalle, cempres, csubtabla, cversubt, ccla1, ccla2,
                   ccla3, ccla4, ccla5, ccla6, ccla7, ccla8, nval1,
                   nval2, nval3, nval4, nval5, nval6, falta, cusualt,
                   fmodifi, cusumod, ccla9, ccla10, nval7, nval8, nval9,
                   nval10
                  )
           VALUES (sdetalle_conf.NEXTVAL, 24, 8000047, 1, 80002, 1,
                   1654720, NULL, NULL, NULL, NULL, NULL, 164.768187066609,
                   NULL, NULL, NULL, NULL, NULL, f_sysdate, f_user,
                   NULL, NULL, NULL, NULL, NULL, NULL, NULL,
                   NULL
                  );
   EXCEPTION
      WHEN DUP_VAL_ON_INDEX
      THEN
         NULL;
   END;

   BEGIN
      INSERT INTO sgt_subtabs_det
                  (sdetalle, cempres, csubtabla, cversubt, ccla1, ccla2,
                   ccla3, ccla4, ccla5, ccla6, ccla7, ccla8, nval1,
                   nval2, nval3, nval4, nval5, nval6, falta, cusualt,
                   fmodifi, cusumod, ccla9, ccla10, nval7, nval8, nval9,
                   nval10
                  )
           VALUES (sdetalle_conf.NEXTVAL, 24, 8000047, 1, 80003, 1,
                   1654720, NULL, NULL, NULL, NULL, NULL, 164.768187066609,
                   NULL, NULL, NULL, NULL, NULL, f_sysdate, f_user,
                   NULL, NULL, NULL, NULL, NULL, NULL, NULL,
                   NULL
                  );
   EXCEPTION
      WHEN DUP_VAL_ON_INDEX
      THEN
         NULL;
   END;

   BEGIN
      INSERT INTO sgt_subtabs_det
                  (sdetalle, cempres, csubtabla, cversubt, ccla1, ccla2,
                   ccla3, ccla4, ccla5, ccla6, ccla7, ccla8, nval1,
                   nval2, nval3, nval4, nval5, nval6, falta, cusualt,
                   fmodifi, cusumod, ccla9, ccla10, nval7, nval8, nval9,
                   nval10
                  )
           VALUES (sdetalle_conf.NEXTVAL, 24, 8000047, 1, 80001, 1,
                   1654720, NULL, NULL, NULL, NULL, NULL, 164.768187066609,
                   NULL, NULL, NULL, NULL, NULL, f_sysdate, f_user,
                   NULL, NULL, NULL, NULL, NULL, NULL, NULL,
                   NULL
                  );
   EXCEPTION
      WHEN DUP_VAL_ON_INDEX
      THEN
         NULL;
   END;

   BEGIN
      INSERT INTO sgt_subtabs_det
                  (sdetalle, cempres, csubtabla, cversubt, ccla1, ccla2,
                   ccla3, ccla4, ccla5, ccla6, ccla7, ccla8, nval1,
                   nval2, nval3, nval4, nval5, nval6, falta, cusualt,
                   fmodifi, cusumod, ccla9, ccla10, nval7, nval8, nval9,
                   nval10
                  )
           VALUES (sdetalle_conf.NEXTVAL, 24, 8000047, 1, 80002, 1,
                   1654720, NULL, NULL, NULL, NULL, NULL, 164.768187066609,
                   NULL, NULL, NULL, NULL, NULL, f_sysdate, f_user,
                   NULL, NULL, NULL, NULL, NULL, NULL, NULL,
                   NULL
                  );
   EXCEPTION
      WHEN DUP_VAL_ON_INDEX
      THEN
         NULL;
   END;

   BEGIN
      INSERT INTO sgt_subtabs_det
                  (sdetalle, cempres, csubtabla, cversubt, ccla1, ccla2,
                   ccla3, ccla4, ccla5, ccla6, ccla7, ccla8, nval1,
                   nval2, nval3, nval4, nval5, nval6, falta, cusualt,
                   fmodifi, cusumod, ccla9, ccla10, nval7, nval8, nval9,
                   nval10
                  )
           VALUES (sdetalle_conf.NEXTVAL, 24, 8000047, 1, 80003, 1,
                   1654720, NULL, NULL, NULL, NULL, NULL, 164.768187066609,
                   NULL, NULL, NULL, NULL, NULL, f_sysdate, f_user,
                   NULL, NULL, NULL, NULL, NULL, NULL, NULL,
                   NULL
                  );
   EXCEPTION
      WHEN DUP_VAL_ON_INDEX
      THEN
         NULL;
   END;

   BEGIN
      INSERT INTO sgt_subtabs_det
                  (sdetalle, cempres, csubtabla, cversubt, ccla1, ccla2,
                   ccla3, ccla4, ccla5, ccla6, ccla7, ccla8, nval1,
                   nval2, nval3, nval4, nval5, nval6, falta, cusualt,
                   fmodifi, cusumod, ccla9, ccla10, nval7, nval8, nval9,
                   nval10
                  )
           VALUES (sdetalle_conf.NEXTVAL, 24, 8000047, 1, 80001, 2,
                   1654720, NULL, NULL, NULL, NULL, NULL, 144.923415336003,
                   NULL, NULL, NULL, NULL, NULL, f_sysdate, f_user,
                   NULL, NULL, NULL, NULL, NULL, NULL, NULL,
                   NULL
                  );
   EXCEPTION
      WHEN DUP_VAL_ON_INDEX
      THEN
         NULL;
   END;

   BEGIN
      INSERT INTO sgt_subtabs_det
                  (sdetalle, cempres, csubtabla, cversubt, ccla1, ccla2,
                   ccla3, ccla4, ccla5, ccla6, ccla7, ccla8, nval1,
                   nval2, nval3, nval4, nval5, nval6, falta, cusualt,
                   fmodifi, cusumod, ccla9, ccla10, nval7, nval8, nval9,
                   nval10
                  )
           VALUES (sdetalle_conf.NEXTVAL, 24, 8000047, 1, 80002, 2,
                   1654720, NULL, NULL, NULL, NULL, NULL, 144.923415336003,
                   NULL, NULL, NULL, NULL, NULL, f_sysdate, f_user,
                   NULL, NULL, NULL, NULL, NULL, NULL, NULL,
                   NULL
                  );
   EXCEPTION
      WHEN DUP_VAL_ON_INDEX
      THEN
         NULL;
   END;

   BEGIN
      INSERT INTO sgt_subtabs_det
                  (sdetalle, cempres, csubtabla, cversubt, ccla1, ccla2,
                   ccla3, ccla4, ccla5, ccla6, ccla7, ccla8, nval1,
                   nval2, nval3, nval4, nval5, nval6, falta, cusualt,
                   fmodifi, cusumod, ccla9, ccla10, nval7, nval8, nval9,
                   nval10
                  )
           VALUES (sdetalle_conf.NEXTVAL, 24, 8000047, 1, 80003, 2,
                   1654720, NULL, NULL, NULL, NULL, NULL, 144.923415336003,
                   NULL, NULL, NULL, NULL, NULL, f_sysdate, f_user,
                   NULL, NULL, NULL, NULL, NULL, NULL, NULL,
                   NULL
                  );
   EXCEPTION
      WHEN DUP_VAL_ON_INDEX
      THEN
         NULL;
   END;

   BEGIN
      INSERT INTO sgt_subtabs_det
                  (sdetalle, cempres, csubtabla, cversubt, ccla1, ccla2,
                   ccla3, ccla4, ccla5, ccla6, ccla7, ccla8, nval1,
                   nval2, nval3, nval4, nval5, nval6, falta, cusualt,
                   fmodifi, cusumod, ccla9, ccla10, nval7, nval8, nval9,
                   nval10
                  )
           VALUES (sdetalle_conf.NEXTVAL, 24, 8000047, 1, 80001, 0,
                   1664720, NULL, NULL, NULL, NULL, NULL, 594.904528675414,
                   NULL, NULL, NULL, NULL, NULL, f_sysdate, f_user,
                   NULL, NULL, NULL, NULL, NULL, NULL, NULL,
                   NULL
                  );
   EXCEPTION
      WHEN DUP_VAL_ON_INDEX
      THEN
         NULL;
   END;

   BEGIN
      INSERT INTO sgt_subtabs_det
                  (sdetalle, cempres, csubtabla, cversubt, ccla1, ccla2,
                   ccla3, ccla4, ccla5, ccla6, ccla7, ccla8, nval1,
                   nval2, nval3, nval4, nval5, nval6, falta, cusualt,
                   fmodifi, cusumod, ccla9, ccla10, nval7, nval8, nval9,
                   nval10
                  )
           VALUES (sdetalle_conf.NEXTVAL, 24, 8000047, 1, 80002, 0,
                   1664720, NULL, NULL, NULL, NULL, NULL, 594.904528675414,
                   NULL, NULL, NULL, NULL, NULL, f_sysdate, f_user,
                   NULL, NULL, NULL, NULL, NULL, NULL, NULL,
                   NULL
                  );
   EXCEPTION
      WHEN DUP_VAL_ON_INDEX
      THEN
         NULL;
   END;

   BEGIN
      INSERT INTO sgt_subtabs_det
                  (sdetalle, cempres, csubtabla, cversubt, ccla1, ccla2,
                   ccla3, ccla4, ccla5, ccla6, ccla7, ccla8, nval1,
                   nval2, nval3, nval4, nval5, nval6, falta, cusualt,
                   fmodifi, cusumod, ccla9, ccla10, nval7, nval8, nval9,
                   nval10
                  )
           VALUES (sdetalle_conf.NEXTVAL, 24, 8000047, 1, 80003, 0,
                   1664720, NULL, NULL, NULL, NULL, NULL, 594.904528675414,
                   NULL, NULL, NULL, NULL, NULL, f_sysdate, f_user,
                   NULL, NULL, NULL, NULL, NULL, NULL, NULL,
                   NULL
                  );
   EXCEPTION
      WHEN DUP_VAL_ON_INDEX
      THEN
         NULL;
   END;

   BEGIN
      INSERT INTO sgt_subtabs_det
                  (sdetalle, cempres, csubtabla, cversubt, ccla1, ccla2,
                   ccla3, ccla4, ccla5, ccla6, ccla7, ccla8, nval1,
                   nval2, nval3, nval4, nval5, nval6, falta, cusualt,
                   fmodifi, cusumod, ccla9, ccla10, nval7, nval8, nval9,
                   nval10
                  )
           VALUES (sdetalle_conf.NEXTVAL, 24, 8000047, 1, 80001, 3,
                   1664720, NULL, NULL, NULL, NULL, NULL, 571.811561094262,
                   NULL, NULL, NULL, NULL, NULL, f_sysdate, f_user,
                   NULL, NULL, NULL, NULL, NULL, NULL, NULL,
                   NULL
                  );
   EXCEPTION
      WHEN DUP_VAL_ON_INDEX
      THEN
         NULL;
   END;

   BEGIN
      INSERT INTO sgt_subtabs_det
                  (sdetalle, cempres, csubtabla, cversubt, ccla1, ccla2,
                   ccla3, ccla4, ccla5, ccla6, ccla7, ccla8, nval1,
                   nval2, nval3, nval4, nval5, nval6, falta, cusualt,
                   fmodifi, cusumod, ccla9, ccla10, nval7, nval8, nval9,
                   nval10
                  )
           VALUES (sdetalle_conf.NEXTVAL, 24, 8000047, 1, 80002, 3,
                   1664720, NULL, NULL, NULL, NULL, NULL, 571.811561094262,
                   NULL, NULL, NULL, NULL, NULL, f_sysdate, f_user,
                   NULL, NULL, NULL, NULL, NULL, NULL, NULL,
                   NULL
                  );
   EXCEPTION
      WHEN DUP_VAL_ON_INDEX
      THEN
         NULL;
   END;

   BEGIN
      INSERT INTO sgt_subtabs_det
                  (sdetalle, cempres, csubtabla, cversubt, ccla1, ccla2,
                   ccla3, ccla4, ccla5, ccla6, ccla7, ccla8, nval1,
                   nval2, nval3, nval4, nval5, nval6, falta, cusualt,
                   fmodifi, cusumod, ccla9, ccla10, nval7, nval8, nval9,
                   nval10
                  )
           VALUES (sdetalle_conf.NEXTVAL, 24, 8000047, 1, 80003, 3,
                   1664720, NULL, NULL, NULL, NULL, NULL, 571.811561094262,
                   NULL, NULL, NULL, NULL, NULL, f_sysdate, f_user,
                   NULL, NULL, NULL, NULL, NULL, NULL, NULL,
                   NULL
                  );
   EXCEPTION
      WHEN DUP_VAL_ON_INDEX
      THEN
         NULL;
   END;

   BEGIN
      INSERT INTO sgt_subtabs_det
                  (sdetalle, cempres, csubtabla, cversubt, ccla1, ccla2,
                   ccla3, ccla4, ccla5, ccla6, ccla7, ccla8, nval1,
                   nval2, nval3, nval4, nval5, nval6, falta, cusualt,
                   fmodifi, cusumod, ccla9, ccla10, nval7, nval8, nval9,
                   nval10
                  )
           VALUES (sdetalle_conf.NEXTVAL, 24, 8000047, 1, 80001, 1,
                   1664720, NULL, NULL, NULL, NULL, NULL, 651.208748209546,
                   NULL, NULL, NULL, NULL, NULL, f_sysdate, f_user,
                   NULL, NULL, NULL, NULL, NULL, NULL, NULL,
                   NULL
                  );
   EXCEPTION
      WHEN DUP_VAL_ON_INDEX
      THEN
         NULL;
   END;

   BEGIN
      INSERT INTO sgt_subtabs_det
                  (sdetalle, cempres, csubtabla, cversubt, ccla1, ccla2,
                   ccla3, ccla4, ccla5, ccla6, ccla7, ccla8, nval1,
                   nval2, nval3, nval4, nval5, nval6, falta, cusualt,
                   fmodifi, cusumod, ccla9, ccla10, nval7, nval8, nval9,
                   nval10
                  )
           VALUES (sdetalle_conf.NEXTVAL, 24, 8000047, 1, 80002, 1,
                   1664720, NULL, NULL, NULL, NULL, NULL, 651.208748209546,
                   NULL, NULL, NULL, NULL, NULL, f_sysdate, f_user,
                   NULL, NULL, NULL, NULL, NULL, NULL, NULL,
                   NULL
                  );
   EXCEPTION
      WHEN DUP_VAL_ON_INDEX
      THEN
         NULL;
   END;

   BEGIN
      INSERT INTO sgt_subtabs_det
                  (sdetalle, cempres, csubtabla, cversubt, ccla1, ccla2,
                   ccla3, ccla4, ccla5, ccla6, ccla7, ccla8, nval1,
                   nval2, nval3, nval4, nval5, nval6, falta, cusualt,
                   fmodifi, cusumod, ccla9, ccla10, nval7, nval8, nval9,
                   nval10
                  )
           VALUES (sdetalle_conf.NEXTVAL, 24, 8000047, 1, 80003, 1,
                   1664720, NULL, NULL, NULL, NULL, NULL, 651.208748209546,
                   NULL, NULL, NULL, NULL, NULL, f_sysdate, f_user,
                   NULL, NULL, NULL, NULL, NULL, NULL, NULL,
                   NULL
                  );
   EXCEPTION
      WHEN DUP_VAL_ON_INDEX
      THEN
         NULL;
   END;

   BEGIN
      INSERT INTO sgt_subtabs_det
                  (sdetalle, cempres, csubtabla, cversubt, ccla1, ccla2,
                   ccla3, ccla4, ccla5, ccla6, ccla7, ccla8, nval1,
                   nval2, nval3, nval4, nval5, nval6, falta, cusualt,
                   fmodifi, cusumod, ccla9, ccla10, nval7, nval8, nval9,
                   nval10
                  )
           VALUES (sdetalle_conf.NEXTVAL, 24, 8000047, 1, 80001, 1,
                   1664720, NULL, NULL, NULL, NULL, NULL, 651.208748209546,
                   NULL, NULL, NULL, NULL, NULL, f_sysdate, f_user,
                   NULL, NULL, NULL, NULL, NULL, NULL, NULL,
                   NULL
                  );
   EXCEPTION
      WHEN DUP_VAL_ON_INDEX
      THEN
         NULL;
   END;

   BEGIN
      INSERT INTO sgt_subtabs_det
                  (sdetalle, cempres, csubtabla, cversubt, ccla1, ccla2,
                   ccla3, ccla4, ccla5, ccla6, ccla7, ccla8, nval1,
                   nval2, nval3, nval4, nval5, nval6, falta, cusualt,
                   fmodifi, cusumod, ccla9, ccla10, nval7, nval8, nval9,
                   nval10
                  )
           VALUES (sdetalle_conf.NEXTVAL, 24, 8000047, 1, 80002, 1,
                   1664720, NULL, NULL, NULL, NULL, NULL, 651.208748209546,
                   NULL, NULL, NULL, NULL, NULL, f_sysdate, f_user,
                   NULL, NULL, NULL, NULL, NULL, NULL, NULL,
                   NULL
                  );
   EXCEPTION
      WHEN DUP_VAL_ON_INDEX
      THEN
         NULL;
   END;

   BEGIN
      INSERT INTO sgt_subtabs_det
                  (sdetalle, cempres, csubtabla, cversubt, ccla1, ccla2,
                   ccla3, ccla4, ccla5, ccla6, ccla7, ccla8, nval1,
                   nval2, nval3, nval4, nval5, nval6, falta, cusualt,
                   fmodifi, cusumod, ccla9, ccla10, nval7, nval8, nval9,
                   nval10
                  )
           VALUES (sdetalle_conf.NEXTVAL, 24, 8000047, 1, 80003, 1,
                   1664720, NULL, NULL, NULL, NULL, NULL, 651.208748209546,
                   NULL, NULL, NULL, NULL, NULL, f_sysdate, f_user,
                   NULL, NULL, NULL, NULL, NULL, NULL, NULL,
                   NULL
                  );
   EXCEPTION
      WHEN DUP_VAL_ON_INDEX
      THEN
         NULL;
   END;

   BEGIN
      INSERT INTO sgt_subtabs_det
                  (sdetalle, cempres, csubtabla, cversubt, ccla1, ccla2,
                   ccla3, ccla4, ccla5, ccla6, ccla7, ccla8, nval1,
                   nval2, nval3, nval4, nval5, nval6, falta, cusualt,
                   fmodifi, cusumod, ccla9, ccla10, nval7, nval8, nval9,
                   nval10
                  )
           VALUES (sdetalle_conf.NEXTVAL, 24, 8000047, 1, 80001, 2,
                   1664720, NULL, NULL, NULL, NULL, NULL, 594.904528675414,
                   NULL, NULL, NULL, NULL, NULL, f_sysdate, f_user,
                   NULL, NULL, NULL, NULL, NULL, NULL, NULL,
                   NULL
                  );
   EXCEPTION
      WHEN DUP_VAL_ON_INDEX
      THEN
         NULL;
   END;

   BEGIN
      INSERT INTO sgt_subtabs_det
                  (sdetalle, cempres, csubtabla, cversubt, ccla1, ccla2,
                   ccla3, ccla4, ccla5, ccla6, ccla7, ccla8, nval1,
                   nval2, nval3, nval4, nval5, nval6, falta, cusualt,
                   fmodifi, cusumod, ccla9, ccla10, nval7, nval8, nval9,
                   nval10
                  )
           VALUES (sdetalle_conf.NEXTVAL, 24, 8000047, 1, 80002, 2,
                   1664720, NULL, NULL, NULL, NULL, NULL, 594.904528675414,
                   NULL, NULL, NULL, NULL, NULL, f_sysdate, f_user,
                   NULL, NULL, NULL, NULL, NULL, NULL, NULL,
                   NULL
                  );
   EXCEPTION
      WHEN DUP_VAL_ON_INDEX
      THEN
         NULL;
   END;

   BEGIN
      INSERT INTO sgt_subtabs_det
                  (sdetalle, cempres, csubtabla, cversubt, ccla1, ccla2,
                   ccla3, ccla4, ccla5, ccla6, ccla7, ccla8, nval1,
                   nval2, nval3, nval4, nval5, nval6, falta, cusualt,
                   fmodifi, cusumod, ccla9, ccla10, nval7, nval8, nval9,
                   nval10
                  )
           VALUES (sdetalle_conf.NEXTVAL, 24, 8000047, 1, 80003, 2,
                   1664720, NULL, NULL, NULL, NULL, NULL, 594.904528675414,
                   NULL, NULL, NULL, NULL, NULL, f_sysdate, f_user,
                   NULL, NULL, NULL, NULL, NULL, NULL, NULL,
                   NULL
                  );
   EXCEPTION
      WHEN DUP_VAL_ON_INDEX
      THEN
         NULL;
   END;

   BEGIN
      INSERT INTO sgt_subtabs_det
                  (sdetalle, cempres, csubtabla, cversubt, ccla1, ccla2,
                   ccla3, ccla4, ccla5, ccla6, ccla7, ccla8, nval1,
                   nval2, nval3, nval4, nval5, nval6, falta, cusualt,
                   fmodifi, cusumod, ccla9, ccla10, nval7, nval8, nval9,
                   nval10
                  )
           VALUES (sdetalle_conf.NEXTVAL, 24, 8000047, 1, 80001, 0,
                   1664720, NULL, NULL, NULL, NULL, NULL, 594.904528675414,
                   NULL, NULL, NULL, NULL, NULL, f_sysdate, f_user,
                   NULL, NULL, NULL, NULL, NULL, NULL, NULL,
                   NULL
                  );
   EXCEPTION
      WHEN DUP_VAL_ON_INDEX
      THEN
         NULL;
   END;

   BEGIN
      INSERT INTO sgt_subtabs_det
                  (sdetalle, cempres, csubtabla, cversubt, ccla1, ccla2,
                   ccla3, ccla4, ccla5, ccla6, ccla7, ccla8, nval1,
                   nval2, nval3, nval4, nval5, nval6, falta, cusualt,
                   fmodifi, cusumod, ccla9, ccla10, nval7, nval8, nval9,
                   nval10
                  )
           VALUES (sdetalle_conf.NEXTVAL, 24, 8000047, 1, 80002, 0,
                   1664720, NULL, NULL, NULL, NULL, NULL, 594.904528675414,
                   NULL, NULL, NULL, NULL, NULL, f_sysdate, f_user,
                   NULL, NULL, NULL, NULL, NULL, NULL, NULL,
                   NULL
                  );
   EXCEPTION
      WHEN DUP_VAL_ON_INDEX
      THEN
         NULL;
   END;

   BEGIN
      INSERT INTO sgt_subtabs_det
                  (sdetalle, cempres, csubtabla, cversubt, ccla1, ccla2,
                   ccla3, ccla4, ccla5, ccla6, ccla7, ccla8, nval1,
                   nval2, nval3, nval4, nval5, nval6, falta, cusualt,
                   fmodifi, cusumod, ccla9, ccla10, nval7, nval8, nval9,
                   nval10
                  )
           VALUES (sdetalle_conf.NEXTVAL, 24, 8000047, 1, 80003, 0,
                   1664720, NULL, NULL, NULL, NULL, NULL, 594.904528675414,
                   NULL, NULL, NULL, NULL, NULL, f_sysdate, f_user,
                   NULL, NULL, NULL, NULL, NULL, NULL, NULL,
                   NULL
                  );
   EXCEPTION
      WHEN DUP_VAL_ON_INDEX
      THEN
         NULL;
   END;

   BEGIN
      INSERT INTO sgt_subtabs_det
                  (sdetalle, cempres, csubtabla, cversubt, ccla1, ccla2,
                   ccla3, ccla4, ccla5, ccla6, ccla7, ccla8, nval1,
                   nval2, nval3, nval4, nval5, nval6, falta, cusualt,
                   fmodifi, cusumod, ccla9, ccla10, nval7, nval8, nval9,
                   nval10
                  )
           VALUES (sdetalle_conf.NEXTVAL, 24, 8000047, 1, 80001, 3,
                   1664720, NULL, NULL, NULL, NULL, NULL, 571.811561094262,
                   NULL, NULL, NULL, NULL, NULL, f_sysdate, f_user,
                   NULL, NULL, NULL, NULL, NULL, NULL, NULL,
                   NULL
                  );
   EXCEPTION
      WHEN DUP_VAL_ON_INDEX
      THEN
         NULL;
   END;

   BEGIN
      INSERT INTO sgt_subtabs_det
                  (sdetalle, cempres, csubtabla, cversubt, ccla1, ccla2,
                   ccla3, ccla4, ccla5, ccla6, ccla7, ccla8, nval1,
                   nval2, nval3, nval4, nval5, nval6, falta, cusualt,
                   fmodifi, cusumod, ccla9, ccla10, nval7, nval8, nval9,
                   nval10
                  )
           VALUES (sdetalle_conf.NEXTVAL, 24, 8000047, 1, 80002, 3,
                   1664720, NULL, NULL, NULL, NULL, NULL, 571.811561094262,
                   NULL, NULL, NULL, NULL, NULL, f_sysdate, f_user,
                   NULL, NULL, NULL, NULL, NULL, NULL, NULL,
                   NULL
                  );
   EXCEPTION
      WHEN DUP_VAL_ON_INDEX
      THEN
         NULL;
   END;

   BEGIN
      INSERT INTO sgt_subtabs_det
                  (sdetalle, cempres, csubtabla, cversubt, ccla1, ccla2,
                   ccla3, ccla4, ccla5, ccla6, ccla7, ccla8, nval1,
                   nval2, nval3, nval4, nval5, nval6, falta, cusualt,
                   fmodifi, cusumod, ccla9, ccla10, nval7, nval8, nval9,
                   nval10
                  )
           VALUES (sdetalle_conf.NEXTVAL, 24, 8000047, 1, 80003, 3,
                   1664720, NULL, NULL, NULL, NULL, NULL, 571.811561094262,
                   NULL, NULL, NULL, NULL, NULL, f_sysdate, f_user,
                   NULL, NULL, NULL, NULL, NULL, NULL, NULL,
                   NULL
                  );
   EXCEPTION
      WHEN DUP_VAL_ON_INDEX
      THEN
         NULL;
   END;

   BEGIN
      INSERT INTO sgt_subtabs_det
                  (sdetalle, cempres, csubtabla, cversubt, ccla1, ccla2,
                   ccla3, ccla4, ccla5, ccla6, ccla7, ccla8, nval1,
                   nval2, nval3, nval4, nval5, nval6, falta, cusualt,
                   fmodifi, cusumod, ccla9, ccla10, nval7, nval8, nval9,
                   nval10
                  )
           VALUES (sdetalle_conf.NEXTVAL, 24, 8000047, 1, 80001, 1,
                   1664720, NULL, NULL, NULL, NULL, NULL, 651.208748209546,
                   NULL, NULL, NULL, NULL, NULL, f_sysdate, f_user,
                   NULL, NULL, NULL, NULL, NULL, NULL, NULL,
                   NULL
                  );
   EXCEPTION
      WHEN DUP_VAL_ON_INDEX
      THEN
         NULL;
   END;

   BEGIN
      INSERT INTO sgt_subtabs_det
                  (sdetalle, cempres, csubtabla, cversubt, ccla1, ccla2,
                   ccla3, ccla4, ccla5, ccla6, ccla7, ccla8, nval1,
                   nval2, nval3, nval4, nval5, nval6, falta, cusualt,
                   fmodifi, cusumod, ccla9, ccla10, nval7, nval8, nval9,
                   nval10
                  )
           VALUES (sdetalle_conf.NEXTVAL, 24, 8000047, 1, 80002, 1,
                   1664720, NULL, NULL, NULL, NULL, NULL, 651.208748209546,
                   NULL, NULL, NULL, NULL, NULL, f_sysdate, f_user,
                   NULL, NULL, NULL, NULL, NULL, NULL, NULL,
                   NULL
                  );
   EXCEPTION
      WHEN DUP_VAL_ON_INDEX
      THEN
         NULL;
   END;

   BEGIN
      INSERT INTO sgt_subtabs_det
                  (sdetalle, cempres, csubtabla, cversubt, ccla1, ccla2,
                   ccla3, ccla4, ccla5, ccla6, ccla7, ccla8, nval1,
                   nval2, nval3, nval4, nval5, nval6, falta, cusualt,
                   fmodifi, cusumod, ccla9, ccla10, nval7, nval8, nval9,
                   nval10
                  )
           VALUES (sdetalle_conf.NEXTVAL, 24, 8000047, 1, 80003, 1,
                   1664720, NULL, NULL, NULL, NULL, NULL, 651.208748209546,
                   NULL, NULL, NULL, NULL, NULL, f_sysdate, f_user,
                   NULL, NULL, NULL, NULL, NULL, NULL, NULL,
                   NULL
                  );
   EXCEPTION
      WHEN DUP_VAL_ON_INDEX
      THEN
         NULL;
   END;

   BEGIN
      INSERT INTO sgt_subtabs_det
                  (sdetalle, cempres, csubtabla, cversubt, ccla1, ccla2,
                   ccla3, ccla4, ccla5, ccla6, ccla7, ccla8, nval1,
                   nval2, nval3, nval4, nval5, nval6, falta, cusualt,
                   fmodifi, cusumod, ccla9, ccla10, nval7, nval8, nval9,
                   nval10
                  )
           VALUES (sdetalle_conf.NEXTVAL, 24, 8000047, 1, 80001, 1,
                   1664720, NULL, NULL, NULL, NULL, NULL, 651.208748209546,
                   NULL, NULL, NULL, NULL, NULL, f_sysdate, f_user,
                   NULL, NULL, NULL, NULL, NULL, NULL, NULL,
                   NULL
                  );
   EXCEPTION
      WHEN DUP_VAL_ON_INDEX
      THEN
         NULL;
   END;

   BEGIN
      INSERT INTO sgt_subtabs_det
                  (sdetalle, cempres, csubtabla, cversubt, ccla1, ccla2,
                   ccla3, ccla4, ccla5, ccla6, ccla7, ccla8, nval1,
                   nval2, nval3, nval4, nval5, nval6, falta, cusualt,
                   fmodifi, cusumod, ccla9, ccla10, nval7, nval8, nval9,
                   nval10
                  )
           VALUES (sdetalle_conf.NEXTVAL, 24, 8000047, 1, 80002, 1,
                   1664720, NULL, NULL, NULL, NULL, NULL, 651.208748209546,
                   NULL, NULL, NULL, NULL, NULL, f_sysdate, f_user,
                   NULL, NULL, NULL, NULL, NULL, NULL, NULL,
                   NULL
                  );
   EXCEPTION
      WHEN DUP_VAL_ON_INDEX
      THEN
         NULL;
   END;

   BEGIN
      INSERT INTO sgt_subtabs_det
                  (sdetalle, cempres, csubtabla, cversubt, ccla1, ccla2,
                   ccla3, ccla4, ccla5, ccla6, ccla7, ccla8, nval1,
                   nval2, nval3, nval4, nval5, nval6, falta, cusualt,
                   fmodifi, cusumod, ccla9, ccla10, nval7, nval8, nval9,
                   nval10
                  )
           VALUES (sdetalle_conf.NEXTVAL, 24, 8000047, 1, 80003, 1,
                   1664720, NULL, NULL, NULL, NULL, NULL, 651.208748209546,
                   NULL, NULL, NULL, NULL, NULL, f_sysdate, f_user,
                   NULL, NULL, NULL, NULL, NULL, NULL, NULL,
                   NULL
                  );
   EXCEPTION
      WHEN DUP_VAL_ON_INDEX
      THEN
         NULL;
   END;

   BEGIN
      INSERT INTO sgt_subtabs_det
                  (sdetalle, cempres, csubtabla, cversubt, ccla1, ccla2,
                   ccla3, ccla4, ccla5, ccla6, ccla7, ccla8, nval1,
                   nval2, nval3, nval4, nval5, nval6, falta, cusualt,
                   fmodifi, cusumod, ccla9, ccla10, nval7, nval8, nval9,
                   nval10
                  )
           VALUES (sdetalle_conf.NEXTVAL, 24, 8000047, 1, 80001, 2,
                   1664720, NULL, NULL, NULL, NULL, NULL, 594.904528675414,
                   NULL, NULL, NULL, NULL, NULL, f_sysdate, f_user,
                   NULL, NULL, NULL, NULL, NULL, NULL, NULL,
                   NULL
                  );
   EXCEPTION
      WHEN DUP_VAL_ON_INDEX
      THEN
         NULL;
   END;

   BEGIN
      INSERT INTO sgt_subtabs_det
                  (sdetalle, cempres, csubtabla, cversubt, ccla1, ccla2,
                   ccla3, ccla4, ccla5, ccla6, ccla7, ccla8, nval1,
                   nval2, nval3, nval4, nval5, nval6, falta, cusualt,
                   fmodifi, cusumod, ccla9, ccla10, nval7, nval8, nval9,
                   nval10
                  )
           VALUES (sdetalle_conf.NEXTVAL, 24, 8000047, 1, 80002, 2,
                   1664720, NULL, NULL, NULL, NULL, NULL, 594.904528675414,
                   NULL, NULL, NULL, NULL, NULL, f_sysdate, f_user,
                   NULL, NULL, NULL, NULL, NULL, NULL, NULL,
                   NULL
                  );
   EXCEPTION
      WHEN DUP_VAL_ON_INDEX
      THEN
         NULL;
   END;

   BEGIN
      INSERT INTO sgt_subtabs_det
                  (sdetalle, cempres, csubtabla, cversubt, ccla1, ccla2,
                   ccla3, ccla4, ccla5, ccla6, ccla7, ccla8, nval1,
                   nval2, nval3, nval4, nval5, nval6, falta, cusualt,
                   fmodifi, cusumod, ccla9, ccla10, nval7, nval8, nval9,
                   nval10
                  )
           VALUES (sdetalle_conf.NEXTVAL, 24, 8000047, 1, 80003, 2,
                   1664720, NULL, NULL, NULL, NULL, NULL, 594.904528675414,
                   NULL, NULL, NULL, NULL, NULL, f_sysdate, f_user,
                   NULL, NULL, NULL, NULL, NULL, NULL, NULL,
                   NULL
                  );
   EXCEPTION
      WHEN DUP_VAL_ON_INDEX
      THEN
         NULL;
   END;

   BEGIN
      INSERT INTO sgt_subtabs_det
                  (sdetalle, cempres, csubtabla, cversubt, ccla1, ccla2,
                   ccla3, ccla4, ccla5, ccla6, ccla7, ccla8, nval1,
                   nval2, nval3, nval4, nval5, nval6, falta, cusualt,
                   fmodifi, cusumod, ccla9, ccla10, nval7, nval8, nval9,
                   nval10
                  )
           VALUES (sdetalle_conf.NEXTVAL, 24, 8000047, 1, 80001, 0,
                   1664720, NULL, NULL, NULL, NULL, NULL, 594.904528675414,
                   NULL, NULL, NULL, NULL, NULL, f_sysdate, f_user,
                   NULL, NULL, NULL, NULL, NULL, NULL, NULL,
                   NULL
                  );
   EXCEPTION
      WHEN DUP_VAL_ON_INDEX
      THEN
         NULL;
   END;

   BEGIN
      INSERT INTO sgt_subtabs_det
                  (sdetalle, cempres, csubtabla, cversubt, ccla1, ccla2,
                   ccla3, ccla4, ccla5, ccla6, ccla7, ccla8, nval1,
                   nval2, nval3, nval4, nval5, nval6, falta, cusualt,
                   fmodifi, cusumod, ccla9, ccla10, nval7, nval8, nval9,
                   nval10
                  )
           VALUES (sdetalle_conf.NEXTVAL, 24, 8000047, 1, 80002, 0,
                   1664720, NULL, NULL, NULL, NULL, NULL, 594.904528675414,
                   NULL, NULL, NULL, NULL, NULL, f_sysdate, f_user,
                   NULL, NULL, NULL, NULL, NULL, NULL, NULL,
                   NULL
                  );
   EXCEPTION
      WHEN DUP_VAL_ON_INDEX
      THEN
         NULL;
   END;

   BEGIN
      INSERT INTO sgt_subtabs_det
                  (sdetalle, cempres, csubtabla, cversubt, ccla1, ccla2,
                   ccla3, ccla4, ccla5, ccla6, ccla7, ccla8, nval1,
                   nval2, nval3, nval4, nval5, nval6, falta, cusualt,
                   fmodifi, cusumod, ccla9, ccla10, nval7, nval8, nval9,
                   nval10
                  )
           VALUES (sdetalle_conf.NEXTVAL, 24, 8000047, 1, 80003, 0,
                   1664720, NULL, NULL, NULL, NULL, NULL, 594.904528675414,
                   NULL, NULL, NULL, NULL, NULL, f_sysdate, f_user,
                   NULL, NULL, NULL, NULL, NULL, NULL, NULL,
                   NULL
                  );
   EXCEPTION
      WHEN DUP_VAL_ON_INDEX
      THEN
         NULL;
   END;

   BEGIN
      INSERT INTO sgt_subtabs_det
                  (sdetalle, cempres, csubtabla, cversubt, ccla1, ccla2,
                   ccla3, ccla4, ccla5, ccla6, ccla7, ccla8, nval1,
                   nval2, nval3, nval4, nval5, nval6, falta, cusualt,
                   fmodifi, cusumod, ccla9, ccla10, nval7, nval8, nval9,
                   nval10
                  )
           VALUES (sdetalle_conf.NEXTVAL, 24, 8000047, 1, 80001, 1,
                   1664720, NULL, NULL, NULL, NULL, NULL, 651.208748209546,
                   NULL, NULL, NULL, NULL, NULL, f_sysdate, f_user,
                   NULL, NULL, NULL, NULL, NULL, NULL, NULL,
                   NULL
                  );
   EXCEPTION
      WHEN DUP_VAL_ON_INDEX
      THEN
         NULL;
   END;

   BEGIN
      INSERT INTO sgt_subtabs_det
                  (sdetalle, cempres, csubtabla, cversubt, ccla1, ccla2,
                   ccla3, ccla4, ccla5, ccla6, ccla7, ccla8, nval1,
                   nval2, nval3, nval4, nval5, nval6, falta, cusualt,
                   fmodifi, cusumod, ccla9, ccla10, nval7, nval8, nval9,
                   nval10
                  )
           VALUES (sdetalle_conf.NEXTVAL, 24, 8000047, 1, 80002, 1,
                   1664720, NULL, NULL, NULL, NULL, NULL, 651.208748209546,
                   NULL, NULL, NULL, NULL, NULL, f_sysdate, f_user,
                   NULL, NULL, NULL, NULL, NULL, NULL, NULL,
                   NULL
                  );
   EXCEPTION
      WHEN DUP_VAL_ON_INDEX
      THEN
         NULL;
   END;

   BEGIN
      INSERT INTO sgt_subtabs_det
                  (sdetalle, cempres, csubtabla, cversubt, ccla1, ccla2,
                   ccla3, ccla4, ccla5, ccla6, ccla7, ccla8, nval1,
                   nval2, nval3, nval4, nval5, nval6, falta, cusualt,
                   fmodifi, cusumod, ccla9, ccla10, nval7, nval8, nval9,
                   nval10
                  )
           VALUES (sdetalle_conf.NEXTVAL, 24, 8000047, 1, 80003, 1,
                   1664720, NULL, NULL, NULL, NULL, NULL, 651.208748209546,
                   NULL, NULL, NULL, NULL, NULL, f_sysdate, f_user,
                   NULL, NULL, NULL, NULL, NULL, NULL, NULL,
                   NULL
                  );
   EXCEPTION
      WHEN DUP_VAL_ON_INDEX
      THEN
         NULL;
   END;

   BEGIN
      INSERT INTO sgt_subtabs_det
                  (sdetalle, cempres, csubtabla, cversubt, ccla1, ccla2,
                   ccla3, ccla4, ccla5, ccla6, ccla7, ccla8, nval1,
                   nval2, nval3, nval4, nval5, nval6, falta, cusualt,
                   fmodifi, cusumod, ccla9, ccla10, nval7, nval8, nval9,
                   nval10
                  )
           VALUES (sdetalle_conf.NEXTVAL, 24, 8000047, 1, 80001, 0,
                   1664720, NULL, NULL, NULL, NULL, NULL, 594.904528675414,
                   NULL, NULL, NULL, NULL, NULL, f_sysdate, f_user,
                   NULL, NULL, NULL, NULL, NULL, NULL, NULL,
                   NULL
                  );
   EXCEPTION
      WHEN DUP_VAL_ON_INDEX
      THEN
         NULL;
   END;

   BEGIN
      INSERT INTO sgt_subtabs_det
                  (sdetalle, cempres, csubtabla, cversubt, ccla1, ccla2,
                   ccla3, ccla4, ccla5, ccla6, ccla7, ccla8, nval1,
                   nval2, nval3, nval4, nval5, nval6, falta, cusualt,
                   fmodifi, cusumod, ccla9, ccla10, nval7, nval8, nval9,
                   nval10
                  )
           VALUES (sdetalle_conf.NEXTVAL, 24, 8000047, 1, 80002, 0,
                   1664720, NULL, NULL, NULL, NULL, NULL, 594.904528675414,
                   NULL, NULL, NULL, NULL, NULL, f_sysdate, f_user,
                   NULL, NULL, NULL, NULL, NULL, NULL, NULL,
                   NULL
                  );
   EXCEPTION
      WHEN DUP_VAL_ON_INDEX
      THEN
         NULL;
   END;

   BEGIN
      INSERT INTO sgt_subtabs_det
                  (sdetalle, cempres, csubtabla, cversubt, ccla1, ccla2,
                   ccla3, ccla4, ccla5, ccla6, ccla7, ccla8, nval1,
                   nval2, nval3, nval4, nval5, nval6, falta, cusualt,
                   fmodifi, cusumod, ccla9, ccla10, nval7, nval8, nval9,
                   nval10
                  )
           VALUES (sdetalle_conf.NEXTVAL, 24, 8000047, 1, 80003, 0,
                   1664720, NULL, NULL, NULL, NULL, NULL, 594.904528675414,
                   NULL, NULL, NULL, NULL, NULL, f_sysdate, f_user,
                   NULL, NULL, NULL, NULL, NULL, NULL, NULL,
                   NULL
                  );
   EXCEPTION
      WHEN DUP_VAL_ON_INDEX
      THEN
         NULL;
   END;

   BEGIN
      INSERT INTO sgt_subtabs_det
                  (sdetalle, cempres, csubtabla, cversubt, ccla1, ccla2,
                   ccla3, ccla4, ccla5, ccla6, ccla7, ccla8, nval1,
                   nval2, nval3, nval4, nval5, nval6, falta, cusualt,
                   fmodifi, cusumod, ccla9, ccla10, nval7, nval8, nval9,
                   nval10
                  )
           VALUES (sdetalle_conf.NEXTVAL, 24, 8000047, 1, 80001, 3,
                   1664720, NULL, NULL, NULL, NULL, NULL, 571.811561094262,
                   NULL, NULL, NULL, NULL, NULL, f_sysdate, f_user,
                   NULL, NULL, NULL, NULL, NULL, NULL, NULL,
                   NULL
                  );
   EXCEPTION
      WHEN DUP_VAL_ON_INDEX
      THEN
         NULL;
   END;

   BEGIN
      INSERT INTO sgt_subtabs_det
                  (sdetalle, cempres, csubtabla, cversubt, ccla1, ccla2,
                   ccla3, ccla4, ccla5, ccla6, ccla7, ccla8, nval1,
                   nval2, nval3, nval4, nval5, nval6, falta, cusualt,
                   fmodifi, cusumod, ccla9, ccla10, nval7, nval8, nval9,
                   nval10
                  )
           VALUES (sdetalle_conf.NEXTVAL, 24, 8000047, 1, 80002, 3,
                   1664720, NULL, NULL, NULL, NULL, NULL, 571.811561094262,
                   NULL, NULL, NULL, NULL, NULL, f_sysdate, f_user,
                   NULL, NULL, NULL, NULL, NULL, NULL, NULL,
                   NULL
                  );
   EXCEPTION
      WHEN DUP_VAL_ON_INDEX
      THEN
         NULL;
   END;

   BEGIN
      INSERT INTO sgt_subtabs_det
                  (sdetalle, cempres, csubtabla, cversubt, ccla1, ccla2,
                   ccla3, ccla4, ccla5, ccla6, ccla7, ccla8, nval1,
                   nval2, nval3, nval4, nval5, nval6, falta, cusualt,
                   fmodifi, cusumod, ccla9, ccla10, nval7, nval8, nval9,
                   nval10
                  )
           VALUES (sdetalle_conf.NEXTVAL, 24, 8000047, 1, 80003, 3,
                   1664720, NULL, NULL, NULL, NULL, NULL, 571.811561094262,
                   NULL, NULL, NULL, NULL, NULL, f_sysdate, f_user,
                   NULL, NULL, NULL, NULL, NULL, NULL, NULL,
                   NULL
                  );
   EXCEPTION
      WHEN DUP_VAL_ON_INDEX
      THEN
         NULL;
   END;

   BEGIN
      INSERT INTO sgt_subtabs_det
                  (sdetalle, cempres, csubtabla, cversubt, ccla1, ccla2,
                   ccla3, ccla4, ccla5, ccla6, ccla7, ccla8, nval1,
                   nval2, nval3, nval4, nval5, nval6, falta, cusualt,
                   fmodifi, cusumod, ccla9, ccla10, nval7, nval8, nval9,
                   nval10
                  )
           VALUES (sdetalle_conf.NEXTVAL, 24, 8000047, 1, 80001, 1,
                   1664720, NULL, NULL, NULL, NULL, NULL, 651.208748209546,
                   NULL, NULL, NULL, NULL, NULL, f_sysdate, f_user,
                   NULL, NULL, NULL, NULL, NULL, NULL, NULL,
                   NULL
                  );
   EXCEPTION
      WHEN DUP_VAL_ON_INDEX
      THEN
         NULL;
   END;

   BEGIN
      INSERT INTO sgt_subtabs_det
                  (sdetalle, cempres, csubtabla, cversubt, ccla1, ccla2,
                   ccla3, ccla4, ccla5, ccla6, ccla7, ccla8, nval1,
                   nval2, nval3, nval4, nval5, nval6, falta, cusualt,
                   fmodifi, cusumod, ccla9, ccla10, nval7, nval8, nval9,
                   nval10
                  )
           VALUES (sdetalle_conf.NEXTVAL, 24, 8000047, 1, 80002, 1,
                   1664720, NULL, NULL, NULL, NULL, NULL, 651.208748209546,
                   NULL, NULL, NULL, NULL, NULL, f_sysdate, f_user,
                   NULL, NULL, NULL, NULL, NULL, NULL, NULL,
                   NULL
                  );
   EXCEPTION
      WHEN DUP_VAL_ON_INDEX
      THEN
         NULL;
   END;

   BEGIN
      INSERT INTO sgt_subtabs_det
                  (sdetalle, cempres, csubtabla, cversubt, ccla1, ccla2,
                   ccla3, ccla4, ccla5, ccla6, ccla7, ccla8, nval1,
                   nval2, nval3, nval4, nval5, nval6, falta, cusualt,
                   fmodifi, cusumod, ccla9, ccla10, nval7, nval8, nval9,
                   nval10
                  )
           VALUES (sdetalle_conf.NEXTVAL, 24, 8000047, 1, 80003, 1,
                   1664720, NULL, NULL, NULL, NULL, NULL, 651.208748209546,
                   NULL, NULL, NULL, NULL, NULL, f_sysdate, f_user,
                   NULL, NULL, NULL, NULL, NULL, NULL, NULL,
                   NULL
                  );
   EXCEPTION
      WHEN DUP_VAL_ON_INDEX
      THEN
         NULL;
   END;

   BEGIN
      INSERT INTO sgt_subtabs_det
                  (sdetalle, cempres, csubtabla, cversubt, ccla1, ccla2,
                   ccla3, ccla4, ccla5, ccla6, ccla7, ccla8, nval1,
                   nval2, nval3, nval4, nval5, nval6, falta, cusualt,
                   fmodifi, cusumod, ccla9, ccla10, nval7, nval8, nval9,
                   nval10
                  )
           VALUES (sdetalle_conf.NEXTVAL, 24, 8000047, 1, 80001, 2,
                   1664720, NULL, NULL, NULL, NULL, NULL, 594.904528675414,
                   NULL, NULL, NULL, NULL, NULL, f_sysdate, f_user,
                   NULL, NULL, NULL, NULL, NULL, NULL, NULL,
                   NULL
                  );
   EXCEPTION
      WHEN DUP_VAL_ON_INDEX
      THEN
         NULL;
   END;

   BEGIN
      INSERT INTO sgt_subtabs_det
                  (sdetalle, cempres, csubtabla, cversubt, ccla1, ccla2,
                   ccla3, ccla4, ccla5, ccla6, ccla7, ccla8, nval1,
                   nval2, nval3, nval4, nval5, nval6, falta, cusualt,
                   fmodifi, cusumod, ccla9, ccla10, nval7, nval8, nval9,
                   nval10
                  )
           VALUES (sdetalle_conf.NEXTVAL, 24, 8000047, 1, 80002, 2,
                   1664720, NULL, NULL, NULL, NULL, NULL, 594.904528675414,
                   NULL, NULL, NULL, NULL, NULL, f_sysdate, f_user,
                   NULL, NULL, NULL, NULL, NULL, NULL, NULL,
                   NULL
                  );
   EXCEPTION
      WHEN DUP_VAL_ON_INDEX
      THEN
         NULL;
   END;

   BEGIN
      INSERT INTO sgt_subtabs_det
                  (sdetalle, cempres, csubtabla, cversubt, ccla1, ccla2,
                   ccla3, ccla4, ccla5, ccla6, ccla7, ccla8, nval1,
                   nval2, nval3, nval4, nval5, nval6, falta, cusualt,
                   fmodifi, cusumod, ccla9, ccla10, nval7, nval8, nval9,
                   nval10
                  )
           VALUES (sdetalle_conf.NEXTVAL, 24, 8000047, 1, 80003, 2,
                   1664720, NULL, NULL, NULL, NULL, NULL, 594.904528675414,
                   NULL, NULL, NULL, NULL, NULL, f_sysdate, f_user,
                   NULL, NULL, NULL, NULL, NULL, NULL, NULL,
                   NULL
                  );
   EXCEPTION
      WHEN DUP_VAL_ON_INDEX
      THEN
         NULL;
   END;

   BEGIN
      INSERT INTO sgt_subtabs_det
                  (sdetalle, cempres, csubtabla, cversubt, ccla1, ccla2,
                   ccla3, ccla4, ccla5, ccla6, ccla7, ccla8, nval1,
                   nval2, nval3, nval4, nval5, nval6, falta, cusualt,
                   fmodifi, cusumod, ccla9, ccla10, nval7, nval8, nval9,
                   nval10
                  )
           VALUES (sdetalle_conf.NEXTVAL, 24, 8000047, 1, 80001, 0,
                   1664720, NULL, NULL, NULL, NULL, NULL, 594.904528675414,
                   NULL, NULL, NULL, NULL, NULL, f_sysdate, f_user,
                   NULL, NULL, NULL, NULL, NULL, NULL, NULL,
                   NULL
                  );
   EXCEPTION
      WHEN DUP_VAL_ON_INDEX
      THEN
         NULL;
   END;

   BEGIN
      INSERT INTO sgt_subtabs_det
                  (sdetalle, cempres, csubtabla, cversubt, ccla1, ccla2,
                   ccla3, ccla4, ccla5, ccla6, ccla7, ccla8, nval1,
                   nval2, nval3, nval4, nval5, nval6, falta, cusualt,
                   fmodifi, cusumod, ccla9, ccla10, nval7, nval8, nval9,
                   nval10
                  )
           VALUES (sdetalle_conf.NEXTVAL, 24, 8000047, 1, 80002, 0,
                   1664720, NULL, NULL, NULL, NULL, NULL, 594.904528675414,
                   NULL, NULL, NULL, NULL, NULL, f_sysdate, f_user,
                   NULL, NULL, NULL, NULL, NULL, NULL, NULL,
                   NULL
                  );
   EXCEPTION
      WHEN DUP_VAL_ON_INDEX
      THEN
         NULL;
   END;

   BEGIN
      INSERT INTO sgt_subtabs_det
                  (sdetalle, cempres, csubtabla, cversubt, ccla1, ccla2,
                   ccla3, ccla4, ccla5, ccla6, ccla7, ccla8, nval1,
                   nval2, nval3, nval4, nval5, nval6, falta, cusualt,
                   fmodifi, cusumod, ccla9, ccla10, nval7, nval8, nval9,
                   nval10
                  )
           VALUES (sdetalle_conf.NEXTVAL, 24, 8000047, 1, 80003, 0,
                   1664720, NULL, NULL, NULL, NULL, NULL, 594.904528675414,
                   NULL, NULL, NULL, NULL, NULL, f_sysdate, f_user,
                   NULL, NULL, NULL, NULL, NULL, NULL, NULL,
                   NULL
                  );
   EXCEPTION
      WHEN DUP_VAL_ON_INDEX
      THEN
         NULL;
   END;

   BEGIN
      INSERT INTO sgt_subtabs_det
                  (sdetalle, cempres, csubtabla, cversubt, ccla1, ccla2,
                   ccla3, ccla4, ccla5, ccla6, ccla7, ccla8, nval1,
                   nval2, nval3, nval4, nval5, nval6, falta, cusualt,
                   fmodifi, cusumod, ccla9, ccla10, nval7, nval8, nval9,
                   nval10
                  )
           VALUES (sdetalle_conf.NEXTVAL, 24, 8000047, 1, 80001, 3,
                   1664720, NULL, NULL, NULL, NULL, NULL, 571.811561094262,
                   NULL, NULL, NULL, NULL, NULL, f_sysdate, f_user,
                   NULL, NULL, NULL, NULL, NULL, NULL, NULL,
                   NULL
                  );
   EXCEPTION
      WHEN DUP_VAL_ON_INDEX
      THEN
         NULL;
   END;

   BEGIN
      INSERT INTO sgt_subtabs_det
                  (sdetalle, cempres, csubtabla, cversubt, ccla1, ccla2,
                   ccla3, ccla4, ccla5, ccla6, ccla7, ccla8, nval1,
                   nval2, nval3, nval4, nval5, nval6, falta, cusualt,
                   fmodifi, cusumod, ccla9, ccla10, nval7, nval8, nval9,
                   nval10
                  )
           VALUES (sdetalle_conf.NEXTVAL, 24, 8000047, 1, 80002, 3,
                   1664720, NULL, NULL, NULL, NULL, NULL, 571.811561094262,
                   NULL, NULL, NULL, NULL, NULL, f_sysdate, f_user,
                   NULL, NULL, NULL, NULL, NULL, NULL, NULL,
                   NULL
                  );
   EXCEPTION
      WHEN DUP_VAL_ON_INDEX
      THEN
         NULL;
   END;

   BEGIN
      INSERT INTO sgt_subtabs_det
                  (sdetalle, cempres, csubtabla, cversubt, ccla1, ccla2,
                   ccla3, ccla4, ccla5, ccla6, ccla7, ccla8, nval1,
                   nval2, nval3, nval4, nval5, nval6, falta, cusualt,
                   fmodifi, cusumod, ccla9, ccla10, nval7, nval8, nval9,
                   nval10
                  )
           VALUES (sdetalle_conf.NEXTVAL, 24, 8000047, 1, 80003, 3,
                   1664720, NULL, NULL, NULL, NULL, NULL, 571.811561094262,
                   NULL, NULL, NULL, NULL, NULL, f_sysdate, f_user,
                   NULL, NULL, NULL, NULL, NULL, NULL, NULL,
                   NULL
                  );
   EXCEPTION
      WHEN DUP_VAL_ON_INDEX
      THEN
         NULL;
   END;

   BEGIN
      INSERT INTO sgt_subtabs_det
                  (sdetalle, cempres, csubtabla, cversubt, ccla1, ccla2,
                   ccla3, ccla4, ccla5, ccla6, ccla7, ccla8, nval1,
                   nval2, nval3, nval4, nval5, nval6, falta, cusualt,
                   fmodifi, cusumod, ccla9, ccla10, nval7, nval8, nval9,
                   nval10
                  )
           VALUES (sdetalle_conf.NEXTVAL, 24, 8000047, 1, 80001, 1,
                   1664720, NULL, NULL, NULL, NULL, NULL, 651.208748209546,
                   NULL, NULL, NULL, NULL, NULL, f_sysdate, f_user,
                   NULL, NULL, NULL, NULL, NULL, NULL, NULL,
                   NULL
                  );
   EXCEPTION
      WHEN DUP_VAL_ON_INDEX
      THEN
         NULL;
   END;

   BEGIN
      INSERT INTO sgt_subtabs_det
                  (sdetalle, cempres, csubtabla, cversubt, ccla1, ccla2,
                   ccla3, ccla4, ccla5, ccla6, ccla7, ccla8, nval1,
                   nval2, nval3, nval4, nval5, nval6, falta, cusualt,
                   fmodifi, cusumod, ccla9, ccla10, nval7, nval8, nval9,
                   nval10
                  )
           VALUES (sdetalle_conf.NEXTVAL, 24, 8000047, 1, 80002, 1,
                   1664720, NULL, NULL, NULL, NULL, NULL, 651.208748209546,
                   NULL, NULL, NULL, NULL, NULL, f_sysdate, f_user,
                   NULL, NULL, NULL, NULL, NULL, NULL, NULL,
                   NULL
                  );
   EXCEPTION
      WHEN DUP_VAL_ON_INDEX
      THEN
         NULL;
   END;

   BEGIN
      INSERT INTO sgt_subtabs_det
                  (sdetalle, cempres, csubtabla, cversubt, ccla1, ccla2,
                   ccla3, ccla4, ccla5, ccla6, ccla7, ccla8, nval1,
                   nval2, nval3, nval4, nval5, nval6, falta, cusualt,
                   fmodifi, cusumod, ccla9, ccla10, nval7, nval8, nval9,
                   nval10
                  )
           VALUES (sdetalle_conf.NEXTVAL, 24, 8000047, 1, 80003, 1,
                   1664720, NULL, NULL, NULL, NULL, NULL, 651.208748209546,
                   NULL, NULL, NULL, NULL, NULL, f_sysdate, f_user,
                   NULL, NULL, NULL, NULL, NULL, NULL, NULL,
                   NULL
                  );
   EXCEPTION
      WHEN DUP_VAL_ON_INDEX
      THEN
         NULL;
   END;

   BEGIN
      INSERT INTO sgt_subtabs_det
                  (sdetalle, cempres, csubtabla, cversubt, ccla1, ccla2,
                   ccla3, ccla4, ccla5, ccla6, ccla7, ccla8, nval1,
                   nval2, nval3, nval4, nval5, nval6, falta, cusualt,
                   fmodifi, cusumod, ccla9, ccla10, nval7, nval8, nval9,
                   nval10
                  )
           VALUES (sdetalle_conf.NEXTVAL, 24, 8000047, 1, 80001, 2,
                   1664720, NULL, NULL, NULL, NULL, NULL, 594.904528675414,
                   NULL, NULL, NULL, NULL, NULL, f_sysdate, f_user,
                   NULL, NULL, NULL, NULL, NULL, NULL, NULL,
                   NULL
                  );
   EXCEPTION
      WHEN DUP_VAL_ON_INDEX
      THEN
         NULL;
   END;

   BEGIN
      INSERT INTO sgt_subtabs_det
                  (sdetalle, cempres, csubtabla, cversubt, ccla1, ccla2,
                   ccla3, ccla4, ccla5, ccla6, ccla7, ccla8, nval1,
                   nval2, nval3, nval4, nval5, nval6, falta, cusualt,
                   fmodifi, cusumod, ccla9, ccla10, nval7, nval8, nval9,
                   nval10
                  )
           VALUES (sdetalle_conf.NEXTVAL, 24, 8000047, 1, 80002, 2,
                   1664720, NULL, NULL, NULL, NULL, NULL, 594.904528675414,
                   NULL, NULL, NULL, NULL, NULL, f_sysdate, f_user,
                   NULL, NULL, NULL, NULL, NULL, NULL, NULL,
                   NULL
                  );
   EXCEPTION
      WHEN DUP_VAL_ON_INDEX
      THEN
         NULL;
   END;

   BEGIN
      INSERT INTO sgt_subtabs_det
                  (sdetalle, cempres, csubtabla, cversubt, ccla1, ccla2,
                   ccla3, ccla4, ccla5, ccla6, ccla7, ccla8, nval1,
                   nval2, nval3, nval4, nval5, nval6, falta, cusualt,
                   fmodifi, cusumod, ccla9, ccla10, nval7, nval8, nval9,
                   nval10
                  )
           VALUES (sdetalle_conf.NEXTVAL, 24, 8000047, 1, 80003, 2,
                   1664720, NULL, NULL, NULL, NULL, NULL, 594.904528675414,
                   NULL, NULL, NULL, NULL, NULL, f_sysdate, f_user,
                   NULL, NULL, NULL, NULL, NULL, NULL, NULL,
                   NULL
                  );
   EXCEPTION
      WHEN DUP_VAL_ON_INDEX
      THEN
         NULL;
   END;

   BEGIN
      INSERT INTO sgt_subtabs_det
                  (sdetalle, cempres, csubtabla, cversubt, ccla1, ccla2,
                   ccla3, ccla4, ccla5, ccla6, ccla7, ccla8, nval1,
                   nval2, nval3, nval4, nval5, nval6, falta, cusualt,
                   fmodifi, cusumod, ccla9, ccla10, nval7, nval8, nval9,
                   nval10
                  )
           VALUES (sdetalle_conf.NEXTVAL, 24, 8000047, 1, 80001, 1,
                   1664720, NULL, NULL, NULL, NULL, NULL, 651.208748209546,
                   NULL, NULL, NULL, NULL, NULL, f_sysdate, f_user,
                   NULL, NULL, NULL, NULL, NULL, NULL, NULL,
                   NULL
                  );
   EXCEPTION
      WHEN DUP_VAL_ON_INDEX
      THEN
         NULL;
   END;

   BEGIN
      INSERT INTO sgt_subtabs_det
                  (sdetalle, cempres, csubtabla, cversubt, ccla1, ccla2,
                   ccla3, ccla4, ccla5, ccla6, ccla7, ccla8, nval1,
                   nval2, nval3, nval4, nval5, nval6, falta, cusualt,
                   fmodifi, cusumod, ccla9, ccla10, nval7, nval8, nval9,
                   nval10
                  )
           VALUES (sdetalle_conf.NEXTVAL, 24, 8000047, 1, 80002, 1,
                   1664720, NULL, NULL, NULL, NULL, NULL, 651.208748209546,
                   NULL, NULL, NULL, NULL, NULL, f_sysdate, f_user,
                   NULL, NULL, NULL, NULL, NULL, NULL, NULL,
                   NULL
                  );
   EXCEPTION
      WHEN DUP_VAL_ON_INDEX
      THEN
         NULL;
   END;

   BEGIN
      INSERT INTO sgt_subtabs_det
                  (sdetalle, cempres, csubtabla, cversubt, ccla1, ccla2,
                   ccla3, ccla4, ccla5, ccla6, ccla7, ccla8, nval1,
                   nval2, nval3, nval4, nval5, nval6, falta, cusualt,
                   fmodifi, cusumod, ccla9, ccla10, nval7, nval8, nval9,
                   nval10
                  )
           VALUES (sdetalle_conf.NEXTVAL, 24, 8000047, 1, 80003, 1,
                   1664720, NULL, NULL, NULL, NULL, NULL, 651.208748209546,
                   NULL, NULL, NULL, NULL, NULL, f_sysdate, f_user,
                   NULL, NULL, NULL, NULL, NULL, NULL, NULL,
                   NULL
                  );
   EXCEPTION
      WHEN DUP_VAL_ON_INDEX
      THEN
         NULL;
   END;

   BEGIN
      INSERT INTO sgt_subtabs_det
                  (sdetalle, cempres, csubtabla, cversubt, ccla1, ccla2,
                   ccla3, ccla4, ccla5, ccla6, ccla7, ccla8, nval1,
                   nval2, nval3, nval4, nval5, nval6, falta, cusualt,
                   fmodifi, cusumod, ccla9, ccla10, nval7, nval8, nval9,
                   nval10
                  )
           VALUES (sdetalle_conf.NEXTVAL, 24, 8000047, 1, 80001, 0,
                   1694720, NULL, NULL, NULL, NULL, NULL, 859.931250207498,
                   NULL, NULL, NULL, NULL, NULL, f_sysdate, f_user,
                   NULL, NULL, NULL, NULL, NULL, NULL, NULL,
                   NULL
                  );
   EXCEPTION
      WHEN DUP_VAL_ON_INDEX
      THEN
         NULL;
   END;

   BEGIN
      INSERT INTO sgt_subtabs_det
                  (sdetalle, cempres, csubtabla, cversubt, ccla1, ccla2,
                   ccla3, ccla4, ccla5, ccla6, ccla7, ccla8, nval1,
                   nval2, nval3, nval4, nval5, nval6, falta, cusualt,
                   fmodifi, cusumod, ccla9, ccla10, nval7, nval8, nval9,
                   nval10
                  )
           VALUES (sdetalle_conf.NEXTVAL, 24, 8000047, 1, 80002, 0,
                   1694720, NULL, NULL, NULL, NULL, NULL, 859.931250207498,
                   NULL, NULL, NULL, NULL, NULL, f_sysdate, f_user,
                   NULL, NULL, NULL, NULL, NULL, NULL, NULL,
                   NULL
                  );
   EXCEPTION
      WHEN DUP_VAL_ON_INDEX
      THEN
         NULL;
   END;

   BEGIN
      INSERT INTO sgt_subtabs_det
                  (sdetalle, cempres, csubtabla, cversubt, ccla1, ccla2,
                   ccla3, ccla4, ccla5, ccla6, ccla7, ccla8, nval1,
                   nval2, nval3, nval4, nval5, nval6, falta, cusualt,
                   fmodifi, cusumod, ccla9, ccla10, nval7, nval8, nval9,
                   nval10
                  )
           VALUES (sdetalle_conf.NEXTVAL, 24, 8000047, 1, 80003, 0,
                   1694720, NULL, NULL, NULL, NULL, NULL, 859.931250207498,
                   NULL, NULL, NULL, NULL, NULL, f_sysdate, f_user,
                   NULL, NULL, NULL, NULL, NULL, NULL, NULL,
                   NULL
                  );
   EXCEPTION
      WHEN DUP_VAL_ON_INDEX
      THEN
         NULL;
   END;

   BEGIN
      INSERT INTO sgt_subtabs_det
                  (sdetalle, cempres, csubtabla, cversubt, ccla1, ccla2,
                   ccla3, ccla4, ccla5, ccla6, ccla7, ccla8, nval1,
                   nval2, nval3, nval4, nval5, nval6, falta, cusualt,
                   fmodifi, cusumod, ccla9, ccla10, nval7, nval8, nval9,
                   nval10
                  )
           VALUES (sdetalle_conf.NEXTVAL, 24, 8000047, 1, 80001, 3,
                   1694720, NULL, NULL, NULL, NULL, NULL, 828.030952646579,
                   NULL, NULL, NULL, NULL, NULL, f_sysdate, f_user,
                   NULL, NULL, NULL, NULL, NULL, NULL, NULL,
                   NULL
                  );
   EXCEPTION
      WHEN DUP_VAL_ON_INDEX
      THEN
         NULL;
   END;

   BEGIN
      INSERT INTO sgt_subtabs_det
                  (sdetalle, cempres, csubtabla, cversubt, ccla1, ccla2,
                   ccla3, ccla4, ccla5, ccla6, ccla7, ccla8, nval1,
                   nval2, nval3, nval4, nval5, nval6, falta, cusualt,
                   fmodifi, cusumod, ccla9, ccla10, nval7, nval8, nval9,
                   nval10
                  )
           VALUES (sdetalle_conf.NEXTVAL, 24, 8000047, 1, 80002, 3,
                   1694720, NULL, NULL, NULL, NULL, NULL, 828.030952646579,
                   NULL, NULL, NULL, NULL, NULL, f_sysdate, f_user,
                   NULL, NULL, NULL, NULL, NULL, NULL, NULL,
                   NULL
                  );
   EXCEPTION
      WHEN DUP_VAL_ON_INDEX
      THEN
         NULL;
   END;

   BEGIN
      INSERT INTO sgt_subtabs_det
                  (sdetalle, cempres, csubtabla, cversubt, ccla1, ccla2,
                   ccla3, ccla4, ccla5, ccla6, ccla7, ccla8, nval1,
                   nval2, nval3, nval4, nval5, nval6, falta, cusualt,
                   fmodifi, cusumod, ccla9, ccla10, nval7, nval8, nval9,
                   nval10
                  )
           VALUES (sdetalle_conf.NEXTVAL, 24, 8000047, 1, 80003, 3,
                   1694720, NULL, NULL, NULL, NULL, NULL, 828.030952646579,
                   NULL, NULL, NULL, NULL, NULL, f_sysdate, f_user,
                   NULL, NULL, NULL, NULL, NULL, NULL, NULL,
                   NULL
                  );
   EXCEPTION
      WHEN DUP_VAL_ON_INDEX
      THEN
         NULL;
   END;

   BEGIN
      INSERT INTO sgt_subtabs_det
                  (sdetalle, cempres, csubtabla, cversubt, ccla1, ccla2,
                   ccla3, ccla4, ccla5, ccla6, ccla7, ccla8, nval1,
                   nval2, nval3, nval4, nval5, nval6, falta, cusualt,
                   fmodifi, cusumod, ccla9, ccla10, nval7, nval8, nval9,
                   nval10
                  )
           VALUES (sdetalle_conf.NEXTVAL, 24, 8000047, 1, 80001, 1,
                   1694720, NULL, NULL, NULL, NULL, NULL, 937.709099709186,
                   NULL, NULL, NULL, NULL, NULL, f_sysdate, f_user,
                   NULL, NULL, NULL, NULL, NULL, NULL, NULL,
                   NULL
                  );
   EXCEPTION
      WHEN DUP_VAL_ON_INDEX
      THEN
         NULL;
   END;

   BEGIN
      INSERT INTO sgt_subtabs_det
                  (sdetalle, cempres, csubtabla, cversubt, ccla1, ccla2,
                   ccla3, ccla4, ccla5, ccla6, ccla7, ccla8, nval1,
                   nval2, nval3, nval4, nval5, nval6, falta, cusualt,
                   fmodifi, cusumod, ccla9, ccla10, nval7, nval8, nval9,
                   nval10
                  )
           VALUES (sdetalle_conf.NEXTVAL, 24, 8000047, 1, 80002, 1,
                   1694720, NULL, NULL, NULL, NULL, NULL, 937.709099709186,
                   NULL, NULL, NULL, NULL, NULL, f_sysdate, f_user,
                   NULL, NULL, NULL, NULL, NULL, NULL, NULL,
                   NULL
                  );
   EXCEPTION
      WHEN DUP_VAL_ON_INDEX
      THEN
         NULL;
   END;

   BEGIN
      INSERT INTO sgt_subtabs_det
                  (sdetalle, cempres, csubtabla, cversubt, ccla1, ccla2,
                   ccla3, ccla4, ccla5, ccla6, ccla7, ccla8, nval1,
                   nval2, nval3, nval4, nval5, nval6, falta, cusualt,
                   fmodifi, cusumod, ccla9, ccla10, nval7, nval8, nval9,
                   nval10
                  )
           VALUES (sdetalle_conf.NEXTVAL, 24, 8000047, 1, 80003, 1,
                   1694720, NULL, NULL, NULL, NULL, NULL, 937.709099709186,
                   NULL, NULL, NULL, NULL, NULL, f_sysdate, f_user,
                   NULL, NULL, NULL, NULL, NULL, NULL, NULL,
                   NULL
                  );
   EXCEPTION
      WHEN DUP_VAL_ON_INDEX
      THEN
         NULL;
   END;

   BEGIN
      INSERT INTO sgt_subtabs_det
                  (sdetalle, cempres, csubtabla, cversubt, ccla1, ccla2,
                   ccla3, ccla4, ccla5, ccla6, ccla7, ccla8, nval1,
                   nval2, nval3, nval4, nval5, nval6, falta, cusualt,
                   fmodifi, cusumod, ccla9, ccla10, nval7, nval8, nval9,
                   nval10
                  )
           VALUES (sdetalle_conf.NEXTVAL, 24, 8000047, 1, 80001, 1,
                   1694720, NULL, NULL, NULL, NULL, NULL, 937.709099709186,
                   NULL, NULL, NULL, NULL, NULL, f_sysdate, f_user,
                   NULL, NULL, NULL, NULL, NULL, NULL, NULL,
                   NULL
                  );
   EXCEPTION
      WHEN DUP_VAL_ON_INDEX
      THEN
         NULL;
   END;

   BEGIN
      INSERT INTO sgt_subtabs_det
                  (sdetalle, cempres, csubtabla, cversubt, ccla1, ccla2,
                   ccla3, ccla4, ccla5, ccla6, ccla7, ccla8, nval1,
                   nval2, nval3, nval4, nval5, nval6, falta, cusualt,
                   fmodifi, cusumod, ccla9, ccla10, nval7, nval8, nval9,
                   nval10
                  )
           VALUES (sdetalle_conf.NEXTVAL, 24, 8000047, 1, 80002, 1,
                   1694720, NULL, NULL, NULL, NULL, NULL, 937.709099709186,
                   NULL, NULL, NULL, NULL, NULL, f_sysdate, f_user,
                   NULL, NULL, NULL, NULL, NULL, NULL, NULL,
                   NULL
                  );
   EXCEPTION
      WHEN DUP_VAL_ON_INDEX
      THEN
         NULL;
   END;

   BEGIN
      INSERT INTO sgt_subtabs_det
                  (sdetalle, cempres, csubtabla, cversubt, ccla1, ccla2,
                   ccla3, ccla4, ccla5, ccla6, ccla7, ccla8, nval1,
                   nval2, nval3, nval4, nval5, nval6, falta, cusualt,
                   fmodifi, cusumod, ccla9, ccla10, nval7, nval8, nval9,
                   nval10
                  )
           VALUES (sdetalle_conf.NEXTVAL, 24, 8000047, 1, 80003, 1,
                   1694720, NULL, NULL, NULL, NULL, NULL, 937.709099709186,
                   NULL, NULL, NULL, NULL, NULL, f_sysdate, f_user,
                   NULL, NULL, NULL, NULL, NULL, NULL, NULL,
                   NULL
                  );
   EXCEPTION
      WHEN DUP_VAL_ON_INDEX
      THEN
         NULL;
   END;

   BEGIN
      INSERT INTO sgt_subtabs_det
                  (sdetalle, cempres, csubtabla, cversubt, ccla1, ccla2,
                   ccla3, ccla4, ccla5, ccla6, ccla7, ccla8, nval1,
                   nval2, nval3, nval4, nval5, nval6, falta, cusualt,
                   fmodifi, cusumod, ccla9, ccla10, nval7, nval8, nval9,
                   nval10
                  )
           VALUES (sdetalle_conf.NEXTVAL, 24, 8000047, 1, 80001, 2,
                   1694720, NULL, NULL, NULL, NULL, NULL, 859.931250207498,
                   NULL, NULL, NULL, NULL, NULL, f_sysdate, f_user,
                   NULL, NULL, NULL, NULL, NULL, NULL, NULL,
                   NULL
                  );
   EXCEPTION
      WHEN DUP_VAL_ON_INDEX
      THEN
         NULL;
   END;

   BEGIN
      INSERT INTO sgt_subtabs_det
                  (sdetalle, cempres, csubtabla, cversubt, ccla1, ccla2,
                   ccla3, ccla4, ccla5, ccla6, ccla7, ccla8, nval1,
                   nval2, nval3, nval4, nval5, nval6, falta, cusualt,
                   fmodifi, cusumod, ccla9, ccla10, nval7, nval8, nval9,
                   nval10
                  )
           VALUES (sdetalle_conf.NEXTVAL, 24, 8000047, 1, 80002, 2,
                   1694720, NULL, NULL, NULL, NULL, NULL, 859.931250207498,
                   NULL, NULL, NULL, NULL, NULL, f_sysdate, f_user,
                   NULL, NULL, NULL, NULL, NULL, NULL, NULL,
                   NULL
                  );
   EXCEPTION
      WHEN DUP_VAL_ON_INDEX
      THEN
         NULL;
   END;

   BEGIN
      INSERT INTO sgt_subtabs_det
                  (sdetalle, cempres, csubtabla, cversubt, ccla1, ccla2,
                   ccla3, ccla4, ccla5, ccla6, ccla7, ccla8, nval1,
                   nval2, nval3, nval4, nval5, nval6, falta, cusualt,
                   fmodifi, cusumod, ccla9, ccla10, nval7, nval8, nval9,
                   nval10
                  )
           VALUES (sdetalle_conf.NEXTVAL, 24, 8000047, 1, 80003, 2,
                   1694720, NULL, NULL, NULL, NULL, NULL, 859.931250207498,
                   NULL, NULL, NULL, NULL, NULL, f_sysdate, f_user,
                   NULL, NULL, NULL, NULL, NULL, NULL, NULL,
                   NULL
                  );
   EXCEPTION
      WHEN DUP_VAL_ON_INDEX
      THEN
         NULL;
   END;

   BEGIN
      INSERT INTO sgt_subtabs_det
                  (sdetalle, cempres, csubtabla, cversubt, ccla1, ccla2,
                   ccla3, ccla4, ccla5, ccla6, ccla7, ccla8, nval1,
                   nval2, nval3, nval4, nval5, nval6, falta, cusualt,
                   fmodifi, cusumod, ccla9, ccla10, nval7, nval8, nval9,
                   nval10
                  )
           VALUES (sdetalle_conf.NEXTVAL, 24, 8000047, 1, 80001, 0,
                   1694720, NULL, NULL, NULL, NULL, NULL, 859.931250207498,
                   NULL, NULL, NULL, NULL, NULL, f_sysdate, f_user,
                   NULL, NULL, NULL, NULL, NULL, NULL, NULL,
                   NULL
                  );
   EXCEPTION
      WHEN DUP_VAL_ON_INDEX
      THEN
         NULL;
   END;

   BEGIN
      INSERT INTO sgt_subtabs_det
                  (sdetalle, cempres, csubtabla, cversubt, ccla1, ccla2,
                   ccla3, ccla4, ccla5, ccla6, ccla7, ccla8, nval1,
                   nval2, nval3, nval4, nval5, nval6, falta, cusualt,
                   fmodifi, cusumod, ccla9, ccla10, nval7, nval8, nval9,
                   nval10
                  )
           VALUES (sdetalle_conf.NEXTVAL, 24, 8000047, 1, 80002, 0,
                   1694720, NULL, NULL, NULL, NULL, NULL, 859.931250207498,
                   NULL, NULL, NULL, NULL, NULL, f_sysdate, f_user,
                   NULL, NULL, NULL, NULL, NULL, NULL, NULL,
                   NULL
                  );
   EXCEPTION
      WHEN DUP_VAL_ON_INDEX
      THEN
         NULL;
   END;

   BEGIN
      INSERT INTO sgt_subtabs_det
                  (sdetalle, cempres, csubtabla, cversubt, ccla1, ccla2,
                   ccla3, ccla4, ccla5, ccla6, ccla7, ccla8, nval1,
                   nval2, nval3, nval4, nval5, nval6, falta, cusualt,
                   fmodifi, cusumod, ccla9, ccla10, nval7, nval8, nval9,
                   nval10
                  )
           VALUES (sdetalle_conf.NEXTVAL, 24, 8000047, 1, 80003, 0,
                   1694720, NULL, NULL, NULL, NULL, NULL, 859.931250207498,
                   NULL, NULL, NULL, NULL, NULL, f_sysdate, f_user,
                   NULL, NULL, NULL, NULL, NULL, NULL, NULL,
                   NULL
                  );
   EXCEPTION
      WHEN DUP_VAL_ON_INDEX
      THEN
         NULL;
   END;

   BEGIN
      INSERT INTO sgt_subtabs_det
                  (sdetalle, cempres, csubtabla, cversubt, ccla1, ccla2,
                   ccla3, ccla4, ccla5, ccla6, ccla7, ccla8, nval1,
                   nval2, nval3, nval4, nval5, nval6, falta, cusualt,
                   fmodifi, cusumod, ccla9, ccla10, nval7, nval8, nval9,
                   nval10
                  )
           VALUES (sdetalle_conf.NEXTVAL, 24, 8000047, 1, 80001, 3,
                   1694720, NULL, NULL, NULL, NULL, NULL, 828.030952646579,
                   NULL, NULL, NULL, NULL, NULL, f_sysdate, f_user,
                   NULL, NULL, NULL, NULL, NULL, NULL, NULL,
                   NULL
                  );
   EXCEPTION
      WHEN DUP_VAL_ON_INDEX
      THEN
         NULL;
   END;

   BEGIN
      INSERT INTO sgt_subtabs_det
                  (sdetalle, cempres, csubtabla, cversubt, ccla1, ccla2,
                   ccla3, ccla4, ccla5, ccla6, ccla7, ccla8, nval1,
                   nval2, nval3, nval4, nval5, nval6, falta, cusualt,
                   fmodifi, cusumod, ccla9, ccla10, nval7, nval8, nval9,
                   nval10
                  )
           VALUES (sdetalle_conf.NEXTVAL, 24, 8000047, 1, 80002, 3,
                   1694720, NULL, NULL, NULL, NULL, NULL, 828.030952646579,
                   NULL, NULL, NULL, NULL, NULL, f_sysdate, f_user,
                   NULL, NULL, NULL, NULL, NULL, NULL, NULL,
                   NULL
                  );
   EXCEPTION
      WHEN DUP_VAL_ON_INDEX
      THEN
         NULL;
   END;

   BEGIN
      INSERT INTO sgt_subtabs_det
                  (sdetalle, cempres, csubtabla, cversubt, ccla1, ccla2,
                   ccla3, ccla4, ccla5, ccla6, ccla7, ccla8, nval1,
                   nval2, nval3, nval4, nval5, nval6, falta, cusualt,
                   fmodifi, cusumod, ccla9, ccla10, nval7, nval8, nval9,
                   nval10
                  )
           VALUES (sdetalle_conf.NEXTVAL, 24, 8000047, 1, 80003, 3,
                   1694720, NULL, NULL, NULL, NULL, NULL, 828.030952646579,
                   NULL, NULL, NULL, NULL, NULL, f_sysdate, f_user,
                   NULL, NULL, NULL, NULL, NULL, NULL, NULL,
                   NULL
                  );
   EXCEPTION
      WHEN DUP_VAL_ON_INDEX
      THEN
         NULL;
   END;

   BEGIN
      INSERT INTO sgt_subtabs_det
                  (sdetalle, cempres, csubtabla, cversubt, ccla1, ccla2,
                   ccla3, ccla4, ccla5, ccla6, ccla7, ccla8, nval1,
                   nval2, nval3, nval4, nval5, nval6, falta, cusualt,
                   fmodifi, cusumod, ccla9, ccla10, nval7, nval8, nval9,
                   nval10
                  )
           VALUES (sdetalle_conf.NEXTVAL, 24, 8000047, 1, 80001, 1,
                   1694720, NULL, NULL, NULL, NULL, NULL, 937.709099709186,
                   NULL, NULL, NULL, NULL, NULL, f_sysdate, f_user,
                   NULL, NULL, NULL, NULL, NULL, NULL, NULL,
                   NULL
                  );
   EXCEPTION
      WHEN DUP_VAL_ON_INDEX
      THEN
         NULL;
   END;

   BEGIN
      INSERT INTO sgt_subtabs_det
                  (sdetalle, cempres, csubtabla, cversubt, ccla1, ccla2,
                   ccla3, ccla4, ccla5, ccla6, ccla7, ccla8, nval1,
                   nval2, nval3, nval4, nval5, nval6, falta, cusualt,
                   fmodifi, cusumod, ccla9, ccla10, nval7, nval8, nval9,
                   nval10
                  )
           VALUES (sdetalle_conf.NEXTVAL, 24, 8000047, 1, 80002, 1,
                   1694720, NULL, NULL, NULL, NULL, NULL, 937.709099709186,
                   NULL, NULL, NULL, NULL, NULL, f_sysdate, f_user,
                   NULL, NULL, NULL, NULL, NULL, NULL, NULL,
                   NULL
                  );
   EXCEPTION
      WHEN DUP_VAL_ON_INDEX
      THEN
         NULL;
   END;

   BEGIN
      INSERT INTO sgt_subtabs_det
                  (sdetalle, cempres, csubtabla, cversubt, ccla1, ccla2,
                   ccla3, ccla4, ccla5, ccla6, ccla7, ccla8, nval1,
                   nval2, nval3, nval4, nval5, nval6, falta, cusualt,
                   fmodifi, cusumod, ccla9, ccla10, nval7, nval8, nval9,
                   nval10
                  )
           VALUES (sdetalle_conf.NEXTVAL, 24, 8000047, 1, 80003, 1,
                   1694720, NULL, NULL, NULL, NULL, NULL, 937.709099709186,
                   NULL, NULL, NULL, NULL, NULL, f_sysdate, f_user,
                   NULL, NULL, NULL, NULL, NULL, NULL, NULL,
                   NULL
                  );
   EXCEPTION
      WHEN DUP_VAL_ON_INDEX
      THEN
         NULL;
   END;

   BEGIN
      INSERT INTO sgt_subtabs_det
                  (sdetalle, cempres, csubtabla, cversubt, ccla1, ccla2,
                   ccla3, ccla4, ccla5, ccla6, ccla7, ccla8, nval1,
                   nval2, nval3, nval4, nval5, nval6, falta, cusualt,
                   fmodifi, cusumod, ccla9, ccla10, nval7, nval8, nval9,
                   nval10
                  )
           VALUES (sdetalle_conf.NEXTVAL, 24, 8000047, 1, 80001, 1,
                   1694720, NULL, NULL, NULL, NULL, NULL, 937.709099709186,
                   NULL, NULL, NULL, NULL, NULL, f_sysdate, f_user,
                   NULL, NULL, NULL, NULL, NULL, NULL, NULL,
                   NULL
                  );
   EXCEPTION
      WHEN DUP_VAL_ON_INDEX
      THEN
         NULL;
   END;

   BEGIN
      INSERT INTO sgt_subtabs_det
                  (sdetalle, cempres, csubtabla, cversubt, ccla1, ccla2,
                   ccla3, ccla4, ccla5, ccla6, ccla7, ccla8, nval1,
                   nval2, nval3, nval4, nval5, nval6, falta, cusualt,
                   fmodifi, cusumod, ccla9, ccla10, nval7, nval8, nval9,
                   nval10
                  )
           VALUES (sdetalle_conf.NEXTVAL, 24, 8000047, 1, 80002, 1,
                   1694720, NULL, NULL, NULL, NULL, NULL, 937.709099709186,
                   NULL, NULL, NULL, NULL, NULL, f_sysdate, f_user,
                   NULL, NULL, NULL, NULL, NULL, NULL, NULL,
                   NULL
                  );
   EXCEPTION
      WHEN DUP_VAL_ON_INDEX
      THEN
         NULL;
   END;

   BEGIN
      INSERT INTO sgt_subtabs_det
                  (sdetalle, cempres, csubtabla, cversubt, ccla1, ccla2,
                   ccla3, ccla4, ccla5, ccla6, ccla7, ccla8, nval1,
                   nval2, nval3, nval4, nval5, nval6, falta, cusualt,
                   fmodifi, cusumod, ccla9, ccla10, nval7, nval8, nval9,
                   nval10
                  )
           VALUES (sdetalle_conf.NEXTVAL, 24, 8000047, 1, 80003, 1,
                   1694720, NULL, NULL, NULL, NULL, NULL, 937.709099709186,
                   NULL, NULL, NULL, NULL, NULL, f_sysdate, f_user,
                   NULL, NULL, NULL, NULL, NULL, NULL, NULL,
                   NULL
                  );
   EXCEPTION
      WHEN DUP_VAL_ON_INDEX
      THEN
         NULL;
   END;

   BEGIN
      INSERT INTO sgt_subtabs_det
                  (sdetalle, cempres, csubtabla, cversubt, ccla1, ccla2,
                   ccla3, ccla4, ccla5, ccla6, ccla7, ccla8, nval1,
                   nval2, nval3, nval4, nval5, nval6, falta, cusualt,
                   fmodifi, cusumod, ccla9, ccla10, nval7, nval8, nval9,
                   nval10
                  )
           VALUES (sdetalle_conf.NEXTVAL, 24, 8000047, 1, 80001, 2,
                   1694720, NULL, NULL, NULL, NULL, NULL, 859.931250207498,
                   NULL, NULL, NULL, NULL, NULL, f_sysdate, f_user,
                   NULL, NULL, NULL, NULL, NULL, NULL, NULL,
                   NULL
                  );
   EXCEPTION
      WHEN DUP_VAL_ON_INDEX
      THEN
         NULL;
   END;

   BEGIN
      INSERT INTO sgt_subtabs_det
                  (sdetalle, cempres, csubtabla, cversubt, ccla1, ccla2,
                   ccla3, ccla4, ccla5, ccla6, ccla7, ccla8, nval1,
                   nval2, nval3, nval4, nval5, nval6, falta, cusualt,
                   fmodifi, cusumod, ccla9, ccla10, nval7, nval8, nval9,
                   nval10
                  )
           VALUES (sdetalle_conf.NEXTVAL, 24, 8000047, 1, 80002, 2,
                   1694720, NULL, NULL, NULL, NULL, NULL, 859.931250207498,
                   NULL, NULL, NULL, NULL, NULL, f_sysdate, f_user,
                   NULL, NULL, NULL, NULL, NULL, NULL, NULL,
                   NULL
                  );
   EXCEPTION
      WHEN DUP_VAL_ON_INDEX
      THEN
         NULL;
   END;

   BEGIN
      INSERT INTO sgt_subtabs_det
                  (sdetalle, cempres, csubtabla, cversubt, ccla1, ccla2,
                   ccla3, ccla4, ccla5, ccla6, ccla7, ccla8, nval1,
                   nval2, nval3, nval4, nval5, nval6, falta, cusualt,
                   fmodifi, cusumod, ccla9, ccla10, nval7, nval8, nval9,
                   nval10
                  )
           VALUES (sdetalle_conf.NEXTVAL, 24, 8000047, 1, 80003, 2,
                   1694720, NULL, NULL, NULL, NULL, NULL, 859.931250207498,
                   NULL, NULL, NULL, NULL, NULL, f_sysdate, f_user,
                   NULL, NULL, NULL, NULL, NULL, NULL, NULL,
                   NULL
                  );
   EXCEPTION
      WHEN DUP_VAL_ON_INDEX
      THEN
         NULL;
   END;

   BEGIN
      INSERT INTO sgt_subtabs_det
                  (sdetalle, cempres, csubtabla, cversubt, ccla1, ccla2,
                   ccla3, ccla4, ccla5, ccla6, ccla7, ccla8, nval1,
                   nval2, nval3, nval4, nval5, nval6, falta, cusualt,
                   fmodifi, cusumod, ccla9, ccla10, nval7, nval8, nval9,
                   nval10
                  )
           VALUES (sdetalle_conf.NEXTVAL, 24, 8000047, 1, 80001, 0,
                   1694720, NULL, NULL, NULL, NULL, NULL, 859.931250207498,
                   NULL, NULL, NULL, NULL, NULL, f_sysdate, f_user,
                   NULL, NULL, NULL, NULL, NULL, NULL, NULL,
                   NULL
                  );
   EXCEPTION
      WHEN DUP_VAL_ON_INDEX
      THEN
         NULL;
   END;

   BEGIN
      INSERT INTO sgt_subtabs_det
                  (sdetalle, cempres, csubtabla, cversubt, ccla1, ccla2,
                   ccla3, ccla4, ccla5, ccla6, ccla7, ccla8, nval1,
                   nval2, nval3, nval4, nval5, nval6, falta, cusualt,
                   fmodifi, cusumod, ccla9, ccla10, nval7, nval8, nval9,
                   nval10
                  )
           VALUES (sdetalle_conf.NEXTVAL, 24, 8000047, 1, 80002, 0,
                   1694720, NULL, NULL, NULL, NULL, NULL, 859.931250207498,
                   NULL, NULL, NULL, NULL, NULL, f_sysdate, f_user,
                   NULL, NULL, NULL, NULL, NULL, NULL, NULL,
                   NULL
                  );
   EXCEPTION
      WHEN DUP_VAL_ON_INDEX
      THEN
         NULL;
   END;

   BEGIN
      INSERT INTO sgt_subtabs_det
                  (sdetalle, cempres, csubtabla, cversubt, ccla1, ccla2,
                   ccla3, ccla4, ccla5, ccla6, ccla7, ccla8, nval1,
                   nval2, nval3, nval4, nval5, nval6, falta, cusualt,
                   fmodifi, cusumod, ccla9, ccla10, nval7, nval8, nval9,
                   nval10
                  )
           VALUES (sdetalle_conf.NEXTVAL, 24, 8000047, 1, 80003, 0,
                   1694720, NULL, NULL, NULL, NULL, NULL, 859.931250207498,
                   NULL, NULL, NULL, NULL, NULL, f_sysdate, f_user,
                   NULL, NULL, NULL, NULL, NULL, NULL, NULL,
                   NULL
                  );
   EXCEPTION
      WHEN DUP_VAL_ON_INDEX
      THEN
         NULL;
   END;

   BEGIN
      INSERT INTO sgt_subtabs_det
                  (sdetalle, cempres, csubtabla, cversubt, ccla1, ccla2,
                   ccla3, ccla4, ccla5, ccla6, ccla7, ccla8, nval1,
                   nval2, nval3, nval4, nval5, nval6, falta, cusualt,
                   fmodifi, cusumod, ccla9, ccla10, nval7, nval8, nval9,
                   nval10
                  )
           VALUES (sdetalle_conf.NEXTVAL, 24, 8000047, 1, 80001, 1,
                   1694720, NULL, NULL, NULL, NULL, NULL, 937.709099709186,
                   NULL, NULL, NULL, NULL, NULL, f_sysdate, f_user,
                   NULL, NULL, NULL, NULL, NULL, NULL, NULL,
                   NULL
                  );
   EXCEPTION
      WHEN DUP_VAL_ON_INDEX
      THEN
         NULL;
   END;

   BEGIN
      INSERT INTO sgt_subtabs_det
                  (sdetalle, cempres, csubtabla, cversubt, ccla1, ccla2,
                   ccla3, ccla4, ccla5, ccla6, ccla7, ccla8, nval1,
                   nval2, nval3, nval4, nval5, nval6, falta, cusualt,
                   fmodifi, cusumod, ccla9, ccla10, nval7, nval8, nval9,
                   nval10
                  )
           VALUES (sdetalle_conf.NEXTVAL, 24, 8000047, 1, 80002, 1,
                   1694720, NULL, NULL, NULL, NULL, NULL, 937.709099709186,
                   NULL, NULL, NULL, NULL, NULL, f_sysdate, f_user,
                   NULL, NULL, NULL, NULL, NULL, NULL, NULL,
                   NULL
                  );
   EXCEPTION
      WHEN DUP_VAL_ON_INDEX
      THEN
         NULL;
   END;

   BEGIN
      INSERT INTO sgt_subtabs_det
                  (sdetalle, cempres, csubtabla, cversubt, ccla1, ccla2,
                   ccla3, ccla4, ccla5, ccla6, ccla7, ccla8, nval1,
                   nval2, nval3, nval4, nval5, nval6, falta, cusualt,
                   fmodifi, cusumod, ccla9, ccla10, nval7, nval8, nval9,
                   nval10
                  )
           VALUES (sdetalle_conf.NEXTVAL, 24, 8000047, 1, 80003, 1,
                   1694720, NULL, NULL, NULL, NULL, NULL, 937.709099709186,
                   NULL, NULL, NULL, NULL, NULL, f_sysdate, f_user,
                   NULL, NULL, NULL, NULL, NULL, NULL, NULL,
                   NULL
                  );
   EXCEPTION
      WHEN DUP_VAL_ON_INDEX
      THEN
         NULL;
   END;

   BEGIN
      INSERT INTO sgt_subtabs_det
                  (sdetalle, cempres, csubtabla, cversubt, ccla1, ccla2,
                   ccla3, ccla4, ccla5, ccla6, ccla7, ccla8, nval1,
                   nval2, nval3, nval4, nval5, nval6, falta, cusualt,
                   fmodifi, cusumod, ccla9, ccla10, nval7, nval8, nval9,
                   nval10
                  )
           VALUES (sdetalle_conf.NEXTVAL, 24, 8000047, 1, 80001, 0,
                   1694720, NULL, NULL, NULL, NULL, NULL, 859.931250207498,
                   NULL, NULL, NULL, NULL, NULL, f_sysdate, f_user,
                   NULL, NULL, NULL, NULL, NULL, NULL, NULL,
                   NULL
                  );
   EXCEPTION
      WHEN DUP_VAL_ON_INDEX
      THEN
         NULL;
   END;

   BEGIN
      INSERT INTO sgt_subtabs_det
                  (sdetalle, cempres, csubtabla, cversubt, ccla1, ccla2,
                   ccla3, ccla4, ccla5, ccla6, ccla7, ccla8, nval1,
                   nval2, nval3, nval4, nval5, nval6, falta, cusualt,
                   fmodifi, cusumod, ccla9, ccla10, nval7, nval8, nval9,
                   nval10
                  )
           VALUES (sdetalle_conf.NEXTVAL, 24, 8000047, 1, 80002, 0,
                   1694720, NULL, NULL, NULL, NULL, NULL, 859.931250207498,
                   NULL, NULL, NULL, NULL, NULL, f_sysdate, f_user,
                   NULL, NULL, NULL, NULL, NULL, NULL, NULL,
                   NULL
                  );
   EXCEPTION
      WHEN DUP_VAL_ON_INDEX
      THEN
         NULL;
   END;

   BEGIN
      INSERT INTO sgt_subtabs_det
                  (sdetalle, cempres, csubtabla, cversubt, ccla1, ccla2,
                   ccla3, ccla4, ccla5, ccla6, ccla7, ccla8, nval1,
                   nval2, nval3, nval4, nval5, nval6, falta, cusualt,
                   fmodifi, cusumod, ccla9, ccla10, nval7, nval8, nval9,
                   nval10
                  )
           VALUES (sdetalle_conf.NEXTVAL, 24, 8000047, 1, 80003, 0,
                   1694720, NULL, NULL, NULL, NULL, NULL, 859.931250207498,
                   NULL, NULL, NULL, NULL, NULL, f_sysdate, f_user,
                   NULL, NULL, NULL, NULL, NULL, NULL, NULL,
                   NULL
                  );
   EXCEPTION
      WHEN DUP_VAL_ON_INDEX
      THEN
         NULL;
   END;

   BEGIN
      INSERT INTO sgt_subtabs_det
                  (sdetalle, cempres, csubtabla, cversubt, ccla1, ccla2,
                   ccla3, ccla4, ccla5, ccla6, ccla7, ccla8, nval1,
                   nval2, nval3, nval4, nval5, nval6, falta, cusualt,
                   fmodifi, cusumod, ccla9, ccla10, nval7, nval8, nval9,
                   nval10
                  )
           VALUES (sdetalle_conf.NEXTVAL, 24, 8000047, 1, 80001, 3,
                   1694720, NULL, NULL, NULL, NULL, NULL, 828.030952646579,
                   NULL, NULL, NULL, NULL, NULL, f_sysdate, f_user,
                   NULL, NULL, NULL, NULL, NULL, NULL, NULL,
                   NULL
                  );
   EXCEPTION
      WHEN DUP_VAL_ON_INDEX
      THEN
         NULL;
   END;

   BEGIN
      INSERT INTO sgt_subtabs_det
                  (sdetalle, cempres, csubtabla, cversubt, ccla1, ccla2,
                   ccla3, ccla4, ccla5, ccla6, ccla7, ccla8, nval1,
                   nval2, nval3, nval4, nval5, nval6, falta, cusualt,
                   fmodifi, cusumod, ccla9, ccla10, nval7, nval8, nval9,
                   nval10
                  )
           VALUES (sdetalle_conf.NEXTVAL, 24, 8000047, 1, 80002, 3,
                   1694720, NULL, NULL, NULL, NULL, NULL, 828.030952646579,
                   NULL, NULL, NULL, NULL, NULL, f_sysdate, f_user,
                   NULL, NULL, NULL, NULL, NULL, NULL, NULL,
                   NULL
                  );
   EXCEPTION
      WHEN DUP_VAL_ON_INDEX
      THEN
         NULL;
   END;

   BEGIN
      INSERT INTO sgt_subtabs_det
                  (sdetalle, cempres, csubtabla, cversubt, ccla1, ccla2,
                   ccla3, ccla4, ccla5, ccla6, ccla7, ccla8, nval1,
                   nval2, nval3, nval4, nval5, nval6, falta, cusualt,
                   fmodifi, cusumod, ccla9, ccla10, nval7, nval8, nval9,
                   nval10
                  )
           VALUES (sdetalle_conf.NEXTVAL, 24, 8000047, 1, 80003, 3,
                   1694720, NULL, NULL, NULL, NULL, NULL, 828.030952646579,
                   NULL, NULL, NULL, NULL, NULL, f_sysdate, f_user,
                   NULL, NULL, NULL, NULL, NULL, NULL, NULL,
                   NULL
                  );
   EXCEPTION
      WHEN DUP_VAL_ON_INDEX
      THEN
         NULL;
   END;

   BEGIN
      INSERT INTO sgt_subtabs_det
                  (sdetalle, cempres, csubtabla, cversubt, ccla1, ccla2,
                   ccla3, ccla4, ccla5, ccla6, ccla7, ccla8, nval1,
                   nval2, nval3, nval4, nval5, nval6, falta, cusualt,
                   fmodifi, cusumod, ccla9, ccla10, nval7, nval8, nval9,
                   nval10
                  )
           VALUES (sdetalle_conf.NEXTVAL, 24, 8000047, 1, 80001, 1,
                   1694720, NULL, NULL, NULL, NULL, NULL, 937.709099709186,
                   NULL, NULL, NULL, NULL, NULL, f_sysdate, f_user,
                   NULL, NULL, NULL, NULL, NULL, NULL, NULL,
                   NULL
                  );
   EXCEPTION
      WHEN DUP_VAL_ON_INDEX
      THEN
         NULL;
   END;

   BEGIN
      INSERT INTO sgt_subtabs_det
                  (sdetalle, cempres, csubtabla, cversubt, ccla1, ccla2,
                   ccla3, ccla4, ccla5, ccla6, ccla7, ccla8, nval1,
                   nval2, nval3, nval4, nval5, nval6, falta, cusualt,
                   fmodifi, cusumod, ccla9, ccla10, nval7, nval8, nval9,
                   nval10
                  )
           VALUES (sdetalle_conf.NEXTVAL, 24, 8000047, 1, 80002, 1,
                   1694720, NULL, NULL, NULL, NULL, NULL, 937.709099709186,
                   NULL, NULL, NULL, NULL, NULL, f_sysdate, f_user,
                   NULL, NULL, NULL, NULL, NULL, NULL, NULL,
                   NULL
                  );
   EXCEPTION
      WHEN DUP_VAL_ON_INDEX
      THEN
         NULL;
   END;

   BEGIN
      INSERT INTO sgt_subtabs_det
                  (sdetalle, cempres, csubtabla, cversubt, ccla1, ccla2,
                   ccla3, ccla4, ccla5, ccla6, ccla7, ccla8, nval1,
                   nval2, nval3, nval4, nval5, nval6, falta, cusualt,
                   fmodifi, cusumod, ccla9, ccla10, nval7, nval8, nval9,
                   nval10
                  )
           VALUES (sdetalle_conf.NEXTVAL, 24, 8000047, 1, 80003, 1,
                   1694720, NULL, NULL, NULL, NULL, NULL, 937.709099709186,
                   NULL, NULL, NULL, NULL, NULL, f_sysdate, f_user,
                   NULL, NULL, NULL, NULL, NULL, NULL, NULL,
                   NULL
                  );
   EXCEPTION
      WHEN DUP_VAL_ON_INDEX
      THEN
         NULL;
   END;

   BEGIN
      INSERT INTO sgt_subtabs_det
                  (sdetalle, cempres, csubtabla, cversubt, ccla1, ccla2,
                   ccla3, ccla4, ccla5, ccla6, ccla7, ccla8, nval1,
                   nval2, nval3, nval4, nval5, nval6, falta, cusualt,
                   fmodifi, cusumod, ccla9, ccla10, nval7, nval8, nval9,
                   nval10
                  )
           VALUES (sdetalle_conf.NEXTVAL, 24, 8000047, 1, 80001, 2,
                   1694720, NULL, NULL, NULL, NULL, NULL, 859.931250207498,
                   NULL, NULL, NULL, NULL, NULL, f_sysdate, f_user,
                   NULL, NULL, NULL, NULL, NULL, NULL, NULL,
                   NULL
                  );
   EXCEPTION
      WHEN DUP_VAL_ON_INDEX
      THEN
         NULL;
   END;

   BEGIN
      INSERT INTO sgt_subtabs_det
                  (sdetalle, cempres, csubtabla, cversubt, ccla1, ccla2,
                   ccla3, ccla4, ccla5, ccla6, ccla7, ccla8, nval1,
                   nval2, nval3, nval4, nval5, nval6, falta, cusualt,
                   fmodifi, cusumod, ccla9, ccla10, nval7, nval8, nval9,
                   nval10
                  )
           VALUES (sdetalle_conf.NEXTVAL, 24, 8000047, 1, 80002, 2,
                   1694720, NULL, NULL, NULL, NULL, NULL, 859.931250207498,
                   NULL, NULL, NULL, NULL, NULL, f_sysdate, f_user,
                   NULL, NULL, NULL, NULL, NULL, NULL, NULL,
                   NULL
                  );
   EXCEPTION
      WHEN DUP_VAL_ON_INDEX
      THEN
         NULL;
   END;

   BEGIN
      INSERT INTO sgt_subtabs_det
                  (sdetalle, cempres, csubtabla, cversubt, ccla1, ccla2,
                   ccla3, ccla4, ccla5, ccla6, ccla7, ccla8, nval1,
                   nval2, nval3, nval4, nval5, nval6, falta, cusualt,
                   fmodifi, cusumod, ccla9, ccla10, nval7, nval8, nval9,
                   nval10
                  )
           VALUES (sdetalle_conf.NEXTVAL, 24, 8000047, 1, 80003, 2,
                   1694720, NULL, NULL, NULL, NULL, NULL, 859.931250207498,
                   NULL, NULL, NULL, NULL, NULL, f_sysdate, f_user,
                   NULL, NULL, NULL, NULL, NULL, NULL, NULL,
                   NULL
                  );
   EXCEPTION
      WHEN DUP_VAL_ON_INDEX
      THEN
         NULL;
   END;

   BEGIN
      INSERT INTO sgt_subtabs_det
                  (sdetalle, cempres, csubtabla, cversubt, ccla1, ccla2,
                   ccla3, ccla4, ccla5, ccla6, ccla7, ccla8, nval1,
                   nval2, nval3, nval4, nval5, nval6, falta, cusualt,
                   fmodifi, cusumod, ccla9, ccla10, nval7, nval8, nval9,
                   nval10
                  )
           VALUES (sdetalle_conf.NEXTVAL, 24, 8000047, 1, 80001, 0,
                   1694720, NULL, NULL, NULL, NULL, NULL, 859.931250207498,
                   NULL, NULL, NULL, NULL, NULL, f_sysdate, f_user,
                   NULL, NULL, NULL, NULL, NULL, NULL, NULL,
                   NULL
                  );
   EXCEPTION
      WHEN DUP_VAL_ON_INDEX
      THEN
         NULL;
   END;

   BEGIN
      INSERT INTO sgt_subtabs_det
                  (sdetalle, cempres, csubtabla, cversubt, ccla1, ccla2,
                   ccla3, ccla4, ccla5, ccla6, ccla7, ccla8, nval1,
                   nval2, nval3, nval4, nval5, nval6, falta, cusualt,
                   fmodifi, cusumod, ccla9, ccla10, nval7, nval8, nval9,
                   nval10
                  )
           VALUES (sdetalle_conf.NEXTVAL, 24, 8000047, 1, 80002, 0,
                   1694720, NULL, NULL, NULL, NULL, NULL, 859.931250207498,
                   NULL, NULL, NULL, NULL, NULL, f_sysdate, f_user,
                   NULL, NULL, NULL, NULL, NULL, NULL, NULL,
                   NULL
                  );
   EXCEPTION
      WHEN DUP_VAL_ON_INDEX
      THEN
         NULL;
   END;

   BEGIN
      INSERT INTO sgt_subtabs_det
                  (sdetalle, cempres, csubtabla, cversubt, ccla1, ccla2,
                   ccla3, ccla4, ccla5, ccla6, ccla7, ccla8, nval1,
                   nval2, nval3, nval4, nval5, nval6, falta, cusualt,
                   fmodifi, cusumod, ccla9, ccla10, nval7, nval8, nval9,
                   nval10
                  )
           VALUES (sdetalle_conf.NEXTVAL, 24, 8000047, 1, 80003, 0,
                   1694720, NULL, NULL, NULL, NULL, NULL, 859.931250207498,
                   NULL, NULL, NULL, NULL, NULL, f_sysdate, f_user,
                   NULL, NULL, NULL, NULL, NULL, NULL, NULL,
                   NULL
                  );
   EXCEPTION
      WHEN DUP_VAL_ON_INDEX
      THEN
         NULL;
   END;

   BEGIN
      INSERT INTO sgt_subtabs_det
                  (sdetalle, cempres, csubtabla, cversubt, ccla1, ccla2,
                   ccla3, ccla4, ccla5, ccla6, ccla7, ccla8, nval1,
                   nval2, nval3, nval4, nval5, nval6, falta, cusualt,
                   fmodifi, cusumod, ccla9, ccla10, nval7, nval8, nval9,
                   nval10
                  )
           VALUES (sdetalle_conf.NEXTVAL, 24, 8000047, 1, 80001, 3,
                   1694720, NULL, NULL, NULL, NULL, NULL, 828.030952646579,
                   NULL, NULL, NULL, NULL, NULL, f_sysdate, f_user,
                   NULL, NULL, NULL, NULL, NULL, NULL, NULL,
                   NULL
                  );
   EXCEPTION
      WHEN DUP_VAL_ON_INDEX
      THEN
         NULL;
   END;

   BEGIN
      INSERT INTO sgt_subtabs_det
                  (sdetalle, cempres, csubtabla, cversubt, ccla1, ccla2,
                   ccla3, ccla4, ccla5, ccla6, ccla7, ccla8, nval1,
                   nval2, nval3, nval4, nval5, nval6, falta, cusualt,
                   fmodifi, cusumod, ccla9, ccla10, nval7, nval8, nval9,
                   nval10
                  )
           VALUES (sdetalle_conf.NEXTVAL, 24, 8000047, 1, 80002, 3,
                   1694720, NULL, NULL, NULL, NULL, NULL, 828.030952646579,
                   NULL, NULL, NULL, NULL, NULL, f_sysdate, f_user,
                   NULL, NULL, NULL, NULL, NULL, NULL, NULL,
                   NULL
                  );
   EXCEPTION
      WHEN DUP_VAL_ON_INDEX
      THEN
         NULL;
   END;

   BEGIN
      INSERT INTO sgt_subtabs_det
                  (sdetalle, cempres, csubtabla, cversubt, ccla1, ccla2,
                   ccla3, ccla4, ccla5, ccla6, ccla7, ccla8, nval1,
                   nval2, nval3, nval4, nval5, nval6, falta, cusualt,
                   fmodifi, cusumod, ccla9, ccla10, nval7, nval8, nval9,
                   nval10
                  )
           VALUES (sdetalle_conf.NEXTVAL, 24, 8000047, 1, 80003, 3,
                   1694720, NULL, NULL, NULL, NULL, NULL, 828.030952646579,
                   NULL, NULL, NULL, NULL, NULL, f_sysdate, f_user,
                   NULL, NULL, NULL, NULL, NULL, NULL, NULL,
                   NULL
                  );
   EXCEPTION
      WHEN DUP_VAL_ON_INDEX
      THEN
         NULL;
   END;

   BEGIN
      INSERT INTO sgt_subtabs_det
                  (sdetalle, cempres, csubtabla, cversubt, ccla1, ccla2,
                   ccla3, ccla4, ccla5, ccla6, ccla7, ccla8, nval1,
                   nval2, nval3, nval4, nval5, nval6, falta, cusualt,
                   fmodifi, cusumod, ccla9, ccla10, nval7, nval8, nval9,
                   nval10
                  )
           VALUES (sdetalle_conf.NEXTVAL, 24, 8000047, 1, 80001, 1,
                   1694720, NULL, NULL, NULL, NULL, NULL, 937.709099709186,
                   NULL, NULL, NULL, NULL, NULL, f_sysdate, f_user,
                   NULL, NULL, NULL, NULL, NULL, NULL, NULL,
                   NULL
                  );
   EXCEPTION
      WHEN DUP_VAL_ON_INDEX
      THEN
         NULL;
   END;

   BEGIN
      INSERT INTO sgt_subtabs_det
                  (sdetalle, cempres, csubtabla, cversubt, ccla1, ccla2,
                   ccla3, ccla4, ccla5, ccla6, ccla7, ccla8, nval1,
                   nval2, nval3, nval4, nval5, nval6, falta, cusualt,
                   fmodifi, cusumod, ccla9, ccla10, nval7, nval8, nval9,
                   nval10
                  )
           VALUES (sdetalle_conf.NEXTVAL, 24, 8000047, 1, 80002, 1,
                   1694720, NULL, NULL, NULL, NULL, NULL, 937.709099709186,
                   NULL, NULL, NULL, NULL, NULL, f_sysdate, f_user,
                   NULL, NULL, NULL, NULL, NULL, NULL, NULL,
                   NULL
                  );
   EXCEPTION
      WHEN DUP_VAL_ON_INDEX
      THEN
         NULL;
   END;

   BEGIN
      INSERT INTO sgt_subtabs_det
                  (sdetalle, cempres, csubtabla, cversubt, ccla1, ccla2,
                   ccla3, ccla4, ccla5, ccla6, ccla7, ccla8, nval1,
                   nval2, nval3, nval4, nval5, nval6, falta, cusualt,
                   fmodifi, cusumod, ccla9, ccla10, nval7, nval8, nval9,
                   nval10
                  )
           VALUES (sdetalle_conf.NEXTVAL, 24, 8000047, 1, 80003, 1,
                   1694720, NULL, NULL, NULL, NULL, NULL, 937.709099709186,
                   NULL, NULL, NULL, NULL, NULL, f_sysdate, f_user,
                   NULL, NULL, NULL, NULL, NULL, NULL, NULL,
                   NULL
                  );
   EXCEPTION
      WHEN DUP_VAL_ON_INDEX
      THEN
         NULL;
   END;

   BEGIN
      INSERT INTO sgt_subtabs_det
                  (sdetalle, cempres, csubtabla, cversubt, ccla1, ccla2,
                   ccla3, ccla4, ccla5, ccla6, ccla7, ccla8, nval1,
                   nval2, nval3, nval4, nval5, nval6, falta, cusualt,
                   fmodifi, cusumod, ccla9, ccla10, nval7, nval8, nval9,
                   nval10
                  )
           VALUES (sdetalle_conf.NEXTVAL, 24, 8000047, 1, 80001, 2,
                   1694720, NULL, NULL, NULL, NULL, NULL, 859.931250207498,
                   NULL, NULL, NULL, NULL, NULL, f_sysdate, f_user,
                   NULL, NULL, NULL, NULL, NULL, NULL, NULL,
                   NULL
                  );
   EXCEPTION
      WHEN DUP_VAL_ON_INDEX
      THEN
         NULL;
   END;

   BEGIN
      INSERT INTO sgt_subtabs_det
                  (sdetalle, cempres, csubtabla, cversubt, ccla1, ccla2,
                   ccla3, ccla4, ccla5, ccla6, ccla7, ccla8, nval1,
                   nval2, nval3, nval4, nval5, nval6, falta, cusualt,
                   fmodifi, cusumod, ccla9, ccla10, nval7, nval8, nval9,
                   nval10
                  )
           VALUES (sdetalle_conf.NEXTVAL, 24, 8000047, 1, 80002, 2,
                   1694720, NULL, NULL, NULL, NULL, NULL, 859.931250207498,
                   NULL, NULL, NULL, NULL, NULL, f_sysdate, f_user,
                   NULL, NULL, NULL, NULL, NULL, NULL, NULL,
                   NULL
                  );
   EXCEPTION
      WHEN DUP_VAL_ON_INDEX
      THEN
         NULL;
   END;

   BEGIN
      INSERT INTO sgt_subtabs_det
                  (sdetalle, cempres, csubtabla, cversubt, ccla1, ccla2,
                   ccla3, ccla4, ccla5, ccla6, ccla7, ccla8, nval1,
                   nval2, nval3, nval4, nval5, nval6, falta, cusualt,
                   fmodifi, cusumod, ccla9, ccla10, nval7, nval8, nval9,
                   nval10
                  )
           VALUES (sdetalle_conf.NEXTVAL, 24, 8000047, 1, 80003, 2,
                   1694720, NULL, NULL, NULL, NULL, NULL, 859.931250207498,
                   NULL, NULL, NULL, NULL, NULL, f_sysdate, f_user,
                   NULL, NULL, NULL, NULL, NULL, NULL, NULL,
                   NULL
                  );
   EXCEPTION
      WHEN DUP_VAL_ON_INDEX
      THEN
         NULL;
   END;

   BEGIN
      INSERT INTO sgt_subtabs_det
                  (sdetalle, cempres, csubtabla, cversubt, ccla1, ccla2,
                   ccla3, ccla4, ccla5, ccla6, ccla7, ccla8, nval1,
                   nval2, nval3, nval4, nval5, nval6, falta, cusualt,
                   fmodifi, cusumod, ccla9, ccla10, nval7, nval8, nval9,
                   nval10
                  )
           VALUES (sdetalle_conf.NEXTVAL, 24, 8000047, 1, 80001, 1,
                   1694720, NULL, NULL, NULL, NULL, NULL, 937.709099709186,
                   NULL, NULL, NULL, NULL, NULL, f_sysdate, f_user,
                   NULL, NULL, NULL, NULL, NULL, NULL, NULL,
                   NULL
                  );
   EXCEPTION
      WHEN DUP_VAL_ON_INDEX
      THEN
         NULL;
   END;

   BEGIN
      INSERT INTO sgt_subtabs_det
                  (sdetalle, cempres, csubtabla, cversubt, ccla1, ccla2,
                   ccla3, ccla4, ccla5, ccla6, ccla7, ccla8, nval1,
                   nval2, nval3, nval4, nval5, nval6, falta, cusualt,
                   fmodifi, cusumod, ccla9, ccla10, nval7, nval8, nval9,
                   nval10
                  )
           VALUES (sdetalle_conf.NEXTVAL, 24, 8000047, 1, 80002, 1,
                   1694720, NULL, NULL, NULL, NULL, NULL, 937.709099709186,
                   NULL, NULL, NULL, NULL, NULL, f_sysdate, f_user,
                   NULL, NULL, NULL, NULL, NULL, NULL, NULL,
                   NULL
                  );
   EXCEPTION
      WHEN DUP_VAL_ON_INDEX
      THEN
         NULL;
   END;

   BEGIN
      INSERT INTO sgt_subtabs_det
                  (sdetalle, cempres, csubtabla, cversubt, ccla1, ccla2,
                   ccla3, ccla4, ccla5, ccla6, ccla7, ccla8, nval1,
                   nval2, nval3, nval4, nval5, nval6, falta, cusualt,
                   fmodifi, cusumod, ccla9, ccla10, nval7, nval8, nval9,
                   nval10
                  )
           VALUES (sdetalle_conf.NEXTVAL, 24, 8000047, 1, 80003, 1,
                   1694720, NULL, NULL, NULL, NULL, NULL, 937.709099709186,
                   NULL, NULL, NULL, NULL, NULL, f_sysdate, f_user,
                   NULL, NULL, NULL, NULL, NULL, NULL, NULL,
                   NULL
                  );
   EXCEPTION
      WHEN DUP_VAL_ON_INDEX
      THEN
         NULL;
   END;

   BEGIN
      INSERT INTO sgt_subtabs_det
                  (sdetalle, cempres, csubtabla, cversubt, ccla1, ccla2,
                   ccla3, ccla4, ccla5, ccla6, ccla7, ccla8, nval1,
                   nval2, nval3, nval4, nval5, nval6, falta, cusualt,
                   fmodifi, cusumod, ccla9, ccla10, nval7, nval8, nval9,
                   nval10
                  )
           VALUES (sdetalle_conf.NEXTVAL, 24, 8000047, 1, 80001, 0,
                   1634720, NULL, NULL, NULL, NULL, NULL, 7.9614351328313,
                   NULL, NULL, NULL, NULL, NULL, f_sysdate, f_user,
                   NULL, NULL, NULL, NULL, NULL, NULL, NULL,
                   NULL
                  );
   EXCEPTION
      WHEN DUP_VAL_ON_INDEX
      THEN
         NULL;
   END;

   BEGIN
      INSERT INTO sgt_subtabs_det
                  (sdetalle, cempres, csubtabla, cversubt, ccla1, ccla2,
                   ccla3, ccla4, ccla5, ccla6, ccla7, ccla8, nval1,
                   nval2, nval3, nval4, nval5, nval6, falta, cusualt,
                   fmodifi, cusumod, ccla9, ccla10, nval7, nval8, nval9,
                   nval10
                  )
           VALUES (sdetalle_conf.NEXTVAL, 24, 8000047, 1, 80002, 0,
                   1634720, NULL, NULL, NULL, NULL, NULL, 7.9614351328313,
                   NULL, NULL, NULL, NULL, NULL, f_sysdate, f_user,
                   NULL, NULL, NULL, NULL, NULL, NULL, NULL,
                   NULL
                  );
   EXCEPTION
      WHEN DUP_VAL_ON_INDEX
      THEN
         NULL;
   END;

   BEGIN
      INSERT INTO sgt_subtabs_det
                  (sdetalle, cempres, csubtabla, cversubt, ccla1, ccla2,
                   ccla3, ccla4, ccla5, ccla6, ccla7, ccla8, nval1,
                   nval2, nval3, nval4, nval5, nval6, falta, cusualt,
                   fmodifi, cusumod, ccla9, ccla10, nval7, nval8, nval9,
                   nval10
                  )
           VALUES (sdetalle_conf.NEXTVAL, 24, 8000047, 1, 80003, 0,
                   1634720, NULL, NULL, NULL, NULL, NULL, 7.9614351328313,
                   NULL, NULL, NULL, NULL, NULL, f_sysdate, f_user,
                   NULL, NULL, NULL, NULL, NULL, NULL, NULL,
                   NULL
                  );
   EXCEPTION
      WHEN DUP_VAL_ON_INDEX
      THEN
         NULL;
   END;

   BEGIN
      INSERT INTO sgt_subtabs_det
                  (sdetalle, cempres, csubtabla, cversubt, ccla1, ccla2,
                   ccla3, ccla4, ccla5, ccla6, ccla7, ccla8, nval1,
                   nval2, nval3, nval4, nval5, nval6, falta, cusualt,
                   fmodifi, cusumod, ccla9, ccla10, nval7, nval8, nval9,
                   nval10
                  )
           VALUES (sdetalle_conf.NEXTVAL, 24, 8000047, 1, 80001, 3,
                   1634720, NULL, NULL, NULL, NULL, NULL, 4.37367621249543,
                   NULL, NULL, NULL, NULL, NULL, f_sysdate, f_user,
                   NULL, NULL, NULL, NULL, NULL, NULL, NULL,
                   NULL
                  );
   EXCEPTION
      WHEN DUP_VAL_ON_INDEX
      THEN
         NULL;
   END;

   BEGIN
      INSERT INTO sgt_subtabs_det
                  (sdetalle, cempres, csubtabla, cversubt, ccla1, ccla2,
                   ccla3, ccla4, ccla5, ccla6, ccla7, ccla8, nval1,
                   nval2, nval3, nval4, nval5, nval6, falta, cusualt,
                   fmodifi, cusumod, ccla9, ccla10, nval7, nval8, nval9,
                   nval10
                  )
           VALUES (sdetalle_conf.NEXTVAL, 24, 8000047, 1, 80002, 3,
                   1634720, NULL, NULL, NULL, NULL, NULL, 4.37367621249543,
                   NULL, NULL, NULL, NULL, NULL, f_sysdate, f_user,
                   NULL, NULL, NULL, NULL, NULL, NULL, NULL,
                   NULL
                  );
   EXCEPTION
      WHEN DUP_VAL_ON_INDEX
      THEN
         NULL;
   END;

   BEGIN
      INSERT INTO sgt_subtabs_det
                  (sdetalle, cempres, csubtabla, cversubt, ccla1, ccla2,
                   ccla3, ccla4, ccla5, ccla6, ccla7, ccla8, nval1,
                   nval2, nval3, nval4, nval5, nval6, falta, cusualt,
                   fmodifi, cusumod, ccla9, ccla10, nval7, nval8, nval9,
                   nval10
                  )
           VALUES (sdetalle_conf.NEXTVAL, 24, 8000047, 1, 80003, 3,
                   1634720, NULL, NULL, NULL, NULL, NULL, 4.37367621249543,
                   NULL, NULL, NULL, NULL, NULL, f_sysdate, f_user,
                   NULL, NULL, NULL, NULL, NULL, NULL, NULL,
                   NULL
                  );
   EXCEPTION
      WHEN DUP_VAL_ON_INDEX
      THEN
         NULL;
   END;

   BEGIN
      INSERT INTO sgt_subtabs_det
                  (sdetalle, cempres, csubtabla, cversubt, ccla1, ccla2,
                   ccla3, ccla4, ccla5, ccla6, ccla7, ccla8, nval1,
                   nval2, nval3, nval4, nval5, nval6, falta, cusualt,
                   fmodifi, cusumod, ccla9, ccla10, nval7, nval8, nval9,
                   nval10
                  )
           VALUES (sdetalle_conf.NEXTVAL, 24, 8000047, 1, 80001, 1,
                   1634720, NULL, NULL, NULL, NULL, NULL, 16.7089451778814,
                   NULL, NULL, NULL, NULL, NULL, f_sysdate, f_user,
                   NULL, NULL, NULL, NULL, NULL, NULL, NULL,
                   NULL
                  );
   EXCEPTION
      WHEN DUP_VAL_ON_INDEX
      THEN
         NULL;
   END;

   BEGIN
      INSERT INTO sgt_subtabs_det
                  (sdetalle, cempres, csubtabla, cversubt, ccla1, ccla2,
                   ccla3, ccla4, ccla5, ccla6, ccla7, ccla8, nval1,
                   nval2, nval3, nval4, nval5, nval6, falta, cusualt,
                   fmodifi, cusumod, ccla9, ccla10, nval7, nval8, nval9,
                   nval10
                  )
           VALUES (sdetalle_conf.NEXTVAL, 24, 8000047, 1, 80002, 1,
                   1634720, NULL, NULL, NULL, NULL, NULL, 16.7089451778814,
                   NULL, NULL, NULL, NULL, NULL, f_sysdate, f_user,
                   NULL, NULL, NULL, NULL, NULL, NULL, NULL,
                   NULL
                  );
   EXCEPTION
      WHEN DUP_VAL_ON_INDEX
      THEN
         NULL;
   END;

   BEGIN
      INSERT INTO sgt_subtabs_det
                  (sdetalle, cempres, csubtabla, cversubt, ccla1, ccla2,
                   ccla3, ccla4, ccla5, ccla6, ccla7, ccla8, nval1,
                   nval2, nval3, nval4, nval5, nval6, falta, cusualt,
                   fmodifi, cusumod, ccla9, ccla10, nval7, nval8, nval9,
                   nval10
                  )
           VALUES (sdetalle_conf.NEXTVAL, 24, 8000047, 1, 80003, 1,
                   1634720, NULL, NULL, NULL, NULL, NULL, 16.7089451778814,
                   NULL, NULL, NULL, NULL, NULL, f_sysdate, f_user,
                   NULL, NULL, NULL, NULL, NULL, NULL, NULL,
                   NULL
                  );
   EXCEPTION
      WHEN DUP_VAL_ON_INDEX
      THEN
         NULL;
   END;

   BEGIN
      INSERT INTO sgt_subtabs_det
                  (sdetalle, cempres, csubtabla, cversubt, ccla1, ccla2,
                   ccla3, ccla4, ccla5, ccla6, ccla7, ccla8, nval1,
                   nval2, nval3, nval4, nval5, nval6, falta, cusualt,
                   fmodifi, cusumod, ccla9, ccla10, nval7, nval8, nval9,
                   nval10
                  )
           VALUES (sdetalle_conf.NEXTVAL, 24, 8000047, 1, 80001, 1,
                   1634720, NULL, NULL, NULL, NULL, NULL, 16.7089451778814,
                   NULL, NULL, NULL, NULL, NULL, f_sysdate, f_user,
                   NULL, NULL, NULL, NULL, NULL, NULL, NULL,
                   NULL
                  );
   EXCEPTION
      WHEN DUP_VAL_ON_INDEX
      THEN
         NULL;
   END;

   BEGIN
      INSERT INTO sgt_subtabs_det
                  (sdetalle, cempres, csubtabla, cversubt, ccla1, ccla2,
                   ccla3, ccla4, ccla5, ccla6, ccla7, ccla8, nval1,
                   nval2, nval3, nval4, nval5, nval6, falta, cusualt,
                   fmodifi, cusumod, ccla9, ccla10, nval7, nval8, nval9,
                   nval10
                  )
           VALUES (sdetalle_conf.NEXTVAL, 24, 8000047, 1, 80002, 1,
                   1634720, NULL, NULL, NULL, NULL, NULL, 16.7089451778814,
                   NULL, NULL, NULL, NULL, NULL, f_sysdate, f_user,
                   NULL, NULL, NULL, NULL, NULL, NULL, NULL,
                   NULL
                  );
   EXCEPTION
      WHEN DUP_VAL_ON_INDEX
      THEN
         NULL;
   END;

   BEGIN
      INSERT INTO sgt_subtabs_det
                  (sdetalle, cempres, csubtabla, cversubt, ccla1, ccla2,
                   ccla3, ccla4, ccla5, ccla6, ccla7, ccla8, nval1,
                   nval2, nval3, nval4, nval5, nval6, falta, cusualt,
                   fmodifi, cusumod, ccla9, ccla10, nval7, nval8, nval9,
                   nval10
                  )
           VALUES (sdetalle_conf.NEXTVAL, 24, 8000047, 1, 80003, 1,
                   1634720, NULL, NULL, NULL, NULL, NULL, 16.7089451778814,
                   NULL, NULL, NULL, NULL, NULL, f_sysdate, f_user,
                   NULL, NULL, NULL, NULL, NULL, NULL, NULL,
                   NULL
                  );
   EXCEPTION
      WHEN DUP_VAL_ON_INDEX
      THEN
         NULL;
   END;

   BEGIN
      INSERT INTO sgt_subtabs_det
                  (sdetalle, cempres, csubtabla, cversubt, ccla1, ccla2,
                   ccla3, ccla4, ccla5, ccla6, ccla7, ccla8, nval1,
                   nval2, nval3, nval4, nval5, nval6, falta, cusualt,
                   fmodifi, cusumod, ccla9, ccla10, nval7, nval8, nval9,
                   nval10
                  )
           VALUES (sdetalle_conf.NEXTVAL, 24, 8000047, 1, 80001, 2,
                   1634720, NULL, NULL, NULL, NULL, NULL, 7.9614351328313,
                   NULL, NULL, NULL, NULL, NULL, f_sysdate, f_user,
                   NULL, NULL, NULL, NULL, NULL, NULL, NULL,
                   NULL
                  );
   EXCEPTION
      WHEN DUP_VAL_ON_INDEX
      THEN
         NULL;
   END;

   BEGIN
      INSERT INTO sgt_subtabs_det
                  (sdetalle, cempres, csubtabla, cversubt, ccla1, ccla2,
                   ccla3, ccla4, ccla5, ccla6, ccla7, ccla8, nval1,
                   nval2, nval3, nval4, nval5, nval6, falta, cusualt,
                   fmodifi, cusumod, ccla9, ccla10, nval7, nval8, nval9,
                   nval10
                  )
           VALUES (sdetalle_conf.NEXTVAL, 24, 8000047, 1, 80002, 2,
                   1634720, NULL, NULL, NULL, NULL, NULL, 7.9614351328313,
                   NULL, NULL, NULL, NULL, NULL, f_sysdate, f_user,
                   NULL, NULL, NULL, NULL, NULL, NULL, NULL,
                   NULL
                  );
   EXCEPTION
      WHEN DUP_VAL_ON_INDEX
      THEN
         NULL;
   END;

   BEGIN
      INSERT INTO sgt_subtabs_det
                  (sdetalle, cempres, csubtabla, cversubt, ccla1, ccla2,
                   ccla3, ccla4, ccla5, ccla6, ccla7, ccla8, nval1,
                   nval2, nval3, nval4, nval5, nval6, falta, cusualt,
                   fmodifi, cusumod, ccla9, ccla10, nval7, nval8, nval9,
                   nval10
                  )
           VALUES (sdetalle_conf.NEXTVAL, 24, 8000047, 1, 80003, 2,
                   1634720, NULL, NULL, NULL, NULL, NULL, 7.9614351328313,
                   NULL, NULL, NULL, NULL, NULL, f_sysdate, f_user,
                   NULL, NULL, NULL, NULL, NULL, NULL, NULL,
                   NULL
                  );
   EXCEPTION
      WHEN DUP_VAL_ON_INDEX
      THEN
         NULL;
   END;

   BEGIN
      INSERT INTO sgt_subtabs_det
                  (sdetalle, cempres, csubtabla, cversubt, ccla1, ccla2,
                   ccla3, ccla4, ccla5, ccla6, ccla7, ccla8, nval1,
                   nval2, nval3, nval4, nval5, nval6, falta, cusualt,
                   fmodifi, cusumod, ccla9, ccla10, nval7, nval8, nval9,
                   nval10
                  )
           VALUES (sdetalle_conf.NEXTVAL, 24, 8000047, 1, 80001, 0,
                   1634720, NULL, NULL, NULL, NULL, NULL, 7.9614351328313,
                   NULL, NULL, NULL, NULL, NULL, f_sysdate, f_user,
                   NULL, NULL, NULL, NULL, NULL, NULL, NULL,
                   NULL
                  );
   EXCEPTION
      WHEN DUP_VAL_ON_INDEX
      THEN
         NULL;
   END;

   BEGIN
      INSERT INTO sgt_subtabs_det
                  (sdetalle, cempres, csubtabla, cversubt, ccla1, ccla2,
                   ccla3, ccla4, ccla5, ccla6, ccla7, ccla8, nval1,
                   nval2, nval3, nval4, nval5, nval6, falta, cusualt,
                   fmodifi, cusumod, ccla9, ccla10, nval7, nval8, nval9,
                   nval10
                  )
           VALUES (sdetalle_conf.NEXTVAL, 24, 8000047, 1, 80002, 0,
                   1634720, NULL, NULL, NULL, NULL, NULL, 7.9614351328313,
                   NULL, NULL, NULL, NULL, NULL, f_sysdate, f_user,
                   NULL, NULL, NULL, NULL, NULL, NULL, NULL,
                   NULL
                  );
   EXCEPTION
      WHEN DUP_VAL_ON_INDEX
      THEN
         NULL;
   END;

   BEGIN
      INSERT INTO sgt_subtabs_det
                  (sdetalle, cempres, csubtabla, cversubt, ccla1, ccla2,
                   ccla3, ccla4, ccla5, ccla6, ccla7, ccla8, nval1,
                   nval2, nval3, nval4, nval5, nval6, falta, cusualt,
                   fmodifi, cusumod, ccla9, ccla10, nval7, nval8, nval9,
                   nval10
                  )
           VALUES (sdetalle_conf.NEXTVAL, 24, 8000047, 1, 80003, 0,
                   1634720, NULL, NULL, NULL, NULL, NULL, 7.9614351328313,
                   NULL, NULL, NULL, NULL, NULL, f_sysdate, f_user,
                   NULL, NULL, NULL, NULL, NULL, NULL, NULL,
                   NULL
                  );
   EXCEPTION
      WHEN DUP_VAL_ON_INDEX
      THEN
         NULL;
   END;

   BEGIN
      INSERT INTO sgt_subtabs_det
                  (sdetalle, cempres, csubtabla, cversubt, ccla1, ccla2,
                   ccla3, ccla4, ccla5, ccla6, ccla7, ccla8, nval1,
                   nval2, nval3, nval4, nval5, nval6, falta, cusualt,
                   fmodifi, cusumod, ccla9, ccla10, nval7, nval8, nval9,
                   nval10
                  )
           VALUES (sdetalle_conf.NEXTVAL, 24, 8000047, 1, 80001, 3,
                   1634720, NULL, NULL, NULL, NULL, NULL, 4.37367621249543,
                   NULL, NULL, NULL, NULL, NULL, f_sysdate, f_user,
                   NULL, NULL, NULL, NULL, NULL, NULL, NULL,
                   NULL
                  );
   EXCEPTION
      WHEN DUP_VAL_ON_INDEX
      THEN
         NULL;
   END;

   BEGIN
      INSERT INTO sgt_subtabs_det
                  (sdetalle, cempres, csubtabla, cversubt, ccla1, ccla2,
                   ccla3, ccla4, ccla5, ccla6, ccla7, ccla8, nval1,
                   nval2, nval3, nval4, nval5, nval6, falta, cusualt,
                   fmodifi, cusumod, ccla9, ccla10, nval7, nval8, nval9,
                   nval10
                  )
           VALUES (sdetalle_conf.NEXTVAL, 24, 8000047, 1, 80002, 3,
                   1634720, NULL, NULL, NULL, NULL, NULL, 4.37367621249543,
                   NULL, NULL, NULL, NULL, NULL, f_sysdate, f_user,
                   NULL, NULL, NULL, NULL, NULL, NULL, NULL,
                   NULL
                  );
   EXCEPTION
      WHEN DUP_VAL_ON_INDEX
      THEN
         NULL;
   END;

   BEGIN
      INSERT INTO sgt_subtabs_det
                  (sdetalle, cempres, csubtabla, cversubt, ccla1, ccla2,
                   ccla3, ccla4, ccla5, ccla6, ccla7, ccla8, nval1,
                   nval2, nval3, nval4, nval5, nval6, falta, cusualt,
                   fmodifi, cusumod, ccla9, ccla10, nval7, nval8, nval9,
                   nval10
                  )
           VALUES (sdetalle_conf.NEXTVAL, 24, 8000047, 1, 80003, 3,
                   1634720, NULL, NULL, NULL, NULL, NULL, 4.37367621249543,
                   NULL, NULL, NULL, NULL, NULL, f_sysdate, f_user,
                   NULL, NULL, NULL, NULL, NULL, NULL, NULL,
                   NULL
                  );
   EXCEPTION
      WHEN DUP_VAL_ON_INDEX
      THEN
         NULL;
   END;

   BEGIN
      INSERT INTO sgt_subtabs_det
                  (sdetalle, cempres, csubtabla, cversubt, ccla1, ccla2,
                   ccla3, ccla4, ccla5, ccla6, ccla7, ccla8, nval1,
                   nval2, nval3, nval4, nval5, nval6, falta, cusualt,
                   fmodifi, cusumod, ccla9, ccla10, nval7, nval8, nval9,
                   nval10
                  )
           VALUES (sdetalle_conf.NEXTVAL, 24, 8000047, 1, 80001, 1,
                   1634720, NULL, NULL, NULL, NULL, NULL, 16.7089451778814,
                   NULL, NULL, NULL, NULL, NULL, f_sysdate, f_user,
                   NULL, NULL, NULL, NULL, NULL, NULL, NULL,
                   NULL
                  );
   EXCEPTION
      WHEN DUP_VAL_ON_INDEX
      THEN
         NULL;
   END;

   BEGIN
      INSERT INTO sgt_subtabs_det
                  (sdetalle, cempres, csubtabla, cversubt, ccla1, ccla2,
                   ccla3, ccla4, ccla5, ccla6, ccla7, ccla8, nval1,
                   nval2, nval3, nval4, nval5, nval6, falta, cusualt,
                   fmodifi, cusumod, ccla9, ccla10, nval7, nval8, nval9,
                   nval10
                  )
           VALUES (sdetalle_conf.NEXTVAL, 24, 8000047, 1, 80002, 1,
                   1634720, NULL, NULL, NULL, NULL, NULL, 16.7089451778814,
                   NULL, NULL, NULL, NULL, NULL, f_sysdate, f_user,
                   NULL, NULL, NULL, NULL, NULL, NULL, NULL,
                   NULL
                  );
   EXCEPTION
      WHEN DUP_VAL_ON_INDEX
      THEN
         NULL;
   END;

   BEGIN
      INSERT INTO sgt_subtabs_det
                  (sdetalle, cempres, csubtabla, cversubt, ccla1, ccla2,
                   ccla3, ccla4, ccla5, ccla6, ccla7, ccla8, nval1,
                   nval2, nval3, nval4, nval5, nval6, falta, cusualt,
                   fmodifi, cusumod, ccla9, ccla10, nval7, nval8, nval9,
                   nval10
                  )
           VALUES (sdetalle_conf.NEXTVAL, 24, 8000047, 1, 80003, 1,
                   1634720, NULL, NULL, NULL, NULL, NULL, 16.7089451778814,
                   NULL, NULL, NULL, NULL, NULL, f_sysdate, f_user,
                   NULL, NULL, NULL, NULL, NULL, NULL, NULL,
                   NULL
                  );
   EXCEPTION
      WHEN DUP_VAL_ON_INDEX
      THEN
         NULL;
   END;

   BEGIN
      INSERT INTO sgt_subtabs_det
                  (sdetalle, cempres, csubtabla, cversubt, ccla1, ccla2,
                   ccla3, ccla4, ccla5, ccla6, ccla7, ccla8, nval1,
                   nval2, nval3, nval4, nval5, nval6, falta, cusualt,
                   fmodifi, cusumod, ccla9, ccla10, nval7, nval8, nval9,
                   nval10
                  )
           VALUES (sdetalle_conf.NEXTVAL, 24, 8000047, 1, 80001, 1,
                   1634720, NULL, NULL, NULL, NULL, NULL, 16.7089451778814,
                   NULL, NULL, NULL, NULL, NULL, f_sysdate, f_user,
                   NULL, NULL, NULL, NULL, NULL, NULL, NULL,
                   NULL
                  );
   EXCEPTION
      WHEN DUP_VAL_ON_INDEX
      THEN
         NULL;
   END;

   BEGIN
      INSERT INTO sgt_subtabs_det
                  (sdetalle, cempres, csubtabla, cversubt, ccla1, ccla2,
                   ccla3, ccla4, ccla5, ccla6, ccla7, ccla8, nval1,
                   nval2, nval3, nval4, nval5, nval6, falta, cusualt,
                   fmodifi, cusumod, ccla9, ccla10, nval7, nval8, nval9,
                   nval10
                  )
           VALUES (sdetalle_conf.NEXTVAL, 24, 8000047, 1, 80002, 1,
                   1634720, NULL, NULL, NULL, NULL, NULL, 16.7089451778814,
                   NULL, NULL, NULL, NULL, NULL, f_sysdate, f_user,
                   NULL, NULL, NULL, NULL, NULL, NULL, NULL,
                   NULL
                  );
   EXCEPTION
      WHEN DUP_VAL_ON_INDEX
      THEN
         NULL;
   END;

   BEGIN
      INSERT INTO sgt_subtabs_det
                  (sdetalle, cempres, csubtabla, cversubt, ccla1, ccla2,
                   ccla3, ccla4, ccla5, ccla6, ccla7, ccla8, nval1,
                   nval2, nval3, nval4, nval5, nval6, falta, cusualt,
                   fmodifi, cusumod, ccla9, ccla10, nval7, nval8, nval9,
                   nval10
                  )
           VALUES (sdetalle_conf.NEXTVAL, 24, 8000047, 1, 80003, 1,
                   1634720, NULL, NULL, NULL, NULL, NULL, 16.7089451778814,
                   NULL, NULL, NULL, NULL, NULL, f_sysdate, f_user,
                   NULL, NULL, NULL, NULL, NULL, NULL, NULL,
                   NULL
                  );
   EXCEPTION
      WHEN DUP_VAL_ON_INDEX
      THEN
         NULL;
   END;

   BEGIN
      INSERT INTO sgt_subtabs_det
                  (sdetalle, cempres, csubtabla, cversubt, ccla1, ccla2,
                   ccla3, ccla4, ccla5, ccla6, ccla7, ccla8, nval1,
                   nval2, nval3, nval4, nval5, nval6, falta, cusualt,
                   fmodifi, cusumod, ccla9, ccla10, nval7, nval8, nval9,
                   nval10
                  )
           VALUES (sdetalle_conf.NEXTVAL, 24, 8000047, 1, 80001, 2,
                   1634720, NULL, NULL, NULL, NULL, NULL, 7.9614351328313,
                   NULL, NULL, NULL, NULL, NULL, f_sysdate, f_user,
                   NULL, NULL, NULL, NULL, NULL, NULL, NULL,
                   NULL
                  );
   EXCEPTION
      WHEN DUP_VAL_ON_INDEX
      THEN
         NULL;
   END;

   BEGIN
      INSERT INTO sgt_subtabs_det
                  (sdetalle, cempres, csubtabla, cversubt, ccla1, ccla2,
                   ccla3, ccla4, ccla5, ccla6, ccla7, ccla8, nval1,
                   nval2, nval3, nval4, nval5, nval6, falta, cusualt,
                   fmodifi, cusumod, ccla9, ccla10, nval7, nval8, nval9,
                   nval10
                  )
           VALUES (sdetalle_conf.NEXTVAL, 24, 8000047, 1, 80002, 2,
                   1634720, NULL, NULL, NULL, NULL, NULL, 7.9614351328313,
                   NULL, NULL, NULL, NULL, NULL, f_sysdate, f_user,
                   NULL, NULL, NULL, NULL, NULL, NULL, NULL,
                   NULL
                  );
   EXCEPTION
      WHEN DUP_VAL_ON_INDEX
      THEN
         NULL;
   END;

   BEGIN
      INSERT INTO sgt_subtabs_det
                  (sdetalle, cempres, csubtabla, cversubt, ccla1, ccla2,
                   ccla3, ccla4, ccla5, ccla6, ccla7, ccla8, nval1,
                   nval2, nval3, nval4, nval5, nval6, falta, cusualt,
                   fmodifi, cusumod, ccla9, ccla10, nval7, nval8, nval9,
                   nval10
                  )
           VALUES (sdetalle_conf.NEXTVAL, 24, 8000047, 1, 80003, 2,
                   1634720, NULL, NULL, NULL, NULL, NULL, 7.9614351328313,
                   NULL, NULL, NULL, NULL, NULL, f_sysdate, f_user,
                   NULL, NULL, NULL, NULL, NULL, NULL, NULL,
                   NULL
                  );
   EXCEPTION
      WHEN DUP_VAL_ON_INDEX
      THEN
         NULL;
   END;

   BEGIN
      INSERT INTO sgt_subtabs_det
                  (sdetalle, cempres, csubtabla, cversubt, ccla1, ccla2,
                   ccla3, ccla4, ccla5, ccla6, ccla7, ccla8, nval1,
                   nval2, nval3, nval4, nval5, nval6, falta, cusualt,
                   fmodifi, cusumod, ccla9, ccla10, nval7, nval8, nval9,
                   nval10
                  )
           VALUES (sdetalle_conf.NEXTVAL, 24, 8000047, 1, 80001, 0,
                   1634720, NULL, NULL, NULL, NULL, NULL, 7.9614351328313,
                   NULL, NULL, NULL, NULL, NULL, f_sysdate, f_user,
                   NULL, NULL, NULL, NULL, NULL, NULL, NULL,
                   NULL
                  );
   EXCEPTION
      WHEN DUP_VAL_ON_INDEX
      THEN
         NULL;
   END;

   BEGIN
      INSERT INTO sgt_subtabs_det
                  (sdetalle, cempres, csubtabla, cversubt, ccla1, ccla2,
                   ccla3, ccla4, ccla5, ccla6, ccla7, ccla8, nval1,
                   nval2, nval3, nval4, nval5, nval6, falta, cusualt,
                   fmodifi, cusumod, ccla9, ccla10, nval7, nval8, nval9,
                   nval10
                  )
           VALUES (sdetalle_conf.NEXTVAL, 24, 8000047, 1, 80002, 0,
                   1634720, NULL, NULL, NULL, NULL, NULL, 7.9614351328313,
                   NULL, NULL, NULL, NULL, NULL, f_sysdate, f_user,
                   NULL, NULL, NULL, NULL, NULL, NULL, NULL,
                   NULL
                  );
   EXCEPTION
      WHEN DUP_VAL_ON_INDEX
      THEN
         NULL;
   END;

   BEGIN
      INSERT INTO sgt_subtabs_det
                  (sdetalle, cempres, csubtabla, cversubt, ccla1, ccla2,
                   ccla3, ccla4, ccla5, ccla6, ccla7, ccla8, nval1,
                   nval2, nval3, nval4, nval5, nval6, falta, cusualt,
                   fmodifi, cusumod, ccla9, ccla10, nval7, nval8, nval9,
                   nval10
                  )
           VALUES (sdetalle_conf.NEXTVAL, 24, 8000047, 1, 80003, 0,
                   1634720, NULL, NULL, NULL, NULL, NULL, 7.9614351328313,
                   NULL, NULL, NULL, NULL, NULL, f_sysdate, f_user,
                   NULL, NULL, NULL, NULL, NULL, NULL, NULL,
                   NULL
                  );
   EXCEPTION
      WHEN DUP_VAL_ON_INDEX
      THEN
         NULL;
   END;

   BEGIN
      INSERT INTO sgt_subtabs_det
                  (sdetalle, cempres, csubtabla, cversubt, ccla1, ccla2,
                   ccla3, ccla4, ccla5, ccla6, ccla7, ccla8, nval1,
                   nval2, nval3, nval4, nval5, nval6, falta, cusualt,
                   fmodifi, cusumod, ccla9, ccla10, nval7, nval8, nval9,
                   nval10
                  )
           VALUES (sdetalle_conf.NEXTVAL, 24, 8000047, 1, 80001, 1,
                   1634720, NULL, NULL, NULL, NULL, NULL, 16.7089451778814,
                   NULL, NULL, NULL, NULL, NULL, f_sysdate, f_user,
                   NULL, NULL, NULL, NULL, NULL, NULL, NULL,
                   NULL
                  );
   EXCEPTION
      WHEN DUP_VAL_ON_INDEX
      THEN
         NULL;
   END;

   BEGIN
      INSERT INTO sgt_subtabs_det
                  (sdetalle, cempres, csubtabla, cversubt, ccla1, ccla2,
                   ccla3, ccla4, ccla5, ccla6, ccla7, ccla8, nval1,
                   nval2, nval3, nval4, nval5, nval6, falta, cusualt,
                   fmodifi, cusumod, ccla9, ccla10, nval7, nval8, nval9,
                   nval10
                  )
           VALUES (sdetalle_conf.NEXTVAL, 24, 8000047, 1, 80002, 1,
                   1634720, NULL, NULL, NULL, NULL, NULL, 16.7089451778814,
                   NULL, NULL, NULL, NULL, NULL, f_sysdate, f_user,
                   NULL, NULL, NULL, NULL, NULL, NULL, NULL,
                   NULL
                  );
   EXCEPTION
      WHEN DUP_VAL_ON_INDEX
      THEN
         NULL;
   END;

   BEGIN
      INSERT INTO sgt_subtabs_det
                  (sdetalle, cempres, csubtabla, cversubt, ccla1, ccla2,
                   ccla3, ccla4, ccla5, ccla6, ccla7, ccla8, nval1,
                   nval2, nval3, nval4, nval5, nval6, falta, cusualt,
                   fmodifi, cusumod, ccla9, ccla10, nval7, nval8, nval9,
                   nval10
                  )
           VALUES (sdetalle_conf.NEXTVAL, 24, 8000047, 1, 80003, 1,
                   1634720, NULL, NULL, NULL, NULL, NULL, 16.7089451778814,
                   NULL, NULL, NULL, NULL, NULL, f_sysdate, f_user,
                   NULL, NULL, NULL, NULL, NULL, NULL, NULL,
                   NULL
                  );
   EXCEPTION
      WHEN DUP_VAL_ON_INDEX
      THEN
         NULL;
   END;

   BEGIN
      INSERT INTO sgt_subtabs_det
                  (sdetalle, cempres, csubtabla, cversubt, ccla1, ccla2,
                   ccla3, ccla4, ccla5, ccla6, ccla7, ccla8, nval1,
                   nval2, nval3, nval4, nval5, nval6, falta, cusualt,
                   fmodifi, cusumod, ccla9, ccla10, nval7, nval8, nval9,
                   nval10
                  )
           VALUES (sdetalle_conf.NEXTVAL, 24, 8000047, 1, 80001, 0,
                   1634720, NULL, NULL, NULL, NULL, NULL, 7.9614351328313,
                   NULL, NULL, NULL, NULL, NULL, f_sysdate, f_user,
                   NULL, NULL, NULL, NULL, NULL, NULL, NULL,
                   NULL
                  );
   EXCEPTION
      WHEN DUP_VAL_ON_INDEX
      THEN
         NULL;
   END;

   BEGIN
      INSERT INTO sgt_subtabs_det
                  (sdetalle, cempres, csubtabla, cversubt, ccla1, ccla2,
                   ccla3, ccla4, ccla5, ccla6, ccla7, ccla8, nval1,
                   nval2, nval3, nval4, nval5, nval6, falta, cusualt,
                   fmodifi, cusumod, ccla9, ccla10, nval7, nval8, nval9,
                   nval10
                  )
           VALUES (sdetalle_conf.NEXTVAL, 24, 8000047, 1, 80002, 0,
                   1634720, NULL, NULL, NULL, NULL, NULL, 7.9614351328313,
                   NULL, NULL, NULL, NULL, NULL, f_sysdate, f_user,
                   NULL, NULL, NULL, NULL, NULL, NULL, NULL,
                   NULL
                  );
   EXCEPTION
      WHEN DUP_VAL_ON_INDEX
      THEN
         NULL;
   END;

   BEGIN
      INSERT INTO sgt_subtabs_det
                  (sdetalle, cempres, csubtabla, cversubt, ccla1, ccla2,
                   ccla3, ccla4, ccla5, ccla6, ccla7, ccla8, nval1,
                   nval2, nval3, nval4, nval5, nval6, falta, cusualt,
                   fmodifi, cusumod, ccla9, ccla10, nval7, nval8, nval9,
                   nval10
                  )
           VALUES (sdetalle_conf.NEXTVAL, 24, 8000047, 1, 80003, 0,
                   1634720, NULL, NULL, NULL, NULL, NULL, 7.9614351328313,
                   NULL, NULL, NULL, NULL, NULL, f_sysdate, f_user,
                   NULL, NULL, NULL, NULL, NULL, NULL, NULL,
                   NULL
                  );
   EXCEPTION
      WHEN DUP_VAL_ON_INDEX
      THEN
         NULL;
   END;

   BEGIN
      INSERT INTO sgt_subtabs_det
                  (sdetalle, cempres, csubtabla, cversubt, ccla1, ccla2,
                   ccla3, ccla4, ccla5, ccla6, ccla7, ccla8, nval1,
                   nval2, nval3, nval4, nval5, nval6, falta, cusualt,
                   fmodifi, cusumod, ccla9, ccla10, nval7, nval8, nval9,
                   nval10
                  )
           VALUES (sdetalle_conf.NEXTVAL, 24, 8000047, 1, 80001, 3,
                   1634720, NULL, NULL, NULL, NULL, NULL, 4.37367621249543,
                   NULL, NULL, NULL, NULL, NULL, f_sysdate, f_user,
                   NULL, NULL, NULL, NULL, NULL, NULL, NULL,
                   NULL
                  );
   EXCEPTION
      WHEN DUP_VAL_ON_INDEX
      THEN
         NULL;
   END;

   BEGIN
      INSERT INTO sgt_subtabs_det
                  (sdetalle, cempres, csubtabla, cversubt, ccla1, ccla2,
                   ccla3, ccla4, ccla5, ccla6, ccla7, ccla8, nval1,
                   nval2, nval3, nval4, nval5, nval6, falta, cusualt,
                   fmodifi, cusumod, ccla9, ccla10, nval7, nval8, nval9,
                   nval10
                  )
           VALUES (sdetalle_conf.NEXTVAL, 24, 8000047, 1, 80002, 3,
                   1634720, NULL, NULL, NULL, NULL, NULL, 4.37367621249543,
                   NULL, NULL, NULL, NULL, NULL, f_sysdate, f_user,
                   NULL, NULL, NULL, NULL, NULL, NULL, NULL,
                   NULL
                  );
   EXCEPTION
      WHEN DUP_VAL_ON_INDEX
      THEN
         NULL;
   END;

   BEGIN
      INSERT INTO sgt_subtabs_det
                  (sdetalle, cempres, csubtabla, cversubt, ccla1, ccla2,
                   ccla3, ccla4, ccla5, ccla6, ccla7, ccla8, nval1,
                   nval2, nval3, nval4, nval5, nval6, falta, cusualt,
                   fmodifi, cusumod, ccla9, ccla10, nval7, nval8, nval9,
                   nval10
                  )
           VALUES (sdetalle_conf.NEXTVAL, 24, 8000047, 1, 80003, 3,
                   1634720, NULL, NULL, NULL, NULL, NULL, 4.37367621249543,
                   NULL, NULL, NULL, NULL, NULL, f_sysdate, f_user,
                   NULL, NULL, NULL, NULL, NULL, NULL, NULL,
                   NULL
                  );
   EXCEPTION
      WHEN DUP_VAL_ON_INDEX
      THEN
         NULL;
   END;

   BEGIN
      INSERT INTO sgt_subtabs_det
                  (sdetalle, cempres, csubtabla, cversubt, ccla1, ccla2,
                   ccla3, ccla4, ccla5, ccla6, ccla7, ccla8, nval1,
                   nval2, nval3, nval4, nval5, nval6, falta, cusualt,
                   fmodifi, cusumod, ccla9, ccla10, nval7, nval8, nval9,
                   nval10
                  )
           VALUES (sdetalle_conf.NEXTVAL, 24, 8000047, 1, 80001, 1,
                   1634720, NULL, NULL, NULL, NULL, NULL, 16.7089451778814,
                   NULL, NULL, NULL, NULL, NULL, f_sysdate, f_user,
                   NULL, NULL, NULL, NULL, NULL, NULL, NULL,
                   NULL
                  );
   EXCEPTION
      WHEN DUP_VAL_ON_INDEX
      THEN
         NULL;
   END;

   BEGIN
      INSERT INTO sgt_subtabs_det
                  (sdetalle, cempres, csubtabla, cversubt, ccla1, ccla2,
                   ccla3, ccla4, ccla5, ccla6, ccla7, ccla8, nval1,
                   nval2, nval3, nval4, nval5, nval6, falta, cusualt,
                   fmodifi, cusumod, ccla9, ccla10, nval7, nval8, nval9,
                   nval10
                  )
           VALUES (sdetalle_conf.NEXTVAL, 24, 8000047, 1, 80002, 1,
                   1634720, NULL, NULL, NULL, NULL, NULL, 16.7089451778814,
                   NULL, NULL, NULL, NULL, NULL, f_sysdate, f_user,
                   NULL, NULL, NULL, NULL, NULL, NULL, NULL,
                   NULL
                  );
   EXCEPTION
      WHEN DUP_VAL_ON_INDEX
      THEN
         NULL;
   END;

   BEGIN
      INSERT INTO sgt_subtabs_det
                  (sdetalle, cempres, csubtabla, cversubt, ccla1, ccla2,
                   ccla3, ccla4, ccla5, ccla6, ccla7, ccla8, nval1,
                   nval2, nval3, nval4, nval5, nval6, falta, cusualt,
                   fmodifi, cusumod, ccla9, ccla10, nval7, nval8, nval9,
                   nval10
                  )
           VALUES (sdetalle_conf.NEXTVAL, 24, 8000047, 1, 80003, 1,
                   1634720, NULL, NULL, NULL, NULL, NULL, 16.7089451778814,
                   NULL, NULL, NULL, NULL, NULL, f_sysdate, f_user,
                   NULL, NULL, NULL, NULL, NULL, NULL, NULL,
                   NULL
                  );
   EXCEPTION
      WHEN DUP_VAL_ON_INDEX
      THEN
         NULL;
   END;

   BEGIN
      INSERT INTO sgt_subtabs_det
                  (sdetalle, cempres, csubtabla, cversubt, ccla1, ccla2,
                   ccla3, ccla4, ccla5, ccla6, ccla7, ccla8, nval1,
                   nval2, nval3, nval4, nval5, nval6, falta, cusualt,
                   fmodifi, cusumod, ccla9, ccla10, nval7, nval8, nval9,
                   nval10
                  )
           VALUES (sdetalle_conf.NEXTVAL, 24, 8000047, 1, 80001, 2,
                   1634720, NULL, NULL, NULL, NULL, NULL, 7.9614351328313,
                   NULL, NULL, NULL, NULL, NULL, f_sysdate, f_user,
                   NULL, NULL, NULL, NULL, NULL, NULL, NULL,
                   NULL
                  );
   EXCEPTION
      WHEN DUP_VAL_ON_INDEX
      THEN
         NULL;
   END;

   BEGIN
      INSERT INTO sgt_subtabs_det
                  (sdetalle, cempres, csubtabla, cversubt, ccla1, ccla2,
                   ccla3, ccla4, ccla5, ccla6, ccla7, ccla8, nval1,
                   nval2, nval3, nval4, nval5, nval6, falta, cusualt,
                   fmodifi, cusumod, ccla9, ccla10, nval7, nval8, nval9,
                   nval10
                  )
           VALUES (sdetalle_conf.NEXTVAL, 24, 8000047, 1, 80002, 2,
                   1634720, NULL, NULL, NULL, NULL, NULL, 7.9614351328313,
                   NULL, NULL, NULL, NULL, NULL, f_sysdate, f_user,
                   NULL, NULL, NULL, NULL, NULL, NULL, NULL,
                   NULL
                  );
   EXCEPTION
      WHEN DUP_VAL_ON_INDEX
      THEN
         NULL;
   END;

   BEGIN
      INSERT INTO sgt_subtabs_det
                  (sdetalle, cempres, csubtabla, cversubt, ccla1, ccla2,
                   ccla3, ccla4, ccla5, ccla6, ccla7, ccla8, nval1,
                   nval2, nval3, nval4, nval5, nval6, falta, cusualt,
                   fmodifi, cusumod, ccla9, ccla10, nval7, nval8, nval9,
                   nval10
                  )
           VALUES (sdetalle_conf.NEXTVAL, 24, 8000047, 1, 80003, 2,
                   1634720, NULL, NULL, NULL, NULL, NULL, 7.9614351328313,
                   NULL, NULL, NULL, NULL, NULL, f_sysdate, f_user,
                   NULL, NULL, NULL, NULL, NULL, NULL, NULL,
                   NULL
                  );
   EXCEPTION
      WHEN DUP_VAL_ON_INDEX
      THEN
         NULL;
   END;

   BEGIN
      INSERT INTO sgt_subtabs_det
                  (sdetalle, cempres, csubtabla, cversubt, ccla1, ccla2,
                   ccla3, ccla4, ccla5, ccla6, ccla7, ccla8, nval1,
                   nval2, nval3, nval4, nval5, nval6, falta, cusualt,
                   fmodifi, cusumod, ccla9, ccla10, nval7, nval8, nval9,
                   nval10
                  )
           VALUES (sdetalle_conf.NEXTVAL, 24, 8000047, 1, 80001, 0,
                   1634720, NULL, NULL, NULL, NULL, NULL, 7.9614351328313,
                   NULL, NULL, NULL, NULL, NULL, f_sysdate, f_user,
                   NULL, NULL, NULL, NULL, NULL, NULL, NULL,
                   NULL
                  );
   EXCEPTION
      WHEN DUP_VAL_ON_INDEX
      THEN
         NULL;
   END;

   BEGIN
      INSERT INTO sgt_subtabs_det
                  (sdetalle, cempres, csubtabla, cversubt, ccla1, ccla2,
                   ccla3, ccla4, ccla5, ccla6, ccla7, ccla8, nval1,
                   nval2, nval3, nval4, nval5, nval6, falta, cusualt,
                   fmodifi, cusumod, ccla9, ccla10, nval7, nval8, nval9,
                   nval10
                  )
           VALUES (sdetalle_conf.NEXTVAL, 24, 8000047, 1, 80002, 0,
                   1634720, NULL, NULL, NULL, NULL, NULL, 7.9614351328313,
                   NULL, NULL, NULL, NULL, NULL, f_sysdate, f_user,
                   NULL, NULL, NULL, NULL, NULL, NULL, NULL,
                   NULL
                  );
   EXCEPTION
      WHEN DUP_VAL_ON_INDEX
      THEN
         NULL;
   END;

   BEGIN
      INSERT INTO sgt_subtabs_det
                  (sdetalle, cempres, csubtabla, cversubt, ccla1, ccla2,
                   ccla3, ccla4, ccla5, ccla6, ccla7, ccla8, nval1,
                   nval2, nval3, nval4, nval5, nval6, falta, cusualt,
                   fmodifi, cusumod, ccla9, ccla10, nval7, nval8, nval9,
                   nval10
                  )
           VALUES (sdetalle_conf.NEXTVAL, 24, 8000047, 1, 80003, 0,
                   1634720, NULL, NULL, NULL, NULL, NULL, 7.9614351328313,
                   NULL, NULL, NULL, NULL, NULL, f_sysdate, f_user,
                   NULL, NULL, NULL, NULL, NULL, NULL, NULL,
                   NULL
                  );
   EXCEPTION
      WHEN DUP_VAL_ON_INDEX
      THEN
         NULL;
   END;

   BEGIN
      INSERT INTO sgt_subtabs_det
                  (sdetalle, cempres, csubtabla, cversubt, ccla1, ccla2,
                   ccla3, ccla4, ccla5, ccla6, ccla7, ccla8, nval1,
                   nval2, nval3, nval4, nval5, nval6, falta, cusualt,
                   fmodifi, cusumod, ccla9, ccla10, nval7, nval8, nval9,
                   nval10
                  )
           VALUES (sdetalle_conf.NEXTVAL, 24, 8000047, 1, 80001, 3,
                   1634720, NULL, NULL, NULL, NULL, NULL, 4.37367621249543,
                   NULL, NULL, NULL, NULL, NULL, f_sysdate, f_user,
                   NULL, NULL, NULL, NULL, NULL, NULL, NULL,
                   NULL
                  );
   EXCEPTION
      WHEN DUP_VAL_ON_INDEX
      THEN
         NULL;
   END;

   BEGIN
      INSERT INTO sgt_subtabs_det
                  (sdetalle, cempres, csubtabla, cversubt, ccla1, ccla2,
                   ccla3, ccla4, ccla5, ccla6, ccla7, ccla8, nval1,
                   nval2, nval3, nval4, nval5, nval6, falta, cusualt,
                   fmodifi, cusumod, ccla9, ccla10, nval7, nval8, nval9,
                   nval10
                  )
           VALUES (sdetalle_conf.NEXTVAL, 24, 8000047, 1, 80002, 3,
                   1634720, NULL, NULL, NULL, NULL, NULL, 4.37367621249543,
                   NULL, NULL, NULL, NULL, NULL, f_sysdate, f_user,
                   NULL, NULL, NULL, NULL, NULL, NULL, NULL,
                   NULL
                  );
   EXCEPTION
      WHEN DUP_VAL_ON_INDEX
      THEN
         NULL;
   END;

   BEGIN
      INSERT INTO sgt_subtabs_det
                  (sdetalle, cempres, csubtabla, cversubt, ccla1, ccla2,
                   ccla3, ccla4, ccla5, ccla6, ccla7, ccla8, nval1,
                   nval2, nval3, nval4, nval5, nval6, falta, cusualt,
                   fmodifi, cusumod, ccla9, ccla10, nval7, nval8, nval9,
                   nval10
                  )
           VALUES (sdetalle_conf.NEXTVAL, 24, 8000047, 1, 80003, 3,
                   1634720, NULL, NULL, NULL, NULL, NULL, 4.37367621249543,
                   NULL, NULL, NULL, NULL, NULL, f_sysdate, f_user,
                   NULL, NULL, NULL, NULL, NULL, NULL, NULL,
                   NULL
                  );
   EXCEPTION
      WHEN DUP_VAL_ON_INDEX
      THEN
         NULL;
   END;

   BEGIN
      INSERT INTO sgt_subtabs_det
                  (sdetalle, cempres, csubtabla, cversubt, ccla1, ccla2,
                   ccla3, ccla4, ccla5, ccla6, ccla7, ccla8, nval1,
                   nval2, nval3, nval4, nval5, nval6, falta, cusualt,
                   fmodifi, cusumod, ccla9, ccla10, nval7, nval8, nval9,
                   nval10
                  )
           VALUES (sdetalle_conf.NEXTVAL, 24, 8000047, 1, 80001, 1,
                   1634720, NULL, NULL, NULL, NULL, NULL, 16.7089451778814,
                   NULL, NULL, NULL, NULL, NULL, f_sysdate, f_user,
                   NULL, NULL, NULL, NULL, NULL, NULL, NULL,
                   NULL
                  );
   EXCEPTION
      WHEN DUP_VAL_ON_INDEX
      THEN
         NULL;
   END;

   BEGIN
      INSERT INTO sgt_subtabs_det
                  (sdetalle, cempres, csubtabla, cversubt, ccla1, ccla2,
                   ccla3, ccla4, ccla5, ccla6, ccla7, ccla8, nval1,
                   nval2, nval3, nval4, nval5, nval6, falta, cusualt,
                   fmodifi, cusumod, ccla9, ccla10, nval7, nval8, nval9,
                   nval10
                  )
           VALUES (sdetalle_conf.NEXTVAL, 24, 8000047, 1, 80002, 1,
                   1634720, NULL, NULL, NULL, NULL, NULL, 16.7089451778814,
                   NULL, NULL, NULL, NULL, NULL, f_sysdate, f_user,
                   NULL, NULL, NULL, NULL, NULL, NULL, NULL,
                   NULL
                  );
   EXCEPTION
      WHEN DUP_VAL_ON_INDEX
      THEN
         NULL;
   END;

   BEGIN
      INSERT INTO sgt_subtabs_det
                  (sdetalle, cempres, csubtabla, cversubt, ccla1, ccla2,
                   ccla3, ccla4, ccla5, ccla6, ccla7, ccla8, nval1,
                   nval2, nval3, nval4, nval5, nval6, falta, cusualt,
                   fmodifi, cusumod, ccla9, ccla10, nval7, nval8, nval9,
                   nval10
                  )
           VALUES (sdetalle_conf.NEXTVAL, 24, 8000047, 1, 80003, 1,
                   1634720, NULL, NULL, NULL, NULL, NULL, 16.7089451778814,
                   NULL, NULL, NULL, NULL, NULL, f_sysdate, f_user,
                   NULL, NULL, NULL, NULL, NULL, NULL, NULL,
                   NULL
                  );
   EXCEPTION
      WHEN DUP_VAL_ON_INDEX
      THEN
         NULL;
   END;

   BEGIN
      INSERT INTO sgt_subtabs_det
                  (sdetalle, cempres, csubtabla, cversubt, ccla1, ccla2,
                   ccla3, ccla4, ccla5, ccla6, ccla7, ccla8, nval1,
                   nval2, nval3, nval4, nval5, nval6, falta, cusualt,
                   fmodifi, cusumod, ccla9, ccla10, nval7, nval8, nval9,
                   nval10
                  )
           VALUES (sdetalle_conf.NEXTVAL, 24, 8000047, 1, 80001, 2,
                   1634720, NULL, NULL, NULL, NULL, NULL, 7.9614351328313,
                   NULL, NULL, NULL, NULL, NULL, f_sysdate, f_user,
                   NULL, NULL, NULL, NULL, NULL, NULL, NULL,
                   NULL
                  );
   EXCEPTION
      WHEN DUP_VAL_ON_INDEX
      THEN
         NULL;
   END;

   BEGIN
      INSERT INTO sgt_subtabs_det
                  (sdetalle, cempres, csubtabla, cversubt, ccla1, ccla2,
                   ccla3, ccla4, ccla5, ccla6, ccla7, ccla8, nval1,
                   nval2, nval3, nval4, nval5, nval6, falta, cusualt,
                   fmodifi, cusumod, ccla9, ccla10, nval7, nval8, nval9,
                   nval10
                  )
           VALUES (sdetalle_conf.NEXTVAL, 24, 8000047, 1, 80002, 2,
                   1634720, NULL, NULL, NULL, NULL, NULL, 7.9614351328313,
                   NULL, NULL, NULL, NULL, NULL, f_sysdate, f_user,
                   NULL, NULL, NULL, NULL, NULL, NULL, NULL,
                   NULL
                  );
   EXCEPTION
      WHEN DUP_VAL_ON_INDEX
      THEN
         NULL;
   END;

   BEGIN
      INSERT INTO sgt_subtabs_det
                  (sdetalle, cempres, csubtabla, cversubt, ccla1, ccla2,
                   ccla3, ccla4, ccla5, ccla6, ccla7, ccla8, nval1,
                   nval2, nval3, nval4, nval5, nval6, falta, cusualt,
                   fmodifi, cusumod, ccla9, ccla10, nval7, nval8, nval9,
                   nval10
                  )
           VALUES (sdetalle_conf.NEXTVAL, 24, 8000047, 1, 80003, 2,
                   1634720, NULL, NULL, NULL, NULL, NULL, 7.9614351328313,
                   NULL, NULL, NULL, NULL, NULL, f_sysdate, f_user,
                   NULL, NULL, NULL, NULL, NULL, NULL, NULL,
                   NULL
                  );
   EXCEPTION
      WHEN DUP_VAL_ON_INDEX
      THEN
         NULL;
   END;

   BEGIN
      INSERT INTO sgt_subtabs_det
                  (sdetalle, cempres, csubtabla, cversubt, ccla1, ccla2,
                   ccla3, ccla4, ccla5, ccla6, ccla7, ccla8, nval1,
                   nval2, nval3, nval4, nval5, nval6, falta, cusualt,
                   fmodifi, cusumod, ccla9, ccla10, nval7, nval8, nval9,
                   nval10
                  )
           VALUES (sdetalle_conf.NEXTVAL, 24, 8000047, 1, 80001, 1,
                   1634720, NULL, NULL, NULL, NULL, NULL, 16.7089451778814,
                   NULL, NULL, NULL, NULL, NULL, f_sysdate, f_user,
                   NULL, NULL, NULL, NULL, NULL, NULL, NULL,
                   NULL
                  );
   EXCEPTION
      WHEN DUP_VAL_ON_INDEX
      THEN
         NULL;
   END;

   BEGIN
      INSERT INTO sgt_subtabs_det
                  (sdetalle, cempres, csubtabla, cversubt, ccla1, ccla2,
                   ccla3, ccla4, ccla5, ccla6, ccla7, ccla8, nval1,
                   nval2, nval3, nval4, nval5, nval6, falta, cusualt,
                   fmodifi, cusumod, ccla9, ccla10, nval7, nval8, nval9,
                   nval10
                  )
           VALUES (sdetalle_conf.NEXTVAL, 24, 8000047, 1, 80002, 1,
                   1634720, NULL, NULL, NULL, NULL, NULL, 16.7089451778814,
                   NULL, NULL, NULL, NULL, NULL, f_sysdate, f_user,
                   NULL, NULL, NULL, NULL, NULL, NULL, NULL,
                   NULL
                  );
   EXCEPTION
      WHEN DUP_VAL_ON_INDEX
      THEN
         NULL;
   END;

   BEGIN
      INSERT INTO sgt_subtabs_det
                  (sdetalle, cempres, csubtabla, cversubt, ccla1, ccla2,
                   ccla3, ccla4, ccla5, ccla6, ccla7, ccla8, nval1,
                   nval2, nval3, nval4, nval5, nval6, falta, cusualt,
                   fmodifi, cusumod, ccla9, ccla10, nval7, nval8, nval9,
                   nval10
                  )
           VALUES (sdetalle_conf.NEXTVAL, 24, 8000047, 1, 80003, 1,
                   1634720, NULL, NULL, NULL, NULL, NULL, 16.7089451778814,
                   NULL, NULL, NULL, NULL, NULL, f_sysdate, f_user,
                   NULL, NULL, NULL, NULL, NULL, NULL, NULL,
                   NULL
                  );
   EXCEPTION
      WHEN DUP_VAL_ON_INDEX
      THEN
         NULL;
   END;

   BEGIN
      INSERT INTO sgt_subtabs_det
                  (sdetalle, cempres, csubtabla, cversubt, ccla1, ccla2,
                   ccla3, ccla4, ccla5, ccla6, ccla7, ccla8, nval1,
                   nval2, nval3, nval4, nval5, nval6, falta, cusualt,
                   fmodifi, cusumod, ccla9, ccla10, nval7, nval8, nval9,
                   nval10
                  )
           VALUES (sdetalle_conf.NEXTVAL, 24, 8000047, 1, 80001, 0,
                   1674720, NULL, NULL, NULL, NULL, NULL, -32.8048124854751,
                   NULL, NULL, NULL, NULL, NULL, f_sysdate, f_user,
                   NULL, NULL, NULL, NULL, NULL, NULL, NULL,
                   NULL
                  );
   EXCEPTION
      WHEN DUP_VAL_ON_INDEX
      THEN
         NULL;
   END;

   BEGIN
      INSERT INTO sgt_subtabs_det
                  (sdetalle, cempres, csubtabla, cversubt, ccla1, ccla2,
                   ccla3, ccla4, ccla5, ccla6, ccla7, ccla8, nval1,
                   nval2, nval3, nval4, nval5, nval6, falta, cusualt,
                   fmodifi, cusumod, ccla9, ccla10, nval7, nval8, nval9,
                   nval10
                  )
           VALUES (sdetalle_conf.NEXTVAL, 24, 8000047, 1, 80002, 0,
                   1674720, NULL, NULL, NULL, NULL, NULL, -32.8048124854751,
                   NULL, NULL, NULL, NULL, NULL, f_sysdate, f_user,
                   NULL, NULL, NULL, NULL, NULL, NULL, NULL,
                   NULL
                  );
   EXCEPTION
      WHEN DUP_VAL_ON_INDEX
      THEN
         NULL;
   END;

   BEGIN
      INSERT INTO sgt_subtabs_det
                  (sdetalle, cempres, csubtabla, cversubt, ccla1, ccla2,
                   ccla3, ccla4, ccla5, ccla6, ccla7, ccla8, nval1,
                   nval2, nval3, nval4, nval5, nval6, falta, cusualt,
                   fmodifi, cusumod, ccla9, ccla10, nval7, nval8, nval9,
                   nval10
                  )
           VALUES (sdetalle_conf.NEXTVAL, 24, 8000047, 1, 80003, 0,
                   1674720, NULL, NULL, NULL, NULL, NULL, -32.8048124854751,
                   NULL, NULL, NULL, NULL, NULL, f_sysdate, f_user,
                   NULL, NULL, NULL, NULL, NULL, NULL, NULL,
                   NULL
                  );
   EXCEPTION
      WHEN DUP_VAL_ON_INDEX
      THEN
         NULL;
   END;

   BEGIN
      INSERT INTO sgt_subtabs_det
                  (sdetalle, cempres, csubtabla, cversubt, ccla1, ccla2,
                   ccla3, ccla4, ccla5, ccla6, ccla7, ccla8, nval1,
                   nval2, nval3, nval4, nval5, nval6, falta, cusualt,
                   fmodifi, cusumod, ccla9, ccla10, nval7, nval8, nval9,
                   nval10
                  )
           VALUES (sdetalle_conf.NEXTVAL, 24, 8000047, 1, 80001, 3,
                   1674720, NULL, NULL, NULL, NULL, NULL, -18.1831223094553,
                   NULL, NULL, NULL, NULL, NULL, f_sysdate, f_user,
                   NULL, NULL, NULL, NULL, NULL, NULL, NULL,
                   NULL
                  );
   EXCEPTION
      WHEN DUP_VAL_ON_INDEX
      THEN
         NULL;
   END;

   BEGIN
      INSERT INTO sgt_subtabs_det
                  (sdetalle, cempres, csubtabla, cversubt, ccla1, ccla2,
                   ccla3, ccla4, ccla5, ccla6, ccla7, ccla8, nval1,
                   nval2, nval3, nval4, nval5, nval6, falta, cusualt,
                   fmodifi, cusumod, ccla9, ccla10, nval7, nval8, nval9,
                   nval10
                  )
           VALUES (sdetalle_conf.NEXTVAL, 24, 8000047, 1, 80002, 3,
                   1674720, NULL, NULL, NULL, NULL, NULL, -18.1831223094553,
                   NULL, NULL, NULL, NULL, NULL, f_sysdate, f_user,
                   NULL, NULL, NULL, NULL, NULL, NULL, NULL,
                   NULL
                  );
   EXCEPTION
      WHEN DUP_VAL_ON_INDEX
      THEN
         NULL;
   END;

   BEGIN
      INSERT INTO sgt_subtabs_det
                  (sdetalle, cempres, csubtabla, cversubt, ccla1, ccla2,
                   ccla3, ccla4, ccla5, ccla6, ccla7, ccla8, nval1,
                   nval2, nval3, nval4, nval5, nval6, falta, cusualt,
                   fmodifi, cusumod, ccla9, ccla10, nval7, nval8, nval9,
                   nval10
                  )
           VALUES (sdetalle_conf.NEXTVAL, 24, 8000047, 1, 80003, 3,
                   1674720, NULL, NULL, NULL, NULL, NULL, -18.1831223094553,
                   NULL, NULL, NULL, NULL, NULL, f_sysdate, f_user,
                   NULL, NULL, NULL, NULL, NULL, NULL, NULL,
                   NULL
                  );
   EXCEPTION
      WHEN DUP_VAL_ON_INDEX
      THEN
         NULL;
   END;

   BEGIN
      INSERT INTO sgt_subtabs_det
                  (sdetalle, cempres, csubtabla, cversubt, ccla1, ccla2,
                   ccla3, ccla4, ccla5, ccla6, ccla7, ccla8, nval1,
                   nval2, nval3, nval4, nval5, nval6, falta, cusualt,
                   fmodifi, cusumod, ccla9, ccla10, nval7, nval8, nval9,
                   nval10
                  )
           VALUES (sdetalle_conf.NEXTVAL, 24, 8000047, 1, 80001, 1,
                   1674720, NULL, NULL, NULL, NULL, NULL, -12.794878409916,
                   NULL, NULL, NULL, NULL, NULL, f_sysdate, f_user,
                   NULL, NULL, NULL, NULL, NULL, NULL, NULL,
                   NULL
                  );
   EXCEPTION
      WHEN DUP_VAL_ON_INDEX
      THEN
         NULL;
   END;

   BEGIN
      INSERT INTO sgt_subtabs_det
                  (sdetalle, cempres, csubtabla, cversubt, ccla1, ccla2,
                   ccla3, ccla4, ccla5, ccla6, ccla7, ccla8, nval1,
                   nval2, nval3, nval4, nval5, nval6, falta, cusualt,
                   fmodifi, cusumod, ccla9, ccla10, nval7, nval8, nval9,
                   nval10
                  )
           VALUES (sdetalle_conf.NEXTVAL, 24, 8000047, 1, 80002, 1,
                   1674720, NULL, NULL, NULL, NULL, NULL, -12.794878409916,
                   NULL, NULL, NULL, NULL, NULL, f_sysdate, f_user,
                   NULL, NULL, NULL, NULL, NULL, NULL, NULL,
                   NULL
                  );
   EXCEPTION
      WHEN DUP_VAL_ON_INDEX
      THEN
         NULL;
   END;

   BEGIN
      INSERT INTO sgt_subtabs_det
                  (sdetalle, cempres, csubtabla, cversubt, ccla1, ccla2,
                   ccla3, ccla4, ccla5, ccla6, ccla7, ccla8, nval1,
                   nval2, nval3, nval4, nval5, nval6, falta, cusualt,
                   fmodifi, cusumod, ccla9, ccla10, nval7, nval8, nval9,
                   nval10
                  )
           VALUES (sdetalle_conf.NEXTVAL, 24, 8000047, 1, 80003, 1,
                   1674720, NULL, NULL, NULL, NULL, NULL, -12.794878409916,
                   NULL, NULL, NULL, NULL, NULL, f_sysdate, f_user,
                   NULL, NULL, NULL, NULL, NULL, NULL, NULL,
                   NULL
                  );
   EXCEPTION
      WHEN DUP_VAL_ON_INDEX
      THEN
         NULL;
   END;

   BEGIN
      INSERT INTO sgt_subtabs_det
                  (sdetalle, cempres, csubtabla, cversubt, ccla1, ccla2,
                   ccla3, ccla4, ccla5, ccla6, ccla7, ccla8, nval1,
                   nval2, nval3, nval4, nval5, nval6, falta, cusualt,
                   fmodifi, cusumod, ccla9, ccla10, nval7, nval8, nval9,
                   nval10
                  )
           VALUES (sdetalle_conf.NEXTVAL, 24, 8000047, 1, 80001, 2,
                   1674720, NULL, NULL, NULL, NULL, NULL, -32.8048124854751,
                   NULL, NULL, NULL, NULL, NULL, f_sysdate, f_user,
                   NULL, NULL, NULL, NULL, NULL, NULL, NULL,
                   NULL
                  );
   EXCEPTION
      WHEN DUP_VAL_ON_INDEX
      THEN
         NULL;
   END;

   BEGIN
      INSERT INTO sgt_subtabs_det
                  (sdetalle, cempres, csubtabla, cversubt, ccla1, ccla2,
                   ccla3, ccla4, ccla5, ccla6, ccla7, ccla8, nval1,
                   nval2, nval3, nval4, nval5, nval6, falta, cusualt,
                   fmodifi, cusumod, ccla9, ccla10, nval7, nval8, nval9,
                   nval10
                  )
           VALUES (sdetalle_conf.NEXTVAL, 24, 8000047, 1, 80002, 2,
                   1674720, NULL, NULL, NULL, NULL, NULL, -32.8048124854751,
                   NULL, NULL, NULL, NULL, NULL, f_sysdate, f_user,
                   NULL, NULL, NULL, NULL, NULL, NULL, NULL,
                   NULL
                  );
   EXCEPTION
      WHEN DUP_VAL_ON_INDEX
      THEN
         NULL;
   END;

   BEGIN
      INSERT INTO sgt_subtabs_det
                  (sdetalle, cempres, csubtabla, cversubt, ccla1, ccla2,
                   ccla3, ccla4, ccla5, ccla6, ccla7, ccla8, nval1,
                   nval2, nval3, nval4, nval5, nval6, falta, cusualt,
                   fmodifi, cusumod, ccla9, ccla10, nval7, nval8, nval9,
                   nval10
                  )
           VALUES (sdetalle_conf.NEXTVAL, 24, 8000047, 1, 80003, 2,
                   1674720, NULL, NULL, NULL, NULL, NULL, -32.8048124854751,
                   NULL, NULL, NULL, NULL, NULL, f_sysdate, f_user,
                   NULL, NULL, NULL, NULL, NULL, NULL, NULL,
                   NULL
                  );
   EXCEPTION
      WHEN DUP_VAL_ON_INDEX
      THEN
         NULL;
   END;

   BEGIN
      INSERT INTO sgt_subtabs_det
                  (sdetalle, cempres, csubtabla, cversubt, ccla1, ccla2,
                   ccla3, ccla4, ccla5, ccla6, ccla7, ccla8, nval1,
                   nval2, nval3, nval4, nval5, nval6, falta, cusualt,
                   fmodifi, cusumod, ccla9, ccla10, nval7, nval8, nval9,
                   nval10
                  )
           VALUES (sdetalle_conf.NEXTVAL, 24, 8000047, 1, 80001, 2,
                   1674720, NULL, NULL, NULL, NULL, NULL, -32.8048124854751,
                   NULL, NULL, NULL, NULL, NULL, f_sysdate, f_user,
                   NULL, NULL, NULL, NULL, NULL, NULL, NULL,
                   NULL
                  );
   EXCEPTION
      WHEN DUP_VAL_ON_INDEX
      THEN
         NULL;
   END;

   BEGIN
      INSERT INTO sgt_subtabs_det
                  (sdetalle, cempres, csubtabla, cversubt, ccla1, ccla2,
                   ccla3, ccla4, ccla5, ccla6, ccla7, ccla8, nval1,
                   nval2, nval3, nval4, nval5, nval6, falta, cusualt,
                   fmodifi, cusumod, ccla9, ccla10, nval7, nval8, nval9,
                   nval10
                  )
           VALUES (sdetalle_conf.NEXTVAL, 24, 8000047, 1, 80002, 2,
                   1674720, NULL, NULL, NULL, NULL, NULL, -32.8048124854751,
                   NULL, NULL, NULL, NULL, NULL, f_sysdate, f_user,
                   NULL, NULL, NULL, NULL, NULL, NULL, NULL,
                   NULL
                  );
   EXCEPTION
      WHEN DUP_VAL_ON_INDEX
      THEN
         NULL;
   END;

   BEGIN
      INSERT INTO sgt_subtabs_det
                  (sdetalle, cempres, csubtabla, cversubt, ccla1, ccla2,
                   ccla3, ccla4, ccla5, ccla6, ccla7, ccla8, nval1,
                   nval2, nval3, nval4, nval5, nval6, falta, cusualt,
                   fmodifi, cusumod, ccla9, ccla10, nval7, nval8, nval9,
                   nval10
                  )
           VALUES (sdetalle_conf.NEXTVAL, 24, 8000047, 1, 80003, 2,
                   1674720, NULL, NULL, NULL, NULL, NULL, -32.8048124854751,
                   NULL, NULL, NULL, NULL, NULL, f_sysdate, f_user,
                   NULL, NULL, NULL, NULL, NULL, NULL, NULL,
                   NULL
                  );
   EXCEPTION
      WHEN DUP_VAL_ON_INDEX
      THEN
         NULL;
   END;

   BEGIN
      INSERT INTO sgt_subtabs_det
                  (sdetalle, cempres, csubtabla, cversubt, ccla1, ccla2,
                   ccla3, ccla4, ccla5, ccla6, ccla7, ccla8, nval1,
                   nval2, nval3, nval4, nval5, nval6, falta, cusualt,
                   fmodifi, cusumod, ccla9, ccla10, nval7, nval8, nval9,
                   nval10
                  )
           VALUES (sdetalle_conf.NEXTVAL, 24, 8000047, 1, 80001, 0,
                   1674720, NULL, NULL, NULL, NULL, NULL, -32.8048124854751,
                   NULL, NULL, NULL, NULL, NULL, f_sysdate, f_user,
                   NULL, NULL, NULL, NULL, NULL, NULL, NULL,
                   NULL
                  );
   EXCEPTION
      WHEN DUP_VAL_ON_INDEX
      THEN
         NULL;
   END;

   BEGIN
      INSERT INTO sgt_subtabs_det
                  (sdetalle, cempres, csubtabla, cversubt, ccla1, ccla2,
                   ccla3, ccla4, ccla5, ccla6, ccla7, ccla8, nval1,
                   nval2, nval3, nval4, nval5, nval6, falta, cusualt,
                   fmodifi, cusumod, ccla9, ccla10, nval7, nval8, nval9,
                   nval10
                  )
           VALUES (sdetalle_conf.NEXTVAL, 24, 8000047, 1, 80002, 0,
                   1674720, NULL, NULL, NULL, NULL, NULL, -32.8048124854751,
                   NULL, NULL, NULL, NULL, NULL, f_sysdate, f_user,
                   NULL, NULL, NULL, NULL, NULL, NULL, NULL,
                   NULL
                  );
   EXCEPTION
      WHEN DUP_VAL_ON_INDEX
      THEN
         NULL;
   END;

   BEGIN
      INSERT INTO sgt_subtabs_det
                  (sdetalle, cempres, csubtabla, cversubt, ccla1, ccla2,
                   ccla3, ccla4, ccla5, ccla6, ccla7, ccla8, nval1,
                   nval2, nval3, nval4, nval5, nval6, falta, cusualt,
                   fmodifi, cusumod, ccla9, ccla10, nval7, nval8, nval9,
                   nval10
                  )
           VALUES (sdetalle_conf.NEXTVAL, 24, 8000047, 1, 80003, 0,
                   1674720, NULL, NULL, NULL, NULL, NULL, -32.8048124854751,
                   NULL, NULL, NULL, NULL, NULL, f_sysdate, f_user,
                   NULL, NULL, NULL, NULL, NULL, NULL, NULL,
                   NULL
                  );
   EXCEPTION
      WHEN DUP_VAL_ON_INDEX
      THEN
         NULL;
   END;

   BEGIN
      INSERT INTO sgt_subtabs_det
                  (sdetalle, cempres, csubtabla, cversubt, ccla1, ccla2,
                   ccla3, ccla4, ccla5, ccla6, ccla7, ccla8, nval1,
                   nval2, nval3, nval4, nval5, nval6, falta, cusualt,
                   fmodifi, cusumod, ccla9, ccla10, nval7, nval8, nval9,
                   nval10
                  )
           VALUES (sdetalle_conf.NEXTVAL, 24, 8000047, 1, 80001, 3,
                   1674720, NULL, NULL, NULL, NULL, NULL, -18.1831223094553,
                   NULL, NULL, NULL, NULL, NULL, f_sysdate, f_user,
                   NULL, NULL, NULL, NULL, NULL, NULL, NULL,
                   NULL
                  );
   EXCEPTION
      WHEN DUP_VAL_ON_INDEX
      THEN
         NULL;
   END;

   BEGIN
      INSERT INTO sgt_subtabs_det
                  (sdetalle, cempres, csubtabla, cversubt, ccla1, ccla2,
                   ccla3, ccla4, ccla5, ccla6, ccla7, ccla8, nval1,
                   nval2, nval3, nval4, nval5, nval6, falta, cusualt,
                   fmodifi, cusumod, ccla9, ccla10, nval7, nval8, nval9,
                   nval10
                  )
           VALUES (sdetalle_conf.NEXTVAL, 24, 8000047, 1, 80002, 3,
                   1674720, NULL, NULL, NULL, NULL, NULL, -18.1831223094553,
                   NULL, NULL, NULL, NULL, NULL, f_sysdate, f_user,
                   NULL, NULL, NULL, NULL, NULL, NULL, NULL,
                   NULL
                  );
   EXCEPTION
      WHEN DUP_VAL_ON_INDEX
      THEN
         NULL;
   END;

   BEGIN
      INSERT INTO sgt_subtabs_det
                  (sdetalle, cempres, csubtabla, cversubt, ccla1, ccla2,
                   ccla3, ccla4, ccla5, ccla6, ccla7, ccla8, nval1,
                   nval2, nval3, nval4, nval5, nval6, falta, cusualt,
                   fmodifi, cusumod, ccla9, ccla10, nval7, nval8, nval9,
                   nval10
                  )
           VALUES (sdetalle_conf.NEXTVAL, 24, 8000047, 1, 80003, 3,
                   1674720, NULL, NULL, NULL, NULL, NULL, -18.1831223094553,
                   NULL, NULL, NULL, NULL, NULL, f_sysdate, f_user,
                   NULL, NULL, NULL, NULL, NULL, NULL, NULL,
                   NULL
                  );
   EXCEPTION
      WHEN DUP_VAL_ON_INDEX
      THEN
         NULL;
   END;

   BEGIN
      INSERT INTO sgt_subtabs_det
                  (sdetalle, cempres, csubtabla, cversubt, ccla1, ccla2,
                   ccla3, ccla4, ccla5, ccla6, ccla7, ccla8, nval1,
                   nval2, nval3, nval4, nval5, nval6, falta, cusualt,
                   fmodifi, cusumod, ccla9, ccla10, nval7, nval8, nval9,
                   nval10
                  )
           VALUES (sdetalle_conf.NEXTVAL, 24, 8000047, 1, 80001, 1,
                   1674720, NULL, NULL, NULL, NULL, NULL, -12.794878409916,
                   NULL, NULL, NULL, NULL, NULL, f_sysdate, f_user,
                   NULL, NULL, NULL, NULL, NULL, NULL, NULL,
                   NULL
                  );
   EXCEPTION
      WHEN DUP_VAL_ON_INDEX
      THEN
         NULL;
   END;

   BEGIN
      INSERT INTO sgt_subtabs_det
                  (sdetalle, cempres, csubtabla, cversubt, ccla1, ccla2,
                   ccla3, ccla4, ccla5, ccla6, ccla7, ccla8, nval1,
                   nval2, nval3, nval4, nval5, nval6, falta, cusualt,
                   fmodifi, cusumod, ccla9, ccla10, nval7, nval8, nval9,
                   nval10
                  )
           VALUES (sdetalle_conf.NEXTVAL, 24, 8000047, 1, 80002, 1,
                   1674720, NULL, NULL, NULL, NULL, NULL, -12.794878409916,
                   NULL, NULL, NULL, NULL, NULL, f_sysdate, f_user,
                   NULL, NULL, NULL, NULL, NULL, NULL, NULL,
                   NULL
                  );
   EXCEPTION
      WHEN DUP_VAL_ON_INDEX
      THEN
         NULL;
   END;

   BEGIN
      INSERT INTO sgt_subtabs_det
                  (sdetalle, cempres, csubtabla, cversubt, ccla1, ccla2,
                   ccla3, ccla4, ccla5, ccla6, ccla7, ccla8, nval1,
                   nval2, nval3, nval4, nval5, nval6, falta, cusualt,
                   fmodifi, cusumod, ccla9, ccla10, nval7, nval8, nval9,
                   nval10
                  )
           VALUES (sdetalle_conf.NEXTVAL, 24, 8000047, 1, 80003, 1,
                   1674720, NULL, NULL, NULL, NULL, NULL, -12.794878409916,
                   NULL, NULL, NULL, NULL, NULL, f_sysdate, f_user,
                   NULL, NULL, NULL, NULL, NULL, NULL, NULL,
                   NULL
                  );
   EXCEPTION
      WHEN DUP_VAL_ON_INDEX
      THEN
         NULL;
   END;

   BEGIN
      INSERT INTO sgt_subtabs_det
                  (sdetalle, cempres, csubtabla, cversubt, ccla1, ccla2,
                   ccla3, ccla4, ccla5, ccla6, ccla7, ccla8, nval1,
                   nval2, nval3, nval4, nval5, nval6, falta, cusualt,
                   fmodifi, cusumod, ccla9, ccla10, nval7, nval8, nval9,
                   nval10
                  )
           VALUES (sdetalle_conf.NEXTVAL, 24, 8000047, 1, 80001, 2,
                   1674720, NULL, NULL, NULL, NULL, NULL, -32.8048124854751,
                   NULL, NULL, NULL, NULL, NULL, f_sysdate, f_user,
                   NULL, NULL, NULL, NULL, NULL, NULL, NULL,
                   NULL
                  );
   EXCEPTION
      WHEN DUP_VAL_ON_INDEX
      THEN
         NULL;
   END;

   BEGIN
      INSERT INTO sgt_subtabs_det
                  (sdetalle, cempres, csubtabla, cversubt, ccla1, ccla2,
                   ccla3, ccla4, ccla5, ccla6, ccla7, ccla8, nval1,
                   nval2, nval3, nval4, nval5, nval6, falta, cusualt,
                   fmodifi, cusumod, ccla9, ccla10, nval7, nval8, nval9,
                   nval10
                  )
           VALUES (sdetalle_conf.NEXTVAL, 24, 8000047, 1, 80002, 2,
                   1674720, NULL, NULL, NULL, NULL, NULL, -32.8048124854751,
                   NULL, NULL, NULL, NULL, NULL, f_sysdate, f_user,
                   NULL, NULL, NULL, NULL, NULL, NULL, NULL,
                   NULL
                  );
   EXCEPTION
      WHEN DUP_VAL_ON_INDEX
      THEN
         NULL;
   END;

   BEGIN
      INSERT INTO sgt_subtabs_det
                  (sdetalle, cempres, csubtabla, cversubt, ccla1, ccla2,
                   ccla3, ccla4, ccla5, ccla6, ccla7, ccla8, nval1,
                   nval2, nval3, nval4, nval5, nval6, falta, cusualt,
                   fmodifi, cusumod, ccla9, ccla10, nval7, nval8, nval9,
                   nval10
                  )
           VALUES (sdetalle_conf.NEXTVAL, 24, 8000047, 1, 80003, 2,
                   1674720, NULL, NULL, NULL, NULL, NULL, -32.8048124854751,
                   NULL, NULL, NULL, NULL, NULL, f_sysdate, f_user,
                   NULL, NULL, NULL, NULL, NULL, NULL, NULL,
                   NULL
                  );
   EXCEPTION
      WHEN DUP_VAL_ON_INDEX
      THEN
         NULL;
   END;

   BEGIN
      INSERT INTO sgt_subtabs_det
                  (sdetalle, cempres, csubtabla, cversubt, ccla1, ccla2,
                   ccla3, ccla4, ccla5, ccla6, ccla7, ccla8, nval1,
                   nval2, nval3, nval4, nval5, nval6, falta, cusualt,
                   fmodifi, cusumod, ccla9, ccla10, nval7, nval8, nval9,
                   nval10
                  )
           VALUES (sdetalle_conf.NEXTVAL, 24, 8000047, 1, 80001, 0,
                   1674720, NULL, NULL, NULL, NULL, NULL, -32.8048124854751,
                   NULL, NULL, NULL, NULL, NULL, f_sysdate, f_user,
                   NULL, NULL, NULL, NULL, NULL, NULL, NULL,
                   NULL
                  );
   EXCEPTION
      WHEN DUP_VAL_ON_INDEX
      THEN
         NULL;
   END;

   BEGIN
      INSERT INTO sgt_subtabs_det
                  (sdetalle, cempres, csubtabla, cversubt, ccla1, ccla2,
                   ccla3, ccla4, ccla5, ccla6, ccla7, ccla8, nval1,
                   nval2, nval3, nval4, nval5, nval6, falta, cusualt,
                   fmodifi, cusumod, ccla9, ccla10, nval7, nval8, nval9,
                   nval10
                  )
           VALUES (sdetalle_conf.NEXTVAL, 24, 8000047, 1, 80002, 0,
                   1674720, NULL, NULL, NULL, NULL, NULL, -32.8048124854751,
                   NULL, NULL, NULL, NULL, NULL, f_sysdate, f_user,
                   NULL, NULL, NULL, NULL, NULL, NULL, NULL,
                   NULL
                  );
   EXCEPTION
      WHEN DUP_VAL_ON_INDEX
      THEN
         NULL;
   END;

   BEGIN
      INSERT INTO sgt_subtabs_det
                  (sdetalle, cempres, csubtabla, cversubt, ccla1, ccla2,
                   ccla3, ccla4, ccla5, ccla6, ccla7, ccla8, nval1,
                   nval2, nval3, nval4, nval5, nval6, falta, cusualt,
                   fmodifi, cusumod, ccla9, ccla10, nval7, nval8, nval9,
                   nval10
                  )
           VALUES (sdetalle_conf.NEXTVAL, 24, 8000047, 1, 80003, 0,
                   1674720, NULL, NULL, NULL, NULL, NULL, -32.8048124854751,
                   NULL, NULL, NULL, NULL, NULL, f_sysdate, f_user,
                   NULL, NULL, NULL, NULL, NULL, NULL, NULL,
                   NULL
                  );
   EXCEPTION
      WHEN DUP_VAL_ON_INDEX
      THEN
         NULL;
   END;

   BEGIN
      INSERT INTO sgt_subtabs_det
                  (sdetalle, cempres, csubtabla, cversubt, ccla1, ccla2,
                   ccla3, ccla4, ccla5, ccla6, ccla7, ccla8, nval1,
                   nval2, nval3, nval4, nval5, nval6, falta, cusualt,
                   fmodifi, cusumod, ccla9, ccla10, nval7, nval8, nval9,
                   nval10
                  )
           VALUES (sdetalle_conf.NEXTVAL, 24, 8000047, 1, 80001, 1,
                   1674720, NULL, NULL, NULL, NULL, NULL, -12.794878409916,
                   NULL, NULL, NULL, NULL, NULL, f_sysdate, f_user,
                   NULL, NULL, NULL, NULL, NULL, NULL, NULL,
                   NULL
                  );
   EXCEPTION
      WHEN DUP_VAL_ON_INDEX
      THEN
         NULL;
   END;

   BEGIN
      INSERT INTO sgt_subtabs_det
                  (sdetalle, cempres, csubtabla, cversubt, ccla1, ccla2,
                   ccla3, ccla4, ccla5, ccla6, ccla7, ccla8, nval1,
                   nval2, nval3, nval4, nval5, nval6, falta, cusualt,
                   fmodifi, cusumod, ccla9, ccla10, nval7, nval8, nval9,
                   nval10
                  )
           VALUES (sdetalle_conf.NEXTVAL, 24, 8000047, 1, 80002, 1,
                   1674720, NULL, NULL, NULL, NULL, NULL, -12.794878409916,
                   NULL, NULL, NULL, NULL, NULL, f_sysdate, f_user,
                   NULL, NULL, NULL, NULL, NULL, NULL, NULL,
                   NULL
                  );
   EXCEPTION
      WHEN DUP_VAL_ON_INDEX
      THEN
         NULL;
   END;

   BEGIN
      INSERT INTO sgt_subtabs_det
                  (sdetalle, cempres, csubtabla, cversubt, ccla1, ccla2,
                   ccla3, ccla4, ccla5, ccla6, ccla7, ccla8, nval1,
                   nval2, nval3, nval4, nval5, nval6, falta, cusualt,
                   fmodifi, cusumod, ccla9, ccla10, nval7, nval8, nval9,
                   nval10
                  )
           VALUES (sdetalle_conf.NEXTVAL, 24, 8000047, 1, 80003, 1,
                   1674720, NULL, NULL, NULL, NULL, NULL, -12.794878409916,
                   NULL, NULL, NULL, NULL, NULL, f_sysdate, f_user,
                   NULL, NULL, NULL, NULL, NULL, NULL, NULL,
                   NULL
                  );
   EXCEPTION
      WHEN DUP_VAL_ON_INDEX
      THEN
         NULL;
   END;

   BEGIN
      INSERT INTO sgt_subtabs_det
                  (sdetalle, cempres, csubtabla, cversubt, ccla1, ccla2,
                   ccla3, ccla4, ccla5, ccla6, ccla7, ccla8, nval1, nval2,
                   nval3, nval4, nval5, nval6, falta, cusualt, fmodifi,
                   cusumod, ccla9, ccla10, nval7, nval8, nval9, nval10
                  )
           VALUES (sdetalle_conf.NEXTVAL, 24, 8000047, 1, 80001, 1,
                   1674720, NULL, NULL, NULL, NULL, NULL, 200, NULL,
                   NULL, NULL, NULL, NULL, f_sysdate, f_user, NULL,
                   NULL, NULL, NULL, NULL, NULL, NULL, NULL
                  );
   EXCEPTION
      WHEN DUP_VAL_ON_INDEX
      THEN
         NULL;
   END;

   BEGIN
      INSERT INTO sgt_subtabs_det
                  (sdetalle, cempres, csubtabla, cversubt, ccla1, ccla2,
                   ccla3, ccla4, ccla5, ccla6, ccla7, ccla8, nval1, nval2,
                   nval3, nval4, nval5, nval6, falta, cusualt, fmodifi,
                   cusumod, ccla9, ccla10, nval7, nval8, nval9, nval10
                  )
           VALUES (sdetalle_conf.NEXTVAL, 24, 8000047, 1, 80002, 1,
                   1674720, NULL, NULL, NULL, NULL, NULL, 200, NULL,
                   NULL, NULL, NULL, NULL, f_sysdate, f_user, NULL,
                   NULL, NULL, NULL, NULL, NULL, NULL, NULL
                  );
   EXCEPTION
      WHEN DUP_VAL_ON_INDEX
      THEN
         NULL;
   END;

   BEGIN
      INSERT INTO sgt_subtabs_det
                  (sdetalle, cempres, csubtabla, cversubt, ccla1, ccla2,
                   ccla3, ccla4, ccla5, ccla6, ccla7, ccla8, nval1, nval2,
                   nval3, nval4, nval5, nval6, falta, cusualt, fmodifi,
                   cusumod, ccla9, ccla10, nval7, nval8, nval9, nval10
                  )
           VALUES (sdetalle_conf.NEXTVAL, 24, 8000047, 1, 80003, 1,
                   1674720, NULL, NULL, NULL, NULL, NULL, 200, NULL,
                   NULL, NULL, NULL, NULL, f_sysdate, f_user, NULL,
                   NULL, NULL, NULL, NULL, NULL, NULL, NULL
                  );
   EXCEPTION
      WHEN DUP_VAL_ON_INDEX
      THEN
         NULL;
   END;

   BEGIN
      INSERT INTO sgt_subtabs_det
                  (sdetalle, cempres, csubtabla, cversubt, ccla1, ccla2,
                   ccla3, ccla4, ccla5, ccla6, ccla7, ccla8, nval1, nval2,
                   nval3, nval4, nval5, nval6, falta, cusualt, fmodifi,
                   cusumod, ccla9, ccla10, nval7, nval8, nval9, nval10
                  )
           VALUES (sdetalle_conf.NEXTVAL, 24, 8000047, 1, 80001, 1,
                   1674720, NULL, NULL, NULL, NULL, NULL, 200, NULL,
                   NULL, NULL, NULL, NULL, f_sysdate, f_user, NULL,
                   NULL, NULL, NULL, NULL, NULL, NULL, NULL
                  );
   EXCEPTION
      WHEN DUP_VAL_ON_INDEX
      THEN
         NULL;
   END;

   BEGIN
      INSERT INTO sgt_subtabs_det
                  (sdetalle, cempres, csubtabla, cversubt, ccla1, ccla2,
                   ccla3, ccla4, ccla5, ccla6, ccla7, ccla8, nval1, nval2,
                   nval3, nval4, nval5, nval6, falta, cusualt, fmodifi,
                   cusumod, ccla9, ccla10, nval7, nval8, nval9, nval10
                  )
           VALUES (sdetalle_conf.NEXTVAL, 24, 8000047, 1, 80002, 1,
                   1674720, NULL, NULL, NULL, NULL, NULL, 200, NULL,
                   NULL, NULL, NULL, NULL, f_sysdate, f_user, NULL,
                   NULL, NULL, NULL, NULL, NULL, NULL, NULL
                  );
   EXCEPTION
      WHEN DUP_VAL_ON_INDEX
      THEN
         NULL;
   END;

   BEGIN
      INSERT INTO sgt_subtabs_det
                  (sdetalle, cempres, csubtabla, cversubt, ccla1, ccla2,
                   ccla3, ccla4, ccla5, ccla6, ccla7, ccla8, nval1, nval2,
                   nval3, nval4, nval5, nval6, falta, cusualt, fmodifi,
                   cusumod, ccla9, ccla10, nval7, nval8, nval9, nval10
                  )
           VALUES (sdetalle_conf.NEXTVAL, 24, 8000047, 1, 80003, 1,
                   1674720, NULL, NULL, NULL, NULL, NULL, 200, NULL,
                   NULL, NULL, NULL, NULL, f_sysdate, f_user, NULL,
                   NULL, NULL, NULL, NULL, NULL, NULL, NULL
                  );
   EXCEPTION
      WHEN DUP_VAL_ON_INDEX
      THEN
         NULL;
   END;

   BEGIN
      INSERT INTO sgt_subtabs_det
                  (sdetalle, cempres, csubtabla, cversubt, ccla1, ccla2,
                   ccla3, ccla4, ccla5, ccla6, ccla7, ccla8, nval1, nval2,
                   nval3, nval4, nval5, nval6, falta, cusualt, fmodifi,
                   cusumod, ccla9, ccla10, nval7, nval8, nval9, nval10
                  )
           VALUES (sdetalle_conf.NEXTVAL, 24, 8000047, 1, 80001, 1,
                   1674720, NULL, NULL, NULL, NULL, NULL, 200, NULL,
                   NULL, NULL, NULL, NULL, f_sysdate, f_user, NULL,
                   NULL, NULL, NULL, NULL, NULL, NULL, NULL
                  );
   EXCEPTION
      WHEN DUP_VAL_ON_INDEX
      THEN
         NULL;
   END;

   BEGIN
      INSERT INTO sgt_subtabs_det
                  (sdetalle, cempres, csubtabla, cversubt, ccla1, ccla2,
                   ccla3, ccla4, ccla5, ccla6, ccla7, ccla8, nval1, nval2,
                   nval3, nval4, nval5, nval6, falta, cusualt, fmodifi,
                   cusumod, ccla9, ccla10, nval7, nval8, nval9, nval10
                  )
           VALUES (sdetalle_conf.NEXTVAL, 24, 8000047, 1, 80002, 1,
                   1674720, NULL, NULL, NULL, NULL, NULL, 200, NULL,
                   NULL, NULL, NULL, NULL, f_sysdate, f_user, NULL,
                   NULL, NULL, NULL, NULL, NULL, NULL, NULL
                  );
   EXCEPTION
      WHEN DUP_VAL_ON_INDEX
      THEN
         NULL;
   END;

   BEGIN
      INSERT INTO sgt_subtabs_det
                  (sdetalle, cempres, csubtabla, cversubt, ccla1, ccla2,
                   ccla3, ccla4, ccla5, ccla6, ccla7, ccla8, nval1, nval2,
                   nval3, nval4, nval5, nval6, falta, cusualt, fmodifi,
                   cusumod, ccla9, ccla10, nval7, nval8, nval9, nval10
                  )
           VALUES (sdetalle_conf.NEXTVAL, 24, 8000047, 1, 80003, 1,
                   1674720, NULL, NULL, NULL, NULL, NULL, 200, NULL,
                   NULL, NULL, NULL, NULL, f_sysdate, f_user, NULL,
                   NULL, NULL, NULL, NULL, NULL, NULL, NULL
                  );
   EXCEPTION
      WHEN DUP_VAL_ON_INDEX
      THEN
         NULL;
   END;

   BEGIN
      INSERT INTO sgt_subtabs_det
                  (sdetalle, cempres, csubtabla, cversubt, ccla1, ccla2,
                   ccla3, ccla4, ccla5, ccla6, ccla7, ccla8, nval1,
                   nval2, nval3, nval4, nval5, nval6, falta, cusualt,
                   fmodifi, cusumod, ccla9, ccla10, nval7, nval8, nval9,
                   nval10
                  )
           VALUES (sdetalle_conf.NEXTVAL, 24, 8000047, 1, 80001, 0,
                   1674720, NULL, NULL, NULL, NULL, NULL, -32.8048124854751,
                   NULL, NULL, NULL, NULL, NULL, f_sysdate, f_user,
                   NULL, NULL, NULL, NULL, NULL, NULL, NULL,
                   NULL
                  );
   EXCEPTION
      WHEN DUP_VAL_ON_INDEX
      THEN
         NULL;
   END;

   BEGIN
      INSERT INTO sgt_subtabs_det
                  (sdetalle, cempres, csubtabla, cversubt, ccla1, ccla2,
                   ccla3, ccla4, ccla5, ccla6, ccla7, ccla8, nval1,
                   nval2, nval3, nval4, nval5, nval6, falta, cusualt,
                   fmodifi, cusumod, ccla9, ccla10, nval7, nval8, nval9,
                   nval10
                  )
           VALUES (sdetalle_conf.NEXTVAL, 24, 8000047, 1, 80002, 0,
                   1674720, NULL, NULL, NULL, NULL, NULL, -32.8048124854751,
                   NULL, NULL, NULL, NULL, NULL, f_sysdate, f_user,
                   NULL, NULL, NULL, NULL, NULL, NULL, NULL,
                   NULL
                  );
   EXCEPTION
      WHEN DUP_VAL_ON_INDEX
      THEN
         NULL;
   END;

   BEGIN
      INSERT INTO sgt_subtabs_det
                  (sdetalle, cempres, csubtabla, cversubt, ccla1, ccla2,
                   ccla3, ccla4, ccla5, ccla6, ccla7, ccla8, nval1,
                   nval2, nval3, nval4, nval5, nval6, falta, cusualt,
                   fmodifi, cusumod, ccla9, ccla10, nval7, nval8, nval9,
                   nval10
                  )
           VALUES (sdetalle_conf.NEXTVAL, 24, 8000047, 1, 80003, 0,
                   1674720, NULL, NULL, NULL, NULL, NULL, -32.8048124854751,
                   NULL, NULL, NULL, NULL, NULL, f_sysdate, f_user,
                   NULL, NULL, NULL, NULL, NULL, NULL, NULL,
                   NULL
                  );
   EXCEPTION
      WHEN DUP_VAL_ON_INDEX
      THEN
         NULL;
   END;

   BEGIN
      INSERT INTO sgt_subtabs_det
                  (sdetalle, cempres, csubtabla, cversubt, ccla1, ccla2,
                   ccla3, ccla4, ccla5, ccla6, ccla7, ccla8, nval1,
                   nval2, nval3, nval4, nval5, nval6, falta, cusualt,
                   fmodifi, cusumod, ccla9, ccla10, nval7, nval8, nval9,
                   nval10
                  )
           VALUES (sdetalle_conf.NEXTVAL, 24, 8000047, 1, 80001, 3,
                   1674720, NULL, NULL, NULL, NULL, NULL, -18.1831223094553,
                   NULL, NULL, NULL, NULL, NULL, f_sysdate, f_user,
                   NULL, NULL, NULL, NULL, NULL, NULL, NULL,
                   NULL
                  );
   EXCEPTION
      WHEN DUP_VAL_ON_INDEX
      THEN
         NULL;
   END;

   BEGIN
      INSERT INTO sgt_subtabs_det
                  (sdetalle, cempres, csubtabla, cversubt, ccla1, ccla2,
                   ccla3, ccla4, ccla5, ccla6, ccla7, ccla8, nval1,
                   nval2, nval3, nval4, nval5, nval6, falta, cusualt,
                   fmodifi, cusumod, ccla9, ccla10, nval7, nval8, nval9,
                   nval10
                  )
           VALUES (sdetalle_conf.NEXTVAL, 24, 8000047, 1, 80002, 3,
                   1674720, NULL, NULL, NULL, NULL, NULL, -18.1831223094553,
                   NULL, NULL, NULL, NULL, NULL, f_sysdate, f_user,
                   NULL, NULL, NULL, NULL, NULL, NULL, NULL,
                   NULL
                  );
   EXCEPTION
      WHEN DUP_VAL_ON_INDEX
      THEN
         NULL;
   END;

   BEGIN
      INSERT INTO sgt_subtabs_det
                  (sdetalle, cempres, csubtabla, cversubt, ccla1, ccla2,
                   ccla3, ccla4, ccla5, ccla6, ccla7, ccla8, nval1,
                   nval2, nval3, nval4, nval5, nval6, falta, cusualt,
                   fmodifi, cusumod, ccla9, ccla10, nval7, nval8, nval9,
                   nval10
                  )
           VALUES (sdetalle_conf.NEXTVAL, 24, 8000047, 1, 80003, 3,
                   1674720, NULL, NULL, NULL, NULL, NULL, -18.1831223094553,
                   NULL, NULL, NULL, NULL, NULL, f_sysdate, f_user,
                   NULL, NULL, NULL, NULL, NULL, NULL, NULL,
                   NULL
                  );
   EXCEPTION
      WHEN DUP_VAL_ON_INDEX
      THEN
         NULL;
   END;

   BEGIN
      INSERT INTO sgt_subtabs_det
                  (sdetalle, cempres, csubtabla, cversubt, ccla1, ccla2,
                   ccla3, ccla4, ccla5, ccla6, ccla7, ccla8, nval1,
                   nval2, nval3, nval4, nval5, nval6, falta, cusualt,
                   fmodifi, cusumod, ccla9, ccla10, nval7, nval8, nval9,
                   nval10
                  )
           VALUES (sdetalle_conf.NEXTVAL, 24, 8000047, 1, 80001, 1,
                   1674720, NULL, NULL, NULL, NULL, NULL, -12.794878409916,
                   NULL, NULL, NULL, NULL, NULL, f_sysdate, f_user,
                   NULL, NULL, NULL, NULL, NULL, NULL, NULL,
                   NULL
                  );
   EXCEPTION
      WHEN DUP_VAL_ON_INDEX
      THEN
         NULL;
   END;

   BEGIN
      INSERT INTO sgt_subtabs_det
                  (sdetalle, cempres, csubtabla, cversubt, ccla1, ccla2,
                   ccla3, ccla4, ccla5, ccla6, ccla7, ccla8, nval1,
                   nval2, nval3, nval4, nval5, nval6, falta, cusualt,
                   fmodifi, cusumod, ccla9, ccla10, nval7, nval8, nval9,
                   nval10
                  )
           VALUES (sdetalle_conf.NEXTVAL, 24, 8000047, 1, 80002, 1,
                   1674720, NULL, NULL, NULL, NULL, NULL, -12.794878409916,
                   NULL, NULL, NULL, NULL, NULL, f_sysdate, f_user,
                   NULL, NULL, NULL, NULL, NULL, NULL, NULL,
                   NULL
                  );
   EXCEPTION
      WHEN DUP_VAL_ON_INDEX
      THEN
         NULL;
   END;

   BEGIN
      INSERT INTO sgt_subtabs_det
                  (sdetalle, cempres, csubtabla, cversubt, ccla1, ccla2,
                   ccla3, ccla4, ccla5, ccla6, ccla7, ccla8, nval1,
                   nval2, nval3, nval4, nval5, nval6, falta, cusualt,
                   fmodifi, cusumod, ccla9, ccla10, nval7, nval8, nval9,
                   nval10
                  )
           VALUES (sdetalle_conf.NEXTVAL, 24, 8000047, 1, 80003, 1,
                   1674720, NULL, NULL, NULL, NULL, NULL, -12.794878409916,
                   NULL, NULL, NULL, NULL, NULL, f_sysdate, f_user,
                   NULL, NULL, NULL, NULL, NULL, NULL, NULL,
                   NULL
                  );
   EXCEPTION
      WHEN DUP_VAL_ON_INDEX
      THEN
         NULL;
   END;

   BEGIN
      INSERT INTO sgt_subtabs_det
                  (sdetalle, cempres, csubtabla, cversubt, ccla1, ccla2,
                   ccla3, ccla4, ccla5, ccla6, ccla7, ccla8, nval1,
                   nval2, nval3, nval4, nval5, nval6, falta, cusualt,
                   fmodifi, cusumod, ccla9, ccla10, nval7, nval8, nval9,
                   nval10
                  )
           VALUES (sdetalle_conf.NEXTVAL, 24, 8000047, 1, 80001, 2,
                   1674720, NULL, NULL, NULL, NULL, NULL, -32.8048124854751,
                   NULL, NULL, NULL, NULL, NULL, f_sysdate, f_user,
                   NULL, NULL, NULL, NULL, NULL, NULL, NULL,
                   NULL
                  );
   EXCEPTION
      WHEN DUP_VAL_ON_INDEX
      THEN
         NULL;
   END;

   BEGIN
      INSERT INTO sgt_subtabs_det
                  (sdetalle, cempres, csubtabla, cversubt, ccla1, ccla2,
                   ccla3, ccla4, ccla5, ccla6, ccla7, ccla8, nval1,
                   nval2, nval3, nval4, nval5, nval6, falta, cusualt,
                   fmodifi, cusumod, ccla9, ccla10, nval7, nval8, nval9,
                   nval10
                  )
           VALUES (sdetalle_conf.NEXTVAL, 24, 8000047, 1, 80002, 2,
                   1674720, NULL, NULL, NULL, NULL, NULL, -32.8048124854751,
                   NULL, NULL, NULL, NULL, NULL, f_sysdate, f_user,
                   NULL, NULL, NULL, NULL, NULL, NULL, NULL,
                   NULL
                  );
   EXCEPTION
      WHEN DUP_VAL_ON_INDEX
      THEN
         NULL;
   END;

   BEGIN
      INSERT INTO sgt_subtabs_det
                  (sdetalle, cempres, csubtabla, cversubt, ccla1, ccla2,
                   ccla3, ccla4, ccla5, ccla6, ccla7, ccla8, nval1,
                   nval2, nval3, nval4, nval5, nval6, falta, cusualt,
                   fmodifi, cusumod, ccla9, ccla10, nval7, nval8, nval9,
                   nval10
                  )
           VALUES (sdetalle_conf.NEXTVAL, 24, 8000047, 1, 80003, 2,
                   1674720, NULL, NULL, NULL, NULL, NULL, -32.8048124854751,
                   NULL, NULL, NULL, NULL, NULL, f_sysdate, f_user,
                   NULL, NULL, NULL, NULL, NULL, NULL, NULL,
                   NULL
                  );
   EXCEPTION
      WHEN DUP_VAL_ON_INDEX
      THEN
         NULL;
   END;

   BEGIN
      INSERT INTO sgt_subtabs_det
                  (sdetalle, cempres, csubtabla, cversubt, ccla1, ccla2,
                   ccla3, ccla4, ccla5, ccla6, ccla7, ccla8, nval1,
                   nval2, nval3, nval4, nval5, nval6, falta, cusualt,
                   fmodifi, cusumod, ccla9, ccla10, nval7, nval8, nval9,
                   nval10
                  )
           VALUES (sdetalle_conf.NEXTVAL, 24, 8000047, 1, 80001, 0,
                   1674720, NULL, NULL, NULL, NULL, NULL, -32.8048124854751,
                   NULL, NULL, NULL, NULL, NULL, f_sysdate, f_user,
                   NULL, NULL, NULL, NULL, NULL, NULL, NULL,
                   NULL
                  );
   EXCEPTION
      WHEN DUP_VAL_ON_INDEX
      THEN
         NULL;
   END;

   BEGIN
      INSERT INTO sgt_subtabs_det
                  (sdetalle, cempres, csubtabla, cversubt, ccla1, ccla2,
                   ccla3, ccla4, ccla5, ccla6, ccla7, ccla8, nval1,
                   nval2, nval3, nval4, nval5, nval6, falta, cusualt,
                   fmodifi, cusumod, ccla9, ccla10, nval7, nval8, nval9,
                   nval10
                  )
           VALUES (sdetalle_conf.NEXTVAL, 24, 8000047, 1, 80002, 0,
                   1674720, NULL, NULL, NULL, NULL, NULL, -32.8048124854751,
                   NULL, NULL, NULL, NULL, NULL, f_sysdate, f_user,
                   NULL, NULL, NULL, NULL, NULL, NULL, NULL,
                   NULL
                  );
   EXCEPTION
      WHEN DUP_VAL_ON_INDEX
      THEN
         NULL;
   END;

   BEGIN
      INSERT INTO sgt_subtabs_det
                  (sdetalle, cempres, csubtabla, cversubt, ccla1, ccla2,
                   ccla3, ccla4, ccla5, ccla6, ccla7, ccla8, nval1,
                   nval2, nval3, nval4, nval5, nval6, falta, cusualt,
                   fmodifi, cusumod, ccla9, ccla10, nval7, nval8, nval9,
                   nval10
                  )
           VALUES (sdetalle_conf.NEXTVAL, 24, 8000047, 1, 80003, 0,
                   1674720, NULL, NULL, NULL, NULL, NULL, -32.8048124854751,
                   NULL, NULL, NULL, NULL, NULL, f_sysdate, f_user,
                   NULL, NULL, NULL, NULL, NULL, NULL, NULL,
                   NULL
                  );
   EXCEPTION
      WHEN DUP_VAL_ON_INDEX
      THEN
         NULL;
   END;

   BEGIN
      INSERT INTO sgt_subtabs_det
                  (sdetalle, cempres, csubtabla, cversubt, ccla1, ccla2,
                   ccla3, ccla4, ccla5, ccla6, ccla7, ccla8, nval1,
                   nval2, nval3, nval4, nval5, nval6, falta, cusualt,
                   fmodifi, cusumod, ccla9, ccla10, nval7, nval8, nval9,
                   nval10
                  )
           VALUES (sdetalle_conf.NEXTVAL, 24, 8000047, 1, 80001, 3,
                   1674720, NULL, NULL, NULL, NULL, NULL, -18.1831223094553,
                   NULL, NULL, NULL, NULL, NULL, f_sysdate, f_user,
                   NULL, NULL, NULL, NULL, NULL, NULL, NULL,
                   NULL
                  );
   EXCEPTION
      WHEN DUP_VAL_ON_INDEX
      THEN
         NULL;
   END;

   BEGIN
      INSERT INTO sgt_subtabs_det
                  (sdetalle, cempres, csubtabla, cversubt, ccla1, ccla2,
                   ccla3, ccla4, ccla5, ccla6, ccla7, ccla8, nval1,
                   nval2, nval3, nval4, nval5, nval6, falta, cusualt,
                   fmodifi, cusumod, ccla9, ccla10, nval7, nval8, nval9,
                   nval10
                  )
           VALUES (sdetalle_conf.NEXTVAL, 24, 8000047, 1, 80002, 3,
                   1674720, NULL, NULL, NULL, NULL, NULL, -18.1831223094553,
                   NULL, NULL, NULL, NULL, NULL, f_sysdate, f_user,
                   NULL, NULL, NULL, NULL, NULL, NULL, NULL,
                   NULL
                  );
   EXCEPTION
      WHEN DUP_VAL_ON_INDEX
      THEN
         NULL;
   END;

   BEGIN
      INSERT INTO sgt_subtabs_det
                  (sdetalle, cempres, csubtabla, cversubt, ccla1, ccla2,
                   ccla3, ccla4, ccla5, ccla6, ccla7, ccla8, nval1,
                   nval2, nval3, nval4, nval5, nval6, falta, cusualt,
                   fmodifi, cusumod, ccla9, ccla10, nval7, nval8, nval9,
                   nval10
                  )
           VALUES (sdetalle_conf.NEXTVAL, 24, 8000047, 1, 80003, 3,
                   1674720, NULL, NULL, NULL, NULL, NULL, -18.1831223094553,
                   NULL, NULL, NULL, NULL, NULL, f_sysdate, f_user,
                   NULL, NULL, NULL, NULL, NULL, NULL, NULL,
                   NULL
                  );
   EXCEPTION
      WHEN DUP_VAL_ON_INDEX
      THEN
         NULL;
   END;

   BEGIN
      INSERT INTO sgt_subtabs_det
                  (sdetalle, cempres, csubtabla, cversubt, ccla1, ccla2,
                   ccla3, ccla4, ccla5, ccla6, ccla7, ccla8, nval1,
                   nval2, nval3, nval4, nval5, nval6, falta, cusualt,
                   fmodifi, cusumod, ccla9, ccla10, nval7, nval8, nval9,
                   nval10
                  )
           VALUES (sdetalle_conf.NEXTVAL, 24, 8000047, 1, 80001, 1,
                   1674720, NULL, NULL, NULL, NULL, NULL, -12.794878409916,
                   NULL, NULL, NULL, NULL, NULL, f_sysdate, f_user,
                   NULL, NULL, NULL, NULL, NULL, NULL, NULL,
                   NULL
                  );
   EXCEPTION
      WHEN DUP_VAL_ON_INDEX
      THEN
         NULL;
   END;

   BEGIN
      INSERT INTO sgt_subtabs_det
                  (sdetalle, cempres, csubtabla, cversubt, ccla1, ccla2,
                   ccla3, ccla4, ccla5, ccla6, ccla7, ccla8, nval1,
                   nval2, nval3, nval4, nval5, nval6, falta, cusualt,
                   fmodifi, cusumod, ccla9, ccla10, nval7, nval8, nval9,
                   nval10
                  )
           VALUES (sdetalle_conf.NEXTVAL, 24, 8000047, 1, 80002, 1,
                   1674720, NULL, NULL, NULL, NULL, NULL, -12.794878409916,
                   NULL, NULL, NULL, NULL, NULL, f_sysdate, f_user,
                   NULL, NULL, NULL, NULL, NULL, NULL, NULL,
                   NULL
                  );
   EXCEPTION
      WHEN DUP_VAL_ON_INDEX
      THEN
         NULL;
   END;

   BEGIN
      INSERT INTO sgt_subtabs_det
                  (sdetalle, cempres, csubtabla, cversubt, ccla1, ccla2,
                   ccla3, ccla4, ccla5, ccla6, ccla7, ccla8, nval1,
                   nval2, nval3, nval4, nval5, nval6, falta, cusualt,
                   fmodifi, cusumod, ccla9, ccla10, nval7, nval8, nval9,
                   nval10
                  )
           VALUES (sdetalle_conf.NEXTVAL, 24, 8000047, 1, 80003, 1,
                   1674720, NULL, NULL, NULL, NULL, NULL, -12.794878409916,
                   NULL, NULL, NULL, NULL, NULL, f_sysdate, f_user,
                   NULL, NULL, NULL, NULL, NULL, NULL, NULL,
                   NULL
                  );
   EXCEPTION
      WHEN DUP_VAL_ON_INDEX
      THEN
         NULL;
   END;

   BEGIN
      INSERT INTO sgt_subtabs_det
                  (sdetalle, cempres, csubtabla, cversubt, ccla1, ccla2,
                   ccla3, ccla4, ccla5, ccla6, ccla7, ccla8, nval1,
                   nval2, nval3, nval4, nval5, nval6, falta, cusualt,
                   fmodifi, cusumod, ccla9, ccla10, nval7, nval8, nval9,
                   nval10
                  )
           VALUES (sdetalle_conf.NEXTVAL, 24, 8000047, 1, 80001, 2,
                   1674720, NULL, NULL, NULL, NULL, NULL, -32.8048124854751,
                   NULL, NULL, NULL, NULL, NULL, f_sysdate, f_user,
                   NULL, NULL, NULL, NULL, NULL, NULL, NULL,
                   NULL
                  );
   EXCEPTION
      WHEN DUP_VAL_ON_INDEX
      THEN
         NULL;
   END;

   BEGIN
      INSERT INTO sgt_subtabs_det
                  (sdetalle, cempres, csubtabla, cversubt, ccla1, ccla2,
                   ccla3, ccla4, ccla5, ccla6, ccla7, ccla8, nval1,
                   nval2, nval3, nval4, nval5, nval6, falta, cusualt,
                   fmodifi, cusumod, ccla9, ccla10, nval7, nval8, nval9,
                   nval10
                  )
           VALUES (sdetalle_conf.NEXTVAL, 24, 8000047, 1, 80002, 2,
                   1674720, NULL, NULL, NULL, NULL, NULL, -32.8048124854751,
                   NULL, NULL, NULL, NULL, NULL, f_sysdate, f_user,
                   NULL, NULL, NULL, NULL, NULL, NULL, NULL,
                   NULL
                  );
   EXCEPTION
      WHEN DUP_VAL_ON_INDEX
      THEN
         NULL;
   END;

   BEGIN
      INSERT INTO sgt_subtabs_det
                  (sdetalle, cempres, csubtabla, cversubt, ccla1, ccla2,
                   ccla3, ccla4, ccla5, ccla6, ccla7, ccla8, nval1,
                   nval2, nval3, nval4, nval5, nval6, falta, cusualt,
                   fmodifi, cusumod, ccla9, ccla10, nval7, nval8, nval9,
                   nval10
                  )
           VALUES (sdetalle_conf.NEXTVAL, 24, 8000047, 1, 80003, 2,
                   1674720, NULL, NULL, NULL, NULL, NULL, -32.8048124854751,
                   NULL, NULL, NULL, NULL, NULL, f_sysdate, f_user,
                   NULL, NULL, NULL, NULL, NULL, NULL, NULL,
                   NULL
                  );
   EXCEPTION
      WHEN DUP_VAL_ON_INDEX
      THEN
         NULL;
   END;

   BEGIN
      INSERT INTO sgt_subtabs_det
                  (sdetalle, cempres, csubtabla, cversubt, ccla1, ccla2,
                   ccla3, ccla4, ccla5, ccla6, ccla7, ccla8, nval1,
                   nval2, nval3, nval4, nval5, nval6, falta, cusualt,
                   fmodifi, cusumod, ccla9, ccla10, nval7, nval8, nval9,
                   nval10
                  )
           VALUES (sdetalle_conf.NEXTVAL, 24, 8000047, 1, 80001, 0,
                   1674720, NULL, NULL, NULL, NULL, NULL, -32.8048124854751,
                   NULL, NULL, NULL, NULL, NULL, f_sysdate, f_user,
                   NULL, NULL, NULL, NULL, NULL, NULL, NULL,
                   NULL
                  );
   EXCEPTION
      WHEN DUP_VAL_ON_INDEX
      THEN
         NULL;
   END;

   BEGIN
      INSERT INTO sgt_subtabs_det
                  (sdetalle, cempres, csubtabla, cversubt, ccla1, ccla2,
                   ccla3, ccla4, ccla5, ccla6, ccla7, ccla8, nval1,
                   nval2, nval3, nval4, nval5, nval6, falta, cusualt,
                   fmodifi, cusumod, ccla9, ccla10, nval7, nval8, nval9,
                   nval10
                  )
           VALUES (sdetalle_conf.NEXTVAL, 24, 8000047, 1, 80002, 0,
                   1674720, NULL, NULL, NULL, NULL, NULL, -32.8048124854751,
                   NULL, NULL, NULL, NULL, NULL, f_sysdate, f_user,
                   NULL, NULL, NULL, NULL, NULL, NULL, NULL,
                   NULL
                  );
   EXCEPTION
      WHEN DUP_VAL_ON_INDEX
      THEN
         NULL;
   END;

   BEGIN
      INSERT INTO sgt_subtabs_det
                  (sdetalle, cempres, csubtabla, cversubt, ccla1, ccla2,
                   ccla3, ccla4, ccla5, ccla6, ccla7, ccla8, nval1,
                   nval2, nval3, nval4, nval5, nval6, falta, cusualt,
                   fmodifi, cusumod, ccla9, ccla10, nval7, nval8, nval9,
                   nval10
                  )
           VALUES (sdetalle_conf.NEXTVAL, 24, 8000047, 1, 80003, 0,
                   1674720, NULL, NULL, NULL, NULL, NULL, -32.8048124854751,
                   NULL, NULL, NULL, NULL, NULL, f_sysdate, f_user,
                   NULL, NULL, NULL, NULL, NULL, NULL, NULL,
                   NULL
                  );
   EXCEPTION
      WHEN DUP_VAL_ON_INDEX
      THEN
         NULL;
   END;

   BEGIN
      INSERT INTO sgt_subtabs_det
                  (sdetalle, cempres, csubtabla, cversubt, ccla1, ccla2,
                   ccla3, ccla4, ccla5, ccla6, ccla7, ccla8, nval1,
                   nval2, nval3, nval4, nval5, nval6, falta, cusualt,
                   fmodifi, cusumod, ccla9, ccla10, nval7, nval8, nval9,
                   nval10
                  )
           VALUES (sdetalle_conf.NEXTVAL, 24, 8000047, 1, 80001, 1,
                   1674720, NULL, NULL, NULL, NULL, NULL, -12.794878409916,
                   NULL, NULL, NULL, NULL, NULL, f_sysdate, f_user,
                   NULL, NULL, NULL, NULL, NULL, NULL, NULL,
                   NULL
                  );
   EXCEPTION
      WHEN DUP_VAL_ON_INDEX
      THEN
         NULL;
   END;

   BEGIN
      INSERT INTO sgt_subtabs_det
                  (sdetalle, cempres, csubtabla, cversubt, ccla1, ccla2,
                   ccla3, ccla4, ccla5, ccla6, ccla7, ccla8, nval1,
                   nval2, nval3, nval4, nval5, nval6, falta, cusualt,
                   fmodifi, cusumod, ccla9, ccla10, nval7, nval8, nval9,
                   nval10
                  )
           VALUES (sdetalle_conf.NEXTVAL, 24, 8000047, 1, 80002, 1,
                   1674720, NULL, NULL, NULL, NULL, NULL, -12.794878409916,
                   NULL, NULL, NULL, NULL, NULL, f_sysdate, f_user,
                   NULL, NULL, NULL, NULL, NULL, NULL, NULL,
                   NULL
                  );
   EXCEPTION
      WHEN DUP_VAL_ON_INDEX
      THEN
         NULL;
   END;

   BEGIN
      INSERT INTO sgt_subtabs_det
                  (sdetalle, cempres, csubtabla, cversubt, ccla1, ccla2,
                   ccla3, ccla4, ccla5, ccla6, ccla7, ccla8, nval1,
                   nval2, nval3, nval4, nval5, nval6, falta, cusualt,
                   fmodifi, cusumod, ccla9, ccla10, nval7, nval8, nval9,
                   nval10
                  )
           VALUES (sdetalle_conf.NEXTVAL, 24, 8000047, 1, 80003, 1,
                   1674720, NULL, NULL, NULL, NULL, NULL, -12.794878409916,
                   NULL, NULL, NULL, NULL, NULL, f_sysdate, f_user,
                   NULL, NULL, NULL, NULL, NULL, NULL, NULL,
                   NULL
                  );
   EXCEPTION
      WHEN DUP_VAL_ON_INDEX
      THEN
         NULL;
   END;

   BEGIN
      INSERT INTO sgt_subtabs_det
                  (sdetalle, cempres, csubtabla, cversubt, ccla1, ccla2,
                   ccla3, ccla4, ccla5, ccla6, ccla7, ccla8, nval1,
                   nval2, nval3, nval4, nval5, nval6, falta, cusualt,
                   fmodifi, cusumod, ccla9, ccla10, nval7, nval8, nval9,
                   nval10
                  )
           VALUES (sdetalle_conf.NEXTVAL, 24, 8000047, 1, 80001, 0,
                   1704720, NULL, NULL, NULL, NULL, NULL, 594.904528675414,
                   NULL, NULL, NULL, NULL, NULL, f_sysdate, f_user,
                   NULL, NULL, NULL, NULL, NULL, NULL, NULL,
                   NULL
                  );
   EXCEPTION
      WHEN DUP_VAL_ON_INDEX
      THEN
         NULL;
   END;

   BEGIN
      INSERT INTO sgt_subtabs_det
                  (sdetalle, cempres, csubtabla, cversubt, ccla1, ccla2,
                   ccla3, ccla4, ccla5, ccla6, ccla7, ccla8, nval1,
                   nval2, nval3, nval4, nval5, nval6, falta, cusualt,
                   fmodifi, cusumod, ccla9, ccla10, nval7, nval8, nval9,
                   nval10
                  )
           VALUES (sdetalle_conf.NEXTVAL, 24, 8000047, 1, 80002, 0,
                   1704720, NULL, NULL, NULL, NULL, NULL, 594.904528675414,
                   NULL, NULL, NULL, NULL, NULL, f_sysdate, f_user,
                   NULL, NULL, NULL, NULL, NULL, NULL, NULL,
                   NULL
                  );
   EXCEPTION
      WHEN DUP_VAL_ON_INDEX
      THEN
         NULL;
   END;

   BEGIN
      INSERT INTO sgt_subtabs_det
                  (sdetalle, cempres, csubtabla, cversubt, ccla1, ccla2,
                   ccla3, ccla4, ccla5, ccla6, ccla7, ccla8, nval1,
                   nval2, nval3, nval4, nval5, nval6, falta, cusualt,
                   fmodifi, cusumod, ccla9, ccla10, nval7, nval8, nval9,
                   nval10
                  )
           VALUES (sdetalle_conf.NEXTVAL, 24, 8000047, 1, 80003, 0,
                   1704720, NULL, NULL, NULL, NULL, NULL, 594.904528675414,
                   NULL, NULL, NULL, NULL, NULL, f_sysdate, f_user,
                   NULL, NULL, NULL, NULL, NULL, NULL, NULL,
                   NULL
                  );
   EXCEPTION
      WHEN DUP_VAL_ON_INDEX
      THEN
         NULL;
   END;

   BEGIN
      INSERT INTO sgt_subtabs_det
                  (sdetalle, cempres, csubtabla, cversubt, ccla1, ccla2,
                   ccla3, ccla4, ccla5, ccla6, ccla7, ccla8, nval1,
                   nval2, nval3, nval4, nval5, nval6, falta, cusualt,
                   fmodifi, cusumod, ccla9, ccla10, nval7, nval8, nval9,
                   nval10
                  )
           VALUES (sdetalle_conf.NEXTVAL, 24, 8000047, 1, 80001, 3,
                   1704720, NULL, NULL, NULL, NULL, NULL, 571.811561094262,
                   NULL, NULL, NULL, NULL, NULL, f_sysdate, f_user,
                   NULL, NULL, NULL, NULL, NULL, NULL, NULL,
                   NULL
                  );
   EXCEPTION
      WHEN DUP_VAL_ON_INDEX
      THEN
         NULL;
   END;

   BEGIN
      INSERT INTO sgt_subtabs_det
                  (sdetalle, cempres, csubtabla, cversubt, ccla1, ccla2,
                   ccla3, ccla4, ccla5, ccla6, ccla7, ccla8, nval1,
                   nval2, nval3, nval4, nval5, nval6, falta, cusualt,
                   fmodifi, cusumod, ccla9, ccla10, nval7, nval8, nval9,
                   nval10
                  )
           VALUES (sdetalle_conf.NEXTVAL, 24, 8000047, 1, 80002, 3,
                   1704720, NULL, NULL, NULL, NULL, NULL, 571.811561094262,
                   NULL, NULL, NULL, NULL, NULL, f_sysdate, f_user,
                   NULL, NULL, NULL, NULL, NULL, NULL, NULL,
                   NULL
                  );
   EXCEPTION
      WHEN DUP_VAL_ON_INDEX
      THEN
         NULL;
   END;

   BEGIN
      INSERT INTO sgt_subtabs_det
                  (sdetalle, cempres, csubtabla, cversubt, ccla1, ccla2,
                   ccla3, ccla4, ccla5, ccla6, ccla7, ccla8, nval1,
                   nval2, nval3, nval4, nval5, nval6, falta, cusualt,
                   fmodifi, cusumod, ccla9, ccla10, nval7, nval8, nval9,
                   nval10
                  )
           VALUES (sdetalle_conf.NEXTVAL, 24, 8000047, 1, 80003, 3,
                   1704720, NULL, NULL, NULL, NULL, NULL, 571.811561094262,
                   NULL, NULL, NULL, NULL, NULL, f_sysdate, f_user,
                   NULL, NULL, NULL, NULL, NULL, NULL, NULL,
                   NULL
                  );
   EXCEPTION
      WHEN DUP_VAL_ON_INDEX
      THEN
         NULL;
   END;

   BEGIN
      INSERT INTO sgt_subtabs_det
                  (sdetalle, cempres, csubtabla, cversubt, ccla1, ccla2,
                   ccla3, ccla4, ccla5, ccla6, ccla7, ccla8, nval1,
                   nval2, nval3, nval4, nval5, nval6, falta, cusualt,
                   fmodifi, cusumod, ccla9, ccla10, nval7, nval8, nval9,
                   nval10
                  )
           VALUES (sdetalle_conf.NEXTVAL, 24, 8000047, 1, 80001, 1,
                   1704720, NULL, NULL, NULL, NULL, NULL, 651.208748209546,
                   NULL, NULL, NULL, NULL, NULL, f_sysdate, f_user,
                   NULL, NULL, NULL, NULL, NULL, NULL, NULL,
                   NULL
                  );
   EXCEPTION
      WHEN DUP_VAL_ON_INDEX
      THEN
         NULL;
   END;

   BEGIN
      INSERT INTO sgt_subtabs_det
                  (sdetalle, cempres, csubtabla, cversubt, ccla1, ccla2,
                   ccla3, ccla4, ccla5, ccla6, ccla7, ccla8, nval1,
                   nval2, nval3, nval4, nval5, nval6, falta, cusualt,
                   fmodifi, cusumod, ccla9, ccla10, nval7, nval8, nval9,
                   nval10
                  )
           VALUES (sdetalle_conf.NEXTVAL, 24, 8000047, 1, 80002, 1,
                   1704720, NULL, NULL, NULL, NULL, NULL, 651.208748209546,
                   NULL, NULL, NULL, NULL, NULL, f_sysdate, f_user,
                   NULL, NULL, NULL, NULL, NULL, NULL, NULL,
                   NULL
                  );
   EXCEPTION
      WHEN DUP_VAL_ON_INDEX
      THEN
         NULL;
   END;

   BEGIN
      INSERT INTO sgt_subtabs_det
                  (sdetalle, cempres, csubtabla, cversubt, ccla1, ccla2,
                   ccla3, ccla4, ccla5, ccla6, ccla7, ccla8, nval1,
                   nval2, nval3, nval4, nval5, nval6, falta, cusualt,
                   fmodifi, cusumod, ccla9, ccla10, nval7, nval8, nval9,
                   nval10
                  )
           VALUES (sdetalle_conf.NEXTVAL, 24, 8000047, 1, 80003, 1,
                   1704720, NULL, NULL, NULL, NULL, NULL, 651.208748209546,
                   NULL, NULL, NULL, NULL, NULL, f_sysdate, f_user,
                   NULL, NULL, NULL, NULL, NULL, NULL, NULL,
                   NULL
                  );
   EXCEPTION
      WHEN DUP_VAL_ON_INDEX
      THEN
         NULL;
   END;

   BEGIN
      INSERT INTO sgt_subtabs_det
                  (sdetalle, cempres, csubtabla, cversubt, ccla1, ccla2,
                   ccla3, ccla4, ccla5, ccla6, ccla7, ccla8, nval1,
                   nval2, nval3, nval4, nval5, nval6, falta, cusualt,
                   fmodifi, cusumod, ccla9, ccla10, nval7, nval8, nval9,
                   nval10
                  )
           VALUES (sdetalle_conf.NEXTVAL, 24, 8000047, 1, 80001, 1,
                   1704720, NULL, NULL, NULL, NULL, NULL, 651.208748209546,
                   NULL, NULL, NULL, NULL, NULL, f_sysdate, f_user,
                   NULL, NULL, NULL, NULL, NULL, NULL, NULL,
                   NULL
                  );
   EXCEPTION
      WHEN DUP_VAL_ON_INDEX
      THEN
         NULL;
   END;

   BEGIN
      INSERT INTO sgt_subtabs_det
                  (sdetalle, cempres, csubtabla, cversubt, ccla1, ccla2,
                   ccla3, ccla4, ccla5, ccla6, ccla7, ccla8, nval1,
                   nval2, nval3, nval4, nval5, nval6, falta, cusualt,
                   fmodifi, cusumod, ccla9, ccla10, nval7, nval8, nval9,
                   nval10
                  )
           VALUES (sdetalle_conf.NEXTVAL, 24, 8000047, 1, 80002, 1,
                   1704720, NULL, NULL, NULL, NULL, NULL, 651.208748209546,
                   NULL, NULL, NULL, NULL, NULL, f_sysdate, f_user,
                   NULL, NULL, NULL, NULL, NULL, NULL, NULL,
                   NULL
                  );
   EXCEPTION
      WHEN DUP_VAL_ON_INDEX
      THEN
         NULL;
   END;

   BEGIN
      INSERT INTO sgt_subtabs_det
                  (sdetalle, cempres, csubtabla, cversubt, ccla1, ccla2,
                   ccla3, ccla4, ccla5, ccla6, ccla7, ccla8, nval1,
                   nval2, nval3, nval4, nval5, nval6, falta, cusualt,
                   fmodifi, cusumod, ccla9, ccla10, nval7, nval8, nval9,
                   nval10
                  )
           VALUES (sdetalle_conf.NEXTVAL, 24, 8000047, 1, 80003, 1,
                   1704720, NULL, NULL, NULL, NULL, NULL, 651.208748209546,
                   NULL, NULL, NULL, NULL, NULL, f_sysdate, f_user,
                   NULL, NULL, NULL, NULL, NULL, NULL, NULL,
                   NULL
                  );
   EXCEPTION
      WHEN DUP_VAL_ON_INDEX
      THEN
         NULL;
   END;

   BEGIN
      INSERT INTO sgt_subtabs_det
                  (sdetalle, cempres, csubtabla, cversubt, ccla1, ccla2,
                   ccla3, ccla4, ccla5, ccla6, ccla7, ccla8, nval1,
                   nval2, nval3, nval4, nval5, nval6, falta, cusualt,
                   fmodifi, cusumod, ccla9, ccla10, nval7, nval8, nval9,
                   nval10
                  )
           VALUES (sdetalle_conf.NEXTVAL, 24, 8000047, 1, 80001, 2,
                   1704720, NULL, NULL, NULL, NULL, NULL, 594.904528675414,
                   NULL, NULL, NULL, NULL, NULL, f_sysdate, f_user,
                   NULL, NULL, NULL, NULL, NULL, NULL, NULL,
                   NULL
                  );
   EXCEPTION
      WHEN DUP_VAL_ON_INDEX
      THEN
         NULL;
   END;

   BEGIN
      INSERT INTO sgt_subtabs_det
                  (sdetalle, cempres, csubtabla, cversubt, ccla1, ccla2,
                   ccla3, ccla4, ccla5, ccla6, ccla7, ccla8, nval1,
                   nval2, nval3, nval4, nval5, nval6, falta, cusualt,
                   fmodifi, cusumod, ccla9, ccla10, nval7, nval8, nval9,
                   nval10
                  )
           VALUES (sdetalle_conf.NEXTVAL, 24, 8000047, 1, 80002, 2,
                   1704720, NULL, NULL, NULL, NULL, NULL, 594.904528675414,
                   NULL, NULL, NULL, NULL, NULL, f_sysdate, f_user,
                   NULL, NULL, NULL, NULL, NULL, NULL, NULL,
                   NULL
                  );
   EXCEPTION
      WHEN DUP_VAL_ON_INDEX
      THEN
         NULL;
   END;

   BEGIN
      INSERT INTO sgt_subtabs_det
                  (sdetalle, cempres, csubtabla, cversubt, ccla1, ccla2,
                   ccla3, ccla4, ccla5, ccla6, ccla7, ccla8, nval1,
                   nval2, nval3, nval4, nval5, nval6, falta, cusualt,
                   fmodifi, cusumod, ccla9, ccla10, nval7, nval8, nval9,
                   nval10
                  )
           VALUES (sdetalle_conf.NEXTVAL, 24, 8000047, 1, 80003, 2,
                   1704720, NULL, NULL, NULL, NULL, NULL, 594.904528675414,
                   NULL, NULL, NULL, NULL, NULL, f_sysdate, f_user,
                   NULL, NULL, NULL, NULL, NULL, NULL, NULL,
                   NULL
                  );
   EXCEPTION
      WHEN DUP_VAL_ON_INDEX
      THEN
         NULL;
   END;

   BEGIN
      INSERT INTO sgt_subtabs_det
                  (sdetalle, cempres, csubtabla, cversubt, ccla1, ccla2,
                   ccla3, ccla4, ccla5, ccla6, ccla7, ccla8, nval1,
                   nval2, nval3, nval4, nval5, nval6, falta, cusualt,
                   fmodifi, cusumod, ccla9, ccla10, nval7, nval8, nval9,
                   nval10
                  )
           VALUES (sdetalle_conf.NEXTVAL, 24, 8000047, 1, 80001, 0,
                   1704720, NULL, NULL, NULL, NULL, NULL, 594.904528675414,
                   NULL, NULL, NULL, NULL, NULL, f_sysdate, f_user,
                   NULL, NULL, NULL, NULL, NULL, NULL, NULL,
                   NULL
                  );
   EXCEPTION
      WHEN DUP_VAL_ON_INDEX
      THEN
         NULL;
   END;

   BEGIN
      INSERT INTO sgt_subtabs_det
                  (sdetalle, cempres, csubtabla, cversubt, ccla1, ccla2,
                   ccla3, ccla4, ccla5, ccla6, ccla7, ccla8, nval1,
                   nval2, nval3, nval4, nval5, nval6, falta, cusualt,
                   fmodifi, cusumod, ccla9, ccla10, nval7, nval8, nval9,
                   nval10
                  )
           VALUES (sdetalle_conf.NEXTVAL, 24, 8000047, 1, 80002, 0,
                   1704720, NULL, NULL, NULL, NULL, NULL, 594.904528675414,
                   NULL, NULL, NULL, NULL, NULL, f_sysdate, f_user,
                   NULL, NULL, NULL, NULL, NULL, NULL, NULL,
                   NULL
                  );
   EXCEPTION
      WHEN DUP_VAL_ON_INDEX
      THEN
         NULL;
   END;

   BEGIN
      INSERT INTO sgt_subtabs_det
                  (sdetalle, cempres, csubtabla, cversubt, ccla1, ccla2,
                   ccla3, ccla4, ccla5, ccla6, ccla7, ccla8, nval1,
                   nval2, nval3, nval4, nval5, nval6, falta, cusualt,
                   fmodifi, cusumod, ccla9, ccla10, nval7, nval8, nval9,
                   nval10
                  )
           VALUES (sdetalle_conf.NEXTVAL, 24, 8000047, 1, 80003, 0,
                   1704720, NULL, NULL, NULL, NULL, NULL, 594.904528675414,
                   NULL, NULL, NULL, NULL, NULL, f_sysdate, f_user,
                   NULL, NULL, NULL, NULL, NULL, NULL, NULL,
                   NULL
                  );
   EXCEPTION
      WHEN DUP_VAL_ON_INDEX
      THEN
         NULL;
   END;

   BEGIN
      INSERT INTO sgt_subtabs_det
                  (sdetalle, cempres, csubtabla, cversubt, ccla1, ccla2,
                   ccla3, ccla4, ccla5, ccla6, ccla7, ccla8, nval1,
                   nval2, nval3, nval4, nval5, nval6, falta, cusualt,
                   fmodifi, cusumod, ccla9, ccla10, nval7, nval8, nval9,
                   nval10
                  )
           VALUES (sdetalle_conf.NEXTVAL, 24, 8000047, 1, 80001, 3,
                   1704720, NULL, NULL, NULL, NULL, NULL, 571.811561094262,
                   NULL, NULL, NULL, NULL, NULL, f_sysdate, f_user,
                   NULL, NULL, NULL, NULL, NULL, NULL, NULL,
                   NULL
                  );
   EXCEPTION
      WHEN DUP_VAL_ON_INDEX
      THEN
         NULL;
   END;

   BEGIN
      INSERT INTO sgt_subtabs_det
                  (sdetalle, cempres, csubtabla, cversubt, ccla1, ccla2,
                   ccla3, ccla4, ccla5, ccla6, ccla7, ccla8, nval1,
                   nval2, nval3, nval4, nval5, nval6, falta, cusualt,
                   fmodifi, cusumod, ccla9, ccla10, nval7, nval8, nval9,
                   nval10
                  )
           VALUES (sdetalle_conf.NEXTVAL, 24, 8000047, 1, 80002, 3,
                   1704720, NULL, NULL, NULL, NULL, NULL, 571.811561094262,
                   NULL, NULL, NULL, NULL, NULL, f_sysdate, f_user,
                   NULL, NULL, NULL, NULL, NULL, NULL, NULL,
                   NULL
                  );
   EXCEPTION
      WHEN DUP_VAL_ON_INDEX
      THEN
         NULL;
   END;

   BEGIN
      INSERT INTO sgt_subtabs_det
                  (sdetalle, cempres, csubtabla, cversubt, ccla1, ccla2,
                   ccla3, ccla4, ccla5, ccla6, ccla7, ccla8, nval1,
                   nval2, nval3, nval4, nval5, nval6, falta, cusualt,
                   fmodifi, cusumod, ccla9, ccla10, nval7, nval8, nval9,
                   nval10
                  )
           VALUES (sdetalle_conf.NEXTVAL, 24, 8000047, 1, 80003, 3,
                   1704720, NULL, NULL, NULL, NULL, NULL, 571.811561094262,
                   NULL, NULL, NULL, NULL, NULL, f_sysdate, f_user,
                   NULL, NULL, NULL, NULL, NULL, NULL, NULL,
                   NULL
                  );
   EXCEPTION
      WHEN DUP_VAL_ON_INDEX
      THEN
         NULL;
   END;

   BEGIN
      INSERT INTO sgt_subtabs_det
                  (sdetalle, cempres, csubtabla, cversubt, ccla1, ccla2,
                   ccla3, ccla4, ccla5, ccla6, ccla7, ccla8, nval1,
                   nval2, nval3, nval4, nval5, nval6, falta, cusualt,
                   fmodifi, cusumod, ccla9, ccla10, nval7, nval8, nval9,
                   nval10
                  )
           VALUES (sdetalle_conf.NEXTVAL, 24, 8000047, 1, 80001, 1,
                   1704720, NULL, NULL, NULL, NULL, NULL, 651.208748209546,
                   NULL, NULL, NULL, NULL, NULL, f_sysdate, f_user,
                   NULL, NULL, NULL, NULL, NULL, NULL, NULL,
                   NULL
                  );
   EXCEPTION
      WHEN DUP_VAL_ON_INDEX
      THEN
         NULL;
   END;

   BEGIN
      INSERT INTO sgt_subtabs_det
                  (sdetalle, cempres, csubtabla, cversubt, ccla1, ccla2,
                   ccla3, ccla4, ccla5, ccla6, ccla7, ccla8, nval1,
                   nval2, nval3, nval4, nval5, nval6, falta, cusualt,
                   fmodifi, cusumod, ccla9, ccla10, nval7, nval8, nval9,
                   nval10
                  )
           VALUES (sdetalle_conf.NEXTVAL, 24, 8000047, 1, 80002, 1,
                   1704720, NULL, NULL, NULL, NULL, NULL, 651.208748209546,
                   NULL, NULL, NULL, NULL, NULL, f_sysdate, f_user,
                   NULL, NULL, NULL, NULL, NULL, NULL, NULL,
                   NULL
                  );
   EXCEPTION
      WHEN DUP_VAL_ON_INDEX
      THEN
         NULL;
   END;

   BEGIN
      INSERT INTO sgt_subtabs_det
                  (sdetalle, cempres, csubtabla, cversubt, ccla1, ccla2,
                   ccla3, ccla4, ccla5, ccla6, ccla7, ccla8, nval1,
                   nval2, nval3, nval4, nval5, nval6, falta, cusualt,
                   fmodifi, cusumod, ccla9, ccla10, nval7, nval8, nval9,
                   nval10
                  )
           VALUES (sdetalle_conf.NEXTVAL, 24, 8000047, 1, 80003, 1,
                   1704720, NULL, NULL, NULL, NULL, NULL, 651.208748209546,
                   NULL, NULL, NULL, NULL, NULL, f_sysdate, f_user,
                   NULL, NULL, NULL, NULL, NULL, NULL, NULL,
                   NULL
                  );
   EXCEPTION
      WHEN DUP_VAL_ON_INDEX
      THEN
         NULL;
   END;

   BEGIN
      INSERT INTO sgt_subtabs_det
                  (sdetalle, cempres, csubtabla, cversubt, ccla1, ccla2,
                   ccla3, ccla4, ccla5, ccla6, ccla7, ccla8, nval1,
                   nval2, nval3, nval4, nval5, nval6, falta, cusualt,
                   fmodifi, cusumod, ccla9, ccla10, nval7, nval8, nval9,
                   nval10
                  )
           VALUES (sdetalle_conf.NEXTVAL, 24, 8000047, 1, 80001, 1,
                   1704720, NULL, NULL, NULL, NULL, NULL, 651.208748209546,
                   NULL, NULL, NULL, NULL, NULL, f_sysdate, f_user,
                   NULL, NULL, NULL, NULL, NULL, NULL, NULL,
                   NULL
                  );
   EXCEPTION
      WHEN DUP_VAL_ON_INDEX
      THEN
         NULL;
   END;

   BEGIN
      INSERT INTO sgt_subtabs_det
                  (sdetalle, cempres, csubtabla, cversubt, ccla1, ccla2,
                   ccla3, ccla4, ccla5, ccla6, ccla7, ccla8, nval1,
                   nval2, nval3, nval4, nval5, nval6, falta, cusualt,
                   fmodifi, cusumod, ccla9, ccla10, nval7, nval8, nval9,
                   nval10
                  )
           VALUES (sdetalle_conf.NEXTVAL, 24, 8000047, 1, 80002, 1,
                   1704720, NULL, NULL, NULL, NULL, NULL, 651.208748209546,
                   NULL, NULL, NULL, NULL, NULL, f_sysdate, f_user,
                   NULL, NULL, NULL, NULL, NULL, NULL, NULL,
                   NULL
                  );
   EXCEPTION
      WHEN DUP_VAL_ON_INDEX
      THEN
         NULL;
   END;

   BEGIN
      INSERT INTO sgt_subtabs_det
                  (sdetalle, cempres, csubtabla, cversubt, ccla1, ccla2,
                   ccla3, ccla4, ccla5, ccla6, ccla7, ccla8, nval1,
                   nval2, nval3, nval4, nval5, nval6, falta, cusualt,
                   fmodifi, cusumod, ccla9, ccla10, nval7, nval8, nval9,
                   nval10
                  )
           VALUES (sdetalle_conf.NEXTVAL, 24, 8000047, 1, 80003, 1,
                   1704720, NULL, NULL, NULL, NULL, NULL, 651.208748209546,
                   NULL, NULL, NULL, NULL, NULL, f_sysdate, f_user,
                   NULL, NULL, NULL, NULL, NULL, NULL, NULL,
                   NULL
                  );
   EXCEPTION
      WHEN DUP_VAL_ON_INDEX
      THEN
         NULL;
   END;

   BEGIN
      INSERT INTO sgt_subtabs_det
                  (sdetalle, cempres, csubtabla, cversubt, ccla1, ccla2,
                   ccla3, ccla4, ccla5, ccla6, ccla7, ccla8, nval1,
                   nval2, nval3, nval4, nval5, nval6, falta, cusualt,
                   fmodifi, cusumod, ccla9, ccla10, nval7, nval8, nval9,
                   nval10
                  )
           VALUES (sdetalle_conf.NEXTVAL, 24, 8000047, 1, 80001, 2,
                   1704720, NULL, NULL, NULL, NULL, NULL, 594.904528675414,
                   NULL, NULL, NULL, NULL, NULL, f_sysdate, f_user,
                   NULL, NULL, NULL, NULL, NULL, NULL, NULL,
                   NULL
                  );
   EXCEPTION
      WHEN DUP_VAL_ON_INDEX
      THEN
         NULL;
   END;

   BEGIN
      INSERT INTO sgt_subtabs_det
                  (sdetalle, cempres, csubtabla, cversubt, ccla1, ccla2,
                   ccla3, ccla4, ccla5, ccla6, ccla7, ccla8, nval1,
                   nval2, nval3, nval4, nval5, nval6, falta, cusualt,
                   fmodifi, cusumod, ccla9, ccla10, nval7, nval8, nval9,
                   nval10
                  )
           VALUES (sdetalle_conf.NEXTVAL, 24, 8000047, 1, 80002, 2,
                   1704720, NULL, NULL, NULL, NULL, NULL, 594.904528675414,
                   NULL, NULL, NULL, NULL, NULL, f_sysdate, f_user,
                   NULL, NULL, NULL, NULL, NULL, NULL, NULL,
                   NULL
                  );
   EXCEPTION
      WHEN DUP_VAL_ON_INDEX
      THEN
         NULL;
   END;

   BEGIN
      INSERT INTO sgt_subtabs_det
                  (sdetalle, cempres, csubtabla, cversubt, ccla1, ccla2,
                   ccla3, ccla4, ccla5, ccla6, ccla7, ccla8, nval1,
                   nval2, nval3, nval4, nval5, nval6, falta, cusualt,
                   fmodifi, cusumod, ccla9, ccla10, nval7, nval8, nval9,
                   nval10
                  )
           VALUES (sdetalle_conf.NEXTVAL, 24, 8000047, 1, 80003, 2,
                   1704720, NULL, NULL, NULL, NULL, NULL, 594.904528675414,
                   NULL, NULL, NULL, NULL, NULL, f_sysdate, f_user,
                   NULL, NULL, NULL, NULL, NULL, NULL, NULL,
                   NULL
                  );
   EXCEPTION
      WHEN DUP_VAL_ON_INDEX
      THEN
         NULL;
   END;

   BEGIN
      INSERT INTO sgt_subtabs_det
                  (sdetalle, cempres, csubtabla, cversubt, ccla1, ccla2,
                   ccla3, ccla4, ccla5, ccla6, ccla7, ccla8, nval1,
                   nval2, nval3, nval4, nval5, nval6, falta, cusualt,
                   fmodifi, cusumod, ccla9, ccla10, nval7, nval8, nval9,
                   nval10
                  )
           VALUES (sdetalle_conf.NEXTVAL, 24, 8000047, 1, 80001, 0,
                   1704720, NULL, NULL, NULL, NULL, NULL, 594.904528675414,
                   NULL, NULL, NULL, NULL, NULL, f_sysdate, f_user,
                   NULL, NULL, NULL, NULL, NULL, NULL, NULL,
                   NULL
                  );
   EXCEPTION
      WHEN DUP_VAL_ON_INDEX
      THEN
         NULL;
   END;

   BEGIN
      INSERT INTO sgt_subtabs_det
                  (sdetalle, cempres, csubtabla, cversubt, ccla1, ccla2,
                   ccla3, ccla4, ccla5, ccla6, ccla7, ccla8, nval1,
                   nval2, nval3, nval4, nval5, nval6, falta, cusualt,
                   fmodifi, cusumod, ccla9, ccla10, nval7, nval8, nval9,
                   nval10
                  )
           VALUES (sdetalle_conf.NEXTVAL, 24, 8000047, 1, 80002, 0,
                   1704720, NULL, NULL, NULL, NULL, NULL, 594.904528675414,
                   NULL, NULL, NULL, NULL, NULL, f_sysdate, f_user,
                   NULL, NULL, NULL, NULL, NULL, NULL, NULL,
                   NULL
                  );
   EXCEPTION
      WHEN DUP_VAL_ON_INDEX
      THEN
         NULL;
   END;

   BEGIN
      INSERT INTO sgt_subtabs_det
                  (sdetalle, cempres, csubtabla, cversubt, ccla1, ccla2,
                   ccla3, ccla4, ccla5, ccla6, ccla7, ccla8, nval1,
                   nval2, nval3, nval4, nval5, nval6, falta, cusualt,
                   fmodifi, cusumod, ccla9, ccla10, nval7, nval8, nval9,
                   nval10
                  )
           VALUES (sdetalle_conf.NEXTVAL, 24, 8000047, 1, 80003, 0,
                   1704720, NULL, NULL, NULL, NULL, NULL, 594.904528675414,
                   NULL, NULL, NULL, NULL, NULL, f_sysdate, f_user,
                   NULL, NULL, NULL, NULL, NULL, NULL, NULL,
                   NULL
                  );
   EXCEPTION
      WHEN DUP_VAL_ON_INDEX
      THEN
         NULL;
   END;

   BEGIN
      INSERT INTO sgt_subtabs_det
                  (sdetalle, cempres, csubtabla, cversubt, ccla1, ccla2,
                   ccla3, ccla4, ccla5, ccla6, ccla7, ccla8, nval1,
                   nval2, nval3, nval4, nval5, nval6, falta, cusualt,
                   fmodifi, cusumod, ccla9, ccla10, nval7, nval8, nval9,
                   nval10
                  )
           VALUES (sdetalle_conf.NEXTVAL, 24, 8000047, 1, 80001, 1,
                   1704720, NULL, NULL, NULL, NULL, NULL, 651.208748209546,
                   NULL, NULL, NULL, NULL, NULL, f_sysdate, f_user,
                   NULL, NULL, NULL, NULL, NULL, NULL, NULL,
                   NULL
                  );
   EXCEPTION
      WHEN DUP_VAL_ON_INDEX
      THEN
         NULL;
   END;

   BEGIN
      INSERT INTO sgt_subtabs_det
                  (sdetalle, cempres, csubtabla, cversubt, ccla1, ccla2,
                   ccla3, ccla4, ccla5, ccla6, ccla7, ccla8, nval1,
                   nval2, nval3, nval4, nval5, nval6, falta, cusualt,
                   fmodifi, cusumod, ccla9, ccla10, nval7, nval8, nval9,
                   nval10
                  )
           VALUES (sdetalle_conf.NEXTVAL, 24, 8000047, 1, 80002, 1,
                   1704720, NULL, NULL, NULL, NULL, NULL, 651.208748209546,
                   NULL, NULL, NULL, NULL, NULL, f_sysdate, f_user,
                   NULL, NULL, NULL, NULL, NULL, NULL, NULL,
                   NULL
                  );
   EXCEPTION
      WHEN DUP_VAL_ON_INDEX
      THEN
         NULL;
   END;

   BEGIN
      INSERT INTO sgt_subtabs_det
                  (sdetalle, cempres, csubtabla, cversubt, ccla1, ccla2,
                   ccla3, ccla4, ccla5, ccla6, ccla7, ccla8, nval1,
                   nval2, nval3, nval4, nval5, nval6, falta, cusualt,
                   fmodifi, cusumod, ccla9, ccla10, nval7, nval8, nval9,
                   nval10
                  )
           VALUES (sdetalle_conf.NEXTVAL, 24, 8000047, 1, 80003, 1,
                   1704720, NULL, NULL, NULL, NULL, NULL, 651.208748209546,
                   NULL, NULL, NULL, NULL, NULL, f_sysdate, f_user,
                   NULL, NULL, NULL, NULL, NULL, NULL, NULL,
                   NULL
                  );
   EXCEPTION
      WHEN DUP_VAL_ON_INDEX
      THEN
         NULL;
   END;

   BEGIN
      INSERT INTO sgt_subtabs_det
                  (sdetalle, cempres, csubtabla, cversubt, ccla1, ccla2,
                   ccla3, ccla4, ccla5, ccla6, ccla7, ccla8, nval1,
                   nval2, nval3, nval4, nval5, nval6, falta, cusualt,
                   fmodifi, cusumod, ccla9, ccla10, nval7, nval8, nval9,
                   nval10
                  )
           VALUES (sdetalle_conf.NEXTVAL, 24, 8000047, 1, 80001, 0,
                   1704720, NULL, NULL, NULL, NULL, NULL, 594.904528675414,
                   NULL, NULL, NULL, NULL, NULL, f_sysdate, f_user,
                   NULL, NULL, NULL, NULL, NULL, NULL, NULL,
                   NULL
                  );
   EXCEPTION
      WHEN DUP_VAL_ON_INDEX
      THEN
         NULL;
   END;

   BEGIN
      INSERT INTO sgt_subtabs_det
                  (sdetalle, cempres, csubtabla, cversubt, ccla1, ccla2,
                   ccla3, ccla4, ccla5, ccla6, ccla7, ccla8, nval1,
                   nval2, nval3, nval4, nval5, nval6, falta, cusualt,
                   fmodifi, cusumod, ccla9, ccla10, nval7, nval8, nval9,
                   nval10
                  )
           VALUES (sdetalle_conf.NEXTVAL, 24, 8000047, 1, 80002, 0,
                   1704720, NULL, NULL, NULL, NULL, NULL, 594.904528675414,
                   NULL, NULL, NULL, NULL, NULL, f_sysdate, f_user,
                   NULL, NULL, NULL, NULL, NULL, NULL, NULL,
                   NULL
                  );
   EXCEPTION
      WHEN DUP_VAL_ON_INDEX
      THEN
         NULL;
   END;

   BEGIN
      INSERT INTO sgt_subtabs_det
                  (sdetalle, cempres, csubtabla, cversubt, ccla1, ccla2,
                   ccla3, ccla4, ccla5, ccla6, ccla7, ccla8, nval1,
                   nval2, nval3, nval4, nval5, nval6, falta, cusualt,
                   fmodifi, cusumod, ccla9, ccla10, nval7, nval8, nval9,
                   nval10
                  )
           VALUES (sdetalle_conf.NEXTVAL, 24, 8000047, 1, 80003, 0,
                   1704720, NULL, NULL, NULL, NULL, NULL, 594.904528675414,
                   NULL, NULL, NULL, NULL, NULL, f_sysdate, f_user,
                   NULL, NULL, NULL, NULL, NULL, NULL, NULL,
                   NULL
                  );
   EXCEPTION
      WHEN DUP_VAL_ON_INDEX
      THEN
         NULL;
   END;

   BEGIN
      INSERT INTO sgt_subtabs_det
                  (sdetalle, cempres, csubtabla, cversubt, ccla1, ccla2,
                   ccla3, ccla4, ccla5, ccla6, ccla7, ccla8, nval1,
                   nval2, nval3, nval4, nval5, nval6, falta, cusualt,
                   fmodifi, cusumod, ccla9, ccla10, nval7, nval8, nval9,
                   nval10
                  )
           VALUES (sdetalle_conf.NEXTVAL, 24, 8000047, 1, 80001, 3,
                   1704720, NULL, NULL, NULL, NULL, NULL, 571.811561094262,
                   NULL, NULL, NULL, NULL, NULL, f_sysdate, f_user,
                   NULL, NULL, NULL, NULL, NULL, NULL, NULL,
                   NULL
                  );
   EXCEPTION
      WHEN DUP_VAL_ON_INDEX
      THEN
         NULL;
   END;

   BEGIN
      INSERT INTO sgt_subtabs_det
                  (sdetalle, cempres, csubtabla, cversubt, ccla1, ccla2,
                   ccla3, ccla4, ccla5, ccla6, ccla7, ccla8, nval1,
                   nval2, nval3, nval4, nval5, nval6, falta, cusualt,
                   fmodifi, cusumod, ccla9, ccla10, nval7, nval8, nval9,
                   nval10
                  )
           VALUES (sdetalle_conf.NEXTVAL, 24, 8000047, 1, 80002, 3,
                   1704720, NULL, NULL, NULL, NULL, NULL, 571.811561094262,
                   NULL, NULL, NULL, NULL, NULL, f_sysdate, f_user,
                   NULL, NULL, NULL, NULL, NULL, NULL, NULL,
                   NULL
                  );
   EXCEPTION
      WHEN DUP_VAL_ON_INDEX
      THEN
         NULL;
   END;

   BEGIN
      INSERT INTO sgt_subtabs_det
                  (sdetalle, cempres, csubtabla, cversubt, ccla1, ccla2,
                   ccla3, ccla4, ccla5, ccla6, ccla7, ccla8, nval1,
                   nval2, nval3, nval4, nval5, nval6, falta, cusualt,
                   fmodifi, cusumod, ccla9, ccla10, nval7, nval8, nval9,
                   nval10
                  )
           VALUES (sdetalle_conf.NEXTVAL, 24, 8000047, 1, 80003, 3,
                   1704720, NULL, NULL, NULL, NULL, NULL, 571.811561094262,
                   NULL, NULL, NULL, NULL, NULL, f_sysdate, f_user,
                   NULL, NULL, NULL, NULL, NULL, NULL, NULL,
                   NULL
                  );
   EXCEPTION
      WHEN DUP_VAL_ON_INDEX
      THEN
         NULL;
   END;

   BEGIN
      INSERT INTO sgt_subtabs_det
                  (sdetalle, cempres, csubtabla, cversubt, ccla1, ccla2,
                   ccla3, ccla4, ccla5, ccla6, ccla7, ccla8, nval1,
                   nval2, nval3, nval4, nval5, nval6, falta, cusualt,
                   fmodifi, cusumod, ccla9, ccla10, nval7, nval8, nval9,
                   nval10
                  )
           VALUES (sdetalle_conf.NEXTVAL, 24, 8000047, 1, 80001, 1,
                   1704720, NULL, NULL, NULL, NULL, NULL, 651.208748209546,
                   NULL, NULL, NULL, NULL, NULL, f_sysdate, f_user,
                   NULL, NULL, NULL, NULL, NULL, NULL, NULL,
                   NULL
                  );
   EXCEPTION
      WHEN DUP_VAL_ON_INDEX
      THEN
         NULL;
   END;

   BEGIN
      INSERT INTO sgt_subtabs_det
                  (sdetalle, cempres, csubtabla, cversubt, ccla1, ccla2,
                   ccla3, ccla4, ccla5, ccla6, ccla7, ccla8, nval1,
                   nval2, nval3, nval4, nval5, nval6, falta, cusualt,
                   fmodifi, cusumod, ccla9, ccla10, nval7, nval8, nval9,
                   nval10
                  )
           VALUES (sdetalle_conf.NEXTVAL, 24, 8000047, 1, 80002, 1,
                   1704720, NULL, NULL, NULL, NULL, NULL, 651.208748209546,
                   NULL, NULL, NULL, NULL, NULL, f_sysdate, f_user,
                   NULL, NULL, NULL, NULL, NULL, NULL, NULL,
                   NULL
                  );
   EXCEPTION
      WHEN DUP_VAL_ON_INDEX
      THEN
         NULL;
   END;

   BEGIN
      INSERT INTO sgt_subtabs_det
                  (sdetalle, cempres, csubtabla, cversubt, ccla1, ccla2,
                   ccla3, ccla4, ccla5, ccla6, ccla7, ccla8, nval1,
                   nval2, nval3, nval4, nval5, nval6, falta, cusualt,
                   fmodifi, cusumod, ccla9, ccla10, nval7, nval8, nval9,
                   nval10
                  )
           VALUES (sdetalle_conf.NEXTVAL, 24, 8000047, 1, 80003, 1,
                   1704720, NULL, NULL, NULL, NULL, NULL, 651.208748209546,
                   NULL, NULL, NULL, NULL, NULL, f_sysdate, f_user,
                   NULL, NULL, NULL, NULL, NULL, NULL, NULL,
                   NULL
                  );
   EXCEPTION
      WHEN DUP_VAL_ON_INDEX
      THEN
         NULL;
   END;

   BEGIN
      INSERT INTO sgt_subtabs_det
                  (sdetalle, cempres, csubtabla, cversubt, ccla1, ccla2,
                   ccla3, ccla4, ccla5, ccla6, ccla7, ccla8, nval1,
                   nval2, nval3, nval4, nval5, nval6, falta, cusualt,
                   fmodifi, cusumod, ccla9, ccla10, nval7, nval8, nval9,
                   nval10
                  )
           VALUES (sdetalle_conf.NEXTVAL, 24, 8000047, 1, 80001, 0,
                   1704720, NULL, NULL, NULL, NULL, NULL, 594.904528675414,
                   NULL, NULL, NULL, NULL, NULL, f_sysdate, f_user,
                   NULL, NULL, NULL, NULL, NULL, NULL, NULL,
                   NULL
                  );
   EXCEPTION
      WHEN DUP_VAL_ON_INDEX
      THEN
         NULL;
   END;

   BEGIN
      INSERT INTO sgt_subtabs_det
                  (sdetalle, cempres, csubtabla, cversubt, ccla1, ccla2,
                   ccla3, ccla4, ccla5, ccla6, ccla7, ccla8, nval1,
                   nval2, nval3, nval4, nval5, nval6, falta, cusualt,
                   fmodifi, cusumod, ccla9, ccla10, nval7, nval8, nval9,
                   nval10
                  )
           VALUES (sdetalle_conf.NEXTVAL, 24, 8000047, 1, 80002, 0,
                   1704720, NULL, NULL, NULL, NULL, NULL, 594.904528675414,
                   NULL, NULL, NULL, NULL, NULL, f_sysdate, f_user,
                   NULL, NULL, NULL, NULL, NULL, NULL, NULL,
                   NULL
                  );
   EXCEPTION
      WHEN DUP_VAL_ON_INDEX
      THEN
         NULL;
   END;

   BEGIN
      INSERT INTO sgt_subtabs_det
                  (sdetalle, cempres, csubtabla, cversubt, ccla1, ccla2,
                   ccla3, ccla4, ccla5, ccla6, ccla7, ccla8, nval1,
                   nval2, nval3, nval4, nval5, nval6, falta, cusualt,
                   fmodifi, cusumod, ccla9, ccla10, nval7, nval8, nval9,
                   nval10
                  )
           VALUES (sdetalle_conf.NEXTVAL, 24, 8000047, 1, 80003, 0,
                   1704720, NULL, NULL, NULL, NULL, NULL, 594.904528675414,
                   NULL, NULL, NULL, NULL, NULL, f_sysdate, f_user,
                   NULL, NULL, NULL, NULL, NULL, NULL, NULL,
                   NULL
                  );
   EXCEPTION
      WHEN DUP_VAL_ON_INDEX
      THEN
         NULL;
   END;

   BEGIN
      INSERT INTO sgt_subtabs_det
                  (sdetalle, cempres, csubtabla, cversubt, ccla1, ccla2,
                   ccla3, ccla4, ccla5, ccla6, ccla7, ccla8, nval1,
                   nval2, nval3, nval4, nval5, nval6, falta, cusualt,
                   fmodifi, cusumod, ccla9, ccla10, nval7, nval8, nval9,
                   nval10
                  )
           VALUES (sdetalle_conf.NEXTVAL, 24, 8000047, 1, 80001, 3,
                   1704720, NULL, NULL, NULL, NULL, NULL, 571.811561094262,
                   NULL, NULL, NULL, NULL, NULL, f_sysdate, f_user,
                   NULL, NULL, NULL, NULL, NULL, NULL, NULL,
                   NULL
                  );
   EXCEPTION
      WHEN DUP_VAL_ON_INDEX
      THEN
         NULL;
   END;

   BEGIN
      INSERT INTO sgt_subtabs_det
                  (sdetalle, cempres, csubtabla, cversubt, ccla1, ccla2,
                   ccla3, ccla4, ccla5, ccla6, ccla7, ccla8, nval1,
                   nval2, nval3, nval4, nval5, nval6, falta, cusualt,
                   fmodifi, cusumod, ccla9, ccla10, nval7, nval8, nval9,
                   nval10
                  )
           VALUES (sdetalle_conf.NEXTVAL, 24, 8000047, 1, 80002, 3,
                   1704720, NULL, NULL, NULL, NULL, NULL, 571.811561094262,
                   NULL, NULL, NULL, NULL, NULL, f_sysdate, f_user,
                   NULL, NULL, NULL, NULL, NULL, NULL, NULL,
                   NULL
                  );
   EXCEPTION
      WHEN DUP_VAL_ON_INDEX
      THEN
         NULL;
   END;

   BEGIN
      INSERT INTO sgt_subtabs_det
                  (sdetalle, cempres, csubtabla, cversubt, ccla1, ccla2,
                   ccla3, ccla4, ccla5, ccla6, ccla7, ccla8, nval1,
                   nval2, nval3, nval4, nval5, nval6, falta, cusualt,
                   fmodifi, cusumod, ccla9, ccla10, nval7, nval8, nval9,
                   nval10
                  )
           VALUES (sdetalle_conf.NEXTVAL, 24, 8000047, 1, 80003, 3,
                   1704720, NULL, NULL, NULL, NULL, NULL, 571.811561094262,
                   NULL, NULL, NULL, NULL, NULL, f_sysdate, f_user,
                   NULL, NULL, NULL, NULL, NULL, NULL, NULL,
                   NULL
                  );
   EXCEPTION
      WHEN DUP_VAL_ON_INDEX
      THEN
         NULL;
   END;

   BEGIN
      INSERT INTO sgt_subtabs_det
                  (sdetalle, cempres, csubtabla, cversubt, ccla1, ccla2,
                   ccla3, ccla4, ccla5, ccla6, ccla7, ccla8, nval1,
                   nval2, nval3, nval4, nval5, nval6, falta, cusualt,
                   fmodifi, cusumod, ccla9, ccla10, nval7, nval8, nval9,
                   nval10
                  )
           VALUES (sdetalle_conf.NEXTVAL, 24, 8000047, 1, 80001, 1,
                   1704720, NULL, NULL, NULL, NULL, NULL, 651.208748209546,
                   NULL, NULL, NULL, NULL, NULL, f_sysdate, f_user,
                   NULL, NULL, NULL, NULL, NULL, NULL, NULL,
                   NULL
                  );
   EXCEPTION
      WHEN DUP_VAL_ON_INDEX
      THEN
         NULL;
   END;

   BEGIN
      INSERT INTO sgt_subtabs_det
                  (sdetalle, cempres, csubtabla, cversubt, ccla1, ccla2,
                   ccla3, ccla4, ccla5, ccla6, ccla7, ccla8, nval1,
                   nval2, nval3, nval4, nval5, nval6, falta, cusualt,
                   fmodifi, cusumod, ccla9, ccla10, nval7, nval8, nval9,
                   nval10
                  )
           VALUES (sdetalle_conf.NEXTVAL, 24, 8000047, 1, 80002, 1,
                   1704720, NULL, NULL, NULL, NULL, NULL, 651.208748209546,
                   NULL, NULL, NULL, NULL, NULL, f_sysdate, f_user,
                   NULL, NULL, NULL, NULL, NULL, NULL, NULL,
                   NULL
                  );
   EXCEPTION
      WHEN DUP_VAL_ON_INDEX
      THEN
         NULL;
   END;

   BEGIN
      INSERT INTO sgt_subtabs_det
                  (sdetalle, cempres, csubtabla, cversubt, ccla1, ccla2,
                   ccla3, ccla4, ccla5, ccla6, ccla7, ccla8, nval1,
                   nval2, nval3, nval4, nval5, nval6, falta, cusualt,
                   fmodifi, cusumod, ccla9, ccla10, nval7, nval8, nval9,
                   nval10
                  )
           VALUES (sdetalle_conf.NEXTVAL, 24, 8000047, 1, 80003, 1,
                   1704720, NULL, NULL, NULL, NULL, NULL, 651.208748209546,
                   NULL, NULL, NULL, NULL, NULL, f_sysdate, f_user,
                   NULL, NULL, NULL, NULL, NULL, NULL, NULL,
                   NULL
                  );
   EXCEPTION
      WHEN DUP_VAL_ON_INDEX
      THEN
         NULL;
   END;

   BEGIN
      INSERT INTO sgt_subtabs_det
                  (sdetalle, cempres, csubtabla, cversubt, ccla1, ccla2,
                   ccla3, ccla4, ccla5, ccla6, ccla7, ccla8, nval1,
                   nval2, nval3, nval4, nval5, nval6, falta, cusualt,
                   fmodifi, cusumod, ccla9, ccla10, nval7, nval8, nval9,
                   nval10
                  )
           VALUES (sdetalle_conf.NEXTVAL, 24, 8000047, 1, 80001, 2,
                   1704720, NULL, NULL, NULL, NULL, NULL, 594.904528675414,
                   NULL, NULL, NULL, NULL, NULL, f_sysdate, f_user,
                   NULL, NULL, NULL, NULL, NULL, NULL, NULL,
                   NULL
                  );
   EXCEPTION
      WHEN DUP_VAL_ON_INDEX
      THEN
         NULL;
   END;

   BEGIN
      INSERT INTO sgt_subtabs_det
                  (sdetalle, cempres, csubtabla, cversubt, ccla1, ccla2,
                   ccla3, ccla4, ccla5, ccla6, ccla7, ccla8, nval1,
                   nval2, nval3, nval4, nval5, nval6, falta, cusualt,
                   fmodifi, cusumod, ccla9, ccla10, nval7, nval8, nval9,
                   nval10
                  )
           VALUES (sdetalle_conf.NEXTVAL, 24, 8000047, 1, 80002, 2,
                   1704720, NULL, NULL, NULL, NULL, NULL, 594.904528675414,
                   NULL, NULL, NULL, NULL, NULL, f_sysdate, f_user,
                   NULL, NULL, NULL, NULL, NULL, NULL, NULL,
                   NULL
                  );
   EXCEPTION
      WHEN DUP_VAL_ON_INDEX
      THEN
         NULL;
   END;

   BEGIN
      INSERT INTO sgt_subtabs_det
                  (sdetalle, cempres, csubtabla, cversubt, ccla1, ccla2,
                   ccla3, ccla4, ccla5, ccla6, ccla7, ccla8, nval1,
                   nval2, nval3, nval4, nval5, nval6, falta, cusualt,
                   fmodifi, cusumod, ccla9, ccla10, nval7, nval8, nval9,
                   nval10
                  )
           VALUES (sdetalle_conf.NEXTVAL, 24, 8000047, 1, 80003, 2,
                   1704720, NULL, NULL, NULL, NULL, NULL, 594.904528675414,
                   NULL, NULL, NULL, NULL, NULL, f_sysdate, f_user,
                   NULL, NULL, NULL, NULL, NULL, NULL, NULL,
                   NULL
                  );
   EXCEPTION
      WHEN DUP_VAL_ON_INDEX
      THEN
         NULL;
   END;

   BEGIN
      INSERT INTO sgt_subtabs_det
                  (sdetalle, cempres, csubtabla, cversubt, ccla1, ccla2,
                   ccla3, ccla4, ccla5, ccla6, ccla7, ccla8, nval1,
                   nval2, nval3, nval4, nval5, nval6, falta, cusualt,
                   fmodifi, cusumod, ccla9, ccla10, nval7, nval8, nval9,
                   nval10
                  )
           VALUES (sdetalle_conf.NEXTVAL, 24, 8000047, 1, 80001, 1,
                   1704720, NULL, NULL, NULL, NULL, NULL, 651.208748209546,
                   NULL, NULL, NULL, NULL, NULL, f_sysdate, f_user,
                   NULL, NULL, NULL, NULL, NULL, NULL, NULL,
                   NULL
                  );
   EXCEPTION
      WHEN DUP_VAL_ON_INDEX
      THEN
         NULL;
   END;

   BEGIN
      INSERT INTO sgt_subtabs_det
                  (sdetalle, cempres, csubtabla, cversubt, ccla1, ccla2,
                   ccla3, ccla4, ccla5, ccla6, ccla7, ccla8, nval1,
                   nval2, nval3, nval4, nval5, nval6, falta, cusualt,
                   fmodifi, cusumod, ccla9, ccla10, nval7, nval8, nval9,
                   nval10
                  )
           VALUES (sdetalle_conf.NEXTVAL, 24, 8000047, 1, 80002, 1,
                   1704720, NULL, NULL, NULL, NULL, NULL, 651.208748209546,
                   NULL, NULL, NULL, NULL, NULL, f_sysdate, f_user,
                   NULL, NULL, NULL, NULL, NULL, NULL, NULL,
                   NULL
                  );
   EXCEPTION
      WHEN DUP_VAL_ON_INDEX
      THEN
         NULL;
   END;

   BEGIN
      INSERT INTO sgt_subtabs_det
                  (sdetalle, cempres, csubtabla, cversubt, ccla1, ccla2,
                   ccla3, ccla4, ccla5, ccla6, ccla7, ccla8, nval1,
                   nval2, nval3, nval4, nval5, nval6, falta, cusualt,
                   fmodifi, cusumod, ccla9, ccla10, nval7, nval8, nval9,
                   nval10
                  )
           VALUES (sdetalle_conf.NEXTVAL, 24, 8000047, 1, 80003, 1,
                   1704720, NULL, NULL, NULL, NULL, NULL, 651.208748209546,
                   NULL, NULL, NULL, NULL, NULL, f_sysdate, f_user,
                   NULL, NULL, NULL, NULL, NULL, NULL, NULL,
                   NULL
                  );
   EXCEPTION
      WHEN DUP_VAL_ON_INDEX
      THEN
         NULL;
   END;

   BEGIN
      INSERT INTO sgt_subtabs_det
                  (sdetalle, cempres, csubtabla, cversubt, ccla1, ccla2,
                   ccla3, ccla4, ccla5, ccla6, ccla7, ccla8, nval1,
                   nval2, nval3, nval4, nval5, nval6, falta, cusualt,
                   fmodifi, cusumod, ccla9, ccla10, nval7, nval8, nval9,
                   nval10
                  )
           VALUES (sdetalle_conf.NEXTVAL, 24, 8000047, 1, 80001, 2,
                   1704720, NULL, NULL, NULL, NULL, NULL, 594.904528675414,
                   NULL, NULL, NULL, NULL, NULL, f_sysdate, f_user,
                   NULL, NULL, NULL, NULL, NULL, NULL, NULL,
                   NULL
                  );
   EXCEPTION
      WHEN DUP_VAL_ON_INDEX
      THEN
         NULL;
   END;

   BEGIN
      INSERT INTO sgt_subtabs_det
                  (sdetalle, cempres, csubtabla, cversubt, ccla1, ccla2,
                   ccla3, ccla4, ccla5, ccla6, ccla7, ccla8, nval1,
                   nval2, nval3, nval4, nval5, nval6, falta, cusualt,
                   fmodifi, cusumod, ccla9, ccla10, nval7, nval8, nval9,
                   nval10
                  )
           VALUES (sdetalle_conf.NEXTVAL, 24, 8000047, 1, 80002, 2,
                   1704720, NULL, NULL, NULL, NULL, NULL, 594.904528675414,
                   NULL, NULL, NULL, NULL, NULL, f_sysdate, f_user,
                   NULL, NULL, NULL, NULL, NULL, NULL, NULL,
                   NULL
                  );
   EXCEPTION
      WHEN DUP_VAL_ON_INDEX
      THEN
         NULL;
   END;

   BEGIN
      INSERT INTO sgt_subtabs_det
                  (sdetalle, cempres, csubtabla, cversubt, ccla1, ccla2,
                   ccla3, ccla4, ccla5, ccla6, ccla7, ccla8, nval1,
                   nval2, nval3, nval4, nval5, nval6, falta, cusualt,
                   fmodifi, cusumod, ccla9, ccla10, nval7, nval8, nval9,
                   nval10
                  )
           VALUES (sdetalle_conf.NEXTVAL, 24, 8000047, 1, 80003, 2,
                   1704720, NULL, NULL, NULL, NULL, NULL, 594.904528675414,
                   NULL, NULL, NULL, NULL, NULL, f_sysdate, f_user,
                   NULL, NULL, NULL, NULL, NULL, NULL, NULL,
                   NULL
                  );
   EXCEPTION
      WHEN DUP_VAL_ON_INDEX
      THEN
         NULL;
   END;

   BEGIN
      INSERT INTO sgt_subtabs_det
                  (sdetalle, cempres, csubtabla, cversubt, ccla1, ccla2,
                   ccla3, ccla4, ccla5, ccla6, ccla7, ccla8, nval1,
                   nval2, nval3, nval4, nval5, nval6, falta, cusualt,
                   fmodifi, cusumod, ccla9, ccla10, nval7, nval8, nval9,
                   nval10
                  )
           VALUES (sdetalle_conf.NEXTVAL, 24, 8000047, 1, 80001, 0,
                   1764720, NULL, NULL, NULL, NULL, NULL, 23898.2812551874,
                   NULL, NULL, NULL, NULL, NULL, f_sysdate, f_user,
                   NULL, NULL, NULL, NULL, NULL, NULL, NULL,
                   NULL
                  );
   EXCEPTION
      WHEN DUP_VAL_ON_INDEX
      THEN
         NULL;
   END;

   BEGIN
      INSERT INTO sgt_subtabs_det
                  (sdetalle, cempres, csubtabla, cversubt, ccla1, ccla2,
                   ccla3, ccla4, ccla5, ccla6, ccla7, ccla8, nval1,
                   nval2, nval3, nval4, nval5, nval6, falta, cusualt,
                   fmodifi, cusumod, ccla9, ccla10, nval7, nval8, nval9,
                   nval10
                  )
           VALUES (sdetalle_conf.NEXTVAL, 24, 8000047, 1, 80002, 0,
                   1764720, NULL, NULL, NULL, NULL, NULL, 23898.2812551874,
                   NULL, NULL, NULL, NULL, NULL, f_sysdate, f_user,
                   NULL, NULL, NULL, NULL, NULL, NULL, NULL,
                   NULL
                  );
   EXCEPTION
      WHEN DUP_VAL_ON_INDEX
      THEN
         NULL;
   END;

   BEGIN
      INSERT INTO sgt_subtabs_det
                  (sdetalle, cempres, csubtabla, cversubt, ccla1, ccla2,
                   ccla3, ccla4, ccla5, ccla6, ccla7, ccla8, nval1,
                   nval2, nval3, nval4, nval5, nval6, falta, cusualt,
                   fmodifi, cusumod, ccla9, ccla10, nval7, nval8, nval9,
                   nval10
                  )
           VALUES (sdetalle_conf.NEXTVAL, 24, 8000047, 1, 80003, 0,
                   1764720, NULL, NULL, NULL, NULL, NULL, 23898.2812551874,
                   NULL, NULL, NULL, NULL, NULL, f_sysdate, f_user,
                   NULL, NULL, NULL, NULL, NULL, NULL, NULL,
                   NULL
                  );
   EXCEPTION
      WHEN DUP_VAL_ON_INDEX
      THEN
         NULL;
   END;

   BEGIN
      INSERT INTO sgt_subtabs_det
                  (sdetalle, cempres, csubtabla, cversubt, ccla1, ccla2,
                   ccla3, ccla4, ccla5, ccla6, ccla7, ccla8, nval1,
                   nval2, nval3, nval4, nval5, nval6, falta, cusualt,
                   fmodifi, cusumod, ccla9, ccla10, nval7, nval8, nval9,
                   nval10
                  )
           VALUES (sdetalle_conf.NEXTVAL, 24, 8000047, 1, 80001, 3,
                   1764720, NULL, NULL, NULL, NULL, NULL, 23100.7738161645,
                   NULL, NULL, NULL, NULL, NULL, f_sysdate, f_user,
                   NULL, NULL, NULL, NULL, NULL, NULL, NULL,
                   NULL
                  );
   EXCEPTION
      WHEN DUP_VAL_ON_INDEX
      THEN
         NULL;
   END;

   BEGIN
      INSERT INTO sgt_subtabs_det
                  (sdetalle, cempres, csubtabla, cversubt, ccla1, ccla2,
                   ccla3, ccla4, ccla5, ccla6, ccla7, ccla8, nval1,
                   nval2, nval3, nval4, nval5, nval6, falta, cusualt,
                   fmodifi, cusumod, ccla9, ccla10, nval7, nval8, nval9,
                   nval10
                  )
           VALUES (sdetalle_conf.NEXTVAL, 24, 8000047, 1, 80002, 3,
                   1764720, NULL, NULL, NULL, NULL, NULL, 23100.7738161645,
                   NULL, NULL, NULL, NULL, NULL, f_sysdate, f_user,
                   NULL, NULL, NULL, NULL, NULL, NULL, NULL,
                   NULL
                  );
   EXCEPTION
      WHEN DUP_VAL_ON_INDEX
      THEN
         NULL;
   END;

   BEGIN
      INSERT INTO sgt_subtabs_det
                  (sdetalle, cempres, csubtabla, cversubt, ccla1, ccla2,
                   ccla3, ccla4, ccla5, ccla6, ccla7, ccla8, nval1,
                   nval2, nval3, nval4, nval5, nval6, falta, cusualt,
                   fmodifi, cusumod, ccla9, ccla10, nval7, nval8, nval9,
                   nval10
                  )
           VALUES (sdetalle_conf.NEXTVAL, 24, 8000047, 1, 80003, 3,
                   1764720, NULL, NULL, NULL, NULL, NULL, 23100.7738161645,
                   NULL, NULL, NULL, NULL, NULL, f_sysdate, f_user,
                   NULL, NULL, NULL, NULL, NULL, NULL, NULL,
                   NULL
                  );
   EXCEPTION
      WHEN DUP_VAL_ON_INDEX
      THEN
         NULL;
   END;

   BEGIN
      INSERT INTO sgt_subtabs_det
                  (sdetalle, cempres, csubtabla, cversubt, ccla1, ccla2,
                   ccla3, ccla4, ccla5, ccla6, ccla7, ccla8, nval1,
                   nval2, nval3, nval4, nval5, nval6, falta, cusualt,
                   fmodifi, cusumod, ccla9, ccla10, nval7, nval8, nval9,
                   nval10
                  )
           VALUES (sdetalle_conf.NEXTVAL, 24, 8000047, 1, 80001, 1,
                   1764720, NULL, NULL, NULL, NULL, NULL, 25842.7274927296,
                   NULL, NULL, NULL, NULL, NULL, f_sysdate, f_user,
                   NULL, NULL, NULL, NULL, NULL, NULL, NULL,
                   NULL
                  );
   EXCEPTION
      WHEN DUP_VAL_ON_INDEX
      THEN
         NULL;
   END;

   BEGIN
      INSERT INTO sgt_subtabs_det
                  (sdetalle, cempres, csubtabla, cversubt, ccla1, ccla2,
                   ccla3, ccla4, ccla5, ccla6, ccla7, ccla8, nval1,
                   nval2, nval3, nval4, nval5, nval6, falta, cusualt,
                   fmodifi, cusumod, ccla9, ccla10, nval7, nval8, nval9,
                   nval10
                  )
           VALUES (sdetalle_conf.NEXTVAL, 24, 8000047, 1, 80002, 1,
                   1764720, NULL, NULL, NULL, NULL, NULL, 25842.7274927296,
                   NULL, NULL, NULL, NULL, NULL, f_sysdate, f_user,
                   NULL, NULL, NULL, NULL, NULL, NULL, NULL,
                   NULL
                  );
   EXCEPTION
      WHEN DUP_VAL_ON_INDEX
      THEN
         NULL;
   END;

   BEGIN
      INSERT INTO sgt_subtabs_det
                  (sdetalle, cempres, csubtabla, cversubt, ccla1, ccla2,
                   ccla3, ccla4, ccla5, ccla6, ccla7, ccla8, nval1,
                   nval2, nval3, nval4, nval5, nval6, falta, cusualt,
                   fmodifi, cusumod, ccla9, ccla10, nval7, nval8, nval9,
                   nval10
                  )
           VALUES (sdetalle_conf.NEXTVAL, 24, 8000047, 1, 80003, 1,
                   1764720, NULL, NULL, NULL, NULL, NULL, 25842.7274927296,
                   NULL, NULL, NULL, NULL, NULL, f_sysdate, f_user,
                   NULL, NULL, NULL, NULL, NULL, NULL, NULL,
                   NULL
                  );
   EXCEPTION
      WHEN DUP_VAL_ON_INDEX
      THEN
         NULL;
   END;

   BEGIN
      INSERT INTO sgt_subtabs_det
                  (sdetalle, cempres, csubtabla, cversubt, ccla1, ccla2,
                   ccla3, ccla4, ccla5, ccla6, ccla7, ccla8, nval1,
                   nval2, nval3, nval4, nval5, nval6, falta, cusualt,
                   fmodifi, cusumod, ccla9, ccla10, nval7, nval8, nval9,
                   nval10
                  )
           VALUES (sdetalle_conf.NEXTVAL, 24, 8000047, 1, 80001, 1,
                   1764720, NULL, NULL, NULL, NULL, NULL, 25842.7274927296,
                   NULL, NULL, NULL, NULL, NULL, f_sysdate, f_user,
                   NULL, NULL, NULL, NULL, NULL, NULL, NULL,
                   NULL
                  );
   EXCEPTION
      WHEN DUP_VAL_ON_INDEX
      THEN
         NULL;
   END;

   BEGIN
      INSERT INTO sgt_subtabs_det
                  (sdetalle, cempres, csubtabla, cversubt, ccla1, ccla2,
                   ccla3, ccla4, ccla5, ccla6, ccla7, ccla8, nval1,
                   nval2, nval3, nval4, nval5, nval6, falta, cusualt,
                   fmodifi, cusumod, ccla9, ccla10, nval7, nval8, nval9,
                   nval10
                  )
           VALUES (sdetalle_conf.NEXTVAL, 24, 8000047, 1, 80002, 1,
                   1764720, NULL, NULL, NULL, NULL, NULL, 25842.7274927296,
                   NULL, NULL, NULL, NULL, NULL, f_sysdate, f_user,
                   NULL, NULL, NULL, NULL, NULL, NULL, NULL,
                   NULL
                  );
   EXCEPTION
      WHEN DUP_VAL_ON_INDEX
      THEN
         NULL;
   END;

   BEGIN
      INSERT INTO sgt_subtabs_det
                  (sdetalle, cempres, csubtabla, cversubt, ccla1, ccla2,
                   ccla3, ccla4, ccla5, ccla6, ccla7, ccla8, nval1,
                   nval2, nval3, nval4, nval5, nval6, falta, cusualt,
                   fmodifi, cusumod, ccla9, ccla10, nval7, nval8, nval9,
                   nval10
                  )
           VALUES (sdetalle_conf.NEXTVAL, 24, 8000047, 1, 80003, 1,
                   1764720, NULL, NULL, NULL, NULL, NULL, 25842.7274927296,
                   NULL, NULL, NULL, NULL, NULL, f_sysdate, f_user,
                   NULL, NULL, NULL, NULL, NULL, NULL, NULL,
                   NULL
                  );
   EXCEPTION
      WHEN DUP_VAL_ON_INDEX
      THEN
         NULL;
   END;

   BEGIN
      INSERT INTO sgt_subtabs_det
                  (sdetalle, cempres, csubtabla, cversubt, ccla1, ccla2,
                   ccla3, ccla4, ccla5, ccla6, ccla7, ccla8, nval1,
                   nval2, nval3, nval4, nval5, nval6, falta, cusualt,
                   fmodifi, cusumod, ccla9, ccla10, nval7, nval8, nval9,
                   nval10
                  )
           VALUES (sdetalle_conf.NEXTVAL, 24, 8000047, 1, 80001, 2,
                   1764720, NULL, NULL, NULL, NULL, NULL, 23898.2812551874,
                   NULL, NULL, NULL, NULL, NULL, f_sysdate, f_user,
                   NULL, NULL, NULL, NULL, NULL, NULL, NULL,
                   NULL
                  );
   EXCEPTION
      WHEN DUP_VAL_ON_INDEX
      THEN
         NULL;
   END;

   BEGIN
      INSERT INTO sgt_subtabs_det
                  (sdetalle, cempres, csubtabla, cversubt, ccla1, ccla2,
                   ccla3, ccla4, ccla5, ccla6, ccla7, ccla8, nval1,
                   nval2, nval3, nval4, nval5, nval6, falta, cusualt,
                   fmodifi, cusumod, ccla9, ccla10, nval7, nval8, nval9,
                   nval10
                  )
           VALUES (sdetalle_conf.NEXTVAL, 24, 8000047, 1, 80002, 2,
                   1764720, NULL, NULL, NULL, NULL, NULL, 23898.2812551874,
                   NULL, NULL, NULL, NULL, NULL, f_sysdate, f_user,
                   NULL, NULL, NULL, NULL, NULL, NULL, NULL,
                   NULL
                  );
   EXCEPTION
      WHEN DUP_VAL_ON_INDEX
      THEN
         NULL;
   END;

   BEGIN
      INSERT INTO sgt_subtabs_det
                  (sdetalle, cempres, csubtabla, cversubt, ccla1, ccla2,
                   ccla3, ccla4, ccla5, ccla6, ccla7, ccla8, nval1,
                   nval2, nval3, nval4, nval5, nval6, falta, cusualt,
                   fmodifi, cusumod, ccla9, ccla10, nval7, nval8, nval9,
                   nval10
                  )
           VALUES (sdetalle_conf.NEXTVAL, 24, 8000047, 1, 80003, 2,
                   1764720, NULL, NULL, NULL, NULL, NULL, 23898.2812551874,
                   NULL, NULL, NULL, NULL, NULL, f_sysdate, f_user,
                   NULL, NULL, NULL, NULL, NULL, NULL, NULL,
                   NULL
                  );
   EXCEPTION
      WHEN DUP_VAL_ON_INDEX
      THEN
         NULL;
   END;

   BEGIN
      INSERT INTO sgt_subtabs_det
                  (sdetalle, cempres, csubtabla, cversubt, ccla1, ccla2,
                   ccla3, ccla4, ccla5, ccla6, ccla7, ccla8, nval1,
                   nval2, nval3, nval4, nval5, nval6, falta, cusualt,
                   fmodifi, cusumod, ccla9, ccla10, nval7, nval8, nval9,
                   nval10
                  )
           VALUES (sdetalle_conf.NEXTVAL, 24, 8000047, 1, 80001, 0,
                   1764720, NULL, NULL, NULL, NULL, NULL, 23898.2812551874,
                   NULL, NULL, NULL, NULL, NULL, f_sysdate, f_user,
                   NULL, NULL, NULL, NULL, NULL, NULL, NULL,
                   NULL
                  );
   EXCEPTION
      WHEN DUP_VAL_ON_INDEX
      THEN
         NULL;
   END;

   BEGIN
      INSERT INTO sgt_subtabs_det
                  (sdetalle, cempres, csubtabla, cversubt, ccla1, ccla2,
                   ccla3, ccla4, ccla5, ccla6, ccla7, ccla8, nval1,
                   nval2, nval3, nval4, nval5, nval6, falta, cusualt,
                   fmodifi, cusumod, ccla9, ccla10, nval7, nval8, nval9,
                   nval10
                  )
           VALUES (sdetalle_conf.NEXTVAL, 24, 8000047, 1, 80002, 0,
                   1764720, NULL, NULL, NULL, NULL, NULL, 23898.2812551874,
                   NULL, NULL, NULL, NULL, NULL, f_sysdate, f_user,
                   NULL, NULL, NULL, NULL, NULL, NULL, NULL,
                   NULL
                  );
   EXCEPTION
      WHEN DUP_VAL_ON_INDEX
      THEN
         NULL;
   END;

   BEGIN
      INSERT INTO sgt_subtabs_det
                  (sdetalle, cempres, csubtabla, cversubt, ccla1, ccla2,
                   ccla3, ccla4, ccla5, ccla6, ccla7, ccla8, nval1,
                   nval2, nval3, nval4, nval5, nval6, falta, cusualt,
                   fmodifi, cusumod, ccla9, ccla10, nval7, nval8, nval9,
                   nval10
                  )
           VALUES (sdetalle_conf.NEXTVAL, 24, 8000047, 1, 80003, 0,
                   1764720, NULL, NULL, NULL, NULL, NULL, 23898.2812551874,
                   NULL, NULL, NULL, NULL, NULL, f_sysdate, f_user,
                   NULL, NULL, NULL, NULL, NULL, NULL, NULL,
                   NULL
                  );
   EXCEPTION
      WHEN DUP_VAL_ON_INDEX
      THEN
         NULL;
   END;

   BEGIN
      INSERT INTO sgt_subtabs_det
                  (sdetalle, cempres, csubtabla, cversubt, ccla1, ccla2,
                   ccla3, ccla4, ccla5, ccla6, ccla7, ccla8, nval1,
                   nval2, nval3, nval4, nval5, nval6, falta, cusualt,
                   fmodifi, cusumod, ccla9, ccla10, nval7, nval8, nval9,
                   nval10
                  )
           VALUES (sdetalle_conf.NEXTVAL, 24, 8000047, 1, 80001, 3,
                   1764720, NULL, NULL, NULL, NULL, NULL, 23100.7738161645,
                   NULL, NULL, NULL, NULL, NULL, f_sysdate, f_user,
                   NULL, NULL, NULL, NULL, NULL, NULL, NULL,
                   NULL
                  );
   EXCEPTION
      WHEN DUP_VAL_ON_INDEX
      THEN
         NULL;
   END;

   BEGIN
      INSERT INTO sgt_subtabs_det
                  (sdetalle, cempres, csubtabla, cversubt, ccla1, ccla2,
                   ccla3, ccla4, ccla5, ccla6, ccla7, ccla8, nval1,
                   nval2, nval3, nval4, nval5, nval6, falta, cusualt,
                   fmodifi, cusumod, ccla9, ccla10, nval7, nval8, nval9,
                   nval10
                  )
           VALUES (sdetalle_conf.NEXTVAL, 24, 8000047, 1, 80002, 3,
                   1764720, NULL, NULL, NULL, NULL, NULL, 23100.7738161645,
                   NULL, NULL, NULL, NULL, NULL, f_sysdate, f_user,
                   NULL, NULL, NULL, NULL, NULL, NULL, NULL,
                   NULL
                  );
   EXCEPTION
      WHEN DUP_VAL_ON_INDEX
      THEN
         NULL;
   END;

   BEGIN
      INSERT INTO sgt_subtabs_det
                  (sdetalle, cempres, csubtabla, cversubt, ccla1, ccla2,
                   ccla3, ccla4, ccla5, ccla6, ccla7, ccla8, nval1,
                   nval2, nval3, nval4, nval5, nval6, falta, cusualt,
                   fmodifi, cusumod, ccla9, ccla10, nval7, nval8, nval9,
                   nval10
                  )
           VALUES (sdetalle_conf.NEXTVAL, 24, 8000047, 1, 80003, 3,
                   1764720, NULL, NULL, NULL, NULL, NULL, 23100.7738161645,
                   NULL, NULL, NULL, NULL, NULL, f_sysdate, f_user,
                   NULL, NULL, NULL, NULL, NULL, NULL, NULL,
                   NULL
                  );
   EXCEPTION
      WHEN DUP_VAL_ON_INDEX
      THEN
         NULL;
   END;

   BEGIN
      INSERT INTO sgt_subtabs_det
                  (sdetalle, cempres, csubtabla, cversubt, ccla1, ccla2,
                   ccla3, ccla4, ccla5, ccla6, ccla7, ccla8, nval1,
                   nval2, nval3, nval4, nval5, nval6, falta, cusualt,
                   fmodifi, cusumod, ccla9, ccla10, nval7, nval8, nval9,
                   nval10
                  )
           VALUES (sdetalle_conf.NEXTVAL, 24, 8000047, 1, 80001, 1,
                   1764720, NULL, NULL, NULL, NULL, NULL, 25842.7274927296,
                   NULL, NULL, NULL, NULL, NULL, f_sysdate, f_user,
                   NULL, NULL, NULL, NULL, NULL, NULL, NULL,
                   NULL
                  );
   EXCEPTION
      WHEN DUP_VAL_ON_INDEX
      THEN
         NULL;
   END;

   BEGIN
      INSERT INTO sgt_subtabs_det
                  (sdetalle, cempres, csubtabla, cversubt, ccla1, ccla2,
                   ccla3, ccla4, ccla5, ccla6, ccla7, ccla8, nval1,
                   nval2, nval3, nval4, nval5, nval6, falta, cusualt,
                   fmodifi, cusumod, ccla9, ccla10, nval7, nval8, nval9,
                   nval10
                  )
           VALUES (sdetalle_conf.NEXTVAL, 24, 8000047, 1, 80002, 1,
                   1764720, NULL, NULL, NULL, NULL, NULL, 25842.7274927296,
                   NULL, NULL, NULL, NULL, NULL, f_sysdate, f_user,
                   NULL, NULL, NULL, NULL, NULL, NULL, NULL,
                   NULL
                  );
   EXCEPTION
      WHEN DUP_VAL_ON_INDEX
      THEN
         NULL;
   END;

   BEGIN
      INSERT INTO sgt_subtabs_det
                  (sdetalle, cempres, csubtabla, cversubt, ccla1, ccla2,
                   ccla3, ccla4, ccla5, ccla6, ccla7, ccla8, nval1,
                   nval2, nval3, nval4, nval5, nval6, falta, cusualt,
                   fmodifi, cusumod, ccla9, ccla10, nval7, nval8, nval9,
                   nval10
                  )
           VALUES (sdetalle_conf.NEXTVAL, 24, 8000047, 1, 80003, 1,
                   1764720, NULL, NULL, NULL, NULL, NULL, 25842.7274927296,
                   NULL, NULL, NULL, NULL, NULL, f_sysdate, f_user,
                   NULL, NULL, NULL, NULL, NULL, NULL, NULL,
                   NULL
                  );
   EXCEPTION
      WHEN DUP_VAL_ON_INDEX
      THEN
         NULL;
   END;

   BEGIN
      INSERT INTO sgt_subtabs_det
                  (sdetalle, cempres, csubtabla, cversubt, ccla1, ccla2,
                   ccla3, ccla4, ccla5, ccla6, ccla7, ccla8, nval1,
                   nval2, nval3, nval4, nval5, nval6, falta, cusualt,
                   fmodifi, cusumod, ccla9, ccla10, nval7, nval8, nval9,
                   nval10
                  )
           VALUES (sdetalle_conf.NEXTVAL, 24, 8000047, 1, 80001, 1,
                   1764720, NULL, NULL, NULL, NULL, NULL, 25842.7274927296,
                   NULL, NULL, NULL, NULL, NULL, f_sysdate, f_user,
                   NULL, NULL, NULL, NULL, NULL, NULL, NULL,
                   NULL
                  );
   EXCEPTION
      WHEN DUP_VAL_ON_INDEX
      THEN
         NULL;
   END;

   BEGIN
      INSERT INTO sgt_subtabs_det
                  (sdetalle, cempres, csubtabla, cversubt, ccla1, ccla2,
                   ccla3, ccla4, ccla5, ccla6, ccla7, ccla8, nval1,
                   nval2, nval3, nval4, nval5, nval6, falta, cusualt,
                   fmodifi, cusumod, ccla9, ccla10, nval7, nval8, nval9,
                   nval10
                  )
           VALUES (sdetalle_conf.NEXTVAL, 24, 8000047, 1, 80002, 1,
                   1764720, NULL, NULL, NULL, NULL, NULL, 25842.7274927296,
                   NULL, NULL, NULL, NULL, NULL, f_sysdate, f_user,
                   NULL, NULL, NULL, NULL, NULL, NULL, NULL,
                   NULL
                  );
   EXCEPTION
      WHEN DUP_VAL_ON_INDEX
      THEN
         NULL;
   END;

   BEGIN
      INSERT INTO sgt_subtabs_det
                  (sdetalle, cempres, csubtabla, cversubt, ccla1, ccla2,
                   ccla3, ccla4, ccla5, ccla6, ccla7, ccla8, nval1,
                   nval2, nval3, nval4, nval5, nval6, falta, cusualt,
                   fmodifi, cusumod, ccla9, ccla10, nval7, nval8, nval9,
                   nval10
                  )
           VALUES (sdetalle_conf.NEXTVAL, 24, 8000047, 1, 80003, 1,
                   1764720, NULL, NULL, NULL, NULL, NULL, 25842.7274927296,
                   NULL, NULL, NULL, NULL, NULL, f_sysdate, f_user,
                   NULL, NULL, NULL, NULL, NULL, NULL, NULL,
                   NULL
                  );
   EXCEPTION
      WHEN DUP_VAL_ON_INDEX
      THEN
         NULL;
   END;

   BEGIN
      INSERT INTO sgt_subtabs_det
                  (sdetalle, cempres, csubtabla, cversubt, ccla1, ccla2,
                   ccla3, ccla4, ccla5, ccla6, ccla7, ccla8, nval1,
                   nval2, nval3, nval4, nval5, nval6, falta, cusualt,
                   fmodifi, cusumod, ccla9, ccla10, nval7, nval8, nval9,
                   nval10
                  )
           VALUES (sdetalle_conf.NEXTVAL, 24, 8000047, 1, 80001, 2,
                   1764720, NULL, NULL, NULL, NULL, NULL, 23898.2812551874,
                   NULL, NULL, NULL, NULL, NULL, f_sysdate, f_user,
                   NULL, NULL, NULL, NULL, NULL, NULL, NULL,
                   NULL
                  );
   EXCEPTION
      WHEN DUP_VAL_ON_INDEX
      THEN
         NULL;
   END;

   BEGIN
      INSERT INTO sgt_subtabs_det
                  (sdetalle, cempres, csubtabla, cversubt, ccla1, ccla2,
                   ccla3, ccla4, ccla5, ccla6, ccla7, ccla8, nval1,
                   nval2, nval3, nval4, nval5, nval6, falta, cusualt,
                   fmodifi, cusumod, ccla9, ccla10, nval7, nval8, nval9,
                   nval10
                  )
           VALUES (sdetalle_conf.NEXTVAL, 24, 8000047, 1, 80002, 2,
                   1764720, NULL, NULL, NULL, NULL, NULL, 23898.2812551874,
                   NULL, NULL, NULL, NULL, NULL, f_sysdate, f_user,
                   NULL, NULL, NULL, NULL, NULL, NULL, NULL,
                   NULL
                  );
   EXCEPTION
      WHEN DUP_VAL_ON_INDEX
      THEN
         NULL;
   END;

   BEGIN
      INSERT INTO sgt_subtabs_det
                  (sdetalle, cempres, csubtabla, cversubt, ccla1, ccla2,
                   ccla3, ccla4, ccla5, ccla6, ccla7, ccla8, nval1,
                   nval2, nval3, nval4, nval5, nval6, falta, cusualt,
                   fmodifi, cusumod, ccla9, ccla10, nval7, nval8, nval9,
                   nval10
                  )
           VALUES (sdetalle_conf.NEXTVAL, 24, 8000047, 1, 80003, 2,
                   1764720, NULL, NULL, NULL, NULL, NULL, 23898.2812551874,
                   NULL, NULL, NULL, NULL, NULL, f_sysdate, f_user,
                   NULL, NULL, NULL, NULL, NULL, NULL, NULL,
                   NULL
                  );
   EXCEPTION
      WHEN DUP_VAL_ON_INDEX
      THEN
         NULL;
   END;

   BEGIN
      INSERT INTO sgt_subtabs_det
                  (sdetalle, cempres, csubtabla, cversubt, ccla1, ccla2,
                   ccla3, ccla4, ccla5, ccla6, ccla7, ccla8, nval1,
                   nval2, nval3, nval4, nval5, nval6, falta, cusualt,
                   fmodifi, cusumod, ccla9, ccla10, nval7, nval8, nval9,
                   nval10
                  )
           VALUES (sdetalle_conf.NEXTVAL, 24, 8000047, 1, 80001, 0,
                   1764720, NULL, NULL, NULL, NULL, NULL, 23898.2812551874,
                   NULL, NULL, NULL, NULL, NULL, f_sysdate, f_user,
                   NULL, NULL, NULL, NULL, NULL, NULL, NULL,
                   NULL
                  );
   EXCEPTION
      WHEN DUP_VAL_ON_INDEX
      THEN
         NULL;
   END;

   BEGIN
      INSERT INTO sgt_subtabs_det
                  (sdetalle, cempres, csubtabla, cversubt, ccla1, ccla2,
                   ccla3, ccla4, ccla5, ccla6, ccla7, ccla8, nval1,
                   nval2, nval3, nval4, nval5, nval6, falta, cusualt,
                   fmodifi, cusumod, ccla9, ccla10, nval7, nval8, nval9,
                   nval10
                  )
           VALUES (sdetalle_conf.NEXTVAL, 24, 8000047, 1, 80002, 0,
                   1764720, NULL, NULL, NULL, NULL, NULL, 23898.2812551874,
                   NULL, NULL, NULL, NULL, NULL, f_sysdate, f_user,
                   NULL, NULL, NULL, NULL, NULL, NULL, NULL,
                   NULL
                  );
   EXCEPTION
      WHEN DUP_VAL_ON_INDEX
      THEN
         NULL;
   END;

   BEGIN
      INSERT INTO sgt_subtabs_det
                  (sdetalle, cempres, csubtabla, cversubt, ccla1, ccla2,
                   ccla3, ccla4, ccla5, ccla6, ccla7, ccla8, nval1,
                   nval2, nval3, nval4, nval5, nval6, falta, cusualt,
                   fmodifi, cusumod, ccla9, ccla10, nval7, nval8, nval9,
                   nval10
                  )
           VALUES (sdetalle_conf.NEXTVAL, 24, 8000047, 1, 80003, 0,
                   1764720, NULL, NULL, NULL, NULL, NULL, 23898.2812551874,
                   NULL, NULL, NULL, NULL, NULL, f_sysdate, f_user,
                   NULL, NULL, NULL, NULL, NULL, NULL, NULL,
                   NULL
                  );
   EXCEPTION
      WHEN DUP_VAL_ON_INDEX
      THEN
         NULL;
   END;

   BEGIN
      INSERT INTO sgt_subtabs_det
                  (sdetalle, cempres, csubtabla, cversubt, ccla1, ccla2,
                   ccla3, ccla4, ccla5, ccla6, ccla7, ccla8, nval1,
                   nval2, nval3, nval4, nval5, nval6, falta, cusualt,
                   fmodifi, cusumod, ccla9, ccla10, nval7, nval8, nval9,
                   nval10
                  )
           VALUES (sdetalle_conf.NEXTVAL, 24, 8000047, 1, 80001, 1,
                   1764720, NULL, NULL, NULL, NULL, NULL, 25842.7274927296,
                   NULL, NULL, NULL, NULL, NULL, f_sysdate, f_user,
                   NULL, NULL, NULL, NULL, NULL, NULL, NULL,
                   NULL
                  );
   EXCEPTION
      WHEN DUP_VAL_ON_INDEX
      THEN
         NULL;
   END;

   BEGIN
      INSERT INTO sgt_subtabs_det
                  (sdetalle, cempres, csubtabla, cversubt, ccla1, ccla2,
                   ccla3, ccla4, ccla5, ccla6, ccla7, ccla8, nval1,
                   nval2, nval3, nval4, nval5, nval6, falta, cusualt,
                   fmodifi, cusumod, ccla9, ccla10, nval7, nval8, nval9,
                   nval10
                  )
           VALUES (sdetalle_conf.NEXTVAL, 24, 8000047, 1, 80002, 1,
                   1764720, NULL, NULL, NULL, NULL, NULL, 25842.7274927296,
                   NULL, NULL, NULL, NULL, NULL, f_sysdate, f_user,
                   NULL, NULL, NULL, NULL, NULL, NULL, NULL,
                   NULL
                  );
   EXCEPTION
      WHEN DUP_VAL_ON_INDEX
      THEN
         NULL;
   END;

   BEGIN
      INSERT INTO sgt_subtabs_det
                  (sdetalle, cempres, csubtabla, cversubt, ccla1, ccla2,
                   ccla3, ccla4, ccla5, ccla6, ccla7, ccla8, nval1,
                   nval2, nval3, nval4, nval5, nval6, falta, cusualt,
                   fmodifi, cusumod, ccla9, ccla10, nval7, nval8, nval9,
                   nval10
                  )
           VALUES (sdetalle_conf.NEXTVAL, 24, 8000047, 1, 80003, 1,
                   1764720, NULL, NULL, NULL, NULL, NULL, 25842.7274927296,
                   NULL, NULL, NULL, NULL, NULL, f_sysdate, f_user,
                   NULL, NULL, NULL, NULL, NULL, NULL, NULL,
                   NULL
                  );
   EXCEPTION
      WHEN DUP_VAL_ON_INDEX
      THEN
         NULL;
   END;

   BEGIN
      INSERT INTO sgt_subtabs_det
                  (sdetalle, cempres, csubtabla, cversubt, ccla1, ccla2,
                   ccla3, ccla4, ccla5, ccla6, ccla7, ccla8, nval1,
                   nval2, nval3, nval4, nval5, nval6, falta, cusualt,
                   fmodifi, cusumod, ccla9, ccla10, nval7, nval8, nval9,
                   nval10
                  )
           VALUES (sdetalle_conf.NEXTVAL, 24, 8000047, 1, 80001, 0,
                   1764720, NULL, NULL, NULL, NULL, NULL, 23898.2812551874,
                   NULL, NULL, NULL, NULL, NULL, f_sysdate, f_user,
                   NULL, NULL, NULL, NULL, NULL, NULL, NULL,
                   NULL
                  );
   EXCEPTION
      WHEN DUP_VAL_ON_INDEX
      THEN
         NULL;
   END;

   BEGIN
      INSERT INTO sgt_subtabs_det
                  (sdetalle, cempres, csubtabla, cversubt, ccla1, ccla2,
                   ccla3, ccla4, ccla5, ccla6, ccla7, ccla8, nval1,
                   nval2, nval3, nval4, nval5, nval6, falta, cusualt,
                   fmodifi, cusumod, ccla9, ccla10, nval7, nval8, nval9,
                   nval10
                  )
           VALUES (sdetalle_conf.NEXTVAL, 24, 8000047, 1, 80002, 0,
                   1764720, NULL, NULL, NULL, NULL, NULL, 23898.2812551874,
                   NULL, NULL, NULL, NULL, NULL, f_sysdate, f_user,
                   NULL, NULL, NULL, NULL, NULL, NULL, NULL,
                   NULL
                  );
   EXCEPTION
      WHEN DUP_VAL_ON_INDEX
      THEN
         NULL;
   END;

   BEGIN
      INSERT INTO sgt_subtabs_det
                  (sdetalle, cempres, csubtabla, cversubt, ccla1, ccla2,
                   ccla3, ccla4, ccla5, ccla6, ccla7, ccla8, nval1,
                   nval2, nval3, nval4, nval5, nval6, falta, cusualt,
                   fmodifi, cusumod, ccla9, ccla10, nval7, nval8, nval9,
                   nval10
                  )
           VALUES (sdetalle_conf.NEXTVAL, 24, 8000047, 1, 80003, 0,
                   1764720, NULL, NULL, NULL, NULL, NULL, 23898.2812551874,
                   NULL, NULL, NULL, NULL, NULL, f_sysdate, f_user,
                   NULL, NULL, NULL, NULL, NULL, NULL, NULL,
                   NULL
                  );
   EXCEPTION
      WHEN DUP_VAL_ON_INDEX
      THEN
         NULL;
   END;

   BEGIN
      INSERT INTO sgt_subtabs_det
                  (sdetalle, cempres, csubtabla, cversubt, ccla1, ccla2,
                   ccla3, ccla4, ccla5, ccla6, ccla7, ccla8, nval1,
                   nval2, nval3, nval4, nval5, nval6, falta, cusualt,
                   fmodifi, cusumod, ccla9, ccla10, nval7, nval8, nval9,
                   nval10
                  )
           VALUES (sdetalle_conf.NEXTVAL, 24, 8000047, 1, 80001, 3,
                   1764720, NULL, NULL, NULL, NULL, NULL, 23100.7738161645,
                   NULL, NULL, NULL, NULL, NULL, f_sysdate, f_user,
                   NULL, NULL, NULL, NULL, NULL, NULL, NULL,
                   NULL
                  );
   EXCEPTION
      WHEN DUP_VAL_ON_INDEX
      THEN
         NULL;
   END;

   BEGIN
      INSERT INTO sgt_subtabs_det
                  (sdetalle, cempres, csubtabla, cversubt, ccla1, ccla2,
                   ccla3, ccla4, ccla5, ccla6, ccla7, ccla8, nval1,
                   nval2, nval3, nval4, nval5, nval6, falta, cusualt,
                   fmodifi, cusumod, ccla9, ccla10, nval7, nval8, nval9,
                   nval10
                  )
           VALUES (sdetalle_conf.NEXTVAL, 24, 8000047, 1, 80002, 3,
                   1764720, NULL, NULL, NULL, NULL, NULL, 23100.7738161645,
                   NULL, NULL, NULL, NULL, NULL, f_sysdate, f_user,
                   NULL, NULL, NULL, NULL, NULL, NULL, NULL,
                   NULL
                  );
   EXCEPTION
      WHEN DUP_VAL_ON_INDEX
      THEN
         NULL;
   END;

   BEGIN
      INSERT INTO sgt_subtabs_det
                  (sdetalle, cempres, csubtabla, cversubt, ccla1, ccla2,
                   ccla3, ccla4, ccla5, ccla6, ccla7, ccla8, nval1,
                   nval2, nval3, nval4, nval5, nval6, falta, cusualt,
                   fmodifi, cusumod, ccla9, ccla10, nval7, nval8, nval9,
                   nval10
                  )
           VALUES (sdetalle_conf.NEXTVAL, 24, 8000047, 1, 80003, 3,
                   1764720, NULL, NULL, NULL, NULL, NULL, 23100.7738161645,
                   NULL, NULL, NULL, NULL, NULL, f_sysdate, f_user,
                   NULL, NULL, NULL, NULL, NULL, NULL, NULL,
                   NULL
                  );
   EXCEPTION
      WHEN DUP_VAL_ON_INDEX
      THEN
         NULL;
   END;

   BEGIN
      INSERT INTO sgt_subtabs_det
                  (sdetalle, cempres, csubtabla, cversubt, ccla1, ccla2,
                   ccla3, ccla4, ccla5, ccla6, ccla7, ccla8, nval1,
                   nval2, nval3, nval4, nval5, nval6, falta, cusualt,
                   fmodifi, cusumod, ccla9, ccla10, nval7, nval8, nval9,
                   nval10
                  )
           VALUES (sdetalle_conf.NEXTVAL, 24, 8000047, 1, 80001, 1,
                   1764720, NULL, NULL, NULL, NULL, NULL, 25842.7274927296,
                   NULL, NULL, NULL, NULL, NULL, f_sysdate, f_user,
                   NULL, NULL, NULL, NULL, NULL, NULL, NULL,
                   NULL
                  );
   EXCEPTION
      WHEN DUP_VAL_ON_INDEX
      THEN
         NULL;
   END;

   BEGIN
      INSERT INTO sgt_subtabs_det
                  (sdetalle, cempres, csubtabla, cversubt, ccla1, ccla2,
                   ccla3, ccla4, ccla5, ccla6, ccla7, ccla8, nval1,
                   nval2, nval3, nval4, nval5, nval6, falta, cusualt,
                   fmodifi, cusumod, ccla9, ccla10, nval7, nval8, nval9,
                   nval10
                  )
           VALUES (sdetalle_conf.NEXTVAL, 24, 8000047, 1, 80002, 1,
                   1764720, NULL, NULL, NULL, NULL, NULL, 25842.7274927296,
                   NULL, NULL, NULL, NULL, NULL, f_sysdate, f_user,
                   NULL, NULL, NULL, NULL, NULL, NULL, NULL,
                   NULL
                  );
   EXCEPTION
      WHEN DUP_VAL_ON_INDEX
      THEN
         NULL;
   END;

   BEGIN
      INSERT INTO sgt_subtabs_det
                  (sdetalle, cempres, csubtabla, cversubt, ccla1, ccla2,
                   ccla3, ccla4, ccla5, ccla6, ccla7, ccla8, nval1,
                   nval2, nval3, nval4, nval5, nval6, falta, cusualt,
                   fmodifi, cusumod, ccla9, ccla10, nval7, nval8, nval9,
                   nval10
                  )
           VALUES (sdetalle_conf.NEXTVAL, 24, 8000047, 1, 80003, 1,
                   1764720, NULL, NULL, NULL, NULL, NULL, 25842.7274927296,
                   NULL, NULL, NULL, NULL, NULL, f_sysdate, f_user,
                   NULL, NULL, NULL, NULL, NULL, NULL, NULL,
                   NULL
                  );
   EXCEPTION
      WHEN DUP_VAL_ON_INDEX
      THEN
         NULL;
   END;

   BEGIN
      INSERT INTO sgt_subtabs_det
                  (sdetalle, cempres, csubtabla, cversubt, ccla1, ccla2,
                   ccla3, ccla4, ccla5, ccla6, ccla7, ccla8, nval1,
                   nval2, nval3, nval4, nval5, nval6, falta, cusualt,
                   fmodifi, cusumod, ccla9, ccla10, nval7, nval8, nval9,
                   nval10
                  )
           VALUES (sdetalle_conf.NEXTVAL, 24, 8000047, 1, 80001, 2,
                   1764720, NULL, NULL, NULL, NULL, NULL, 23898.2812551874,
                   NULL, NULL, NULL, NULL, NULL, f_sysdate, f_user,
                   NULL, NULL, NULL, NULL, NULL, NULL, NULL,
                   NULL
                  );
   EXCEPTION
      WHEN DUP_VAL_ON_INDEX
      THEN
         NULL;
   END;

   BEGIN
      INSERT INTO sgt_subtabs_det
                  (sdetalle, cempres, csubtabla, cversubt, ccla1, ccla2,
                   ccla3, ccla4, ccla5, ccla6, ccla7, ccla8, nval1,
                   nval2, nval3, nval4, nval5, nval6, falta, cusualt,
                   fmodifi, cusumod, ccla9, ccla10, nval7, nval8, nval9,
                   nval10
                  )
           VALUES (sdetalle_conf.NEXTVAL, 24, 8000047, 1, 80002, 2,
                   1764720, NULL, NULL, NULL, NULL, NULL, 23898.2812551874,
                   NULL, NULL, NULL, NULL, NULL, f_sysdate, f_user,
                   NULL, NULL, NULL, NULL, NULL, NULL, NULL,
                   NULL
                  );
   EXCEPTION
      WHEN DUP_VAL_ON_INDEX
      THEN
         NULL;
   END;

   BEGIN
      INSERT INTO sgt_subtabs_det
                  (sdetalle, cempres, csubtabla, cversubt, ccla1, ccla2,
                   ccla3, ccla4, ccla5, ccla6, ccla7, ccla8, nval1,
                   nval2, nval3, nval4, nval5, nval6, falta, cusualt,
                   fmodifi, cusumod, ccla9, ccla10, nval7, nval8, nval9,
                   nval10
                  )
           VALUES (sdetalle_conf.NEXTVAL, 24, 8000047, 1, 80003, 2,
                   1764720, NULL, NULL, NULL, NULL, NULL, 23898.2812551874,
                   NULL, NULL, NULL, NULL, NULL, f_sysdate, f_user,
                   NULL, NULL, NULL, NULL, NULL, NULL, NULL,
                   NULL
                  );
   EXCEPTION
      WHEN DUP_VAL_ON_INDEX
      THEN
         NULL;
   END;

   BEGIN
      INSERT INTO sgt_subtabs_det
                  (sdetalle, cempres, csubtabla, cversubt, ccla1, ccla2,
                   ccla3, ccla4, ccla5, ccla6, ccla7, ccla8, nval1,
                   nval2, nval3, nval4, nval5, nval6, falta, cusualt,
                   fmodifi, cusumod, ccla9, ccla10, nval7, nval8, nval9,
                   nval10
                  )
           VALUES (sdetalle_conf.NEXTVAL, 24, 8000047, 1, 80001, 0,
                   1764720, NULL, NULL, NULL, NULL, NULL, 23898.2812551874,
                   NULL, NULL, NULL, NULL, NULL, f_sysdate, f_user,
                   NULL, NULL, NULL, NULL, NULL, NULL, NULL,
                   NULL
                  );
   EXCEPTION
      WHEN DUP_VAL_ON_INDEX
      THEN
         NULL;
   END;

   BEGIN
      INSERT INTO sgt_subtabs_det
                  (sdetalle, cempres, csubtabla, cversubt, ccla1, ccla2,
                   ccla3, ccla4, ccla5, ccla6, ccla7, ccla8, nval1,
                   nval2, nval3, nval4, nval5, nval6, falta, cusualt,
                   fmodifi, cusumod, ccla9, ccla10, nval7, nval8, nval9,
                   nval10
                  )
           VALUES (sdetalle_conf.NEXTVAL, 24, 8000047, 1, 80002, 0,
                   1764720, NULL, NULL, NULL, NULL, NULL, 23898.2812551874,
                   NULL, NULL, NULL, NULL, NULL, f_sysdate, f_user,
                   NULL, NULL, NULL, NULL, NULL, NULL, NULL,
                   NULL
                  );
   EXCEPTION
      WHEN DUP_VAL_ON_INDEX
      THEN
         NULL;
   END;

   BEGIN
      INSERT INTO sgt_subtabs_det
                  (sdetalle, cempres, csubtabla, cversubt, ccla1, ccla2,
                   ccla3, ccla4, ccla5, ccla6, ccla7, ccla8, nval1,
                   nval2, nval3, nval4, nval5, nval6, falta, cusualt,
                   fmodifi, cusumod, ccla9, ccla10, nval7, nval8, nval9,
                   nval10
                  )
           VALUES (sdetalle_conf.NEXTVAL, 24, 8000047, 1, 80003, 0,
                   1764720, NULL, NULL, NULL, NULL, NULL, 23898.2812551874,
                   NULL, NULL, NULL, NULL, NULL, f_sysdate, f_user,
                   NULL, NULL, NULL, NULL, NULL, NULL, NULL,
                   NULL
                  );
   EXCEPTION
      WHEN DUP_VAL_ON_INDEX
      THEN
         NULL;
   END;

   BEGIN
      INSERT INTO sgt_subtabs_det
                  (sdetalle, cempres, csubtabla, cversubt, ccla1, ccla2,
                   ccla3, ccla4, ccla5, ccla6, ccla7, ccla8, nval1,
                   nval2, nval3, nval4, nval5, nval6, falta, cusualt,
                   fmodifi, cusumod, ccla9, ccla10, nval7, nval8, nval9,
                   nval10
                  )
           VALUES (sdetalle_conf.NEXTVAL, 24, 8000047, 1, 80001, 3,
                   1764720, NULL, NULL, NULL, NULL, NULL, 23100.7738161645,
                   NULL, NULL, NULL, NULL, NULL, f_sysdate, f_user,
                   NULL, NULL, NULL, NULL, NULL, NULL, NULL,
                   NULL
                  );
   EXCEPTION
      WHEN DUP_VAL_ON_INDEX
      THEN
         NULL;
   END;

   BEGIN
      INSERT INTO sgt_subtabs_det
                  (sdetalle, cempres, csubtabla, cversubt, ccla1, ccla2,
                   ccla3, ccla4, ccla5, ccla6, ccla7, ccla8, nval1,
                   nval2, nval3, nval4, nval5, nval6, falta, cusualt,
                   fmodifi, cusumod, ccla9, ccla10, nval7, nval8, nval9,
                   nval10
                  )
           VALUES (sdetalle_conf.NEXTVAL, 24, 8000047, 1, 80002, 3,
                   1764720, NULL, NULL, NULL, NULL, NULL, 23100.7738161645,
                   NULL, NULL, NULL, NULL, NULL, f_sysdate, f_user,
                   NULL, NULL, NULL, NULL, NULL, NULL, NULL,
                   NULL
                  );
   EXCEPTION
      WHEN DUP_VAL_ON_INDEX
      THEN
         NULL;
   END;

   BEGIN
      INSERT INTO sgt_subtabs_det
                  (sdetalle, cempres, csubtabla, cversubt, ccla1, ccla2,
                   ccla3, ccla4, ccla5, ccla6, ccla7, ccla8, nval1,
                   nval2, nval3, nval4, nval5, nval6, falta, cusualt,
                   fmodifi, cusumod, ccla9, ccla10, nval7, nval8, nval9,
                   nval10
                  )
           VALUES (sdetalle_conf.NEXTVAL, 24, 8000047, 1, 80003, 3,
                   1764720, NULL, NULL, NULL, NULL, NULL, 23100.7738161645,
                   NULL, NULL, NULL, NULL, NULL, f_sysdate, f_user,
                   NULL, NULL, NULL, NULL, NULL, NULL, NULL,
                   NULL
                  );
   EXCEPTION
      WHEN DUP_VAL_ON_INDEX
      THEN
         NULL;
   END;

   BEGIN
      INSERT INTO sgt_subtabs_det
                  (sdetalle, cempres, csubtabla, cversubt, ccla1, ccla2,
                   ccla3, ccla4, ccla5, ccla6, ccla7, ccla8, nval1,
                   nval2, nval3, nval4, nval5, nval6, falta, cusualt,
                   fmodifi, cusumod, ccla9, ccla10, nval7, nval8, nval9,
                   nval10
                  )
           VALUES (sdetalle_conf.NEXTVAL, 24, 8000047, 1, 80001, 1,
                   1764720, NULL, NULL, NULL, NULL, NULL, 25842.7274927296,
                   NULL, NULL, NULL, NULL, NULL, f_sysdate, f_user,
                   NULL, NULL, NULL, NULL, NULL, NULL, NULL,
                   NULL
                  );
   EXCEPTION
      WHEN DUP_VAL_ON_INDEX
      THEN
         NULL;
   END;

   BEGIN
      INSERT INTO sgt_subtabs_det
                  (sdetalle, cempres, csubtabla, cversubt, ccla1, ccla2,
                   ccla3, ccla4, ccla5, ccla6, ccla7, ccla8, nval1,
                   nval2, nval3, nval4, nval5, nval6, falta, cusualt,
                   fmodifi, cusumod, ccla9, ccla10, nval7, nval8, nval9,
                   nval10
                  )
           VALUES (sdetalle_conf.NEXTVAL, 24, 8000047, 1, 80002, 1,
                   1764720, NULL, NULL, NULL, NULL, NULL, 25842.7274927296,
                   NULL, NULL, NULL, NULL, NULL, f_sysdate, f_user,
                   NULL, NULL, NULL, NULL, NULL, NULL, NULL,
                   NULL
                  );
   EXCEPTION
      WHEN DUP_VAL_ON_INDEX
      THEN
         NULL;
   END;

   BEGIN
      INSERT INTO sgt_subtabs_det
                  (sdetalle, cempres, csubtabla, cversubt, ccla1, ccla2,
                   ccla3, ccla4, ccla5, ccla6, ccla7, ccla8, nval1,
                   nval2, nval3, nval4, nval5, nval6, falta, cusualt,
                   fmodifi, cusumod, ccla9, ccla10, nval7, nval8, nval9,
                   nval10
                  )
           VALUES (sdetalle_conf.NEXTVAL, 24, 8000047, 1, 80003, 1,
                   1764720, NULL, NULL, NULL, NULL, NULL, 25842.7274927296,
                   NULL, NULL, NULL, NULL, NULL, f_sysdate, f_user,
                   NULL, NULL, NULL, NULL, NULL, NULL, NULL,
                   NULL
                  );
   EXCEPTION
      WHEN DUP_VAL_ON_INDEX
      THEN
         NULL;
   END;

   BEGIN
      INSERT INTO sgt_subtabs_det
                  (sdetalle, cempres, csubtabla, cversubt, ccla1, ccla2,
                   ccla3, ccla4, ccla5, ccla6, ccla7, ccla8, nval1,
                   nval2, nval3, nval4, nval5, nval6, falta, cusualt,
                   fmodifi, cusumod, ccla9, ccla10, nval7, nval8, nval9,
                   nval10
                  )
           VALUES (sdetalle_conf.NEXTVAL, 24, 8000047, 1, 80001, 2,
                   1764720, NULL, NULL, NULL, NULL, NULL, 23898.2812551874,
                   NULL, NULL, NULL, NULL, NULL, f_sysdate, f_user,
                   NULL, NULL, NULL, NULL, NULL, NULL, NULL,
                   NULL
                  );
   EXCEPTION
      WHEN DUP_VAL_ON_INDEX
      THEN
         NULL;
   END;

   BEGIN
      INSERT INTO sgt_subtabs_det
                  (sdetalle, cempres, csubtabla, cversubt, ccla1, ccla2,
                   ccla3, ccla4, ccla5, ccla6, ccla7, ccla8, nval1,
                   nval2, nval3, nval4, nval5, nval6, falta, cusualt,
                   fmodifi, cusumod, ccla9, ccla10, nval7, nval8, nval9,
                   nval10
                  )
           VALUES (sdetalle_conf.NEXTVAL, 24, 8000047, 1, 80002, 2,
                   1764720, NULL, NULL, NULL, NULL, NULL, 23898.2812551874,
                   NULL, NULL, NULL, NULL, NULL, f_sysdate, f_user,
                   NULL, NULL, NULL, NULL, NULL, NULL, NULL,
                   NULL
                  );
   EXCEPTION
      WHEN DUP_VAL_ON_INDEX
      THEN
         NULL;
   END;

   BEGIN
      INSERT INTO sgt_subtabs_det
                  (sdetalle, cempres, csubtabla, cversubt, ccla1, ccla2,
                   ccla3, ccla4, ccla5, ccla6, ccla7, ccla8, nval1,
                   nval2, nval3, nval4, nval5, nval6, falta, cusualt,
                   fmodifi, cusumod, ccla9, ccla10, nval7, nval8, nval9,
                   nval10
                  )
           VALUES (sdetalle_conf.NEXTVAL, 24, 8000047, 1, 80003, 2,
                   1764720, NULL, NULL, NULL, NULL, NULL, 23898.2812551874,
                   NULL, NULL, NULL, NULL, NULL, f_sysdate, f_user,
                   NULL, NULL, NULL, NULL, NULL, NULL, NULL,
                   NULL
                  );
   EXCEPTION
      WHEN DUP_VAL_ON_INDEX
      THEN
         NULL;
   END;

   BEGIN
      INSERT INTO sgt_subtabs_det
                  (sdetalle, cempres, csubtabla, cversubt, ccla1, ccla2,
                   ccla3, ccla4, ccla5, ccla6, ccla7, ccla8, nval1,
                   nval2, nval3, nval4, nval5, nval6, falta, cusualt,
                   fmodifi, cusumod, ccla9, ccla10, nval7, nval8, nval9,
                   nval10
                  )
           VALUES (sdetalle_conf.NEXTVAL, 24, 8000047, 1, 80001, 1,
                   1764720, NULL, NULL, NULL, NULL, NULL, 25842.7274927296,
                   NULL, NULL, NULL, NULL, NULL, f_sysdate, f_user,
                   NULL, NULL, NULL, NULL, NULL, NULL, NULL,
                   NULL
                  );
   EXCEPTION
      WHEN DUP_VAL_ON_INDEX
      THEN
         NULL;
   END;

   BEGIN
      INSERT INTO sgt_subtabs_det
                  (sdetalle, cempres, csubtabla, cversubt, ccla1, ccla2,
                   ccla3, ccla4, ccla5, ccla6, ccla7, ccla8, nval1,
                   nval2, nval3, nval4, nval5, nval6, falta, cusualt,
                   fmodifi, cusumod, ccla9, ccla10, nval7, nval8, nval9,
                   nval10
                  )
           VALUES (sdetalle_conf.NEXTVAL, 24, 8000047, 1, 80002, 1,
                   1764720, NULL, NULL, NULL, NULL, NULL, 25842.7274927296,
                   NULL, NULL, NULL, NULL, NULL, f_sysdate, f_user,
                   NULL, NULL, NULL, NULL, NULL, NULL, NULL,
                   NULL
                  );
   EXCEPTION
      WHEN DUP_VAL_ON_INDEX
      THEN
         NULL;
   END;

   BEGIN
      INSERT INTO sgt_subtabs_det
                  (sdetalle, cempres, csubtabla, cversubt, ccla1, ccla2,
                   ccla3, ccla4, ccla5, ccla6, ccla7, ccla8, nval1,
                   nval2, nval3, nval4, nval5, nval6, falta, cusualt,
                   fmodifi, cusumod, ccla9, ccla10, nval7, nval8, nval9,
                   nval10
                  )
           VALUES (sdetalle_conf.NEXTVAL, 24, 8000047, 1, 80003, 1,
                   1764720, NULL, NULL, NULL, NULL, NULL, 25842.7274927296,
                   NULL, NULL, NULL, NULL, NULL, f_sysdate, f_user,
                   NULL, NULL, NULL, NULL, NULL, NULL, NULL,
                   NULL
                  );
   EXCEPTION
      WHEN DUP_VAL_ON_INDEX
      THEN
         NULL;
   END;

   BEGIN
      INSERT INTO sgt_subtabs_det
                  (sdetalle, cempres, csubtabla, cversubt, ccla1, ccla2,
                   ccla3, ccla4, ccla5, ccla6, ccla7, ccla8, nval1,
                   nval2, nval3, nval4, nval5, nval6, falta, cusualt,
                   fmodifi, cusumod, ccla9, ccla10, nval7, nval8, nval9,
                   nval10
                  )
           VALUES (sdetalle_conf.NEXTVAL, 24, 8000047, 1, 80001, 0,
                   1814720, NULL, NULL, NULL, NULL, NULL, 11.5891330633549,
                   NULL, NULL, NULL, NULL, NULL, f_sysdate, f_user,
                   NULL, NULL, NULL, NULL, NULL, NULL, NULL,
                   NULL
                  );
   EXCEPTION
      WHEN DUP_VAL_ON_INDEX
      THEN
         NULL;
   END;

   BEGIN
      INSERT INTO sgt_subtabs_det
                  (sdetalle, cempres, csubtabla, cversubt, ccla1, ccla2,
                   ccla3, ccla4, ccla5, ccla6, ccla7, ccla8, nval1,
                   nval2, nval3, nval4, nval5, nval6, falta, cusualt,
                   fmodifi, cusumod, ccla9, ccla10, nval7, nval8, nval9,
                   nval10
                  )
           VALUES (sdetalle_conf.NEXTVAL, 24, 8000047, 1, 80002, 0,
                   1814720, NULL, NULL, NULL, NULL, NULL, 11.5891330633549,
                   NULL, NULL, NULL, NULL, NULL, f_sysdate, f_user,
                   NULL, NULL, NULL, NULL, NULL, NULL, NULL,
                   NULL
                  );
   EXCEPTION
      WHEN DUP_VAL_ON_INDEX
      THEN
         NULL;
   END;

   BEGIN
      INSERT INTO sgt_subtabs_det
                  (sdetalle, cempres, csubtabla, cversubt, ccla1, ccla2,
                   ccla3, ccla4, ccla5, ccla6, ccla7, ccla8, nval1,
                   nval2, nval3, nval4, nval5, nval6, falta, cusualt,
                   fmodifi, cusumod, ccla9, ccla10, nval7, nval8, nval9,
                   nval10
                  )
           VALUES (sdetalle_conf.NEXTVAL, 24, 8000047, 1, 80003, 0,
                   1814720, NULL, NULL, NULL, NULL, NULL, 11.5891330633549,
                   NULL, NULL, NULL, NULL, NULL, f_sysdate, f_user,
                   NULL, NULL, NULL, NULL, NULL, NULL, NULL,
                   NULL
                  );
   EXCEPTION
      WHEN DUP_VAL_ON_INDEX
      THEN
         NULL;
   END;

   BEGIN
      INSERT INTO sgt_subtabs_det
                  (sdetalle, cempres, csubtabla, cversubt, ccla1, ccla2,
                   ccla3, ccla4, ccla5, ccla6, ccla7, ccla8, nval1,
                   nval2, nval3, nval4, nval5, nval6, falta, cusualt,
                   fmodifi, cusumod, ccla9, ccla10, nval7, nval8, nval9,
                   nval10
                  )
           VALUES (sdetalle_conf.NEXTVAL, 24, 8000047, 1, 80001, 3,
                   1814720, NULL, NULL, NULL, NULL, NULL, 7.88081900595077,
                   NULL, NULL, NULL, NULL, NULL, f_sysdate, f_user,
                   NULL, NULL, NULL, NULL, NULL, NULL, NULL,
                   NULL
                  );
   EXCEPTION
      WHEN DUP_VAL_ON_INDEX
      THEN
         NULL;
   END;

   BEGIN
      INSERT INTO sgt_subtabs_det
                  (sdetalle, cempres, csubtabla, cversubt, ccla1, ccla2,
                   ccla3, ccla4, ccla5, ccla6, ccla7, ccla8, nval1,
                   nval2, nval3, nval4, nval5, nval6, falta, cusualt,
                   fmodifi, cusumod, ccla9, ccla10, nval7, nval8, nval9,
                   nval10
                  )
           VALUES (sdetalle_conf.NEXTVAL, 24, 8000047, 1, 80002, 3,
                   1814720, NULL, NULL, NULL, NULL, NULL, 7.88081900595077,
                   NULL, NULL, NULL, NULL, NULL, f_sysdate, f_user,
                   NULL, NULL, NULL, NULL, NULL, NULL, NULL,
                   NULL
                  );
   EXCEPTION
      WHEN DUP_VAL_ON_INDEX
      THEN
         NULL;
   END;

   BEGIN
      INSERT INTO sgt_subtabs_det
                  (sdetalle, cempres, csubtabla, cversubt, ccla1, ccla2,
                   ccla3, ccla4, ccla5, ccla6, ccla7, ccla8, nval1,
                   nval2, nval3, nval4, nval5, nval6, falta, cusualt,
                   fmodifi, cusumod, ccla9, ccla10, nval7, nval8, nval9,
                   nval10
                  )
           VALUES (sdetalle_conf.NEXTVAL, 24, 8000047, 1, 80003, 3,
                   1814720, NULL, NULL, NULL, NULL, NULL, 7.88081900595077,
                   NULL, NULL, NULL, NULL, NULL, f_sysdate, f_user,
                   NULL, NULL, NULL, NULL, NULL, NULL, NULL,
                   NULL
                  );
   EXCEPTION
      WHEN DUP_VAL_ON_INDEX
      THEN
         NULL;
   END;

   BEGIN
      INSERT INTO sgt_subtabs_det
                  (sdetalle, cempres, csubtabla, cversubt, ccla1, ccla2,
                   ccla3, ccla4, ccla5, ccla6, ccla7, ccla8, nval1,
                   nval2, nval3, nval4, nval5, nval6, falta, cusualt,
                   fmodifi, cusumod, ccla9, ccla10, nval7, nval8, nval9,
                   nval10
                  )
           VALUES (sdetalle_conf.NEXTVAL, 24, 8000047, 1, 80001, 1,
                   1814720, NULL, NULL, NULL, NULL, NULL, 20.6305751411592,
                   NULL, NULL, NULL, NULL, NULL, f_sysdate, f_user,
                   NULL, NULL, NULL, NULL, NULL, NULL, NULL,
                   NULL
                  );
   EXCEPTION
      WHEN DUP_VAL_ON_INDEX
      THEN
         NULL;
   END;

   BEGIN
      INSERT INTO sgt_subtabs_det
                  (sdetalle, cempres, csubtabla, cversubt, ccla1, ccla2,
                   ccla3, ccla4, ccla5, ccla6, ccla7, ccla8, nval1,
                   nval2, nval3, nval4, nval5, nval6, falta, cusualt,
                   fmodifi, cusumod, ccla9, ccla10, nval7, nval8, nval9,
                   nval10
                  )
           VALUES (sdetalle_conf.NEXTVAL, 24, 8000047, 1, 80002, 1,
                   1814720, NULL, NULL, NULL, NULL, NULL, 20.6305751411592,
                   NULL, NULL, NULL, NULL, NULL, f_sysdate, f_user,
                   NULL, NULL, NULL, NULL, NULL, NULL, NULL,
                   NULL
                  );
   EXCEPTION
      WHEN DUP_VAL_ON_INDEX
      THEN
         NULL;
   END;

   BEGIN
      INSERT INTO sgt_subtabs_det
                  (sdetalle, cempres, csubtabla, cversubt, ccla1, ccla2,
                   ccla3, ccla4, ccla5, ccla6, ccla7, ccla8, nval1,
                   nval2, nval3, nval4, nval5, nval6, falta, cusualt,
                   fmodifi, cusumod, ccla9, ccla10, nval7, nval8, nval9,
                   nval10
                  )
           VALUES (sdetalle_conf.NEXTVAL, 24, 8000047, 1, 80003, 1,
                   1814720, NULL, NULL, NULL, NULL, NULL, 20.6305751411592,
                   NULL, NULL, NULL, NULL, NULL, f_sysdate, f_user,
                   NULL, NULL, NULL, NULL, NULL, NULL, NULL,
                   NULL
                  );
   EXCEPTION
      WHEN DUP_VAL_ON_INDEX
      THEN
         NULL;
   END;

   BEGIN
      INSERT INTO sgt_subtabs_det
                  (sdetalle, cempres, csubtabla, cversubt, ccla1, ccla2,
                   ccla3, ccla4, ccla5, ccla6, ccla7, ccla8, nval1,
                   nval2, nval3, nval4, nval5, nval6, falta, cusualt,
                   fmodifi, cusumod, ccla9, ccla10, nval7, nval8, nval9,
                   nval10
                  )
           VALUES (sdetalle_conf.NEXTVAL, 24, 8000047, 1, 80001, 1,
                   1814720, NULL, NULL, NULL, NULL, NULL, 20.6305751411592,
                   NULL, NULL, NULL, NULL, NULL, f_sysdate, f_user,
                   NULL, NULL, NULL, NULL, NULL, NULL, NULL,
                   NULL
                  );
   EXCEPTION
      WHEN DUP_VAL_ON_INDEX
      THEN
         NULL;
   END;

   BEGIN
      INSERT INTO sgt_subtabs_det
                  (sdetalle, cempres, csubtabla, cversubt, ccla1, ccla2,
                   ccla3, ccla4, ccla5, ccla6, ccla7, ccla8, nval1,
                   nval2, nval3, nval4, nval5, nval6, falta, cusualt,
                   fmodifi, cusumod, ccla9, ccla10, nval7, nval8, nval9,
                   nval10
                  )
           VALUES (sdetalle_conf.NEXTVAL, 24, 8000047, 1, 80002, 1,
                   1814720, NULL, NULL, NULL, NULL, NULL, 20.6305751411592,
                   NULL, NULL, NULL, NULL, NULL, f_sysdate, f_user,
                   NULL, NULL, NULL, NULL, NULL, NULL, NULL,
                   NULL
                  );
   EXCEPTION
      WHEN DUP_VAL_ON_INDEX
      THEN
         NULL;
   END;

   BEGIN
      INSERT INTO sgt_subtabs_det
                  (sdetalle, cempres, csubtabla, cversubt, ccla1, ccla2,
                   ccla3, ccla4, ccla5, ccla6, ccla7, ccla8, nval1,
                   nval2, nval3, nval4, nval5, nval6, falta, cusualt,
                   fmodifi, cusumod, ccla9, ccla10, nval7, nval8, nval9,
                   nval10
                  )
           VALUES (sdetalle_conf.NEXTVAL, 24, 8000047, 1, 80003, 1,
                   1814720, NULL, NULL, NULL, NULL, NULL, 20.6305751411592,
                   NULL, NULL, NULL, NULL, NULL, f_sysdate, f_user,
                   NULL, NULL, NULL, NULL, NULL, NULL, NULL,
                   NULL
                  );
   EXCEPTION
      WHEN DUP_VAL_ON_INDEX
      THEN
         NULL;
   END;

   BEGIN
      INSERT INTO sgt_subtabs_det
                  (sdetalle, cempres, csubtabla, cversubt, ccla1, ccla2,
                   ccla3, ccla4, ccla5, ccla6, ccla7, ccla8, nval1,
                   nval2, nval3, nval4, nval5, nval6, falta, cusualt,
                   fmodifi, cusumod, ccla9, ccla10, nval7, nval8, nval9,
                   nval10
                  )
           VALUES (sdetalle_conf.NEXTVAL, 24, 8000047, 1, 80001, 2,
                   1814720, NULL, NULL, NULL, NULL, NULL, 11.5891330633549,
                   NULL, NULL, NULL, NULL, NULL, f_sysdate, f_user,
                   NULL, NULL, NULL, NULL, NULL, NULL, NULL,
                   NULL
                  );
   EXCEPTION
      WHEN DUP_VAL_ON_INDEX
      THEN
         NULL;
   END;

   BEGIN
      INSERT INTO sgt_subtabs_det
                  (sdetalle, cempres, csubtabla, cversubt, ccla1, ccla2,
                   ccla3, ccla4, ccla5, ccla6, ccla7, ccla8, nval1,
                   nval2, nval3, nval4, nval5, nval6, falta, cusualt,
                   fmodifi, cusumod, ccla9, ccla10, nval7, nval8, nval9,
                   nval10
                  )
           VALUES (sdetalle_conf.NEXTVAL, 24, 8000047, 1, 80002, 2,
                   1814720, NULL, NULL, NULL, NULL, NULL, 11.5891330633549,
                   NULL, NULL, NULL, NULL, NULL, f_sysdate, f_user,
                   NULL, NULL, NULL, NULL, NULL, NULL, NULL,
                   NULL
                  );
   EXCEPTION
      WHEN DUP_VAL_ON_INDEX
      THEN
         NULL;
   END;

   BEGIN
      INSERT INTO sgt_subtabs_det
                  (sdetalle, cempres, csubtabla, cversubt, ccla1, ccla2,
                   ccla3, ccla4, ccla5, ccla6, ccla7, ccla8, nval1,
                   nval2, nval3, nval4, nval5, nval6, falta, cusualt,
                   fmodifi, cusumod, ccla9, ccla10, nval7, nval8, nval9,
                   nval10
                  )
           VALUES (sdetalle_conf.NEXTVAL, 24, 8000047, 1, 80003, 2,
                   1814720, NULL, NULL, NULL, NULL, NULL, 11.5891330633549,
                   NULL, NULL, NULL, NULL, NULL, f_sysdate, f_user,
                   NULL, NULL, NULL, NULL, NULL, NULL, NULL,
                   NULL
                  );
   EXCEPTION
      WHEN DUP_VAL_ON_INDEX
      THEN
         NULL;
   END;

   BEGIN
      INSERT INTO sgt_subtabs_det
                  (sdetalle, cempres, csubtabla, cversubt, ccla1, ccla2,
                   ccla3, ccla4, ccla5, ccla6, ccla7, ccla8, nval1,
                   nval2, nval3, nval4, nval5, nval6, falta, cusualt,
                   fmodifi, cusumod, ccla9, ccla10, nval7, nval8, nval9,
                   nval10
                  )
           VALUES (sdetalle_conf.NEXTVAL, 24, 8000047, 1, 80001, 0,
                   1814720, NULL, NULL, NULL, NULL, NULL, 11.5891330633549,
                   NULL, NULL, NULL, NULL, NULL, f_sysdate, f_user,
                   NULL, NULL, NULL, NULL, NULL, NULL, NULL,
                   NULL
                  );
   EXCEPTION
      WHEN DUP_VAL_ON_INDEX
      THEN
         NULL;
   END;

   BEGIN
      INSERT INTO sgt_subtabs_det
                  (sdetalle, cempres, csubtabla, cversubt, ccla1, ccla2,
                   ccla3, ccla4, ccla5, ccla6, ccla7, ccla8, nval1,
                   nval2, nval3, nval4, nval5, nval6, falta, cusualt,
                   fmodifi, cusumod, ccla9, ccla10, nval7, nval8, nval9,
                   nval10
                  )
           VALUES (sdetalle_conf.NEXTVAL, 24, 8000047, 1, 80002, 0,
                   1814720, NULL, NULL, NULL, NULL, NULL, 11.5891330633549,
                   NULL, NULL, NULL, NULL, NULL, f_sysdate, f_user,
                   NULL, NULL, NULL, NULL, NULL, NULL, NULL,
                   NULL
                  );
   EXCEPTION
      WHEN DUP_VAL_ON_INDEX
      THEN
         NULL;
   END;

   BEGIN
      INSERT INTO sgt_subtabs_det
                  (sdetalle, cempres, csubtabla, cversubt, ccla1, ccla2,
                   ccla3, ccla4, ccla5, ccla6, ccla7, ccla8, nval1,
                   nval2, nval3, nval4, nval5, nval6, falta, cusualt,
                   fmodifi, cusumod, ccla9, ccla10, nval7, nval8, nval9,
                   nval10
                  )
           VALUES (sdetalle_conf.NEXTVAL, 24, 8000047, 1, 80003, 0,
                   1814720, NULL, NULL, NULL, NULL, NULL, 11.5891330633549,
                   NULL, NULL, NULL, NULL, NULL, f_sysdate, f_user,
                   NULL, NULL, NULL, NULL, NULL, NULL, NULL,
                   NULL
                  );
   EXCEPTION
      WHEN DUP_VAL_ON_INDEX
      THEN
         NULL;
   END;

   BEGIN
      INSERT INTO sgt_subtabs_det
                  (sdetalle, cempres, csubtabla, cversubt, ccla1, ccla2,
                   ccla3, ccla4, ccla5, ccla6, ccla7, ccla8, nval1,
                   nval2, nval3, nval4, nval5, nval6, falta, cusualt,
                   fmodifi, cusumod, ccla9, ccla10, nval7, nval8, nval9,
                   nval10
                  )
           VALUES (sdetalle_conf.NEXTVAL, 24, 8000047, 1, 80001, 3,
                   1814720, NULL, NULL, NULL, NULL, NULL, 7.88081900595077,
                   NULL, NULL, NULL, NULL, NULL, f_sysdate, f_user,
                   NULL, NULL, NULL, NULL, NULL, NULL, NULL,
                   NULL
                  );
   EXCEPTION
      WHEN DUP_VAL_ON_INDEX
      THEN
         NULL;
   END;

   BEGIN
      INSERT INTO sgt_subtabs_det
                  (sdetalle, cempres, csubtabla, cversubt, ccla1, ccla2,
                   ccla3, ccla4, ccla5, ccla6, ccla7, ccla8, nval1,
                   nval2, nval3, nval4, nval5, nval6, falta, cusualt,
                   fmodifi, cusumod, ccla9, ccla10, nval7, nval8, nval9,
                   nval10
                  )
           VALUES (sdetalle_conf.NEXTVAL, 24, 8000047, 1, 80002, 3,
                   1814720, NULL, NULL, NULL, NULL, NULL, 7.88081900595077,
                   NULL, NULL, NULL, NULL, NULL, f_sysdate, f_user,
                   NULL, NULL, NULL, NULL, NULL, NULL, NULL,
                   NULL
                  );
   EXCEPTION
      WHEN DUP_VAL_ON_INDEX
      THEN
         NULL;
   END;

   BEGIN
      INSERT INTO sgt_subtabs_det
                  (sdetalle, cempres, csubtabla, cversubt, ccla1, ccla2,
                   ccla3, ccla4, ccla5, ccla6, ccla7, ccla8, nval1,
                   nval2, nval3, nval4, nval5, nval6, falta, cusualt,
                   fmodifi, cusumod, ccla9, ccla10, nval7, nval8, nval9,
                   nval10
                  )
           VALUES (sdetalle_conf.NEXTVAL, 24, 8000047, 1, 80003, 3,
                   1814720, NULL, NULL, NULL, NULL, NULL, 7.88081900595077,
                   NULL, NULL, NULL, NULL, NULL, f_sysdate, f_user,
                   NULL, NULL, NULL, NULL, NULL, NULL, NULL,
                   NULL
                  );
   EXCEPTION
      WHEN DUP_VAL_ON_INDEX
      THEN
         NULL;
   END;

   BEGIN
      INSERT INTO sgt_subtabs_det
                  (sdetalle, cempres, csubtabla, cversubt, ccla1, ccla2,
                   ccla3, ccla4, ccla5, ccla6, ccla7, ccla8, nval1,
                   nval2, nval3, nval4, nval5, nval6, falta, cusualt,
                   fmodifi, cusumod, ccla9, ccla10, nval7, nval8, nval9,
                   nval10
                  )
           VALUES (sdetalle_conf.NEXTVAL, 24, 8000047, 1, 80001, 1,
                   1814720, NULL, NULL, NULL, NULL, NULL, 20.6305751411592,
                   NULL, NULL, NULL, NULL, NULL, f_sysdate, f_user,
                   NULL, NULL, NULL, NULL, NULL, NULL, NULL,
                   NULL
                  );
   EXCEPTION
      WHEN DUP_VAL_ON_INDEX
      THEN
         NULL;
   END;

   BEGIN
      INSERT INTO sgt_subtabs_det
                  (sdetalle, cempres, csubtabla, cversubt, ccla1, ccla2,
                   ccla3, ccla4, ccla5, ccla6, ccla7, ccla8, nval1,
                   nval2, nval3, nval4, nval5, nval6, falta, cusualt,
                   fmodifi, cusumod, ccla9, ccla10, nval7, nval8, nval9,
                   nval10
                  )
           VALUES (sdetalle_conf.NEXTVAL, 24, 8000047, 1, 80002, 1,
                   1814720, NULL, NULL, NULL, NULL, NULL, 20.6305751411592,
                   NULL, NULL, NULL, NULL, NULL, f_sysdate, f_user,
                   NULL, NULL, NULL, NULL, NULL, NULL, NULL,
                   NULL
                  );
   EXCEPTION
      WHEN DUP_VAL_ON_INDEX
      THEN
         NULL;
   END;

   BEGIN
      INSERT INTO sgt_subtabs_det
                  (sdetalle, cempres, csubtabla, cversubt, ccla1, ccla2,
                   ccla3, ccla4, ccla5, ccla6, ccla7, ccla8, nval1,
                   nval2, nval3, nval4, nval5, nval6, falta, cusualt,
                   fmodifi, cusumod, ccla9, ccla10, nval7, nval8, nval9,
                   nval10
                  )
           VALUES (sdetalle_conf.NEXTVAL, 24, 8000047, 1, 80003, 1,
                   1814720, NULL, NULL, NULL, NULL, NULL, 20.6305751411592,
                   NULL, NULL, NULL, NULL, NULL, f_sysdate, f_user,
                   NULL, NULL, NULL, NULL, NULL, NULL, NULL,
                   NULL
                  );
   EXCEPTION
      WHEN DUP_VAL_ON_INDEX
      THEN
         NULL;
   END;

   BEGIN
      INSERT INTO sgt_subtabs_det
                  (sdetalle, cempres, csubtabla, cversubt, ccla1, ccla2,
                   ccla3, ccla4, ccla5, ccla6, ccla7, ccla8, nval1,
                   nval2, nval3, nval4, nval5, nval6, falta, cusualt,
                   fmodifi, cusumod, ccla9, ccla10, nval7, nval8, nval9,
                   nval10
                  )
           VALUES (sdetalle_conf.NEXTVAL, 24, 8000047, 1, 80001, 1,
                   1814720, NULL, NULL, NULL, NULL, NULL, 20.6305751411592,
                   NULL, NULL, NULL, NULL, NULL, f_sysdate, f_user,
                   NULL, NULL, NULL, NULL, NULL, NULL, NULL,
                   NULL
                  );
   EXCEPTION
      WHEN DUP_VAL_ON_INDEX
      THEN
         NULL;
   END;

   BEGIN
      INSERT INTO sgt_subtabs_det
                  (sdetalle, cempres, csubtabla, cversubt, ccla1, ccla2,
                   ccla3, ccla4, ccla5, ccla6, ccla7, ccla8, nval1,
                   nval2, nval3, nval4, nval5, nval6, falta, cusualt,
                   fmodifi, cusumod, ccla9, ccla10, nval7, nval8, nval9,
                   nval10
                  )
           VALUES (sdetalle_conf.NEXTVAL, 24, 8000047, 1, 80002, 1,
                   1814720, NULL, NULL, NULL, NULL, NULL, 20.6305751411592,
                   NULL, NULL, NULL, NULL, NULL, f_sysdate, f_user,
                   NULL, NULL, NULL, NULL, NULL, NULL, NULL,
                   NULL
                  );
   EXCEPTION
      WHEN DUP_VAL_ON_INDEX
      THEN
         NULL;
   END;

   BEGIN
      INSERT INTO sgt_subtabs_det
                  (sdetalle, cempres, csubtabla, cversubt, ccla1, ccla2,
                   ccla3, ccla4, ccla5, ccla6, ccla7, ccla8, nval1,
                   nval2, nval3, nval4, nval5, nval6, falta, cusualt,
                   fmodifi, cusumod, ccla9, ccla10, nval7, nval8, nval9,
                   nval10
                  )
           VALUES (sdetalle_conf.NEXTVAL, 24, 8000047, 1, 80003, 1,
                   1814720, NULL, NULL, NULL, NULL, NULL, 20.6305751411592,
                   NULL, NULL, NULL, NULL, NULL, f_sysdate, f_user,
                   NULL, NULL, NULL, NULL, NULL, NULL, NULL,
                   NULL
                  );
   EXCEPTION
      WHEN DUP_VAL_ON_INDEX
      THEN
         NULL;
   END;

   BEGIN
      INSERT INTO sgt_subtabs_det
                  (sdetalle, cempres, csubtabla, cversubt, ccla1, ccla2,
                   ccla3, ccla4, ccla5, ccla6, ccla7, ccla8, nval1,
                   nval2, nval3, nval4, nval5, nval6, falta, cusualt,
                   fmodifi, cusumod, ccla9, ccla10, nval7, nval8, nval9,
                   nval10
                  )
           VALUES (sdetalle_conf.NEXTVAL, 24, 8000047, 1, 80001, 2,
                   1814720, NULL, NULL, NULL, NULL, NULL, 11.5891330633549,
                   NULL, NULL, NULL, NULL, NULL, f_sysdate, f_user,
                   NULL, NULL, NULL, NULL, NULL, NULL, NULL,
                   NULL
                  );
   EXCEPTION
      WHEN DUP_VAL_ON_INDEX
      THEN
         NULL;
   END;

   BEGIN
      INSERT INTO sgt_subtabs_det
                  (sdetalle, cempres, csubtabla, cversubt, ccla1, ccla2,
                   ccla3, ccla4, ccla5, ccla6, ccla7, ccla8, nval1,
                   nval2, nval3, nval4, nval5, nval6, falta, cusualt,
                   fmodifi, cusumod, ccla9, ccla10, nval7, nval8, nval9,
                   nval10
                  )
           VALUES (sdetalle_conf.NEXTVAL, 24, 8000047, 1, 80002, 2,
                   1814720, NULL, NULL, NULL, NULL, NULL, 11.5891330633549,
                   NULL, NULL, NULL, NULL, NULL, f_sysdate, f_user,
                   NULL, NULL, NULL, NULL, NULL, NULL, NULL,
                   NULL
                  );
   EXCEPTION
      WHEN DUP_VAL_ON_INDEX
      THEN
         NULL;
   END;

   BEGIN
      INSERT INTO sgt_subtabs_det
                  (sdetalle, cempres, csubtabla, cversubt, ccla1, ccla2,
                   ccla3, ccla4, ccla5, ccla6, ccla7, ccla8, nval1,
                   nval2, nval3, nval4, nval5, nval6, falta, cusualt,
                   fmodifi, cusumod, ccla9, ccla10, nval7, nval8, nval9,
                   nval10
                  )
           VALUES (sdetalle_conf.NEXTVAL, 24, 8000047, 1, 80003, 2,
                   1814720, NULL, NULL, NULL, NULL, NULL, 11.5891330633549,
                   NULL, NULL, NULL, NULL, NULL, f_sysdate, f_user,
                   NULL, NULL, NULL, NULL, NULL, NULL, NULL,
                   NULL
                  );
   EXCEPTION
      WHEN DUP_VAL_ON_INDEX
      THEN
         NULL;
   END;

   BEGIN
      INSERT INTO sgt_subtabs_det
                  (sdetalle, cempres, csubtabla, cversubt, ccla1, ccla2,
                   ccla3, ccla4, ccla5, ccla6, ccla7, ccla8, nval1,
                   nval2, nval3, nval4, nval5, nval6, falta, cusualt,
                   fmodifi, cusumod, ccla9, ccla10, nval7, nval8, nval9,
                   nval10
                  )
           VALUES (sdetalle_conf.NEXTVAL, 24, 8000047, 1, 80001, 0,
                   1814720, NULL, NULL, NULL, NULL, NULL, 11.5891330633549,
                   NULL, NULL, NULL, NULL, NULL, f_sysdate, f_user,
                   NULL, NULL, NULL, NULL, NULL, NULL, NULL,
                   NULL
                  );
   EXCEPTION
      WHEN DUP_VAL_ON_INDEX
      THEN
         NULL;
   END;

   BEGIN
      INSERT INTO sgt_subtabs_det
                  (sdetalle, cempres, csubtabla, cversubt, ccla1, ccla2,
                   ccla3, ccla4, ccla5, ccla6, ccla7, ccla8, nval1,
                   nval2, nval3, nval4, nval5, nval6, falta, cusualt,
                   fmodifi, cusumod, ccla9, ccla10, nval7, nval8, nval9,
                   nval10
                  )
           VALUES (sdetalle_conf.NEXTVAL, 24, 8000047, 1, 80002, 0,
                   1814720, NULL, NULL, NULL, NULL, NULL, 11.5891330633549,
                   NULL, NULL, NULL, NULL, NULL, f_sysdate, f_user,
                   NULL, NULL, NULL, NULL, NULL, NULL, NULL,
                   NULL
                  );
   EXCEPTION
      WHEN DUP_VAL_ON_INDEX
      THEN
         NULL;
   END;

   BEGIN
      INSERT INTO sgt_subtabs_det
                  (sdetalle, cempres, csubtabla, cversubt, ccla1, ccla2,
                   ccla3, ccla4, ccla5, ccla6, ccla7, ccla8, nval1,
                   nval2, nval3, nval4, nval5, nval6, falta, cusualt,
                   fmodifi, cusumod, ccla9, ccla10, nval7, nval8, nval9,
                   nval10
                  )
           VALUES (sdetalle_conf.NEXTVAL, 24, 8000047, 1, 80003, 0,
                   1814720, NULL, NULL, NULL, NULL, NULL, 11.5891330633549,
                   NULL, NULL, NULL, NULL, NULL, f_sysdate, f_user,
                   NULL, NULL, NULL, NULL, NULL, NULL, NULL,
                   NULL
                  );
   EXCEPTION
      WHEN DUP_VAL_ON_INDEX
      THEN
         NULL;
   END;

   BEGIN
      INSERT INTO sgt_subtabs_det
                  (sdetalle, cempres, csubtabla, cversubt, ccla1, ccla2,
                   ccla3, ccla4, ccla5, ccla6, ccla7, ccla8, nval1,
                   nval2, nval3, nval4, nval5, nval6, falta, cusualt,
                   fmodifi, cusumod, ccla9, ccla10, nval7, nval8, nval9,
                   nval10
                  )
           VALUES (sdetalle_conf.NEXTVAL, 24, 8000047, 1, 80001, 1,
                   1814720, NULL, NULL, NULL, NULL, NULL, 20.6305751411592,
                   NULL, NULL, NULL, NULL, NULL, f_sysdate, f_user,
                   NULL, NULL, NULL, NULL, NULL, NULL, NULL,
                   NULL
                  );
   EXCEPTION
      WHEN DUP_VAL_ON_INDEX
      THEN
         NULL;
   END;

   BEGIN
      INSERT INTO sgt_subtabs_det
                  (sdetalle, cempres, csubtabla, cversubt, ccla1, ccla2,
                   ccla3, ccla4, ccla5, ccla6, ccla7, ccla8, nval1,
                   nval2, nval3, nval4, nval5, nval6, falta, cusualt,
                   fmodifi, cusumod, ccla9, ccla10, nval7, nval8, nval9,
                   nval10
                  )
           VALUES (sdetalle_conf.NEXTVAL, 24, 8000047, 1, 80002, 1,
                   1814720, NULL, NULL, NULL, NULL, NULL, 20.6305751411592,
                   NULL, NULL, NULL, NULL, NULL, f_sysdate, f_user,
                   NULL, NULL, NULL, NULL, NULL, NULL, NULL,
                   NULL
                  );
   EXCEPTION
      WHEN DUP_VAL_ON_INDEX
      THEN
         NULL;
   END;

   BEGIN
      INSERT INTO sgt_subtabs_det
                  (sdetalle, cempres, csubtabla, cversubt, ccla1, ccla2,
                   ccla3, ccla4, ccla5, ccla6, ccla7, ccla8, nval1,
                   nval2, nval3, nval4, nval5, nval6, falta, cusualt,
                   fmodifi, cusumod, ccla9, ccla10, nval7, nval8, nval9,
                   nval10
                  )
           VALUES (sdetalle_conf.NEXTVAL, 24, 8000047, 1, 80003, 1,
                   1814720, NULL, NULL, NULL, NULL, NULL, 20.6305751411592,
                   NULL, NULL, NULL, NULL, NULL, f_sysdate, f_user,
                   NULL, NULL, NULL, NULL, NULL, NULL, NULL,
                   NULL
                  );
   EXCEPTION
      WHEN DUP_VAL_ON_INDEX
      THEN
         NULL;
   END;

   BEGIN
      INSERT INTO sgt_subtabs_det
                  (sdetalle, cempres, csubtabla, cversubt, ccla1, ccla2,
                   ccla3, ccla4, ccla5, ccla6, ccla7, ccla8, nval1,
                   nval2, nval3, nval4, nval5, nval6, falta, cusualt,
                   fmodifi, cusumod, ccla9, ccla10, nval7, nval8, nval9,
                   nval10
                  )
           VALUES (sdetalle_conf.NEXTVAL, 24, 8000047, 1, 80001, 0,
                   1814720, NULL, NULL, NULL, NULL, NULL, 11.5891330633549,
                   NULL, NULL, NULL, NULL, NULL, f_sysdate, f_user,
                   NULL, NULL, NULL, NULL, NULL, NULL, NULL,
                   NULL
                  );
   EXCEPTION
      WHEN DUP_VAL_ON_INDEX
      THEN
         NULL;
   END;

   BEGIN
      INSERT INTO sgt_subtabs_det
                  (sdetalle, cempres, csubtabla, cversubt, ccla1, ccla2,
                   ccla3, ccla4, ccla5, ccla6, ccla7, ccla8, nval1,
                   nval2, nval3, nval4, nval5, nval6, falta, cusualt,
                   fmodifi, cusumod, ccla9, ccla10, nval7, nval8, nval9,
                   nval10
                  )
           VALUES (sdetalle_conf.NEXTVAL, 24, 8000047, 1, 80002, 0,
                   1814720, NULL, NULL, NULL, NULL, NULL, 11.5891330633549,
                   NULL, NULL, NULL, NULL, NULL, f_sysdate, f_user,
                   NULL, NULL, NULL, NULL, NULL, NULL, NULL,
                   NULL
                  );
   EXCEPTION
      WHEN DUP_VAL_ON_INDEX
      THEN
         NULL;
   END;

   BEGIN
      INSERT INTO sgt_subtabs_det
                  (sdetalle, cempres, csubtabla, cversubt, ccla1, ccla2,
                   ccla3, ccla4, ccla5, ccla6, ccla7, ccla8, nval1,
                   nval2, nval3, nval4, nval5, nval6, falta, cusualt,
                   fmodifi, cusumod, ccla9, ccla10, nval7, nval8, nval9,
                   nval10
                  )
           VALUES (sdetalle_conf.NEXTVAL, 24, 8000047, 1, 80003, 0,
                   1814720, NULL, NULL, NULL, NULL, NULL, 11.5891330633549,
                   NULL, NULL, NULL, NULL, NULL, f_sysdate, f_user,
                   NULL, NULL, NULL, NULL, NULL, NULL, NULL,
                   NULL
                  );
   EXCEPTION
      WHEN DUP_VAL_ON_INDEX
      THEN
         NULL;
   END;

   BEGIN
      INSERT INTO sgt_subtabs_det
                  (sdetalle, cempres, csubtabla, cversubt, ccla1, ccla2,
                   ccla3, ccla4, ccla5, ccla6, ccla7, ccla8, nval1,
                   nval2, nval3, nval4, nval5, nval6, falta, cusualt,
                   fmodifi, cusumod, ccla9, ccla10, nval7, nval8, nval9,
                   nval10
                  )
           VALUES (sdetalle_conf.NEXTVAL, 24, 8000047, 1, 80001, 3,
                   1814720, NULL, NULL, NULL, NULL, NULL, 7.88081900595077,
                   NULL, NULL, NULL, NULL, NULL, f_sysdate, f_user,
                   NULL, NULL, NULL, NULL, NULL, NULL, NULL,
                   NULL
                  );
   EXCEPTION
      WHEN DUP_VAL_ON_INDEX
      THEN
         NULL;
   END;

   BEGIN
      INSERT INTO sgt_subtabs_det
                  (sdetalle, cempres, csubtabla, cversubt, ccla1, ccla2,
                   ccla3, ccla4, ccla5, ccla6, ccla7, ccla8, nval1,
                   nval2, nval3, nval4, nval5, nval6, falta, cusualt,
                   fmodifi, cusumod, ccla9, ccla10, nval7, nval8, nval9,
                   nval10
                  )
           VALUES (sdetalle_conf.NEXTVAL, 24, 8000047, 1, 80002, 3,
                   1814720, NULL, NULL, NULL, NULL, NULL, 7.88081900595077,
                   NULL, NULL, NULL, NULL, NULL, f_sysdate, f_user,
                   NULL, NULL, NULL, NULL, NULL, NULL, NULL,
                   NULL
                  );
   EXCEPTION
      WHEN DUP_VAL_ON_INDEX
      THEN
         NULL;
   END;

   BEGIN
      INSERT INTO sgt_subtabs_det
                  (sdetalle, cempres, csubtabla, cversubt, ccla1, ccla2,
                   ccla3, ccla4, ccla5, ccla6, ccla7, ccla8, nval1,
                   nval2, nval3, nval4, nval5, nval6, falta, cusualt,
                   fmodifi, cusumod, ccla9, ccla10, nval7, nval8, nval9,
                   nval10
                  )
           VALUES (sdetalle_conf.NEXTVAL, 24, 8000047, 1, 80003, 3,
                   1814720, NULL, NULL, NULL, NULL, NULL, 7.88081900595077,
                   NULL, NULL, NULL, NULL, NULL, f_sysdate, f_user,
                   NULL, NULL, NULL, NULL, NULL, NULL, NULL,
                   NULL
                  );
   EXCEPTION
      WHEN DUP_VAL_ON_INDEX
      THEN
         NULL;
   END;

   BEGIN
      INSERT INTO sgt_subtabs_det
                  (sdetalle, cempres, csubtabla, cversubt, ccla1, ccla2,
                   ccla3, ccla4, ccla5, ccla6, ccla7, ccla8, nval1,
                   nval2, nval3, nval4, nval5, nval6, falta, cusualt,
                   fmodifi, cusumod, ccla9, ccla10, nval7, nval8, nval9,
                   nval10
                  )
           VALUES (sdetalle_conf.NEXTVAL, 24, 8000047, 1, 80001, 1,
                   1814720, NULL, NULL, NULL, NULL, NULL, 20.6305751411592,
                   NULL, NULL, NULL, NULL, NULL, f_sysdate, f_user,
                   NULL, NULL, NULL, NULL, NULL, NULL, NULL,
                   NULL
                  );
   EXCEPTION
      WHEN DUP_VAL_ON_INDEX
      THEN
         NULL;
   END;

   BEGIN
      INSERT INTO sgt_subtabs_det
                  (sdetalle, cempres, csubtabla, cversubt, ccla1, ccla2,
                   ccla3, ccla4, ccla5, ccla6, ccla7, ccla8, nval1,
                   nval2, nval3, nval4, nval5, nval6, falta, cusualt,
                   fmodifi, cusumod, ccla9, ccla10, nval7, nval8, nval9,
                   nval10
                  )
           VALUES (sdetalle_conf.NEXTVAL, 24, 8000047, 1, 80002, 1,
                   1814720, NULL, NULL, NULL, NULL, NULL, 20.6305751411592,
                   NULL, NULL, NULL, NULL, NULL, f_sysdate, f_user,
                   NULL, NULL, NULL, NULL, NULL, NULL, NULL,
                   NULL
                  );
   EXCEPTION
      WHEN DUP_VAL_ON_INDEX
      THEN
         NULL;
   END;

   BEGIN
      INSERT INTO sgt_subtabs_det
                  (sdetalle, cempres, csubtabla, cversubt, ccla1, ccla2,
                   ccla3, ccla4, ccla5, ccla6, ccla7, ccla8, nval1,
                   nval2, nval3, nval4, nval5, nval6, falta, cusualt,
                   fmodifi, cusumod, ccla9, ccla10, nval7, nval8, nval9,
                   nval10
                  )
           VALUES (sdetalle_conf.NEXTVAL, 24, 8000047, 1, 80003, 1,
                   1814720, NULL, NULL, NULL, NULL, NULL, 20.6305751411592,
                   NULL, NULL, NULL, NULL, NULL, f_sysdate, f_user,
                   NULL, NULL, NULL, NULL, NULL, NULL, NULL,
                   NULL
                  );
   EXCEPTION
      WHEN DUP_VAL_ON_INDEX
      THEN
         NULL;
   END;

   BEGIN
      INSERT INTO sgt_subtabs_det
                  (sdetalle, cempres, csubtabla, cversubt, ccla1, ccla2,
                   ccla3, ccla4, ccla5, ccla6, ccla7, ccla8, nval1,
                   nval2, nval3, nval4, nval5, nval6, falta, cusualt,
                   fmodifi, cusumod, ccla9, ccla10, nval7, nval8, nval9,
                   nval10
                  )
           VALUES (sdetalle_conf.NEXTVAL, 24, 8000047, 1, 80001, 2,
                   1814720, NULL, NULL, NULL, NULL, NULL, 11.5891330633549,
                   NULL, NULL, NULL, NULL, NULL, f_sysdate, f_user,
                   NULL, NULL, NULL, NULL, NULL, NULL, NULL,
                   NULL
                  );
   EXCEPTION
      WHEN DUP_VAL_ON_INDEX
      THEN
         NULL;
   END;

   BEGIN
      INSERT INTO sgt_subtabs_det
                  (sdetalle, cempres, csubtabla, cversubt, ccla1, ccla2,
                   ccla3, ccla4, ccla5, ccla6, ccla7, ccla8, nval1,
                   nval2, nval3, nval4, nval5, nval6, falta, cusualt,
                   fmodifi, cusumod, ccla9, ccla10, nval7, nval8, nval9,
                   nval10
                  )
           VALUES (sdetalle_conf.NEXTVAL, 24, 8000047, 1, 80002, 2,
                   1814720, NULL, NULL, NULL, NULL, NULL, 11.5891330633549,
                   NULL, NULL, NULL, NULL, NULL, f_sysdate, f_user,
                   NULL, NULL, NULL, NULL, NULL, NULL, NULL,
                   NULL
                  );
   EXCEPTION
      WHEN DUP_VAL_ON_INDEX
      THEN
         NULL;
   END;

   BEGIN
      INSERT INTO sgt_subtabs_det
                  (sdetalle, cempres, csubtabla, cversubt, ccla1, ccla2,
                   ccla3, ccla4, ccla5, ccla6, ccla7, ccla8, nval1,
                   nval2, nval3, nval4, nval5, nval6, falta, cusualt,
                   fmodifi, cusumod, ccla9, ccla10, nval7, nval8, nval9,
                   nval10
                  )
           VALUES (sdetalle_conf.NEXTVAL, 24, 8000047, 1, 80003, 2,
                   1814720, NULL, NULL, NULL, NULL, NULL, 11.5891330633549,
                   NULL, NULL, NULL, NULL, NULL, f_sysdate, f_user,
                   NULL, NULL, NULL, NULL, NULL, NULL, NULL,
                   NULL
                  );
   EXCEPTION
      WHEN DUP_VAL_ON_INDEX
      THEN
         NULL;
   END;

   BEGIN
      INSERT INTO sgt_subtabs_det
                  (sdetalle, cempres, csubtabla, cversubt, ccla1, ccla2,
                   ccla3, ccla4, ccla5, ccla6, ccla7, ccla8, nval1,
                   nval2, nval3, nval4, nval5, nval6, falta, cusualt,
                   fmodifi, cusumod, ccla9, ccla10, nval7, nval8, nval9,
                   nval10
                  )
           VALUES (sdetalle_conf.NEXTVAL, 24, 8000047, 1, 80001, 0,
                   1814720, NULL, NULL, NULL, NULL, NULL, 11.5891330633549,
                   NULL, NULL, NULL, NULL, NULL, f_sysdate, f_user,
                   NULL, NULL, NULL, NULL, NULL, NULL, NULL,
                   NULL
                  );
   EXCEPTION
      WHEN DUP_VAL_ON_INDEX
      THEN
         NULL;
   END;

   BEGIN
      INSERT INTO sgt_subtabs_det
                  (sdetalle, cempres, csubtabla, cversubt, ccla1, ccla2,
                   ccla3, ccla4, ccla5, ccla6, ccla7, ccla8, nval1,
                   nval2, nval3, nval4, nval5, nval6, falta, cusualt,
                   fmodifi, cusumod, ccla9, ccla10, nval7, nval8, nval9,
                   nval10
                  )
           VALUES (sdetalle_conf.NEXTVAL, 24, 8000047, 1, 80002, 0,
                   1814720, NULL, NULL, NULL, NULL, NULL, 11.5891330633549,
                   NULL, NULL, NULL, NULL, NULL, f_sysdate, f_user,
                   NULL, NULL, NULL, NULL, NULL, NULL, NULL,
                   NULL
                  );
   EXCEPTION
      WHEN DUP_VAL_ON_INDEX
      THEN
         NULL;
   END;

   BEGIN
      INSERT INTO sgt_subtabs_det
                  (sdetalle, cempres, csubtabla, cversubt, ccla1, ccla2,
                   ccla3, ccla4, ccla5, ccla6, ccla7, ccla8, nval1,
                   nval2, nval3, nval4, nval5, nval6, falta, cusualt,
                   fmodifi, cusumod, ccla9, ccla10, nval7, nval8, nval9,
                   nval10
                  )
           VALUES (sdetalle_conf.NEXTVAL, 24, 8000047, 1, 80003, 0,
                   1814720, NULL, NULL, NULL, NULL, NULL, 11.5891330633549,
                   NULL, NULL, NULL, NULL, NULL, f_sysdate, f_user,
                   NULL, NULL, NULL, NULL, NULL, NULL, NULL,
                   NULL
                  );
   EXCEPTION
      WHEN DUP_VAL_ON_INDEX
      THEN
         NULL;
   END;

   BEGIN
      INSERT INTO sgt_subtabs_det
                  (sdetalle, cempres, csubtabla, cversubt, ccla1, ccla2,
                   ccla3, ccla4, ccla5, ccla6, ccla7, ccla8, nval1,
                   nval2, nval3, nval4, nval5, nval6, falta, cusualt,
                   fmodifi, cusumod, ccla9, ccla10, nval7, nval8, nval9,
                   nval10
                  )
           VALUES (sdetalle_conf.NEXTVAL, 24, 8000047, 1, 80001, 3,
                   1814720, NULL, NULL, NULL, NULL, NULL, 7.88081900595077,
                   NULL, NULL, NULL, NULL, NULL, f_sysdate, f_user,
                   NULL, NULL, NULL, NULL, NULL, NULL, NULL,
                   NULL
                  );
   EXCEPTION
      WHEN DUP_VAL_ON_INDEX
      THEN
         NULL;
   END;

   BEGIN
      INSERT INTO sgt_subtabs_det
                  (sdetalle, cempres, csubtabla, cversubt, ccla1, ccla2,
                   ccla3, ccla4, ccla5, ccla6, ccla7, ccla8, nval1,
                   nval2, nval3, nval4, nval5, nval6, falta, cusualt,
                   fmodifi, cusumod, ccla9, ccla10, nval7, nval8, nval9,
                   nval10
                  )
           VALUES (sdetalle_conf.NEXTVAL, 24, 8000047, 1, 80002, 3,
                   1814720, NULL, NULL, NULL, NULL, NULL, 7.88081900595077,
                   NULL, NULL, NULL, NULL, NULL, f_sysdate, f_user,
                   NULL, NULL, NULL, NULL, NULL, NULL, NULL,
                   NULL
                  );
   EXCEPTION
      WHEN DUP_VAL_ON_INDEX
      THEN
         NULL;
   END;

   BEGIN
      INSERT INTO sgt_subtabs_det
                  (sdetalle, cempres, csubtabla, cversubt, ccla1, ccla2,
                   ccla3, ccla4, ccla5, ccla6, ccla7, ccla8, nval1,
                   nval2, nval3, nval4, nval5, nval6, falta, cusualt,
                   fmodifi, cusumod, ccla9, ccla10, nval7, nval8, nval9,
                   nval10
                  )
           VALUES (sdetalle_conf.NEXTVAL, 24, 8000047, 1, 80003, 3,
                   1814720, NULL, NULL, NULL, NULL, NULL, 7.88081900595077,
                   NULL, NULL, NULL, NULL, NULL, f_sysdate, f_user,
                   NULL, NULL, NULL, NULL, NULL, NULL, NULL,
                   NULL
                  );
   EXCEPTION
      WHEN DUP_VAL_ON_INDEX
      THEN
         NULL;
   END;

   BEGIN
      INSERT INTO sgt_subtabs_det
                  (sdetalle, cempres, csubtabla, cversubt, ccla1, ccla2,
                   ccla3, ccla4, ccla5, ccla6, ccla7, ccla8, nval1,
                   nval2, nval3, nval4, nval5, nval6, falta, cusualt,
                   fmodifi, cusumod, ccla9, ccla10, nval7, nval8, nval9,
                   nval10
                  )
           VALUES (sdetalle_conf.NEXTVAL, 24, 8000047, 1, 80001, 1,
                   1814720, NULL, NULL, NULL, NULL, NULL, 20.6305751411592,
                   NULL, NULL, NULL, NULL, NULL, f_sysdate, f_user,
                   NULL, NULL, NULL, NULL, NULL, NULL, NULL,
                   NULL
                  );
   EXCEPTION
      WHEN DUP_VAL_ON_INDEX
      THEN
         NULL;
   END;

   BEGIN
      INSERT INTO sgt_subtabs_det
                  (sdetalle, cempres, csubtabla, cversubt, ccla1, ccla2,
                   ccla3, ccla4, ccla5, ccla6, ccla7, ccla8, nval1,
                   nval2, nval3, nval4, nval5, nval6, falta, cusualt,
                   fmodifi, cusumod, ccla9, ccla10, nval7, nval8, nval9,
                   nval10
                  )
           VALUES (sdetalle_conf.NEXTVAL, 24, 8000047, 1, 80002, 1,
                   1814720, NULL, NULL, NULL, NULL, NULL, 20.6305751411592,
                   NULL, NULL, NULL, NULL, NULL, f_sysdate, f_user,
                   NULL, NULL, NULL, NULL, NULL, NULL, NULL,
                   NULL
                  );
   EXCEPTION
      WHEN DUP_VAL_ON_INDEX
      THEN
         NULL;
   END;

   BEGIN
      INSERT INTO sgt_subtabs_det
                  (sdetalle, cempres, csubtabla, cversubt, ccla1, ccla2,
                   ccla3, ccla4, ccla5, ccla6, ccla7, ccla8, nval1,
                   nval2, nval3, nval4, nval5, nval6, falta, cusualt,
                   fmodifi, cusumod, ccla9, ccla10, nval7, nval8, nval9,
                   nval10
                  )
           VALUES (sdetalle_conf.NEXTVAL, 24, 8000047, 1, 80003, 1,
                   1814720, NULL, NULL, NULL, NULL, NULL, 20.6305751411592,
                   NULL, NULL, NULL, NULL, NULL, f_sysdate, f_user,
                   NULL, NULL, NULL, NULL, NULL, NULL, NULL,
                   NULL
                  );
   EXCEPTION
      WHEN DUP_VAL_ON_INDEX
      THEN
         NULL;
   END;

   BEGIN
      INSERT INTO sgt_subtabs_det
                  (sdetalle, cempres, csubtabla, cversubt, ccla1, ccla2,
                   ccla3, ccla4, ccla5, ccla6, ccla7, ccla8, nval1,
                   nval2, nval3, nval4, nval5, nval6, falta, cusualt,
                   fmodifi, cusumod, ccla9, ccla10, nval7, nval8, nval9,
                   nval10
                  )
           VALUES (sdetalle_conf.NEXTVAL, 24, 8000047, 1, 80001, 2,
                   1814720, NULL, NULL, NULL, NULL, NULL, 11.5891330633549,
                   NULL, NULL, NULL, NULL, NULL, f_sysdate, f_user,
                   NULL, NULL, NULL, NULL, NULL, NULL, NULL,
                   NULL
                  );
   EXCEPTION
      WHEN DUP_VAL_ON_INDEX
      THEN
         NULL;
   END;

   BEGIN
      INSERT INTO sgt_subtabs_det
                  (sdetalle, cempres, csubtabla, cversubt, ccla1, ccla2,
                   ccla3, ccla4, ccla5, ccla6, ccla7, ccla8, nval1,
                   nval2, nval3, nval4, nval5, nval6, falta, cusualt,
                   fmodifi, cusumod, ccla9, ccla10, nval7, nval8, nval9,
                   nval10
                  )
           VALUES (sdetalle_conf.NEXTVAL, 24, 8000047, 1, 80002, 2,
                   1814720, NULL, NULL, NULL, NULL, NULL, 11.5891330633549,
                   NULL, NULL, NULL, NULL, NULL, f_sysdate, f_user,
                   NULL, NULL, NULL, NULL, NULL, NULL, NULL,
                   NULL
                  );
   EXCEPTION
      WHEN DUP_VAL_ON_INDEX
      THEN
         NULL;
   END;

   BEGIN
      INSERT INTO sgt_subtabs_det
                  (sdetalle, cempres, csubtabla, cversubt, ccla1, ccla2,
                   ccla3, ccla4, ccla5, ccla6, ccla7, ccla8, nval1,
                   nval2, nval3, nval4, nval5, nval6, falta, cusualt,
                   fmodifi, cusumod, ccla9, ccla10, nval7, nval8, nval9,
                   nval10
                  )
           VALUES (sdetalle_conf.NEXTVAL, 24, 8000047, 1, 80003, 2,
                   1814720, NULL, NULL, NULL, NULL, NULL, 11.5891330633549,
                   NULL, NULL, NULL, NULL, NULL, f_sysdate, f_user,
                   NULL, NULL, NULL, NULL, NULL, NULL, NULL,
                   NULL
                  );
   EXCEPTION
      WHEN DUP_VAL_ON_INDEX
      THEN
         NULL;
   END;

   BEGIN
      INSERT INTO sgt_subtabs_det
                  (sdetalle, cempres, csubtabla, cversubt, ccla1, ccla2,
                   ccla3, ccla4, ccla5, ccla6, ccla7, ccla8, nval1,
                   nval2, nval3, nval4, nval5, nval6, falta, cusualt,
                   fmodifi, cusumod, ccla9, ccla10, nval7, nval8, nval9,
                   nval10
                  )
           VALUES (sdetalle_conf.NEXTVAL, 24, 8000047, 1, 80001, 1,
                   1814720, NULL, NULL, NULL, NULL, NULL, 20.6305751411592,
                   NULL, NULL, NULL, NULL, NULL, f_sysdate, f_user,
                   NULL, NULL, NULL, NULL, NULL, NULL, NULL,
                   NULL
                  );
   EXCEPTION
      WHEN DUP_VAL_ON_INDEX
      THEN
         NULL;
   END;

   BEGIN
      INSERT INTO sgt_subtabs_det
                  (sdetalle, cempres, csubtabla, cversubt, ccla1, ccla2,
                   ccla3, ccla4, ccla5, ccla6, ccla7, ccla8, nval1,
                   nval2, nval3, nval4, nval5, nval6, falta, cusualt,
                   fmodifi, cusumod, ccla9, ccla10, nval7, nval8, nval9,
                   nval10
                  )
           VALUES (sdetalle_conf.NEXTVAL, 24, 8000047, 1, 80002, 1,
                   1814720, NULL, NULL, NULL, NULL, NULL, 20.6305751411592,
                   NULL, NULL, NULL, NULL, NULL, f_sysdate, f_user,
                   NULL, NULL, NULL, NULL, NULL, NULL, NULL,
                   NULL
                  );
   EXCEPTION
      WHEN DUP_VAL_ON_INDEX
      THEN
         NULL;
   END;

   BEGIN
      INSERT INTO sgt_subtabs_det
                  (sdetalle, cempres, csubtabla, cversubt, ccla1, ccla2,
                   ccla3, ccla4, ccla5, ccla6, ccla7, ccla8, nval1,
                   nval2, nval3, nval4, nval5, nval6, falta, cusualt,
                   fmodifi, cusumod, ccla9, ccla10, nval7, nval8, nval9,
                   nval10
                  )
           VALUES (sdetalle_conf.NEXTVAL, 24, 8000047, 1, 80003, 1,
                   1814720, NULL, NULL, NULL, NULL, NULL, 20.6305751411592,
                   NULL, NULL, NULL, NULL, NULL, f_sysdate, f_user,
                   NULL, NULL, NULL, NULL, NULL, NULL, NULL,
                   NULL
                  );
   EXCEPTION
      WHEN DUP_VAL_ON_INDEX
      THEN
         NULL;
   END;

   BEGIN
      INSERT INTO sgt_subtabs_det
                  (sdetalle, cempres, csubtabla, cversubt, ccla1, ccla2,
                   ccla3, ccla4, ccla5, ccla6, ccla7, ccla8, nval1,
                   nval2, nval3, nval4, nval5, nval6, falta, cusualt,
                   fmodifi, cusumod, ccla9, ccla10, nval7, nval8, nval9,
                   nval10
                  )
           VALUES (sdetalle_conf.NEXTVAL, 24, 8000047, 1, 80001, 3,
                   1814720, NULL, NULL, NULL, NULL, NULL, 7.88081900595077,
                   NULL, NULL, NULL, NULL, NULL, f_sysdate, f_user,
                   NULL, NULL, NULL, NULL, NULL, NULL, NULL,
                   NULL
                  );
   EXCEPTION
      WHEN DUP_VAL_ON_INDEX
      THEN
         NULL;
   END;

   BEGIN
      INSERT INTO sgt_subtabs_det
                  (sdetalle, cempres, csubtabla, cversubt, ccla1, ccla2,
                   ccla3, ccla4, ccla5, ccla6, ccla7, ccla8, nval1,
                   nval2, nval3, nval4, nval5, nval6, falta, cusualt,
                   fmodifi, cusumod, ccla9, ccla10, nval7, nval8, nval9,
                   nval10
                  )
           VALUES (sdetalle_conf.NEXTVAL, 24, 8000047, 1, 80002, 3,
                   1814720, NULL, NULL, NULL, NULL, NULL, 7.88081900595077,
                   NULL, NULL, NULL, NULL, NULL, f_sysdate, f_user,
                   NULL, NULL, NULL, NULL, NULL, NULL, NULL,
                   NULL
                  );
   EXCEPTION
      WHEN DUP_VAL_ON_INDEX
      THEN
         NULL;
   END;

   BEGIN
      INSERT INTO sgt_subtabs_det
                  (sdetalle, cempres, csubtabla, cversubt, ccla1, ccla2,
                   ccla3, ccla4, ccla5, ccla6, ccla7, ccla8, nval1,
                   nval2, nval3, nval4, nval5, nval6, falta, cusualt,
                   fmodifi, cusumod, ccla9, ccla10, nval7, nval8, nval9,
                   nval10
                  )
           VALUES (sdetalle_conf.NEXTVAL, 24, 8000047, 1, 80003, 3,
                   1814720, NULL, NULL, NULL, NULL, NULL, 7.88081900595077,
                   NULL, NULL, NULL, NULL, NULL, f_sysdate, f_user,
                   NULL, NULL, NULL, NULL, NULL, NULL, NULL,
                   NULL
                  );
   EXCEPTION
      WHEN DUP_VAL_ON_INDEX
      THEN
         NULL;
   END;

   BEGIN
      INSERT INTO sgt_subtabs_det
                  (sdetalle, cempres, csubtabla, cversubt, ccla1, ccla2,
                   ccla3, ccla4, ccla5, ccla6, ccla7, ccla8, nval1,
                   nval2, nval3, nval4, nval5, nval6, falta, cusualt,
                   fmodifi, cusumod, ccla9, ccla10, nval7, nval8, nval9,
                   nval10
                  )
           VALUES (sdetalle_conf.NEXTVAL, 24, 8000047, 1, 80001, 0,
                   1644720, NULL, NULL, NULL, NULL, NULL, 7.9614351328313,
                   NULL, NULL, NULL, NULL, NULL, f_sysdate, f_user,
                   NULL, NULL, NULL, NULL, NULL, NULL, NULL,
                   NULL
                  );
   EXCEPTION
      WHEN DUP_VAL_ON_INDEX
      THEN
         NULL;
   END;

   BEGIN
      INSERT INTO sgt_subtabs_det
                  (sdetalle, cempres, csubtabla, cversubt, ccla1, ccla2,
                   ccla3, ccla4, ccla5, ccla6, ccla7, ccla8, nval1,
                   nval2, nval3, nval4, nval5, nval6, falta, cusualt,
                   fmodifi, cusumod, ccla9, ccla10, nval7, nval8, nval9,
                   nval10
                  )
           VALUES (sdetalle_conf.NEXTVAL, 24, 8000047, 1, 80002, 0,
                   1644720, NULL, NULL, NULL, NULL, NULL, 7.9614351328313,
                   NULL, NULL, NULL, NULL, NULL, f_sysdate, f_user,
                   NULL, NULL, NULL, NULL, NULL, NULL, NULL,
                   NULL
                  );
   EXCEPTION
      WHEN DUP_VAL_ON_INDEX
      THEN
         NULL;
   END;

   BEGIN
      INSERT INTO sgt_subtabs_det
                  (sdetalle, cempres, csubtabla, cversubt, ccla1, ccla2,
                   ccla3, ccla4, ccla5, ccla6, ccla7, ccla8, nval1,
                   nval2, nval3, nval4, nval5, nval6, falta, cusualt,
                   fmodifi, cusumod, ccla9, ccla10, nval7, nval8, nval9,
                   nval10
                  )
           VALUES (sdetalle_conf.NEXTVAL, 24, 8000047, 1, 80003, 0,
                   1644720, NULL, NULL, NULL, NULL, NULL, 7.9614351328313,
                   NULL, NULL, NULL, NULL, NULL, f_sysdate, f_user,
                   NULL, NULL, NULL, NULL, NULL, NULL, NULL,
                   NULL
                  );
   EXCEPTION
      WHEN DUP_VAL_ON_INDEX
      THEN
         NULL;
   END;

   BEGIN
      INSERT INTO sgt_subtabs_det
                  (sdetalle, cempres, csubtabla, cversubt, ccla1, ccla2,
                   ccla3, ccla4, ccla5, ccla6, ccla7, ccla8, nval1,
                   nval2, nval3, nval4, nval5, nval6, falta, cusualt,
                   fmodifi, cusumod, ccla9, ccla10, nval7, nval8, nval9,
                   nval10
                  )
           VALUES (sdetalle_conf.NEXTVAL, 24, 8000047, 1, 80001, 3,
                   1644720, NULL, NULL, NULL, NULL, NULL, 23100.7738161645,
                   NULL, NULL, NULL, NULL, NULL, f_sysdate, f_user,
                   NULL, NULL, NULL, NULL, NULL, NULL, NULL,
                   NULL
                  );
   EXCEPTION
      WHEN DUP_VAL_ON_INDEX
      THEN
         NULL;
   END;

   BEGIN
      INSERT INTO sgt_subtabs_det
                  (sdetalle, cempres, csubtabla, cversubt, ccla1, ccla2,
                   ccla3, ccla4, ccla5, ccla6, ccla7, ccla8, nval1,
                   nval2, nval3, nval4, nval5, nval6, falta, cusualt,
                   fmodifi, cusumod, ccla9, ccla10, nval7, nval8, nval9,
                   nval10
                  )
           VALUES (sdetalle_conf.NEXTVAL, 24, 8000047, 1, 80002, 3,
                   1644720, NULL, NULL, NULL, NULL, NULL, 23100.7738161645,
                   NULL, NULL, NULL, NULL, NULL, f_sysdate, f_user,
                   NULL, NULL, NULL, NULL, NULL, NULL, NULL,
                   NULL
                  );
   EXCEPTION
      WHEN DUP_VAL_ON_INDEX
      THEN
         NULL;
   END;

   BEGIN
      INSERT INTO sgt_subtabs_det
                  (sdetalle, cempres, csubtabla, cversubt, ccla1, ccla2,
                   ccla3, ccla4, ccla5, ccla6, ccla7, ccla8, nval1,
                   nval2, nval3, nval4, nval5, nval6, falta, cusualt,
                   fmodifi, cusumod, ccla9, ccla10, nval7, nval8, nval9,
                   nval10
                  )
           VALUES (sdetalle_conf.NEXTVAL, 24, 8000047, 1, 80003, 3,
                   1644720, NULL, NULL, NULL, NULL, NULL, 23100.7738161645,
                   NULL, NULL, NULL, NULL, NULL, f_sysdate, f_user,
                   NULL, NULL, NULL, NULL, NULL, NULL, NULL,
                   NULL
                  );
   EXCEPTION
      WHEN DUP_VAL_ON_INDEX
      THEN
         NULL;
   END;

   BEGIN
      INSERT INTO sgt_subtabs_det
                  (sdetalle, cempres, csubtabla, cversubt, ccla1, ccla2,
                   ccla3, ccla4, ccla5, ccla6, ccla7, ccla8, nval1,
                   nval2, nval3, nval4, nval5, nval6, falta, cusualt,
                   fmodifi, cusumod, ccla9, ccla10, nval7, nval8, nval9,
                   nval10
                  )
           VALUES (sdetalle_conf.NEXTVAL, 24, 8000047, 1, 80001, 1,
                   1644720, NULL, NULL, NULL, NULL, NULL, 51.3121478733385,
                   NULL, NULL, NULL, NULL, NULL, f_sysdate, f_user,
                   NULL, NULL, NULL, NULL, NULL, NULL, NULL,
                   NULL
                  );
   EXCEPTION
      WHEN DUP_VAL_ON_INDEX
      THEN
         NULL;
   END;

   BEGIN
      INSERT INTO sgt_subtabs_det
                  (sdetalle, cempres, csubtabla, cversubt, ccla1, ccla2,
                   ccla3, ccla4, ccla5, ccla6, ccla7, ccla8, nval1,
                   nval2, nval3, nval4, nval5, nval6, falta, cusualt,
                   fmodifi, cusumod, ccla9, ccla10, nval7, nval8, nval9,
                   nval10
                  )
           VALUES (sdetalle_conf.NEXTVAL, 24, 8000047, 1, 80002, 1,
                   1644720, NULL, NULL, NULL, NULL, NULL, 51.3121478733385,
                   NULL, NULL, NULL, NULL, NULL, f_sysdate, f_user,
                   NULL, NULL, NULL, NULL, NULL, NULL, NULL,
                   NULL
                  );
   EXCEPTION
      WHEN DUP_VAL_ON_INDEX
      THEN
         NULL;
   END;

   BEGIN
      INSERT INTO sgt_subtabs_det
                  (sdetalle, cempres, csubtabla, cversubt, ccla1, ccla2,
                   ccla3, ccla4, ccla5, ccla6, ccla7, ccla8, nval1,
                   nval2, nval3, nval4, nval5, nval6, falta, cusualt,
                   fmodifi, cusumod, ccla9, ccla10, nval7, nval8, nval9,
                   nval10
                  )
           VALUES (sdetalle_conf.NEXTVAL, 24, 8000047, 1, 80003, 1,
                   1644720, NULL, NULL, NULL, NULL, NULL, 51.3121478733385,
                   NULL, NULL, NULL, NULL, NULL, f_sysdate, f_user,
                   NULL, NULL, NULL, NULL, NULL, NULL, NULL,
                   NULL
                  );
   EXCEPTION
      WHEN DUP_VAL_ON_INDEX
      THEN
         NULL;
   END;

   BEGIN
      INSERT INTO sgt_subtabs_det
                  (sdetalle, cempres, csubtabla, cversubt, ccla1, ccla2,
                   ccla3, ccla4, ccla5, ccla6, ccla7, ccla8, nval1,
                   nval2, nval3, nval4, nval5, nval6, falta, cusualt,
                   fmodifi, cusumod, ccla9, ccla10, nval7, nval8, nval9,
                   nval10
                  )
           VALUES (sdetalle_conf.NEXTVAL, 24, 8000047, 1, 80001, 1,
                   1644720, NULL, NULL, NULL, NULL, NULL, 51.3121478733385,
                   NULL, NULL, NULL, NULL, NULL, f_sysdate, f_user,
                   NULL, NULL, NULL, NULL, NULL, NULL, NULL,
                   NULL
                  );
   EXCEPTION
      WHEN DUP_VAL_ON_INDEX
      THEN
         NULL;
   END;

   BEGIN
      INSERT INTO sgt_subtabs_det
                  (sdetalle, cempres, csubtabla, cversubt, ccla1, ccla2,
                   ccla3, ccla4, ccla5, ccla6, ccla7, ccla8, nval1,
                   nval2, nval3, nval4, nval5, nval6, falta, cusualt,
                   fmodifi, cusumod, ccla9, ccla10, nval7, nval8, nval9,
                   nval10
                  )
           VALUES (sdetalle_conf.NEXTVAL, 24, 8000047, 1, 80002, 1,
                   1644720, NULL, NULL, NULL, NULL, NULL, 51.3121478733385,
                   NULL, NULL, NULL, NULL, NULL, f_sysdate, f_user,
                   NULL, NULL, NULL, NULL, NULL, NULL, NULL,
                   NULL
                  );
   EXCEPTION
      WHEN DUP_VAL_ON_INDEX
      THEN
         NULL;
   END;

   BEGIN
      INSERT INTO sgt_subtabs_det
                  (sdetalle, cempres, csubtabla, cversubt, ccla1, ccla2,
                   ccla3, ccla4, ccla5, ccla6, ccla7, ccla8, nval1,
                   nval2, nval3, nval4, nval5, nval6, falta, cusualt,
                   fmodifi, cusumod, ccla9, ccla10, nval7, nval8, nval9,
                   nval10
                  )
           VALUES (sdetalle_conf.NEXTVAL, 24, 8000047, 1, 80003, 1,
                   1644720, NULL, NULL, NULL, NULL, NULL, 51.3121478733385,
                   NULL, NULL, NULL, NULL, NULL, f_sysdate, f_user,
                   NULL, NULL, NULL, NULL, NULL, NULL, NULL,
                   NULL
                  );
   EXCEPTION
      WHEN DUP_VAL_ON_INDEX
      THEN
         NULL;
   END;

   BEGIN
      INSERT INTO sgt_subtabs_det
                  (sdetalle, cempres, csubtabla, cversubt, ccla1, ccla2,
                   ccla3, ccla4, ccla5, ccla6, ccla7, ccla8, nval1,
                   nval2, nval3, nval4, nval5, nval6, falta, cusualt,
                   fmodifi, cusumod, ccla9, ccla10, nval7, nval8, nval9,
                   nval10
                  )
           VALUES (sdetalle_conf.NEXTVAL, 24, 8000047, 1, 80001, 2,
                   1644720, NULL, NULL, NULL, NULL, NULL, 7.9614351328313,
                   NULL, NULL, NULL, NULL, NULL, f_sysdate, f_user,
                   NULL, NULL, NULL, NULL, NULL, NULL, NULL,
                   NULL
                  );
   EXCEPTION
      WHEN DUP_VAL_ON_INDEX
      THEN
         NULL;
   END;

   BEGIN
      INSERT INTO sgt_subtabs_det
                  (sdetalle, cempres, csubtabla, cversubt, ccla1, ccla2,
                   ccla3, ccla4, ccla5, ccla6, ccla7, ccla8, nval1,
                   nval2, nval3, nval4, nval5, nval6, falta, cusualt,
                   fmodifi, cusumod, ccla9, ccla10, nval7, nval8, nval9,
                   nval10
                  )
           VALUES (sdetalle_conf.NEXTVAL, 24, 8000047, 1, 80002, 2,
                   1644720, NULL, NULL, NULL, NULL, NULL, 7.9614351328313,
                   NULL, NULL, NULL, NULL, NULL, f_sysdate, f_user,
                   NULL, NULL, NULL, NULL, NULL, NULL, NULL,
                   NULL
                  );
   EXCEPTION
      WHEN DUP_VAL_ON_INDEX
      THEN
         NULL;
   END;

   BEGIN
      INSERT INTO sgt_subtabs_det
                  (sdetalle, cempres, csubtabla, cversubt, ccla1, ccla2,
                   ccla3, ccla4, ccla5, ccla6, ccla7, ccla8, nval1,
                   nval2, nval3, nval4, nval5, nval6, falta, cusualt,
                   fmodifi, cusumod, ccla9, ccla10, nval7, nval8, nval9,
                   nval10
                  )
           VALUES (sdetalle_conf.NEXTVAL, 24, 8000047, 1, 80003, 2,
                   1644720, NULL, NULL, NULL, NULL, NULL, 7.9614351328313,
                   NULL, NULL, NULL, NULL, NULL, f_sysdate, f_user,
                   NULL, NULL, NULL, NULL, NULL, NULL, NULL,
                   NULL
                  );
   EXCEPTION
      WHEN DUP_VAL_ON_INDEX
      THEN
         NULL;
   END;

   BEGIN
      INSERT INTO sgt_subtabs_det
                  (sdetalle, cempres, csubtabla, cversubt, ccla1, ccla2,
                   ccla3, ccla4, ccla5, ccla6, ccla7, ccla8, nval1,
                   nval2, nval3, nval4, nval5, nval6, falta, cusualt,
                   fmodifi, cusumod, ccla9, ccla10, nval7, nval8, nval9,
                   nval10
                  )
           VALUES (sdetalle_conf.NEXTVAL, 24, 8000047, 1, 80001, 0,
                   1644720, NULL, NULL, NULL, NULL, NULL, 7.9614351328313,
                   NULL, NULL, NULL, NULL, NULL, f_sysdate, f_user,
                   NULL, NULL, NULL, NULL, NULL, NULL, NULL,
                   NULL
                  );
   EXCEPTION
      WHEN DUP_VAL_ON_INDEX
      THEN
         NULL;
   END;

   BEGIN
      INSERT INTO sgt_subtabs_det
                  (sdetalle, cempres, csubtabla, cversubt, ccla1, ccla2,
                   ccla3, ccla4, ccla5, ccla6, ccla7, ccla8, nval1,
                   nval2, nval3, nval4, nval5, nval6, falta, cusualt,
                   fmodifi, cusumod, ccla9, ccla10, nval7, nval8, nval9,
                   nval10
                  )
           VALUES (sdetalle_conf.NEXTVAL, 24, 8000047, 1, 80002, 0,
                   1644720, NULL, NULL, NULL, NULL, NULL, 7.9614351328313,
                   NULL, NULL, NULL, NULL, NULL, f_sysdate, f_user,
                   NULL, NULL, NULL, NULL, NULL, NULL, NULL,
                   NULL
                  );
   EXCEPTION
      WHEN DUP_VAL_ON_INDEX
      THEN
         NULL;
   END;

   BEGIN
      INSERT INTO sgt_subtabs_det
                  (sdetalle, cempres, csubtabla, cversubt, ccla1, ccla2,
                   ccla3, ccla4, ccla5, ccla6, ccla7, ccla8, nval1,
                   nval2, nval3, nval4, nval5, nval6, falta, cusualt,
                   fmodifi, cusumod, ccla9, ccla10, nval7, nval8, nval9,
                   nval10
                  )
           VALUES (sdetalle_conf.NEXTVAL, 24, 8000047, 1, 80003, 0,
                   1644720, NULL, NULL, NULL, NULL, NULL, 7.9614351328313,
                   NULL, NULL, NULL, NULL, NULL, f_sysdate, f_user,
                   NULL, NULL, NULL, NULL, NULL, NULL, NULL,
                   NULL
                  );
   EXCEPTION
      WHEN DUP_VAL_ON_INDEX
      THEN
         NULL;
   END;

   BEGIN
      INSERT INTO sgt_subtabs_det
                  (sdetalle, cempres, csubtabla, cversubt, ccla1, ccla2,
                   ccla3, ccla4, ccla5, ccla6, ccla7, ccla8, nval1,
                   nval2, nval3, nval4, nval5, nval6, falta, cusualt,
                   fmodifi, cusumod, ccla9, ccla10, nval7, nval8, nval9,
                   nval10
                  )
           VALUES (sdetalle_conf.NEXTVAL, 24, 8000047, 1, 80001, 3,
                   1644720, NULL, NULL, NULL, NULL, NULL, 23100.7738161645,
                   NULL, NULL, NULL, NULL, NULL, f_sysdate, f_user,
                   NULL, NULL, NULL, NULL, NULL, NULL, NULL,
                   NULL
                  );
   EXCEPTION
      WHEN DUP_VAL_ON_INDEX
      THEN
         NULL;
   END;

   BEGIN
      INSERT INTO sgt_subtabs_det
                  (sdetalle, cempres, csubtabla, cversubt, ccla1, ccla2,
                   ccla3, ccla4, ccla5, ccla6, ccla7, ccla8, nval1,
                   nval2, nval3, nval4, nval5, nval6, falta, cusualt,
                   fmodifi, cusumod, ccla9, ccla10, nval7, nval8, nval9,
                   nval10
                  )
           VALUES (sdetalle_conf.NEXTVAL, 24, 8000047, 1, 80002, 3,
                   1644720, NULL, NULL, NULL, NULL, NULL, 23100.7738161645,
                   NULL, NULL, NULL, NULL, NULL, f_sysdate, f_user,
                   NULL, NULL, NULL, NULL, NULL, NULL, NULL,
                   NULL
                  );
   EXCEPTION
      WHEN DUP_VAL_ON_INDEX
      THEN
         NULL;
   END;

   BEGIN
      INSERT INTO sgt_subtabs_det
                  (sdetalle, cempres, csubtabla, cversubt, ccla1, ccla2,
                   ccla3, ccla4, ccla5, ccla6, ccla7, ccla8, nval1,
                   nval2, nval3, nval4, nval5, nval6, falta, cusualt,
                   fmodifi, cusumod, ccla9, ccla10, nval7, nval8, nval9,
                   nval10
                  )
           VALUES (sdetalle_conf.NEXTVAL, 24, 8000047, 1, 80003, 3,
                   1644720, NULL, NULL, NULL, NULL, NULL, 23100.7738161645,
                   NULL, NULL, NULL, NULL, NULL, f_sysdate, f_user,
                   NULL, NULL, NULL, NULL, NULL, NULL, NULL,
                   NULL
                  );
   EXCEPTION
      WHEN DUP_VAL_ON_INDEX
      THEN
         NULL;
   END;

   BEGIN
      INSERT INTO sgt_subtabs_det
                  (sdetalle, cempres, csubtabla, cversubt, ccla1, ccla2,
                   ccla3, ccla4, ccla5, ccla6, ccla7, ccla8, nval1,
                   nval2, nval3, nval4, nval5, nval6, falta, cusualt,
                   fmodifi, cusumod, ccla9, ccla10, nval7, nval8, nval9,
                   nval10
                  )
           VALUES (sdetalle_conf.NEXTVAL, 24, 8000047, 1, 80001, 1,
                   1644720, NULL, NULL, NULL, NULL, NULL, 51.3121478733385,
                   NULL, NULL, NULL, NULL, NULL, f_sysdate, f_user,
                   NULL, NULL, NULL, NULL, NULL, NULL, NULL,
                   NULL
                  );
   EXCEPTION
      WHEN DUP_VAL_ON_INDEX
      THEN
         NULL;
   END;

   BEGIN
      INSERT INTO sgt_subtabs_det
                  (sdetalle, cempres, csubtabla, cversubt, ccla1, ccla2,
                   ccla3, ccla4, ccla5, ccla6, ccla7, ccla8, nval1,
                   nval2, nval3, nval4, nval5, nval6, falta, cusualt,
                   fmodifi, cusumod, ccla9, ccla10, nval7, nval8, nval9,
                   nval10
                  )
           VALUES (sdetalle_conf.NEXTVAL, 24, 8000047, 1, 80002, 1,
                   1644720, NULL, NULL, NULL, NULL, NULL, 51.3121478733385,
                   NULL, NULL, NULL, NULL, NULL, f_sysdate, f_user,
                   NULL, NULL, NULL, NULL, NULL, NULL, NULL,
                   NULL
                  );
   EXCEPTION
      WHEN DUP_VAL_ON_INDEX
      THEN
         NULL;
   END;

   BEGIN
      INSERT INTO sgt_subtabs_det
                  (sdetalle, cempres, csubtabla, cversubt, ccla1, ccla2,
                   ccla3, ccla4, ccla5, ccla6, ccla7, ccla8, nval1,
                   nval2, nval3, nval4, nval5, nval6, falta, cusualt,
                   fmodifi, cusumod, ccla9, ccla10, nval7, nval8, nval9,
                   nval10
                  )
           VALUES (sdetalle_conf.NEXTVAL, 24, 8000047, 1, 80003, 1,
                   1644720, NULL, NULL, NULL, NULL, NULL, 51.3121478733385,
                   NULL, NULL, NULL, NULL, NULL, f_sysdate, f_user,
                   NULL, NULL, NULL, NULL, NULL, NULL, NULL,
                   NULL
                  );
   EXCEPTION
      WHEN DUP_VAL_ON_INDEX
      THEN
         NULL;
   END;

   BEGIN
      INSERT INTO sgt_subtabs_det
                  (sdetalle, cempres, csubtabla, cversubt, ccla1, ccla2,
                   ccla3, ccla4, ccla5, ccla6, ccla7, ccla8, nval1,
                   nval2, nval3, nval4, nval5, nval6, falta, cusualt,
                   fmodifi, cusumod, ccla9, ccla10, nval7, nval8, nval9,
                   nval10
                  )
           VALUES (sdetalle_conf.NEXTVAL, 24, 8000047, 1, 80001, 1,
                   1644720, NULL, NULL, NULL, NULL, NULL, 51.3121478733385,
                   NULL, NULL, NULL, NULL, NULL, f_sysdate, f_user,
                   NULL, NULL, NULL, NULL, NULL, NULL, NULL,
                   NULL
                  );
   EXCEPTION
      WHEN DUP_VAL_ON_INDEX
      THEN
         NULL;
   END;

   BEGIN
      INSERT INTO sgt_subtabs_det
                  (sdetalle, cempres, csubtabla, cversubt, ccla1, ccla2,
                   ccla3, ccla4, ccla5, ccla6, ccla7, ccla8, nval1,
                   nval2, nval3, nval4, nval5, nval6, falta, cusualt,
                   fmodifi, cusumod, ccla9, ccla10, nval7, nval8, nval9,
                   nval10
                  )
           VALUES (sdetalle_conf.NEXTVAL, 24, 8000047, 1, 80002, 1,
                   1644720, NULL, NULL, NULL, NULL, NULL, 51.3121478733385,
                   NULL, NULL, NULL, NULL, NULL, f_sysdate, f_user,
                   NULL, NULL, NULL, NULL, NULL, NULL, NULL,
                   NULL
                  );
   EXCEPTION
      WHEN DUP_VAL_ON_INDEX
      THEN
         NULL;
   END;

   BEGIN
      INSERT INTO sgt_subtabs_det
                  (sdetalle, cempres, csubtabla, cversubt, ccla1, ccla2,
                   ccla3, ccla4, ccla5, ccla6, ccla7, ccla8, nval1,
                   nval2, nval3, nval4, nval5, nval6, falta, cusualt,
                   fmodifi, cusumod, ccla9, ccla10, nval7, nval8, nval9,
                   nval10
                  )
           VALUES (sdetalle_conf.NEXTVAL, 24, 8000047, 1, 80003, 1,
                   1644720, NULL, NULL, NULL, NULL, NULL, 51.3121478733385,
                   NULL, NULL, NULL, NULL, NULL, f_sysdate, f_user,
                   NULL, NULL, NULL, NULL, NULL, NULL, NULL,
                   NULL
                  );
   EXCEPTION
      WHEN DUP_VAL_ON_INDEX
      THEN
         NULL;
   END;

   BEGIN
      INSERT INTO sgt_subtabs_det
                  (sdetalle, cempres, csubtabla, cversubt, ccla1, ccla2,
                   ccla3, ccla4, ccla5, ccla6, ccla7, ccla8, nval1,
                   nval2, nval3, nval4, nval5, nval6, falta, cusualt,
                   fmodifi, cusumod, ccla9, ccla10, nval7, nval8, nval9,
                   nval10
                  )
           VALUES (sdetalle_conf.NEXTVAL, 24, 8000047, 1, 80001, 2,
                   1644720, NULL, NULL, NULL, NULL, NULL, 7.9614351328313,
                   NULL, NULL, NULL, NULL, NULL, f_sysdate, f_user,
                   NULL, NULL, NULL, NULL, NULL, NULL, NULL,
                   NULL
                  );
   EXCEPTION
      WHEN DUP_VAL_ON_INDEX
      THEN
         NULL;
   END;

   BEGIN
      INSERT INTO sgt_subtabs_det
                  (sdetalle, cempres, csubtabla, cversubt, ccla1, ccla2,
                   ccla3, ccla4, ccla5, ccla6, ccla7, ccla8, nval1,
                   nval2, nval3, nval4, nval5, nval6, falta, cusualt,
                   fmodifi, cusumod, ccla9, ccla10, nval7, nval8, nval9,
                   nval10
                  )
           VALUES (sdetalle_conf.NEXTVAL, 24, 8000047, 1, 80002, 2,
                   1644720, NULL, NULL, NULL, NULL, NULL, 7.9614351328313,
                   NULL, NULL, NULL, NULL, NULL, f_sysdate, f_user,
                   NULL, NULL, NULL, NULL, NULL, NULL, NULL,
                   NULL
                  );
   EXCEPTION
      WHEN DUP_VAL_ON_INDEX
      THEN
         NULL;
   END;

   BEGIN
      INSERT INTO sgt_subtabs_det
                  (sdetalle, cempres, csubtabla, cversubt, ccla1, ccla2,
                   ccla3, ccla4, ccla5, ccla6, ccla7, ccla8, nval1,
                   nval2, nval3, nval4, nval5, nval6, falta, cusualt,
                   fmodifi, cusumod, ccla9, ccla10, nval7, nval8, nval9,
                   nval10
                  )
           VALUES (sdetalle_conf.NEXTVAL, 24, 8000047, 1, 80003, 2,
                   1644720, NULL, NULL, NULL, NULL, NULL, 7.9614351328313,
                   NULL, NULL, NULL, NULL, NULL, f_sysdate, f_user,
                   NULL, NULL, NULL, NULL, NULL, NULL, NULL,
                   NULL
                  );
   EXCEPTION
      WHEN DUP_VAL_ON_INDEX
      THEN
         NULL;
   END;

   BEGIN
      INSERT INTO sgt_subtabs_det
                  (sdetalle, cempres, csubtabla, cversubt, ccla1, ccla2,
                   ccla3, ccla4, ccla5, ccla6, ccla7, ccla8, nval1,
                   nval2, nval3, nval4, nval5, nval6, falta, cusualt,
                   fmodifi, cusumod, ccla9, ccla10, nval7, nval8, nval9,
                   nval10
                  )
           VALUES (sdetalle_conf.NEXTVAL, 24, 8000047, 1, 80001, 0,
                   1644720, NULL, NULL, NULL, NULL, NULL, 7.9614351328313,
                   NULL, NULL, NULL, NULL, NULL, f_sysdate, f_user,
                   NULL, NULL, NULL, NULL, NULL, NULL, NULL,
                   NULL
                  );
   EXCEPTION
      WHEN DUP_VAL_ON_INDEX
      THEN
         NULL;
   END;

   BEGIN
      INSERT INTO sgt_subtabs_det
                  (sdetalle, cempres, csubtabla, cversubt, ccla1, ccla2,
                   ccla3, ccla4, ccla5, ccla6, ccla7, ccla8, nval1,
                   nval2, nval3, nval4, nval5, nval6, falta, cusualt,
                   fmodifi, cusumod, ccla9, ccla10, nval7, nval8, nval9,
                   nval10
                  )
           VALUES (sdetalle_conf.NEXTVAL, 24, 8000047, 1, 80002, 0,
                   1644720, NULL, NULL, NULL, NULL, NULL, 7.9614351328313,
                   NULL, NULL, NULL, NULL, NULL, f_sysdate, f_user,
                   NULL, NULL, NULL, NULL, NULL, NULL, NULL,
                   NULL
                  );
   EXCEPTION
      WHEN DUP_VAL_ON_INDEX
      THEN
         NULL;
   END;

   BEGIN
      INSERT INTO sgt_subtabs_det
                  (sdetalle, cempres, csubtabla, cversubt, ccla1, ccla2,
                   ccla3, ccla4, ccla5, ccla6, ccla7, ccla8, nval1,
                   nval2, nval3, nval4, nval5, nval6, falta, cusualt,
                   fmodifi, cusumod, ccla9, ccla10, nval7, nval8, nval9,
                   nval10
                  )
           VALUES (sdetalle_conf.NEXTVAL, 24, 8000047, 1, 80003, 0,
                   1644720, NULL, NULL, NULL, NULL, NULL, 7.9614351328313,
                   NULL, NULL, NULL, NULL, NULL, f_sysdate, f_user,
                   NULL, NULL, NULL, NULL, NULL, NULL, NULL,
                   NULL
                  );
   EXCEPTION
      WHEN DUP_VAL_ON_INDEX
      THEN
         NULL;
   END;

   BEGIN
      INSERT INTO sgt_subtabs_det
                  (sdetalle, cempres, csubtabla, cversubt, ccla1, ccla2,
                   ccla3, ccla4, ccla5, ccla6, ccla7, ccla8, nval1,
                   nval2, nval3, nval4, nval5, nval6, falta, cusualt,
                   fmodifi, cusumod, ccla9, ccla10, nval7, nval8, nval9,
                   nval10
                  )
           VALUES (sdetalle_conf.NEXTVAL, 24, 8000047, 1, 80001, 1,
                   1644720, NULL, NULL, NULL, NULL, NULL, 51.3121478733385,
                   NULL, NULL, NULL, NULL, NULL, f_sysdate, f_user,
                   NULL, NULL, NULL, NULL, NULL, NULL, NULL,
                   NULL
                  );
   EXCEPTION
      WHEN DUP_VAL_ON_INDEX
      THEN
         NULL;
   END;

   BEGIN
      INSERT INTO sgt_subtabs_det
                  (sdetalle, cempres, csubtabla, cversubt, ccla1, ccla2,
                   ccla3, ccla4, ccla5, ccla6, ccla7, ccla8, nval1,
                   nval2, nval3, nval4, nval5, nval6, falta, cusualt,
                   fmodifi, cusumod, ccla9, ccla10, nval7, nval8, nval9,
                   nval10
                  )
           VALUES (sdetalle_conf.NEXTVAL, 24, 8000047, 1, 80002, 1,
                   1644720, NULL, NULL, NULL, NULL, NULL, 51.3121478733385,
                   NULL, NULL, NULL, NULL, NULL, f_sysdate, f_user,
                   NULL, NULL, NULL, NULL, NULL, NULL, NULL,
                   NULL
                  );
   EXCEPTION
      WHEN DUP_VAL_ON_INDEX
      THEN
         NULL;
   END;

   BEGIN
      INSERT INTO sgt_subtabs_det
                  (sdetalle, cempres, csubtabla, cversubt, ccla1, ccla2,
                   ccla3, ccla4, ccla5, ccla6, ccla7, ccla8, nval1,
                   nval2, nval3, nval4, nval5, nval6, falta, cusualt,
                   fmodifi, cusumod, ccla9, ccla10, nval7, nval8, nval9,
                   nval10
                  )
           VALUES (sdetalle_conf.NEXTVAL, 24, 8000047, 1, 80003, 1,
                   1644720, NULL, NULL, NULL, NULL, NULL, 51.3121478733385,
                   NULL, NULL, NULL, NULL, NULL, f_sysdate, f_user,
                   NULL, NULL, NULL, NULL, NULL, NULL, NULL,
                   NULL
                  );
   EXCEPTION
      WHEN DUP_VAL_ON_INDEX
      THEN
         NULL;
   END;

   BEGIN
      INSERT INTO sgt_subtabs_det
                  (sdetalle, cempres, csubtabla, cversubt, ccla1, ccla2,
                   ccla3, ccla4, ccla5, ccla6, ccla7, ccla8, nval1,
                   nval2, nval3, nval4, nval5, nval6, falta, cusualt,
                   fmodifi, cusumod, ccla9, ccla10, nval7, nval8, nval9,
                   nval10
                  )
           VALUES (sdetalle_conf.NEXTVAL, 24, 8000047, 1, 80001, 0,
                   1644720, NULL, NULL, NULL, NULL, NULL, 7.9614351328313,
                   NULL, NULL, NULL, NULL, NULL, f_sysdate, f_user,
                   NULL, NULL, NULL, NULL, NULL, NULL, NULL,
                   NULL
                  );
   EXCEPTION
      WHEN DUP_VAL_ON_INDEX
      THEN
         NULL;
   END;

   BEGIN
      INSERT INTO sgt_subtabs_det
                  (sdetalle, cempres, csubtabla, cversubt, ccla1, ccla2,
                   ccla3, ccla4, ccla5, ccla6, ccla7, ccla8, nval1,
                   nval2, nval3, nval4, nval5, nval6, falta, cusualt,
                   fmodifi, cusumod, ccla9, ccla10, nval7, nval8, nval9,
                   nval10
                  )
           VALUES (sdetalle_conf.NEXTVAL, 24, 8000047, 1, 80002, 0,
                   1644720, NULL, NULL, NULL, NULL, NULL, 7.9614351328313,
                   NULL, NULL, NULL, NULL, NULL, f_sysdate, f_user,
                   NULL, NULL, NULL, NULL, NULL, NULL, NULL,
                   NULL
                  );
   EXCEPTION
      WHEN DUP_VAL_ON_INDEX
      THEN
         NULL;
   END;

   BEGIN
      INSERT INTO sgt_subtabs_det
                  (sdetalle, cempres, csubtabla, cversubt, ccla1, ccla2,
                   ccla3, ccla4, ccla5, ccla6, ccla7, ccla8, nval1,
                   nval2, nval3, nval4, nval5, nval6, falta, cusualt,
                   fmodifi, cusumod, ccla9, ccla10, nval7, nval8, nval9,
                   nval10
                  )
           VALUES (sdetalle_conf.NEXTVAL, 24, 8000047, 1, 80003, 0,
                   1644720, NULL, NULL, NULL, NULL, NULL, 7.9614351328313,
                   NULL, NULL, NULL, NULL, NULL, f_sysdate, f_user,
                   NULL, NULL, NULL, NULL, NULL, NULL, NULL,
                   NULL
                  );
   EXCEPTION
      WHEN DUP_VAL_ON_INDEX
      THEN
         NULL;
   END;

   BEGIN
      INSERT INTO sgt_subtabs_det
                  (sdetalle, cempres, csubtabla, cversubt, ccla1, ccla2,
                   ccla3, ccla4, ccla5, ccla6, ccla7, ccla8, nval1,
                   nval2, nval3, nval4, nval5, nval6, falta, cusualt,
                   fmodifi, cusumod, ccla9, ccla10, nval7, nval8, nval9,
                   nval10
                  )
           VALUES (sdetalle_conf.NEXTVAL, 24, 8000047, 1, 80001, 3,
                   1644720, NULL, NULL, NULL, NULL, NULL, 23100.7738161645,
                   NULL, NULL, NULL, NULL, NULL, f_sysdate, f_user,
                   NULL, NULL, NULL, NULL, NULL, NULL, NULL,
                   NULL
                  );
   EXCEPTION
      WHEN DUP_VAL_ON_INDEX
      THEN
         NULL;
   END;

   BEGIN
      INSERT INTO sgt_subtabs_det
                  (sdetalle, cempres, csubtabla, cversubt, ccla1, ccla2,
                   ccla3, ccla4, ccla5, ccla6, ccla7, ccla8, nval1,
                   nval2, nval3, nval4, nval5, nval6, falta, cusualt,
                   fmodifi, cusumod, ccla9, ccla10, nval7, nval8, nval9,
                   nval10
                  )
           VALUES (sdetalle_conf.NEXTVAL, 24, 8000047, 1, 80002, 3,
                   1644720, NULL, NULL, NULL, NULL, NULL, 23100.7738161645,
                   NULL, NULL, NULL, NULL, NULL, f_sysdate, f_user,
                   NULL, NULL, NULL, NULL, NULL, NULL, NULL,
                   NULL
                  );
   EXCEPTION
      WHEN DUP_VAL_ON_INDEX
      THEN
         NULL;
   END;

   BEGIN
      INSERT INTO sgt_subtabs_det
                  (sdetalle, cempres, csubtabla, cversubt, ccla1, ccla2,
                   ccla3, ccla4, ccla5, ccla6, ccla7, ccla8, nval1,
                   nval2, nval3, nval4, nval5, nval6, falta, cusualt,
                   fmodifi, cusumod, ccla9, ccla10, nval7, nval8, nval9,
                   nval10
                  )
           VALUES (sdetalle_conf.NEXTVAL, 24, 8000047, 1, 80003, 3,
                   1644720, NULL, NULL, NULL, NULL, NULL, 23100.7738161645,
                   NULL, NULL, NULL, NULL, NULL, f_sysdate, f_user,
                   NULL, NULL, NULL, NULL, NULL, NULL, NULL,
                   NULL
                  );
   EXCEPTION
      WHEN DUP_VAL_ON_INDEX
      THEN
         NULL;
   END;

   BEGIN
      INSERT INTO sgt_subtabs_det
                  (sdetalle, cempres, csubtabla, cversubt, ccla1, ccla2,
                   ccla3, ccla4, ccla5, ccla6, ccla7, ccla8, nval1,
                   nval2, nval3, nval4, nval5, nval6, falta, cusualt,
                   fmodifi, cusumod, ccla9, ccla10, nval7, nval8, nval9,
                   nval10
                  )
           VALUES (sdetalle_conf.NEXTVAL, 24, 8000047, 1, 80001, 1,
                   1644720, NULL, NULL, NULL, NULL, NULL, 51.3121478733385,
                   NULL, NULL, NULL, NULL, NULL, f_sysdate, f_user,
                   NULL, NULL, NULL, NULL, NULL, NULL, NULL,
                   NULL
                  );
   EXCEPTION
      WHEN DUP_VAL_ON_INDEX
      THEN
         NULL;
   END;

   BEGIN
      INSERT INTO sgt_subtabs_det
                  (sdetalle, cempres, csubtabla, cversubt, ccla1, ccla2,
                   ccla3, ccla4, ccla5, ccla6, ccla7, ccla8, nval1,
                   nval2, nval3, nval4, nval5, nval6, falta, cusualt,
                   fmodifi, cusumod, ccla9, ccla10, nval7, nval8, nval9,
                   nval10
                  )
           VALUES (sdetalle_conf.NEXTVAL, 24, 8000047, 1, 80002, 1,
                   1644720, NULL, NULL, NULL, NULL, NULL, 51.3121478733385,
                   NULL, NULL, NULL, NULL, NULL, f_sysdate, f_user,
                   NULL, NULL, NULL, NULL, NULL, NULL, NULL,
                   NULL
                  );
   EXCEPTION
      WHEN DUP_VAL_ON_INDEX
      THEN
         NULL;
   END;

   BEGIN
      INSERT INTO sgt_subtabs_det
                  (sdetalle, cempres, csubtabla, cversubt, ccla1, ccla2,
                   ccla3, ccla4, ccla5, ccla6, ccla7, ccla8, nval1,
                   nval2, nval3, nval4, nval5, nval6, falta, cusualt,
                   fmodifi, cusumod, ccla9, ccla10, nval7, nval8, nval9,
                   nval10
                  )
           VALUES (sdetalle_conf.NEXTVAL, 24, 8000047, 1, 80003, 1,
                   1644720, NULL, NULL, NULL, NULL, NULL, 51.3121478733385,
                   NULL, NULL, NULL, NULL, NULL, f_sysdate, f_user,
                   NULL, NULL, NULL, NULL, NULL, NULL, NULL,
                   NULL
                  );
   EXCEPTION
      WHEN DUP_VAL_ON_INDEX
      THEN
         NULL;
   END;

   BEGIN
      INSERT INTO sgt_subtabs_det
                  (sdetalle, cempres, csubtabla, cversubt, ccla1, ccla2,
                   ccla3, ccla4, ccla5, ccla6, ccla7, ccla8, nval1,
                   nval2, nval3, nval4, nval5, nval6, falta, cusualt,
                   fmodifi, cusumod, ccla9, ccla10, nval7, nval8, nval9,
                   nval10
                  )
           VALUES (sdetalle_conf.NEXTVAL, 24, 8000047, 1, 80001, 2,
                   1644720, NULL, NULL, NULL, NULL, NULL, 7.9614351328313,
                   NULL, NULL, NULL, NULL, NULL, f_sysdate, f_user,
                   NULL, NULL, NULL, NULL, NULL, NULL, NULL,
                   NULL
                  );
   EXCEPTION
      WHEN DUP_VAL_ON_INDEX
      THEN
         NULL;
   END;

   BEGIN
      INSERT INTO sgt_subtabs_det
                  (sdetalle, cempres, csubtabla, cversubt, ccla1, ccla2,
                   ccla3, ccla4, ccla5, ccla6, ccla7, ccla8, nval1,
                   nval2, nval3, nval4, nval5, nval6, falta, cusualt,
                   fmodifi, cusumod, ccla9, ccla10, nval7, nval8, nval9,
                   nval10
                  )
           VALUES (sdetalle_conf.NEXTVAL, 24, 8000047, 1, 80002, 2,
                   1644720, NULL, NULL, NULL, NULL, NULL, 7.9614351328313,
                   NULL, NULL, NULL, NULL, NULL, f_sysdate, f_user,
                   NULL, NULL, NULL, NULL, NULL, NULL, NULL,
                   NULL
                  );
   EXCEPTION
      WHEN DUP_VAL_ON_INDEX
      THEN
         NULL;
   END;

   BEGIN
      INSERT INTO sgt_subtabs_det
                  (sdetalle, cempres, csubtabla, cversubt, ccla1, ccla2,
                   ccla3, ccla4, ccla5, ccla6, ccla7, ccla8, nval1,
                   nval2, nval3, nval4, nval5, nval6, falta, cusualt,
                   fmodifi, cusumod, ccla9, ccla10, nval7, nval8, nval9,
                   nval10
                  )
           VALUES (sdetalle_conf.NEXTVAL, 24, 8000047, 1, 80003, 2,
                   1644720, NULL, NULL, NULL, NULL, NULL, 7.9614351328313,
                   NULL, NULL, NULL, NULL, NULL, f_sysdate, f_user,
                   NULL, NULL, NULL, NULL, NULL, NULL, NULL,
                   NULL
                  );
   EXCEPTION
      WHEN DUP_VAL_ON_INDEX
      THEN
         NULL;
   END;

   BEGIN
      INSERT INTO sgt_subtabs_det
                  (sdetalle, cempres, csubtabla, cversubt, ccla1, ccla2,
                   ccla3, ccla4, ccla5, ccla6, ccla7, ccla8, nval1,
                   nval2, nval3, nval4, nval5, nval6, falta, cusualt,
                   fmodifi, cusumod, ccla9, ccla10, nval7, nval8, nval9,
                   nval10
                  )
           VALUES (sdetalle_conf.NEXTVAL, 24, 8000047, 1, 80001, 0,
                   1644720, NULL, NULL, NULL, NULL, NULL, 7.9614351328313,
                   NULL, NULL, NULL, NULL, NULL, f_sysdate, f_user,
                   NULL, NULL, NULL, NULL, NULL, NULL, NULL,
                   NULL
                  );
   EXCEPTION
      WHEN DUP_VAL_ON_INDEX
      THEN
         NULL;
   END;

   BEGIN
      INSERT INTO sgt_subtabs_det
                  (sdetalle, cempres, csubtabla, cversubt, ccla1, ccla2,
                   ccla3, ccla4, ccla5, ccla6, ccla7, ccla8, nval1,
                   nval2, nval3, nval4, nval5, nval6, falta, cusualt,
                   fmodifi, cusumod, ccla9, ccla10, nval7, nval8, nval9,
                   nval10
                  )
           VALUES (sdetalle_conf.NEXTVAL, 24, 8000047, 1, 80002, 0,
                   1644720, NULL, NULL, NULL, NULL, NULL, 7.9614351328313,
                   NULL, NULL, NULL, NULL, NULL, f_sysdate, f_user,
                   NULL, NULL, NULL, NULL, NULL, NULL, NULL,
                   NULL
                  );
   EXCEPTION
      WHEN DUP_VAL_ON_INDEX
      THEN
         NULL;
   END;

   BEGIN
      INSERT INTO sgt_subtabs_det
                  (sdetalle, cempres, csubtabla, cversubt, ccla1, ccla2,
                   ccla3, ccla4, ccla5, ccla6, ccla7, ccla8, nval1,
                   nval2, nval3, nval4, nval5, nval6, falta, cusualt,
                   fmodifi, cusumod, ccla9, ccla10, nval7, nval8, nval9,
                   nval10
                  )
           VALUES (sdetalle_conf.NEXTVAL, 24, 8000047, 1, 80003, 0,
                   1644720, NULL, NULL, NULL, NULL, NULL, 7.9614351328313,
                   NULL, NULL, NULL, NULL, NULL, f_sysdate, f_user,
                   NULL, NULL, NULL, NULL, NULL, NULL, NULL,
                   NULL
                  );
   EXCEPTION
      WHEN DUP_VAL_ON_INDEX
      THEN
         NULL;
   END;

   BEGIN
      INSERT INTO sgt_subtabs_det
                  (sdetalle, cempres, csubtabla, cversubt, ccla1, ccla2,
                   ccla3, ccla4, ccla5, ccla6, ccla7, ccla8, nval1,
                   nval2, nval3, nval4, nval5, nval6, falta, cusualt,
                   fmodifi, cusumod, ccla9, ccla10, nval7, nval8, nval9,
                   nval10
                  )
           VALUES (sdetalle_conf.NEXTVAL, 24, 8000047, 1, 80001, 3,
                   1644720, NULL, NULL, NULL, NULL, NULL, 23100.7738161645,
                   NULL, NULL, NULL, NULL, NULL, f_sysdate, f_user,
                   NULL, NULL, NULL, NULL, NULL, NULL, NULL,
                   NULL
                  );
   EXCEPTION
      WHEN DUP_VAL_ON_INDEX
      THEN
         NULL;
   END;

   BEGIN
      INSERT INTO sgt_subtabs_det
                  (sdetalle, cempres, csubtabla, cversubt, ccla1, ccla2,
                   ccla3, ccla4, ccla5, ccla6, ccla7, ccla8, nval1,
                   nval2, nval3, nval4, nval5, nval6, falta, cusualt,
                   fmodifi, cusumod, ccla9, ccla10, nval7, nval8, nval9,
                   nval10
                  )
           VALUES (sdetalle_conf.NEXTVAL, 24, 8000047, 1, 80002, 3,
                   1644720, NULL, NULL, NULL, NULL, NULL, 23100.7738161645,
                   NULL, NULL, NULL, NULL, NULL, f_sysdate, f_user,
                   NULL, NULL, NULL, NULL, NULL, NULL, NULL,
                   NULL
                  );
   EXCEPTION
      WHEN DUP_VAL_ON_INDEX
      THEN
         NULL;
   END;

   BEGIN
      INSERT INTO sgt_subtabs_det
                  (sdetalle, cempres, csubtabla, cversubt, ccla1, ccla2,
                   ccla3, ccla4, ccla5, ccla6, ccla7, ccla8, nval1,
                   nval2, nval3, nval4, nval5, nval6, falta, cusualt,
                   fmodifi, cusumod, ccla9, ccla10, nval7, nval8, nval9,
                   nval10
                  )
           VALUES (sdetalle_conf.NEXTVAL, 24, 8000047, 1, 80003, 3,
                   1644720, NULL, NULL, NULL, NULL, NULL, 23100.7738161645,
                   NULL, NULL, NULL, NULL, NULL, f_sysdate, f_user,
                   NULL, NULL, NULL, NULL, NULL, NULL, NULL,
                   NULL
                  );
   EXCEPTION
      WHEN DUP_VAL_ON_INDEX
      THEN
         NULL;
   END;

   BEGIN
      INSERT INTO sgt_subtabs_det
                  (sdetalle, cempres, csubtabla, cversubt, ccla1, ccla2,
                   ccla3, ccla4, ccla5, ccla6, ccla7, ccla8, nval1,
                   nval2, nval3, nval4, nval5, nval6, falta, cusualt,
                   fmodifi, cusumod, ccla9, ccla10, nval7, nval8, nval9,
                   nval10
                  )
           VALUES (sdetalle_conf.NEXTVAL, 24, 8000047, 1, 80001, 1,
                   1644720, NULL, NULL, NULL, NULL, NULL, 51.3121478733385,
                   NULL, NULL, NULL, NULL, NULL, f_sysdate, f_user,
                   NULL, NULL, NULL, NULL, NULL, NULL, NULL,
                   NULL
                  );
   EXCEPTION
      WHEN DUP_VAL_ON_INDEX
      THEN
         NULL;
   END;

   BEGIN
      INSERT INTO sgt_subtabs_det
                  (sdetalle, cempres, csubtabla, cversubt, ccla1, ccla2,
                   ccla3, ccla4, ccla5, ccla6, ccla7, ccla8, nval1,
                   nval2, nval3, nval4, nval5, nval6, falta, cusualt,
                   fmodifi, cusumod, ccla9, ccla10, nval7, nval8, nval9,
                   nval10
                  )
           VALUES (sdetalle_conf.NEXTVAL, 24, 8000047, 1, 80002, 1,
                   1644720, NULL, NULL, NULL, NULL, NULL, 51.3121478733385,
                   NULL, NULL, NULL, NULL, NULL, f_sysdate, f_user,
                   NULL, NULL, NULL, NULL, NULL, NULL, NULL,
                   NULL
                  );
   EXCEPTION
      WHEN DUP_VAL_ON_INDEX
      THEN
         NULL;
   END;

   BEGIN
      INSERT INTO sgt_subtabs_det
                  (sdetalle, cempres, csubtabla, cversubt, ccla1, ccla2,
                   ccla3, ccla4, ccla5, ccla6, ccla7, ccla8, nval1,
                   nval2, nval3, nval4, nval5, nval6, falta, cusualt,
                   fmodifi, cusumod, ccla9, ccla10, nval7, nval8, nval9,
                   nval10
                  )
           VALUES (sdetalle_conf.NEXTVAL, 24, 8000047, 1, 80003, 1,
                   1644720, NULL, NULL, NULL, NULL, NULL, 51.3121478733385,
                   NULL, NULL, NULL, NULL, NULL, f_sysdate, f_user,
                   NULL, NULL, NULL, NULL, NULL, NULL, NULL,
                   NULL
                  );
   EXCEPTION
      WHEN DUP_VAL_ON_INDEX
      THEN
         NULL;
   END;

   BEGIN
      INSERT INTO sgt_subtabs_det
                  (sdetalle, cempres, csubtabla, cversubt, ccla1, ccla2,
                   ccla3, ccla4, ccla5, ccla6, ccla7, ccla8, nval1,
                   nval2, nval3, nval4, nval5, nval6, falta, cusualt,
                   fmodifi, cusumod, ccla9, ccla10, nval7, nval8, nval9,
                   nval10
                  )
           VALUES (sdetalle_conf.NEXTVAL, 24, 8000047, 1, 80001, 2,
                   1644720, NULL, NULL, NULL, NULL, NULL, 7.9614351328313,
                   NULL, NULL, NULL, NULL, NULL, f_sysdate, f_user,
                   NULL, NULL, NULL, NULL, NULL, NULL, NULL,
                   NULL
                  );
   EXCEPTION
      WHEN DUP_VAL_ON_INDEX
      THEN
         NULL;
   END;

   BEGIN
      INSERT INTO sgt_subtabs_det
                  (sdetalle, cempres, csubtabla, cversubt, ccla1, ccla2,
                   ccla3, ccla4, ccla5, ccla6, ccla7, ccla8, nval1,
                   nval2, nval3, nval4, nval5, nval6, falta, cusualt,
                   fmodifi, cusumod, ccla9, ccla10, nval7, nval8, nval9,
                   nval10
                  )
           VALUES (sdetalle_conf.NEXTVAL, 24, 8000047, 1, 80002, 2,
                   1644720, NULL, NULL, NULL, NULL, NULL, 7.9614351328313,
                   NULL, NULL, NULL, NULL, NULL, f_sysdate, f_user,
                   NULL, NULL, NULL, NULL, NULL, NULL, NULL,
                   NULL
                  );
   EXCEPTION
      WHEN DUP_VAL_ON_INDEX
      THEN
         NULL;
   END;

   BEGIN
      INSERT INTO sgt_subtabs_det
                  (sdetalle, cempres, csubtabla, cversubt, ccla1, ccla2,
                   ccla3, ccla4, ccla5, ccla6, ccla7, ccla8, nval1,
                   nval2, nval3, nval4, nval5, nval6, falta, cusualt,
                   fmodifi, cusumod, ccla9, ccla10, nval7, nval8, nval9,
                   nval10
                  )
           VALUES (sdetalle_conf.NEXTVAL, 24, 8000047, 1, 80003, 2,
                   1644720, NULL, NULL, NULL, NULL, NULL, 7.9614351328313,
                   NULL, NULL, NULL, NULL, NULL, f_sysdate, f_user,
                   NULL, NULL, NULL, NULL, NULL, NULL, NULL,
                   NULL
                  );
   EXCEPTION
      WHEN DUP_VAL_ON_INDEX
      THEN
         NULL;
   END;

   BEGIN
      INSERT INTO sgt_subtabs_det
                  (sdetalle, cempres, csubtabla, cversubt, ccla1, ccla2,
                   ccla3, ccla4, ccla5, ccla6, ccla7, ccla8, nval1,
                   nval2, nval3, nval4, nval5, nval6, falta, cusualt,
                   fmodifi, cusumod, ccla9, ccla10, nval7, nval8, nval9,
                   nval10
                  )
           VALUES (sdetalle_conf.NEXTVAL, 24, 8000047, 1, 80001, 1,
                   1644720, NULL, NULL, NULL, NULL, NULL, 51.3121478733385,
                   NULL, NULL, NULL, NULL, NULL, f_sysdate, f_user,
                   NULL, NULL, NULL, NULL, NULL, NULL, NULL,
                   NULL
                  );
   EXCEPTION
      WHEN DUP_VAL_ON_INDEX
      THEN
         NULL;
   END;

   BEGIN
      INSERT INTO sgt_subtabs_det
                  (sdetalle, cempres, csubtabla, cversubt, ccla1, ccla2,
                   ccla3, ccla4, ccla5, ccla6, ccla7, ccla8, nval1,
                   nval2, nval3, nval4, nval5, nval6, falta, cusualt,
                   fmodifi, cusumod, ccla9, ccla10, nval7, nval8, nval9,
                   nval10
                  )
           VALUES (sdetalle_conf.NEXTVAL, 24, 8000047, 1, 80002, 1,
                   1644720, NULL, NULL, NULL, NULL, NULL, 51.3121478733385,
                   NULL, NULL, NULL, NULL, NULL, f_sysdate, f_user,
                   NULL, NULL, NULL, NULL, NULL, NULL, NULL,
                   NULL
                  );
   EXCEPTION
      WHEN DUP_VAL_ON_INDEX
      THEN
         NULL;
   END;

   BEGIN
      INSERT INTO sgt_subtabs_det
                  (sdetalle, cempres, csubtabla, cversubt, ccla1, ccla2,
                   ccla3, ccla4, ccla5, ccla6, ccla7, ccla8, nval1,
                   nval2, nval3, nval4, nval5, nval6, falta, cusualt,
                   fmodifi, cusumod, ccla9, ccla10, nval7, nval8, nval9,
                   nval10
                  )
           VALUES (sdetalle_conf.NEXTVAL, 24, 8000047, 1, 80003, 1,
                   1644720, NULL, NULL, NULL, NULL, NULL, 51.3121478733385,
                   NULL, NULL, NULL, NULL, NULL, f_sysdate, f_user,
                   NULL, NULL, NULL, NULL, NULL, NULL, NULL,
                   NULL
                  );
   EXCEPTION
      WHEN DUP_VAL_ON_INDEX
      THEN
         NULL;
   END;

   BEGIN
      INSERT INTO sgt_subtabs_det
                  (sdetalle, cempres, csubtabla, cversubt, ccla1, ccla2,
                   ccla3, ccla4, ccla5, ccla6, ccla7, ccla8, nval1,
                   nval2, nval3, nval4, nval5, nval6, falta, cusualt,
                   fmodifi, cusumod, ccla9, ccla10, nval7, nval8, nval9,
                   nval10
                  )
           VALUES (sdetalle_conf.NEXTVAL, 24, 8000047, 1, 80001, 0,
                   1384290, NULL, NULL, NULL, NULL, NULL, -31.6484198438169,
                   NULL, NULL, NULL, NULL, NULL, f_sysdate, f_user,
                   NULL, NULL, NULL, NULL, NULL, NULL, NULL,
                   NULL
                  );
   EXCEPTION
      WHEN DUP_VAL_ON_INDEX
      THEN
         NULL;
   END;

   BEGIN
      INSERT INTO sgt_subtabs_det
                  (sdetalle, cempres, csubtabla, cversubt, ccla1, ccla2,
                   ccla3, ccla4, ccla5, ccla6, ccla7, ccla8, nval1,
                   nval2, nval3, nval4, nval5, nval6, falta, cusualt,
                   fmodifi, cusumod, ccla9, ccla10, nval7, nval8, nval9,
                   nval10
                  )
           VALUES (sdetalle_conf.NEXTVAL, 24, 8000047, 1, 80002, 0,
                   1384290, NULL, NULL, NULL, NULL, NULL, -31.6484198438169,
                   NULL, NULL, NULL, NULL, NULL, f_sysdate, f_user,
                   NULL, NULL, NULL, NULL, NULL, NULL, NULL,
                   NULL
                  );
   EXCEPTION
      WHEN DUP_VAL_ON_INDEX
      THEN
         NULL;
   END;

   BEGIN
      INSERT INTO sgt_subtabs_det
                  (sdetalle, cempres, csubtabla, cversubt, ccla1, ccla2,
                   ccla3, ccla4, ccla5, ccla6, ccla7, ccla8, nval1,
                   nval2, nval3, nval4, nval5, nval6, falta, cusualt,
                   fmodifi, cusumod, ccla9, ccla10, nval7, nval8, nval9,
                   nval10
                  )
           VALUES (sdetalle_conf.NEXTVAL, 24, 8000047, 1, 80003, 0,
                   1384290, NULL, NULL, NULL, NULL, NULL, -31.6484198438169,
                   NULL, NULL, NULL, NULL, NULL, f_sysdate, f_user,
                   NULL, NULL, NULL, NULL, NULL, NULL, NULL,
                   NULL
                  );
   EXCEPTION
      WHEN DUP_VAL_ON_INDEX
      THEN
         NULL;
   END;

   BEGIN
      INSERT INTO sgt_subtabs_det
                  (sdetalle, cempres, csubtabla, cversubt, ccla1, ccla2,
                   ccla3, ccla4, ccla5, ccla6, ccla7, ccla8, nval1,
                   nval2, nval3, nval4, nval5, nval6, falta, cusualt,
                   fmodifi, cusumod, ccla9, ccla10, nval7, nval8, nval9,
                   nval10
                  )
           VALUES (sdetalle_conf.NEXTVAL, 24, 8000047, 1, 80001, 3,
                   1384290, NULL, NULL, NULL, NULL, NULL, -24.8294928356271,
                   NULL, NULL, NULL, NULL, NULL, f_sysdate, f_user,
                   NULL, NULL, NULL, NULL, NULL, NULL, NULL,
                   NULL
                  );
   EXCEPTION
      WHEN DUP_VAL_ON_INDEX
      THEN
         NULL;
   END;

   BEGIN
      INSERT INTO sgt_subtabs_det
                  (sdetalle, cempres, csubtabla, cversubt, ccla1, ccla2,
                   ccla3, ccla4, ccla5, ccla6, ccla7, ccla8, nval1,
                   nval2, nval3, nval4, nval5, nval6, falta, cusualt,
                   fmodifi, cusumod, ccla9, ccla10, nval7, nval8, nval9,
                   nval10
                  )
           VALUES (sdetalle_conf.NEXTVAL, 24, 8000047, 1, 80002, 3,
                   1384290, NULL, NULL, NULL, NULL, NULL, -24.8294928356271,
                   NULL, NULL, NULL, NULL, NULL, f_sysdate, f_user,
                   NULL, NULL, NULL, NULL, NULL, NULL, NULL,
                   NULL
                  );
   EXCEPTION
      WHEN DUP_VAL_ON_INDEX
      THEN
         NULL;
   END;

   BEGIN
      INSERT INTO sgt_subtabs_det
                  (sdetalle, cempres, csubtabla, cversubt, ccla1, ccla2,
                   ccla3, ccla4, ccla5, ccla6, ccla7, ccla8, nval1,
                   nval2, nval3, nval4, nval5, nval6, falta, cusualt,
                   fmodifi, cusumod, ccla9, ccla10, nval7, nval8, nval9,
                   nval10
                  )
           VALUES (sdetalle_conf.NEXTVAL, 24, 8000047, 1, 80003, 3,
                   1384290, NULL, NULL, NULL, NULL, NULL, -24.8294928356271,
                   NULL, NULL, NULL, NULL, NULL, f_sysdate, f_user,
                   NULL, NULL, NULL, NULL, NULL, NULL, NULL,
                   NULL
                  );
   EXCEPTION
      WHEN DUP_VAL_ON_INDEX
      THEN
         NULL;
   END;

   BEGIN
      INSERT INTO sgt_subtabs_det
                  (sdetalle, cempres, csubtabla, cversubt, ccla1, ccla2,
                   ccla3, ccla4, ccla5, ccla6, ccla7, ccla8, nval1,
                   nval2, nval3, nval4, nval5, nval6, falta, cusualt,
                   fmodifi, cusumod, ccla9, ccla10, nval7, nval8, nval9,
                   nval10
                  )
           VALUES (sdetalle_conf.NEXTVAL, 24, 8000047, 1, 80001, 1,
                   1384290, NULL, NULL, NULL, NULL, NULL, 32.7222771552894,
                   NULL, NULL, NULL, NULL, NULL, f_sysdate, f_user,
                   NULL, NULL, NULL, NULL, NULL, NULL, NULL,
                   NULL
                  );
   EXCEPTION
      WHEN DUP_VAL_ON_INDEX
      THEN
         NULL;
   END;

   BEGIN
      INSERT INTO sgt_subtabs_det
                  (sdetalle, cempres, csubtabla, cversubt, ccla1, ccla2,
                   ccla3, ccla4, ccla5, ccla6, ccla7, ccla8, nval1,
                   nval2, nval3, nval4, nval5, nval6, falta, cusualt,
                   fmodifi, cusumod, ccla9, ccla10, nval7, nval8, nval9,
                   nval10
                  )
           VALUES (sdetalle_conf.NEXTVAL, 24, 8000047, 1, 80002, 1,
                   1384290, NULL, NULL, NULL, NULL, NULL, 32.7222771552894,
                   NULL, NULL, NULL, NULL, NULL, f_sysdate, f_user,
                   NULL, NULL, NULL, NULL, NULL, NULL, NULL,
                   NULL
                  );
   EXCEPTION
      WHEN DUP_VAL_ON_INDEX
      THEN
         NULL;
   END;

   BEGIN
      INSERT INTO sgt_subtabs_det
                  (sdetalle, cempres, csubtabla, cversubt, ccla1, ccla2,
                   ccla3, ccla4, ccla5, ccla6, ccla7, ccla8, nval1,
                   nval2, nval3, nval4, nval5, nval6, falta, cusualt,
                   fmodifi, cusumod, ccla9, ccla10, nval7, nval8, nval9,
                   nval10
                  )
           VALUES (sdetalle_conf.NEXTVAL, 24, 8000047, 1, 80003, 1,
                   1384290, NULL, NULL, NULL, NULL, NULL, 32.7222771552894,
                   NULL, NULL, NULL, NULL, NULL, f_sysdate, f_user,
                   NULL, NULL, NULL, NULL, NULL, NULL, NULL,
                   NULL
                  );
   EXCEPTION
      WHEN DUP_VAL_ON_INDEX
      THEN
         NULL;
   END;

   BEGIN
      INSERT INTO sgt_subtabs_det
                  (sdetalle, cempres, csubtabla, cversubt, ccla1, ccla2,
                   ccla3, ccla4, ccla5, ccla6, ccla7, ccla8, nval1,
                   nval2, nval3, nval4, nval5, nval6, falta, cusualt,
                   fmodifi, cusumod, ccla9, ccla10, nval7, nval8, nval9,
                   nval10
                  )
           VALUES (sdetalle_conf.NEXTVAL, 24, 8000047, 1, 80001, 1,
                   1384290, NULL, NULL, NULL, NULL, NULL, 32.7222771552894,
                   NULL, NULL, NULL, NULL, NULL, f_sysdate, f_user,
                   NULL, NULL, NULL, NULL, NULL, NULL, NULL,
                   NULL
                  );
   EXCEPTION
      WHEN DUP_VAL_ON_INDEX
      THEN
         NULL;
   END;

   BEGIN
      INSERT INTO sgt_subtabs_det
                  (sdetalle, cempres, csubtabla, cversubt, ccla1, ccla2,
                   ccla3, ccla4, ccla5, ccla6, ccla7, ccla8, nval1,
                   nval2, nval3, nval4, nval5, nval6, falta, cusualt,
                   fmodifi, cusumod, ccla9, ccla10, nval7, nval8, nval9,
                   nval10
                  )
           VALUES (sdetalle_conf.NEXTVAL, 24, 8000047, 1, 80002, 1,
                   1384290, NULL, NULL, NULL, NULL, NULL, 32.7222771552894,
                   NULL, NULL, NULL, NULL, NULL, f_sysdate, f_user,
                   NULL, NULL, NULL, NULL, NULL, NULL, NULL,
                   NULL
                  );
   EXCEPTION
      WHEN DUP_VAL_ON_INDEX
      THEN
         NULL;
   END;

   BEGIN
      INSERT INTO sgt_subtabs_det
                  (sdetalle, cempres, csubtabla, cversubt, ccla1, ccla2,
                   ccla3, ccla4, ccla5, ccla6, ccla7, ccla8, nval1,
                   nval2, nval3, nval4, nval5, nval6, falta, cusualt,
                   fmodifi, cusumod, ccla9, ccla10, nval7, nval8, nval9,
                   nval10
                  )
           VALUES (sdetalle_conf.NEXTVAL, 24, 8000047, 1, 80003, 1,
                   1384290, NULL, NULL, NULL, NULL, NULL, 32.7222771552894,
                   NULL, NULL, NULL, NULL, NULL, f_sysdate, f_user,
                   NULL, NULL, NULL, NULL, NULL, NULL, NULL,
                   NULL
                  );
   EXCEPTION
      WHEN DUP_VAL_ON_INDEX
      THEN
         NULL;
   END;

   BEGIN
      INSERT INTO sgt_subtabs_det
                  (sdetalle, cempres, csubtabla, cversubt, ccla1, ccla2,
                   ccla3, ccla4, ccla5, ccla6, ccla7, ccla8, nval1,
                   nval2, nval3, nval4, nval5, nval6, falta, cusualt,
                   fmodifi, cusumod, ccla9, ccla10, nval7, nval8, nval9,
                   nval10
                  )
           VALUES (sdetalle_conf.NEXTVAL, 24, 8000047, 1, 80001, 2,
                   1384290, NULL, NULL, NULL, NULL, NULL, -31.6484198438169,
                   NULL, NULL, NULL, NULL, NULL, f_sysdate, f_user,
                   NULL, NULL, NULL, NULL, NULL, NULL, NULL,
                   NULL
                  );
   EXCEPTION
      WHEN DUP_VAL_ON_INDEX
      THEN
         NULL;
   END;

   BEGIN
      INSERT INTO sgt_subtabs_det
                  (sdetalle, cempres, csubtabla, cversubt, ccla1, ccla2,
                   ccla3, ccla4, ccla5, ccla6, ccla7, ccla8, nval1,
                   nval2, nval3, nval4, nval5, nval6, falta, cusualt,
                   fmodifi, cusumod, ccla9, ccla10, nval7, nval8, nval9,
                   nval10
                  )
           VALUES (sdetalle_conf.NEXTVAL, 24, 8000047, 1, 80002, 2,
                   1384290, NULL, NULL, NULL, NULL, NULL, -31.6484198438169,
                   NULL, NULL, NULL, NULL, NULL, f_sysdate, f_user,
                   NULL, NULL, NULL, NULL, NULL, NULL, NULL,
                   NULL
                  );
   EXCEPTION
      WHEN DUP_VAL_ON_INDEX
      THEN
         NULL;
   END;

   BEGIN
      INSERT INTO sgt_subtabs_det
                  (sdetalle, cempres, csubtabla, cversubt, ccla1, ccla2,
                   ccla3, ccla4, ccla5, ccla6, ccla7, ccla8, nval1,
                   nval2, nval3, nval4, nval5, nval6, falta, cusualt,
                   fmodifi, cusumod, ccla9, ccla10, nval7, nval8, nval9,
                   nval10
                  )
           VALUES (sdetalle_conf.NEXTVAL, 24, 8000047, 1, 80003, 2,
                   1384290, NULL, NULL, NULL, NULL, NULL, -31.6484198438169,
                   NULL, NULL, NULL, NULL, NULL, f_sysdate, f_user,
                   NULL, NULL, NULL, NULL, NULL, NULL, NULL,
                   NULL
                  );
   EXCEPTION
      WHEN DUP_VAL_ON_INDEX
      THEN
         NULL;
   END;

   BEGIN
      INSERT INTO sgt_subtabs_det
                  (sdetalle, cempres, csubtabla, cversubt, ccla1, ccla2,
                   ccla3, ccla4, ccla5, ccla6, ccla7, ccla8, nval1,
                   nval2, nval3, nval4, nval5, nval6, falta, cusualt,
                   fmodifi, cusumod, ccla9, ccla10, nval7, nval8, nval9,
                   nval10
                  )
           VALUES (sdetalle_conf.NEXTVAL, 24, 8000047, 1, 80001, 0,
                   1384290, NULL, NULL, NULL, NULL, NULL, -31.6484198438169,
                   NULL, NULL, NULL, NULL, NULL, f_sysdate, f_user,
                   NULL, NULL, NULL, NULL, NULL, NULL, NULL,
                   NULL
                  );
   EXCEPTION
      WHEN DUP_VAL_ON_INDEX
      THEN
         NULL;
   END;

   BEGIN
      INSERT INTO sgt_subtabs_det
                  (sdetalle, cempres, csubtabla, cversubt, ccla1, ccla2,
                   ccla3, ccla4, ccla5, ccla6, ccla7, ccla8, nval1,
                   nval2, nval3, nval4, nval5, nval6, falta, cusualt,
                   fmodifi, cusumod, ccla9, ccla10, nval7, nval8, nval9,
                   nval10
                  )
           VALUES (sdetalle_conf.NEXTVAL, 24, 8000047, 1, 80002, 0,
                   1384290, NULL, NULL, NULL, NULL, NULL, -31.6484198438169,
                   NULL, NULL, NULL, NULL, NULL, f_sysdate, f_user,
                   NULL, NULL, NULL, NULL, NULL, NULL, NULL,
                   NULL
                  );
   EXCEPTION
      WHEN DUP_VAL_ON_INDEX
      THEN
         NULL;
   END;

   BEGIN
      INSERT INTO sgt_subtabs_det
                  (sdetalle, cempres, csubtabla, cversubt, ccla1, ccla2,
                   ccla3, ccla4, ccla5, ccla6, ccla7, ccla8, nval1,
                   nval2, nval3, nval4, nval5, nval6, falta, cusualt,
                   fmodifi, cusumod, ccla9, ccla10, nval7, nval8, nval9,
                   nval10
                  )
           VALUES (sdetalle_conf.NEXTVAL, 24, 8000047, 1, 80003, 0,
                   1384290, NULL, NULL, NULL, NULL, NULL, -31.6484198438169,
                   NULL, NULL, NULL, NULL, NULL, f_sysdate, f_user,
                   NULL, NULL, NULL, NULL, NULL, NULL, NULL,
                   NULL
                  );
   EXCEPTION
      WHEN DUP_VAL_ON_INDEX
      THEN
         NULL;
   END;

   BEGIN
      INSERT INTO sgt_subtabs_det
                  (sdetalle, cempres, csubtabla, cversubt, ccla1, ccla2,
                   ccla3, ccla4, ccla5, ccla6, ccla7, ccla8, nval1,
                   nval2, nval3, nval4, nval5, nval6, falta, cusualt,
                   fmodifi, cusumod, ccla9, ccla10, nval7, nval8, nval9,
                   nval10
                  )
           VALUES (sdetalle_conf.NEXTVAL, 24, 8000047, 1, 80001, 3,
                   1384290, NULL, NULL, NULL, NULL, NULL, -24.8294928356271,
                   NULL, NULL, NULL, NULL, NULL, f_sysdate, f_user,
                   NULL, NULL, NULL, NULL, NULL, NULL, NULL,
                   NULL
                  );
   EXCEPTION
      WHEN DUP_VAL_ON_INDEX
      THEN
         NULL;
   END;

   BEGIN
      INSERT INTO sgt_subtabs_det
                  (sdetalle, cempres, csubtabla, cversubt, ccla1, ccla2,
                   ccla3, ccla4, ccla5, ccla6, ccla7, ccla8, nval1,
                   nval2, nval3, nval4, nval5, nval6, falta, cusualt,
                   fmodifi, cusumod, ccla9, ccla10, nval7, nval8, nval9,
                   nval10
                  )
           VALUES (sdetalle_conf.NEXTVAL, 24, 8000047, 1, 80002, 3,
                   1384290, NULL, NULL, NULL, NULL, NULL, -24.8294928356271,
                   NULL, NULL, NULL, NULL, NULL, f_sysdate, f_user,
                   NULL, NULL, NULL, NULL, NULL, NULL, NULL,
                   NULL
                  );
   EXCEPTION
      WHEN DUP_VAL_ON_INDEX
      THEN
         NULL;
   END;

   BEGIN
      INSERT INTO sgt_subtabs_det
                  (sdetalle, cempres, csubtabla, cversubt, ccla1, ccla2,
                   ccla3, ccla4, ccla5, ccla6, ccla7, ccla8, nval1,
                   nval2, nval3, nval4, nval5, nval6, falta, cusualt,
                   fmodifi, cusumod, ccla9, ccla10, nval7, nval8, nval9,
                   nval10
                  )
           VALUES (sdetalle_conf.NEXTVAL, 24, 8000047, 1, 80003, 3,
                   1384290, NULL, NULL, NULL, NULL, NULL, -24.8294928356271,
                   NULL, NULL, NULL, NULL, NULL, f_sysdate, f_user,
                   NULL, NULL, NULL, NULL, NULL, NULL, NULL,
                   NULL
                  );
   EXCEPTION
      WHEN DUP_VAL_ON_INDEX
      THEN
         NULL;
   END;

   BEGIN
      INSERT INTO sgt_subtabs_det
                  (sdetalle, cempres, csubtabla, cversubt, ccla1, ccla2,
                   ccla3, ccla4, ccla5, ccla6, ccla7, ccla8, nval1,
                   nval2, nval3, nval4, nval5, nval6, falta, cusualt,
                   fmodifi, cusumod, ccla9, ccla10, nval7, nval8, nval9,
                   nval10
                  )
           VALUES (sdetalle_conf.NEXTVAL, 24, 8000047, 1, 80001, 1,
                   1384290, NULL, NULL, NULL, NULL, NULL, 32.7222771552894,
                   NULL, NULL, NULL, NULL, NULL, f_sysdate, f_user,
                   NULL, NULL, NULL, NULL, NULL, NULL, NULL,
                   NULL
                  );
   EXCEPTION
      WHEN DUP_VAL_ON_INDEX
      THEN
         NULL;
   END;

   BEGIN
      INSERT INTO sgt_subtabs_det
                  (sdetalle, cempres, csubtabla, cversubt, ccla1, ccla2,
                   ccla3, ccla4, ccla5, ccla6, ccla7, ccla8, nval1,
                   nval2, nval3, nval4, nval5, nval6, falta, cusualt,
                   fmodifi, cusumod, ccla9, ccla10, nval7, nval8, nval9,
                   nval10
                  )
           VALUES (sdetalle_conf.NEXTVAL, 24, 8000047, 1, 80002, 1,
                   1384290, NULL, NULL, NULL, NULL, NULL, 32.7222771552894,
                   NULL, NULL, NULL, NULL, NULL, f_sysdate, f_user,
                   NULL, NULL, NULL, NULL, NULL, NULL, NULL,
                   NULL
                  );
   EXCEPTION
      WHEN DUP_VAL_ON_INDEX
      THEN
         NULL;
   END;

   BEGIN
      INSERT INTO sgt_subtabs_det
                  (sdetalle, cempres, csubtabla, cversubt, ccla1, ccla2,
                   ccla3, ccla4, ccla5, ccla6, ccla7, ccla8, nval1,
                   nval2, nval3, nval4, nval5, nval6, falta, cusualt,
                   fmodifi, cusumod, ccla9, ccla10, nval7, nval8, nval9,
                   nval10
                  )
           VALUES (sdetalle_conf.NEXTVAL, 24, 8000047, 1, 80003, 1,
                   1384290, NULL, NULL, NULL, NULL, NULL, 32.7222771552894,
                   NULL, NULL, NULL, NULL, NULL, f_sysdate, f_user,
                   NULL, NULL, NULL, NULL, NULL, NULL, NULL,
                   NULL
                  );
   EXCEPTION
      WHEN DUP_VAL_ON_INDEX
      THEN
         NULL;
   END;

   BEGIN
      INSERT INTO sgt_subtabs_det
                  (sdetalle, cempres, csubtabla, cversubt, ccla1, ccla2,
                   ccla3, ccla4, ccla5, ccla6, ccla7, ccla8, nval1,
                   nval2, nval3, nval4, nval5, nval6, falta, cusualt,
                   fmodifi, cusumod, ccla9, ccla10, nval7, nval8, nval9,
                   nval10
                  )
           VALUES (sdetalle_conf.NEXTVAL, 24, 8000047, 1, 80001, 1,
                   1384290, NULL, NULL, NULL, NULL, NULL, 32.7222771552894,
                   NULL, NULL, NULL, NULL, NULL, f_sysdate, f_user,
                   NULL, NULL, NULL, NULL, NULL, NULL, NULL,
                   NULL
                  );
   EXCEPTION
      WHEN DUP_VAL_ON_INDEX
      THEN
         NULL;
   END;

   BEGIN
      INSERT INTO sgt_subtabs_det
                  (sdetalle, cempres, csubtabla, cversubt, ccla1, ccla2,
                   ccla3, ccla4, ccla5, ccla6, ccla7, ccla8, nval1,
                   nval2, nval3, nval4, nval5, nval6, falta, cusualt,
                   fmodifi, cusumod, ccla9, ccla10, nval7, nval8, nval9,
                   nval10
                  )
           VALUES (sdetalle_conf.NEXTVAL, 24, 8000047, 1, 80002, 1,
                   1384290, NULL, NULL, NULL, NULL, NULL, 32.7222771552894,
                   NULL, NULL, NULL, NULL, NULL, f_sysdate, f_user,
                   NULL, NULL, NULL, NULL, NULL, NULL, NULL,
                   NULL
                  );
   EXCEPTION
      WHEN DUP_VAL_ON_INDEX
      THEN
         NULL;
   END;

   BEGIN
      INSERT INTO sgt_subtabs_det
                  (sdetalle, cempres, csubtabla, cversubt, ccla1, ccla2,
                   ccla3, ccla4, ccla5, ccla6, ccla7, ccla8, nval1,
                   nval2, nval3, nval4, nval5, nval6, falta, cusualt,
                   fmodifi, cusumod, ccla9, ccla10, nval7, nval8, nval9,
                   nval10
                  )
           VALUES (sdetalle_conf.NEXTVAL, 24, 8000047, 1, 80003, 1,
                   1384290, NULL, NULL, NULL, NULL, NULL, 32.7222771552894,
                   NULL, NULL, NULL, NULL, NULL, f_sysdate, f_user,
                   NULL, NULL, NULL, NULL, NULL, NULL, NULL,
                   NULL
                  );
   EXCEPTION
      WHEN DUP_VAL_ON_INDEX
      THEN
         NULL;
   END;

   BEGIN
      INSERT INTO sgt_subtabs_det
                  (sdetalle, cempres, csubtabla, cversubt, ccla1, ccla2,
                   ccla3, ccla4, ccla5, ccla6, ccla7, ccla8, nval1,
                   nval2, nval3, nval4, nval5, nval6, falta, cusualt,
                   fmodifi, cusumod, ccla9, ccla10, nval7, nval8, nval9,
                   nval10
                  )
           VALUES (sdetalle_conf.NEXTVAL, 24, 8000047, 1, 80001, 2,
                   1384290, NULL, NULL, NULL, NULL, NULL, -31.6484198438169,
                   NULL, NULL, NULL, NULL, NULL, f_sysdate, f_user,
                   NULL, NULL, NULL, NULL, NULL, NULL, NULL,
                   NULL
                  );
   EXCEPTION
      WHEN DUP_VAL_ON_INDEX
      THEN
         NULL;
   END;

   BEGIN
      INSERT INTO sgt_subtabs_det
                  (sdetalle, cempres, csubtabla, cversubt, ccla1, ccla2,
                   ccla3, ccla4, ccla5, ccla6, ccla7, ccla8, nval1,
                   nval2, nval3, nval4, nval5, nval6, falta, cusualt,
                   fmodifi, cusumod, ccla9, ccla10, nval7, nval8, nval9,
                   nval10
                  )
           VALUES (sdetalle_conf.NEXTVAL, 24, 8000047, 1, 80002, 2,
                   1384290, NULL, NULL, NULL, NULL, NULL, -31.6484198438169,
                   NULL, NULL, NULL, NULL, NULL, f_sysdate, f_user,
                   NULL, NULL, NULL, NULL, NULL, NULL, NULL,
                   NULL
                  );
   EXCEPTION
      WHEN DUP_VAL_ON_INDEX
      THEN
         NULL;
   END;

   BEGIN
      INSERT INTO sgt_subtabs_det
                  (sdetalle, cempres, csubtabla, cversubt, ccla1, ccla2,
                   ccla3, ccla4, ccla5, ccla6, ccla7, ccla8, nval1,
                   nval2, nval3, nval4, nval5, nval6, falta, cusualt,
                   fmodifi, cusumod, ccla9, ccla10, nval7, nval8, nval9,
                   nval10
                  )
           VALUES (sdetalle_conf.NEXTVAL, 24, 8000047, 1, 80003, 2,
                   1384290, NULL, NULL, NULL, NULL, NULL, -31.6484198438169,
                   NULL, NULL, NULL, NULL, NULL, f_sysdate, f_user,
                   NULL, NULL, NULL, NULL, NULL, NULL, NULL,
                   NULL
                  );
   EXCEPTION
      WHEN DUP_VAL_ON_INDEX
      THEN
         NULL;
   END;

   BEGIN
      INSERT INTO sgt_subtabs_det
                  (sdetalle, cempres, csubtabla, cversubt, ccla1, ccla2,
                   ccla3, ccla4, ccla5, ccla6, ccla7, ccla8, nval1,
                   nval2, nval3, nval4, nval5, nval6, falta, cusualt,
                   fmodifi, cusumod, ccla9, ccla10, nval7, nval8, nval9,
                   nval10
                  )
           VALUES (sdetalle_conf.NEXTVAL, 24, 8000047, 1, 80001, 0,
                   1384290, NULL, NULL, NULL, NULL, NULL, -31.6484198438169,
                   NULL, NULL, NULL, NULL, NULL, f_sysdate, f_user,
                   NULL, NULL, NULL, NULL, NULL, NULL, NULL,
                   NULL
                  );
   EXCEPTION
      WHEN DUP_VAL_ON_INDEX
      THEN
         NULL;
   END;

   BEGIN
      INSERT INTO sgt_subtabs_det
                  (sdetalle, cempres, csubtabla, cversubt, ccla1, ccla2,
                   ccla3, ccla4, ccla5, ccla6, ccla7, ccla8, nval1,
                   nval2, nval3, nval4, nval5, nval6, falta, cusualt,
                   fmodifi, cusumod, ccla9, ccla10, nval7, nval8, nval9,
                   nval10
                  )
           VALUES (sdetalle_conf.NEXTVAL, 24, 8000047, 1, 80002, 0,
                   1384290, NULL, NULL, NULL, NULL, NULL, -31.6484198438169,
                   NULL, NULL, NULL, NULL, NULL, f_sysdate, f_user,
                   NULL, NULL, NULL, NULL, NULL, NULL, NULL,
                   NULL
                  );
   EXCEPTION
      WHEN DUP_VAL_ON_INDEX
      THEN
         NULL;
   END;

   BEGIN
      INSERT INTO sgt_subtabs_det
                  (sdetalle, cempres, csubtabla, cversubt, ccla1, ccla2,
                   ccla3, ccla4, ccla5, ccla6, ccla7, ccla8, nval1,
                   nval2, nval3, nval4, nval5, nval6, falta, cusualt,
                   fmodifi, cusumod, ccla9, ccla10, nval7, nval8, nval9,
                   nval10
                  )
           VALUES (sdetalle_conf.NEXTVAL, 24, 8000047, 1, 80003, 0,
                   1384290, NULL, NULL, NULL, NULL, NULL, -31.6484198438169,
                   NULL, NULL, NULL, NULL, NULL, f_sysdate, f_user,
                   NULL, NULL, NULL, NULL, NULL, NULL, NULL,
                   NULL
                  );
   EXCEPTION
      WHEN DUP_VAL_ON_INDEX
      THEN
         NULL;
   END;

   BEGIN
      INSERT INTO sgt_subtabs_det
                  (sdetalle, cempres, csubtabla, cversubt, ccla1, ccla2,
                   ccla3, ccla4, ccla5, ccla6, ccla7, ccla8, nval1,
                   nval2, nval3, nval4, nval5, nval6, falta, cusualt,
                   fmodifi, cusumod, ccla9, ccla10, nval7, nval8, nval9,
                   nval10
                  )
           VALUES (sdetalle_conf.NEXTVAL, 24, 8000047, 1, 80001, 1,
                   1384290, NULL, NULL, NULL, NULL, NULL, 32.7222771552894,
                   NULL, NULL, NULL, NULL, NULL, f_sysdate, f_user,
                   NULL, NULL, NULL, NULL, NULL, NULL, NULL,
                   NULL
                  );
   EXCEPTION
      WHEN DUP_VAL_ON_INDEX
      THEN
         NULL;
   END;

   BEGIN
      INSERT INTO sgt_subtabs_det
                  (sdetalle, cempres, csubtabla, cversubt, ccla1, ccla2,
                   ccla3, ccla4, ccla5, ccla6, ccla7, ccla8, nval1,
                   nval2, nval3, nval4, nval5, nval6, falta, cusualt,
                   fmodifi, cusumod, ccla9, ccla10, nval7, nval8, nval9,
                   nval10
                  )
           VALUES (sdetalle_conf.NEXTVAL, 24, 8000047, 1, 80002, 1,
                   1384290, NULL, NULL, NULL, NULL, NULL, 32.7222771552894,
                   NULL, NULL, NULL, NULL, NULL, f_sysdate, f_user,
                   NULL, NULL, NULL, NULL, NULL, NULL, NULL,
                   NULL
                  );
   EXCEPTION
      WHEN DUP_VAL_ON_INDEX
      THEN
         NULL;
   END;

   BEGIN
      INSERT INTO sgt_subtabs_det
                  (sdetalle, cempres, csubtabla, cversubt, ccla1, ccla2,
                   ccla3, ccla4, ccla5, ccla6, ccla7, ccla8, nval1,
                   nval2, nval3, nval4, nval5, nval6, falta, cusualt,
                   fmodifi, cusumod, ccla9, ccla10, nval7, nval8, nval9,
                   nval10
                  )
           VALUES (sdetalle_conf.NEXTVAL, 24, 8000047, 1, 80003, 1,
                   1384290, NULL, NULL, NULL, NULL, NULL, 32.7222771552894,
                   NULL, NULL, NULL, NULL, NULL, f_sysdate, f_user,
                   NULL, NULL, NULL, NULL, NULL, NULL, NULL,
                   NULL
                  );
   EXCEPTION
      WHEN DUP_VAL_ON_INDEX
      THEN
         NULL;
   END;

   BEGIN
      INSERT INTO sgt_subtabs_det
                  (sdetalle, cempres, csubtabla, cversubt, ccla1, ccla2,
                   ccla3, ccla4, ccla5, ccla6, ccla7, ccla8, nval1,
                   nval2, nval3, nval4, nval5, nval6, falta, cusualt,
                   fmodifi, cusumod, ccla9, ccla10, nval7, nval8, nval9,
                   nval10
                  )
           VALUES (sdetalle_conf.NEXTVAL, 24, 8000047, 1, 80001, 0,
                   1384290, NULL, NULL, NULL, NULL, NULL, -31.6484198438169,
                   NULL, NULL, NULL, NULL, NULL, f_sysdate, f_user,
                   NULL, NULL, NULL, NULL, NULL, NULL, NULL,
                   NULL
                  );
   EXCEPTION
      WHEN DUP_VAL_ON_INDEX
      THEN
         NULL;
   END;

   BEGIN
      INSERT INTO sgt_subtabs_det
                  (sdetalle, cempres, csubtabla, cversubt, ccla1, ccla2,
                   ccla3, ccla4, ccla5, ccla6, ccla7, ccla8, nval1,
                   nval2, nval3, nval4, nval5, nval6, falta, cusualt,
                   fmodifi, cusumod, ccla9, ccla10, nval7, nval8, nval9,
                   nval10
                  )
           VALUES (sdetalle_conf.NEXTVAL, 24, 8000047, 1, 80002, 0,
                   1384290, NULL, NULL, NULL, NULL, NULL, -31.6484198438169,
                   NULL, NULL, NULL, NULL, NULL, f_sysdate, f_user,
                   NULL, NULL, NULL, NULL, NULL, NULL, NULL,
                   NULL
                  );
   EXCEPTION
      WHEN DUP_VAL_ON_INDEX
      THEN
         NULL;
   END;

   BEGIN
      INSERT INTO sgt_subtabs_det
                  (sdetalle, cempres, csubtabla, cversubt, ccla1, ccla2,
                   ccla3, ccla4, ccla5, ccla6, ccla7, ccla8, nval1,
                   nval2, nval3, nval4, nval5, nval6, falta, cusualt,
                   fmodifi, cusumod, ccla9, ccla10, nval7, nval8, nval9,
                   nval10
                  )
           VALUES (sdetalle_conf.NEXTVAL, 24, 8000047, 1, 80003, 0,
                   1384290, NULL, NULL, NULL, NULL, NULL, -31.6484198438169,
                   NULL, NULL, NULL, NULL, NULL, f_sysdate, f_user,
                   NULL, NULL, NULL, NULL, NULL, NULL, NULL,
                   NULL
                  );
   EXCEPTION
      WHEN DUP_VAL_ON_INDEX
      THEN
         NULL;
   END;

   BEGIN
      INSERT INTO sgt_subtabs_det
                  (sdetalle, cempres, csubtabla, cversubt, ccla1, ccla2,
                   ccla3, ccla4, ccla5, ccla6, ccla7, ccla8, nval1,
                   nval2, nval3, nval4, nval5, nval6, falta, cusualt,
                   fmodifi, cusumod, ccla9, ccla10, nval7, nval8, nval9,
                   nval10
                  )
           VALUES (sdetalle_conf.NEXTVAL, 24, 8000047, 1, 80001, 3,
                   1384290, NULL, NULL, NULL, NULL, NULL, -24.8294928356271,
                   NULL, NULL, NULL, NULL, NULL, f_sysdate, f_user,
                   NULL, NULL, NULL, NULL, NULL, NULL, NULL,
                   NULL
                  );
   EXCEPTION
      WHEN DUP_VAL_ON_INDEX
      THEN
         NULL;
   END;

   BEGIN
      INSERT INTO sgt_subtabs_det
                  (sdetalle, cempres, csubtabla, cversubt, ccla1, ccla2,
                   ccla3, ccla4, ccla5, ccla6, ccla7, ccla8, nval1,
                   nval2, nval3, nval4, nval5, nval6, falta, cusualt,
                   fmodifi, cusumod, ccla9, ccla10, nval7, nval8, nval9,
                   nval10
                  )
           VALUES (sdetalle_conf.NEXTVAL, 24, 8000047, 1, 80002, 3,
                   1384290, NULL, NULL, NULL, NULL, NULL, -24.8294928356271,
                   NULL, NULL, NULL, NULL, NULL, f_sysdate, f_user,
                   NULL, NULL, NULL, NULL, NULL, NULL, NULL,
                   NULL
                  );
   EXCEPTION
      WHEN DUP_VAL_ON_INDEX
      THEN
         NULL;
   END;

   BEGIN
      INSERT INTO sgt_subtabs_det
                  (sdetalle, cempres, csubtabla, cversubt, ccla1, ccla2,
                   ccla3, ccla4, ccla5, ccla6, ccla7, ccla8, nval1,
                   nval2, nval3, nval4, nval5, nval6, falta, cusualt,
                   fmodifi, cusumod, ccla9, ccla10, nval7, nval8, nval9,
                   nval10
                  )
           VALUES (sdetalle_conf.NEXTVAL, 24, 8000047, 1, 80003, 3,
                   1384290, NULL, NULL, NULL, NULL, NULL, -24.8294928356271,
                   NULL, NULL, NULL, NULL, NULL, f_sysdate, f_user,
                   NULL, NULL, NULL, NULL, NULL, NULL, NULL,
                   NULL
                  );
   EXCEPTION
      WHEN DUP_VAL_ON_INDEX
      THEN
         NULL;
   END;

   BEGIN
      INSERT INTO sgt_subtabs_det
                  (sdetalle, cempres, csubtabla, cversubt, ccla1, ccla2,
                   ccla3, ccla4, ccla5, ccla6, ccla7, ccla8, nval1,
                   nval2, nval3, nval4, nval5, nval6, falta, cusualt,
                   fmodifi, cusumod, ccla9, ccla10, nval7, nval8, nval9,
                   nval10
                  )
           VALUES (sdetalle_conf.NEXTVAL, 24, 8000047, 1, 80001, 1,
                   1384290, NULL, NULL, NULL, NULL, NULL, 32.7222771552894,
                   NULL, NULL, NULL, NULL, NULL, f_sysdate, f_user,
                   NULL, NULL, NULL, NULL, NULL, NULL, NULL,
                   NULL
                  );
   EXCEPTION
      WHEN DUP_VAL_ON_INDEX
      THEN
         NULL;
   END;

   BEGIN
      INSERT INTO sgt_subtabs_det
                  (sdetalle, cempres, csubtabla, cversubt, ccla1, ccla2,
                   ccla3, ccla4, ccla5, ccla6, ccla7, ccla8, nval1,
                   nval2, nval3, nval4, nval5, nval6, falta, cusualt,
                   fmodifi, cusumod, ccla9, ccla10, nval7, nval8, nval9,
                   nval10
                  )
           VALUES (sdetalle_conf.NEXTVAL, 24, 8000047, 1, 80002, 1,
                   1384290, NULL, NULL, NULL, NULL, NULL, 32.7222771552894,
                   NULL, NULL, NULL, NULL, NULL, f_sysdate, f_user,
                   NULL, NULL, NULL, NULL, NULL, NULL, NULL,
                   NULL
                  );
   EXCEPTION
      WHEN DUP_VAL_ON_INDEX
      THEN
         NULL;
   END;

   BEGIN
      INSERT INTO sgt_subtabs_det
                  (sdetalle, cempres, csubtabla, cversubt, ccla1, ccla2,
                   ccla3, ccla4, ccla5, ccla6, ccla7, ccla8, nval1,
                   nval2, nval3, nval4, nval5, nval6, falta, cusualt,
                   fmodifi, cusumod, ccla9, ccla10, nval7, nval8, nval9,
                   nval10
                  )
           VALUES (sdetalle_conf.NEXTVAL, 24, 8000047, 1, 80003, 1,
                   1384290, NULL, NULL, NULL, NULL, NULL, 32.7222771552894,
                   NULL, NULL, NULL, NULL, NULL, f_sysdate, f_user,
                   NULL, NULL, NULL, NULL, NULL, NULL, NULL,
                   NULL
                  );
   EXCEPTION
      WHEN DUP_VAL_ON_INDEX
      THEN
         NULL;
   END;

   BEGIN
      INSERT INTO sgt_subtabs_det
                  (sdetalle, cempres, csubtabla, cversubt, ccla1, ccla2,
                   ccla3, ccla4, ccla5, ccla6, ccla7, ccla8, nval1,
                   nval2, nval3, nval4, nval5, nval6, falta, cusualt,
                   fmodifi, cusumod, ccla9, ccla10, nval7, nval8, nval9,
                   nval10
                  )
           VALUES (sdetalle_conf.NEXTVAL, 24, 8000047, 1, 80001, 2,
                   1384290, NULL, NULL, NULL, NULL, NULL, -31.6484198438169,
                   NULL, NULL, NULL, NULL, NULL, f_sysdate, f_user,
                   NULL, NULL, NULL, NULL, NULL, NULL, NULL,
                   NULL
                  );
   EXCEPTION
      WHEN DUP_VAL_ON_INDEX
      THEN
         NULL;
   END;

   BEGIN
      INSERT INTO sgt_subtabs_det
                  (sdetalle, cempres, csubtabla, cversubt, ccla1, ccla2,
                   ccla3, ccla4, ccla5, ccla6, ccla7, ccla8, nval1,
                   nval2, nval3, nval4, nval5, nval6, falta, cusualt,
                   fmodifi, cusumod, ccla9, ccla10, nval7, nval8, nval9,
                   nval10
                  )
           VALUES (sdetalle_conf.NEXTVAL, 24, 8000047, 1, 80002, 2,
                   1384290, NULL, NULL, NULL, NULL, NULL, -31.6484198438169,
                   NULL, NULL, NULL, NULL, NULL, f_sysdate, f_user,
                   NULL, NULL, NULL, NULL, NULL, NULL, NULL,
                   NULL
                  );
   EXCEPTION
      WHEN DUP_VAL_ON_INDEX
      THEN
         NULL;
   END;

   BEGIN
      INSERT INTO sgt_subtabs_det
                  (sdetalle, cempres, csubtabla, cversubt, ccla1, ccla2,
                   ccla3, ccla4, ccla5, ccla6, ccla7, ccla8, nval1,
                   nval2, nval3, nval4, nval5, nval6, falta, cusualt,
                   fmodifi, cusumod, ccla9, ccla10, nval7, nval8, nval9,
                   nval10
                  )
           VALUES (sdetalle_conf.NEXTVAL, 24, 8000047, 1, 80003, 2,
                   1384290, NULL, NULL, NULL, NULL, NULL, -31.6484198438169,
                   NULL, NULL, NULL, NULL, NULL, f_sysdate, f_user,
                   NULL, NULL, NULL, NULL, NULL, NULL, NULL,
                   NULL
                  );
   EXCEPTION
      WHEN DUP_VAL_ON_INDEX
      THEN
         NULL;
   END;

   BEGIN
      INSERT INTO sgt_subtabs_det
                  (sdetalle, cempres, csubtabla, cversubt, ccla1, ccla2,
                   ccla3, ccla4, ccla5, ccla6, ccla7, ccla8, nval1,
                   nval2, nval3, nval4, nval5, nval6, falta, cusualt,
                   fmodifi, cusumod, ccla9, ccla10, nval7, nval8, nval9,
                   nval10
                  )
           VALUES (sdetalle_conf.NEXTVAL, 24, 8000047, 1, 80001, 0,
                   1384290, NULL, NULL, NULL, NULL, NULL, -31.6484198438169,
                   NULL, NULL, NULL, NULL, NULL, f_sysdate, f_user,
                   NULL, NULL, NULL, NULL, NULL, NULL, NULL,
                   NULL
                  );
   EXCEPTION
      WHEN DUP_VAL_ON_INDEX
      THEN
         NULL;
   END;

   BEGIN
      INSERT INTO sgt_subtabs_det
                  (sdetalle, cempres, csubtabla, cversubt, ccla1, ccla2,
                   ccla3, ccla4, ccla5, ccla6, ccla7, ccla8, nval1,
                   nval2, nval3, nval4, nval5, nval6, falta, cusualt,
                   fmodifi, cusumod, ccla9, ccla10, nval7, nval8, nval9,
                   nval10
                  )
           VALUES (sdetalle_conf.NEXTVAL, 24, 8000047, 1, 80002, 0,
                   1384290, NULL, NULL, NULL, NULL, NULL, -31.6484198438169,
                   NULL, NULL, NULL, NULL, NULL, f_sysdate, f_user,
                   NULL, NULL, NULL, NULL, NULL, NULL, NULL,
                   NULL
                  );
   EXCEPTION
      WHEN DUP_VAL_ON_INDEX
      THEN
         NULL;
   END;

   BEGIN
      INSERT INTO sgt_subtabs_det
                  (sdetalle, cempres, csubtabla, cversubt, ccla1, ccla2,
                   ccla3, ccla4, ccla5, ccla6, ccla7, ccla8, nval1,
                   nval2, nval3, nval4, nval5, nval6, falta, cusualt,
                   fmodifi, cusumod, ccla9, ccla10, nval7, nval8, nval9,
                   nval10
                  )
           VALUES (sdetalle_conf.NEXTVAL, 24, 8000047, 1, 80003, 0,
                   1384290, NULL, NULL, NULL, NULL, NULL, -31.6484198438169,
                   NULL, NULL, NULL, NULL, NULL, f_sysdate, f_user,
                   NULL, NULL, NULL, NULL, NULL, NULL, NULL,
                   NULL
                  );
   EXCEPTION
      WHEN DUP_VAL_ON_INDEX
      THEN
         NULL;
   END;

   BEGIN
      INSERT INTO sgt_subtabs_det
                  (sdetalle, cempres, csubtabla, cversubt, ccla1, ccla2,
                   ccla3, ccla4, ccla5, ccla6, ccla7, ccla8, nval1,
                   nval2, nval3, nval4, nval5, nval6, falta, cusualt,
                   fmodifi, cusumod, ccla9, ccla10, nval7, nval8, nval9,
                   nval10
                  )
           VALUES (sdetalle_conf.NEXTVAL, 24, 8000047, 1, 80001, 3,
                   1384290, NULL, NULL, NULL, NULL, NULL, -24.8294928356271,
                   NULL, NULL, NULL, NULL, NULL, f_sysdate, f_user,
                   NULL, NULL, NULL, NULL, NULL, NULL, NULL,
                   NULL
                  );
   EXCEPTION
      WHEN DUP_VAL_ON_INDEX
      THEN
         NULL;
   END;

   BEGIN
      INSERT INTO sgt_subtabs_det
                  (sdetalle, cempres, csubtabla, cversubt, ccla1, ccla2,
                   ccla3, ccla4, ccla5, ccla6, ccla7, ccla8, nval1,
                   nval2, nval3, nval4, nval5, nval6, falta, cusualt,
                   fmodifi, cusumod, ccla9, ccla10, nval7, nval8, nval9,
                   nval10
                  )
           VALUES (sdetalle_conf.NEXTVAL, 24, 8000047, 1, 80002, 3,
                   1384290, NULL, NULL, NULL, NULL, NULL, -24.8294928356271,
                   NULL, NULL, NULL, NULL, NULL, f_sysdate, f_user,
                   NULL, NULL, NULL, NULL, NULL, NULL, NULL,
                   NULL
                  );
   EXCEPTION
      WHEN DUP_VAL_ON_INDEX
      THEN
         NULL;
   END;

   BEGIN
      INSERT INTO sgt_subtabs_det
                  (sdetalle, cempres, csubtabla, cversubt, ccla1, ccla2,
                   ccla3, ccla4, ccla5, ccla6, ccla7, ccla8, nval1,
                   nval2, nval3, nval4, nval5, nval6, falta, cusualt,
                   fmodifi, cusumod, ccla9, ccla10, nval7, nval8, nval9,
                   nval10
                  )
           VALUES (sdetalle_conf.NEXTVAL, 24, 8000047, 1, 80003, 3,
                   1384290, NULL, NULL, NULL, NULL, NULL, -24.8294928356271,
                   NULL, NULL, NULL, NULL, NULL, f_sysdate, f_user,
                   NULL, NULL, NULL, NULL, NULL, NULL, NULL,
                   NULL
                  );
   EXCEPTION
      WHEN DUP_VAL_ON_INDEX
      THEN
         NULL;
   END;

   BEGIN
      INSERT INTO sgt_subtabs_det
                  (sdetalle, cempres, csubtabla, cversubt, ccla1, ccla2,
                   ccla3, ccla4, ccla5, ccla6, ccla7, ccla8, nval1,
                   nval2, nval3, nval4, nval5, nval6, falta, cusualt,
                   fmodifi, cusumod, ccla9, ccla10, nval7, nval8, nval9,
                   nval10
                  )
           VALUES (sdetalle_conf.NEXTVAL, 24, 8000047, 1, 80001, 1,
                   1384290, NULL, NULL, NULL, NULL, NULL, 32.7222771552894,
                   NULL, NULL, NULL, NULL, NULL, f_sysdate, f_user,
                   NULL, NULL, NULL, NULL, NULL, NULL, NULL,
                   NULL
                  );
   EXCEPTION
      WHEN DUP_VAL_ON_INDEX
      THEN
         NULL;
   END;

   BEGIN
      INSERT INTO sgt_subtabs_det
                  (sdetalle, cempres, csubtabla, cversubt, ccla1, ccla2,
                   ccla3, ccla4, ccla5, ccla6, ccla7, ccla8, nval1,
                   nval2, nval3, nval4, nval5, nval6, falta, cusualt,
                   fmodifi, cusumod, ccla9, ccla10, nval7, nval8, nval9,
                   nval10
                  )
           VALUES (sdetalle_conf.NEXTVAL, 24, 8000047, 1, 80002, 1,
                   1384290, NULL, NULL, NULL, NULL, NULL, 32.7222771552894,
                   NULL, NULL, NULL, NULL, NULL, f_sysdate, f_user,
                   NULL, NULL, NULL, NULL, NULL, NULL, NULL,
                   NULL
                  );
   EXCEPTION
      WHEN DUP_VAL_ON_INDEX
      THEN
         NULL;
   END;

   BEGIN
      INSERT INTO sgt_subtabs_det
                  (sdetalle, cempres, csubtabla, cversubt, ccla1, ccla2,
                   ccla3, ccla4, ccla5, ccla6, ccla7, ccla8, nval1,
                   nval2, nval3, nval4, nval5, nval6, falta, cusualt,
                   fmodifi, cusumod, ccla9, ccla10, nval7, nval8, nval9,
                   nval10
                  )
           VALUES (sdetalle_conf.NEXTVAL, 24, 8000047, 1, 80003, 1,
                   1384290, NULL, NULL, NULL, NULL, NULL, 32.7222771552894,
                   NULL, NULL, NULL, NULL, NULL, f_sysdate, f_user,
                   NULL, NULL, NULL, NULL, NULL, NULL, NULL,
                   NULL
                  );
   EXCEPTION
      WHEN DUP_VAL_ON_INDEX
      THEN
         NULL;
   END;

   BEGIN
      INSERT INTO sgt_subtabs_det
                  (sdetalle, cempres, csubtabla, cversubt, ccla1, ccla2,
                   ccla3, ccla4, ccla5, ccla6, ccla7, ccla8, nval1,
                   nval2, nval3, nval4, nval5, nval6, falta, cusualt,
                   fmodifi, cusumod, ccla9, ccla10, nval7, nval8, nval9,
                   nval10
                  )
           VALUES (sdetalle_conf.NEXTVAL, 24, 8000047, 1, 80001, 2,
                   1384290, NULL, NULL, NULL, NULL, NULL, -31.6484198438169,
                   NULL, NULL, NULL, NULL, NULL, f_sysdate, f_user,
                   NULL, NULL, NULL, NULL, NULL, NULL, NULL,
                   NULL
                  );
   EXCEPTION
      WHEN DUP_VAL_ON_INDEX
      THEN
         NULL;
   END;

   BEGIN
      INSERT INTO sgt_subtabs_det
                  (sdetalle, cempres, csubtabla, cversubt, ccla1, ccla2,
                   ccla3, ccla4, ccla5, ccla6, ccla7, ccla8, nval1,
                   nval2, nval3, nval4, nval5, nval6, falta, cusualt,
                   fmodifi, cusumod, ccla9, ccla10, nval7, nval8, nval9,
                   nval10
                  )
           VALUES (sdetalle_conf.NEXTVAL, 24, 8000047, 1, 80002, 2,
                   1384290, NULL, NULL, NULL, NULL, NULL, -31.6484198438169,
                   NULL, NULL, NULL, NULL, NULL, f_sysdate, f_user,
                   NULL, NULL, NULL, NULL, NULL, NULL, NULL,
                   NULL
                  );
   EXCEPTION
      WHEN DUP_VAL_ON_INDEX
      THEN
         NULL;
   END;

   BEGIN
      INSERT INTO sgt_subtabs_det
                  (sdetalle, cempres, csubtabla, cversubt, ccla1, ccla2,
                   ccla3, ccla4, ccla5, ccla6, ccla7, ccla8, nval1,
                   nval2, nval3, nval4, nval5, nval6, falta, cusualt,
                   fmodifi, cusumod, ccla9, ccla10, nval7, nval8, nval9,
                   nval10
                  )
           VALUES (sdetalle_conf.NEXTVAL, 24, 8000047, 1, 80003, 2,
                   1384290, NULL, NULL, NULL, NULL, NULL, -31.6484198438169,
                   NULL, NULL, NULL, NULL, NULL, f_sysdate, f_user,
                   NULL, NULL, NULL, NULL, NULL, NULL, NULL,
                   NULL
                  );
   EXCEPTION
      WHEN DUP_VAL_ON_INDEX
      THEN
         NULL;
   END;

   BEGIN
      INSERT INTO sgt_subtabs_det
                  (sdetalle, cempres, csubtabla, cversubt, ccla1, ccla2,
                   ccla3, ccla4, ccla5, ccla6, ccla7, ccla8, nval1,
                   nval2, nval3, nval4, nval5, nval6, falta, cusualt,
                   fmodifi, cusumod, ccla9, ccla10, nval7, nval8, nval9,
                   nval10
                  )
           VALUES (sdetalle_conf.NEXTVAL, 24, 8000047, 1, 80001, 1,
                   1384290, NULL, NULL, NULL, NULL, NULL, 32.7222771552894,
                   NULL, NULL, NULL, NULL, NULL, f_sysdate, f_user,
                   NULL, NULL, NULL, NULL, NULL, NULL, NULL,
                   NULL
                  );
   EXCEPTION
      WHEN DUP_VAL_ON_INDEX
      THEN
         NULL;
   END;

   BEGIN
      INSERT INTO sgt_subtabs_det
                  (sdetalle, cempres, csubtabla, cversubt, ccla1, ccla2,
                   ccla3, ccla4, ccla5, ccla6, ccla7, ccla8, nval1,
                   nval2, nval3, nval4, nval5, nval6, falta, cusualt,
                   fmodifi, cusumod, ccla9, ccla10, nval7, nval8, nval9,
                   nval10
                  )
           VALUES (sdetalle_conf.NEXTVAL, 24, 8000047, 1, 80002, 1,
                   1384290, NULL, NULL, NULL, NULL, NULL, 32.7222771552894,
                   NULL, NULL, NULL, NULL, NULL, f_sysdate, f_user,
                   NULL, NULL, NULL, NULL, NULL, NULL, NULL,
                   NULL
                  );
   EXCEPTION
      WHEN DUP_VAL_ON_INDEX
      THEN
         NULL;
   END;

   BEGIN
      INSERT INTO sgt_subtabs_det
                  (sdetalle, cempres, csubtabla, cversubt, ccla1, ccla2,
                   ccla3, ccla4, ccla5, ccla6, ccla7, ccla8, nval1,
                   nval2, nval3, nval4, nval5, nval6, falta, cusualt,
                   fmodifi, cusumod, ccla9, ccla10, nval7, nval8, nval9,
                   nval10
                  )
           VALUES (sdetalle_conf.NEXTVAL, 24, 8000047, 1, 80003, 1,
                   1384290, NULL, NULL, NULL, NULL, NULL, 32.7222771552894,
                   NULL, NULL, NULL, NULL, NULL, f_sysdate, f_user,
                   NULL, NULL, NULL, NULL, NULL, NULL, NULL,
                   NULL
                  );
   EXCEPTION
      WHEN DUP_VAL_ON_INDEX
      THEN
         NULL;
   END;

   BEGIN
      INSERT INTO sgt_subtabs_det
                  (sdetalle, cempres, csubtabla, cversubt, ccla1, ccla2,
                   ccla3, ccla4, ccla5, ccla6, ccla7, ccla8, nval1,
                   nval2, nval3, nval4, nval5, nval6, falta, cusualt,
                   fmodifi, cusumod, ccla9, ccla10, nval7, nval8, nval9,
                   nval10
                  )
           VALUES (sdetalle_conf.NEXTVAL, 24, 8000047, 1, 80001, 0,
                   1754720, NULL, NULL, NULL, NULL, NULL, 7.9614351328313,
                   NULL, NULL, NULL, NULL, NULL, f_sysdate, f_user,
                   NULL, NULL, NULL, NULL, NULL, NULL, NULL,
                   NULL
                  );
   EXCEPTION
      WHEN DUP_VAL_ON_INDEX
      THEN
         NULL;
   END;

   BEGIN
      INSERT INTO sgt_subtabs_det
                  (sdetalle, cempres, csubtabla, cversubt, ccla1, ccla2,
                   ccla3, ccla4, ccla5, ccla6, ccla7, ccla8, nval1,
                   nval2, nval3, nval4, nval5, nval6, falta, cusualt,
                   fmodifi, cusumod, ccla9, ccla10, nval7, nval8, nval9,
                   nval10
                  )
           VALUES (sdetalle_conf.NEXTVAL, 24, 8000047, 1, 80002, 0,
                   1754720, NULL, NULL, NULL, NULL, NULL, 7.9614351328313,
                   NULL, NULL, NULL, NULL, NULL, f_sysdate, f_user,
                   NULL, NULL, NULL, NULL, NULL, NULL, NULL,
                   NULL
                  );
   EXCEPTION
      WHEN DUP_VAL_ON_INDEX
      THEN
         NULL;
   END;

   BEGIN
      INSERT INTO sgt_subtabs_det
                  (sdetalle, cempres, csubtabla, cversubt, ccla1, ccla2,
                   ccla3, ccla4, ccla5, ccla6, ccla7, ccla8, nval1,
                   nval2, nval3, nval4, nval5, nval6, falta, cusualt,
                   fmodifi, cusumod, ccla9, ccla10, nval7, nval8, nval9,
                   nval10
                  )
           VALUES (sdetalle_conf.NEXTVAL, 24, 8000047, 1, 80003, 0,
                   1754720, NULL, NULL, NULL, NULL, NULL, 7.9614351328313,
                   NULL, NULL, NULL, NULL, NULL, f_sysdate, f_user,
                   NULL, NULL, NULL, NULL, NULL, NULL, NULL,
                   NULL
                  );
   EXCEPTION
      WHEN DUP_VAL_ON_INDEX
      THEN
         NULL;
   END;

   BEGIN
      INSERT INTO sgt_subtabs_det
                  (sdetalle, cempres, csubtabla, cversubt, ccla1, ccla2,
                   ccla3, ccla4, ccla5, ccla6, ccla7, ccla8, nval1,
                   nval2, nval3, nval4, nval5, nval6, falta, cusualt,
                   fmodifi, cusumod, ccla9, ccla10, nval7, nval8, nval9,
                   nval10
                  )
           VALUES (sdetalle_conf.NEXTVAL, 24, 8000047, 1, 80001, 3,
                   1754720, NULL, NULL, NULL, NULL, NULL, 4.37367621249543,
                   NULL, NULL, NULL, NULL, NULL, f_sysdate, f_user,
                   NULL, NULL, NULL, NULL, NULL, NULL, NULL,
                   NULL
                  );
   EXCEPTION
      WHEN DUP_VAL_ON_INDEX
      THEN
         NULL;
   END;

   BEGIN
      INSERT INTO sgt_subtabs_det
                  (sdetalle, cempres, csubtabla, cversubt, ccla1, ccla2,
                   ccla3, ccla4, ccla5, ccla6, ccla7, ccla8, nval1,
                   nval2, nval3, nval4, nval5, nval6, falta, cusualt,
                   fmodifi, cusumod, ccla9, ccla10, nval7, nval8, nval9,
                   nval10
                  )
           VALUES (sdetalle_conf.NEXTVAL, 24, 8000047, 1, 80002, 3,
                   1754720, NULL, NULL, NULL, NULL, NULL, 4.37367621249543,
                   NULL, NULL, NULL, NULL, NULL, f_sysdate, f_user,
                   NULL, NULL, NULL, NULL, NULL, NULL, NULL,
                   NULL
                  );
   EXCEPTION
      WHEN DUP_VAL_ON_INDEX
      THEN
         NULL;
   END;

   BEGIN
      INSERT INTO sgt_subtabs_det
                  (sdetalle, cempres, csubtabla, cversubt, ccla1, ccla2,
                   ccla3, ccla4, ccla5, ccla6, ccla7, ccla8, nval1,
                   nval2, nval3, nval4, nval5, nval6, falta, cusualt,
                   fmodifi, cusumod, ccla9, ccla10, nval7, nval8, nval9,
                   nval10
                  )
           VALUES (sdetalle_conf.NEXTVAL, 24, 8000047, 1, 80003, 3,
                   1754720, NULL, NULL, NULL, NULL, NULL, 4.37367621249543,
                   NULL, NULL, NULL, NULL, NULL, f_sysdate, f_user,
                   NULL, NULL, NULL, NULL, NULL, NULL, NULL,
                   NULL
                  );
   EXCEPTION
      WHEN DUP_VAL_ON_INDEX
      THEN
         NULL;
   END;

   BEGIN
      INSERT INTO sgt_subtabs_det
                  (sdetalle, cempres, csubtabla, cversubt, ccla1, ccla2,
                   ccla3, ccla4, ccla5, ccla6, ccla7, ccla8, nval1,
                   nval2, nval3, nval4, nval5, nval6, falta, cusualt,
                   fmodifi, cusumod, ccla9, ccla10, nval7, nval8, nval9,
                   nval10
                  )
           VALUES (sdetalle_conf.NEXTVAL, 24, 8000047, 1, 80001, 1,
                   1754720, NULL, NULL, NULL, NULL, NULL, 16.7089451778814,
                   NULL, NULL, NULL, NULL, NULL, f_sysdate, f_user,
                   NULL, NULL, NULL, NULL, NULL, NULL, NULL,
                   NULL
                  );
   EXCEPTION
      WHEN DUP_VAL_ON_INDEX
      THEN
         NULL;
   END;

   BEGIN
      INSERT INTO sgt_subtabs_det
                  (sdetalle, cempres, csubtabla, cversubt, ccla1, ccla2,
                   ccla3, ccla4, ccla5, ccla6, ccla7, ccla8, nval1,
                   nval2, nval3, nval4, nval5, nval6, falta, cusualt,
                   fmodifi, cusumod, ccla9, ccla10, nval7, nval8, nval9,
                   nval10
                  )
           VALUES (sdetalle_conf.NEXTVAL, 24, 8000047, 1, 80002, 1,
                   1754720, NULL, NULL, NULL, NULL, NULL, 16.7089451778814,
                   NULL, NULL, NULL, NULL, NULL, f_sysdate, f_user,
                   NULL, NULL, NULL, NULL, NULL, NULL, NULL,
                   NULL
                  );
   EXCEPTION
      WHEN DUP_VAL_ON_INDEX
      THEN
         NULL;
   END;

   BEGIN
      INSERT INTO sgt_subtabs_det
                  (sdetalle, cempres, csubtabla, cversubt, ccla1, ccla2,
                   ccla3, ccla4, ccla5, ccla6, ccla7, ccla8, nval1,
                   nval2, nval3, nval4, nval5, nval6, falta, cusualt,
                   fmodifi, cusumod, ccla9, ccla10, nval7, nval8, nval9,
                   nval10
                  )
           VALUES (sdetalle_conf.NEXTVAL, 24, 8000047, 1, 80003, 1,
                   1754720, NULL, NULL, NULL, NULL, NULL, 16.7089451778814,
                   NULL, NULL, NULL, NULL, NULL, f_sysdate, f_user,
                   NULL, NULL, NULL, NULL, NULL, NULL, NULL,
                   NULL
                  );
   EXCEPTION
      WHEN DUP_VAL_ON_INDEX
      THEN
         NULL;
   END;

   BEGIN
      INSERT INTO sgt_subtabs_det
                  (sdetalle, cempres, csubtabla, cversubt, ccla1, ccla2,
                   ccla3, ccla4, ccla5, ccla6, ccla7, ccla8, nval1,
                   nval2, nval3, nval4, nval5, nval6, falta, cusualt,
                   fmodifi, cusumod, ccla9, ccla10, nval7, nval8, nval9,
                   nval10
                  )
           VALUES (sdetalle_conf.NEXTVAL, 24, 8000047, 1, 80001, 1,
                   1754720, NULL, NULL, NULL, NULL, NULL, 16.7089451778814,
                   NULL, NULL, NULL, NULL, NULL, f_sysdate, f_user,
                   NULL, NULL, NULL, NULL, NULL, NULL, NULL,
                   NULL
                  );
   EXCEPTION
      WHEN DUP_VAL_ON_INDEX
      THEN
         NULL;
   END;

   BEGIN
      INSERT INTO sgt_subtabs_det
                  (sdetalle, cempres, csubtabla, cversubt, ccla1, ccla2,
                   ccla3, ccla4, ccla5, ccla6, ccla7, ccla8, nval1,
                   nval2, nval3, nval4, nval5, nval6, falta, cusualt,
                   fmodifi, cusumod, ccla9, ccla10, nval7, nval8, nval9,
                   nval10
                  )
           VALUES (sdetalle_conf.NEXTVAL, 24, 8000047, 1, 80002, 1,
                   1754720, NULL, NULL, NULL, NULL, NULL, 16.7089451778814,
                   NULL, NULL, NULL, NULL, NULL, f_sysdate, f_user,
                   NULL, NULL, NULL, NULL, NULL, NULL, NULL,
                   NULL
                  );
   EXCEPTION
      WHEN DUP_VAL_ON_INDEX
      THEN
         NULL;
   END;

   BEGIN
      INSERT INTO sgt_subtabs_det
                  (sdetalle, cempres, csubtabla, cversubt, ccla1, ccla2,
                   ccla3, ccla4, ccla5, ccla6, ccla7, ccla8, nval1,
                   nval2, nval3, nval4, nval5, nval6, falta, cusualt,
                   fmodifi, cusumod, ccla9, ccla10, nval7, nval8, nval9,
                   nval10
                  )
           VALUES (sdetalle_conf.NEXTVAL, 24, 8000047, 1, 80003, 1,
                   1754720, NULL, NULL, NULL, NULL, NULL, 16.7089451778814,
                   NULL, NULL, NULL, NULL, NULL, f_sysdate, f_user,
                   NULL, NULL, NULL, NULL, NULL, NULL, NULL,
                   NULL
                  );
   EXCEPTION
      WHEN DUP_VAL_ON_INDEX
      THEN
         NULL;
   END;

   BEGIN
      INSERT INTO sgt_subtabs_det
                  (sdetalle, cempres, csubtabla, cversubt, ccla1, ccla2,
                   ccla3, ccla4, ccla5, ccla6, ccla7, ccla8, nval1,
                   nval2, nval3, nval4, nval5, nval6, falta, cusualt,
                   fmodifi, cusumod, ccla9, ccla10, nval7, nval8, nval9,
                   nval10
                  )
           VALUES (sdetalle_conf.NEXTVAL, 24, 8000047, 1, 80001, 2,
                   1754720, NULL, NULL, NULL, NULL, NULL, 7.9614351328313,
                   NULL, NULL, NULL, NULL, NULL, f_sysdate, f_user,
                   NULL, NULL, NULL, NULL, NULL, NULL, NULL,
                   NULL
                  );
   EXCEPTION
      WHEN DUP_VAL_ON_INDEX
      THEN
         NULL;
   END;

   BEGIN
      INSERT INTO sgt_subtabs_det
                  (sdetalle, cempres, csubtabla, cversubt, ccla1, ccla2,
                   ccla3, ccla4, ccla5, ccla6, ccla7, ccla8, nval1,
                   nval2, nval3, nval4, nval5, nval6, falta, cusualt,
                   fmodifi, cusumod, ccla9, ccla10, nval7, nval8, nval9,
                   nval10
                  )
           VALUES (sdetalle_conf.NEXTVAL, 24, 8000047, 1, 80002, 2,
                   1754720, NULL, NULL, NULL, NULL, NULL, 7.9614351328313,
                   NULL, NULL, NULL, NULL, NULL, f_sysdate, f_user,
                   NULL, NULL, NULL, NULL, NULL, NULL, NULL,
                   NULL
                  );
   EXCEPTION
      WHEN DUP_VAL_ON_INDEX
      THEN
         NULL;
   END;

   BEGIN
      INSERT INTO sgt_subtabs_det
                  (sdetalle, cempres, csubtabla, cversubt, ccla1, ccla2,
                   ccla3, ccla4, ccla5, ccla6, ccla7, ccla8, nval1,
                   nval2, nval3, nval4, nval5, nval6, falta, cusualt,
                   fmodifi, cusumod, ccla9, ccla10, nval7, nval8, nval9,
                   nval10
                  )
           VALUES (sdetalle_conf.NEXTVAL, 24, 8000047, 1, 80003, 2,
                   1754720, NULL, NULL, NULL, NULL, NULL, 7.9614351328313,
                   NULL, NULL, NULL, NULL, NULL, f_sysdate, f_user,
                   NULL, NULL, NULL, NULL, NULL, NULL, NULL,
                   NULL
                  );
   EXCEPTION
      WHEN DUP_VAL_ON_INDEX
      THEN
         NULL;
   END;

   BEGIN
      INSERT INTO sgt_subtabs_det
                  (sdetalle, cempres, csubtabla, cversubt, ccla1, ccla2,
                   ccla3, ccla4, ccla5, ccla6, ccla7, ccla8, nval1,
                   nval2, nval3, nval4, nval5, nval6, falta, cusualt,
                   fmodifi, cusumod, ccla9, ccla10, nval7, nval8, nval9,
                   nval10
                  )
           VALUES (sdetalle_conf.NEXTVAL, 24, 8000047, 1, 80001, 0,
                   1754720, NULL, NULL, NULL, NULL, NULL, 7.9614351328313,
                   NULL, NULL, NULL, NULL, NULL, f_sysdate, f_user,
                   NULL, NULL, NULL, NULL, NULL, NULL, NULL,
                   NULL
                  );
   EXCEPTION
      WHEN DUP_VAL_ON_INDEX
      THEN
         NULL;
   END;

   BEGIN
      INSERT INTO sgt_subtabs_det
                  (sdetalle, cempres, csubtabla, cversubt, ccla1, ccla2,
                   ccla3, ccla4, ccla5, ccla6, ccla7, ccla8, nval1,
                   nval2, nval3, nval4, nval5, nval6, falta, cusualt,
                   fmodifi, cusumod, ccla9, ccla10, nval7, nval8, nval9,
                   nval10
                  )
           VALUES (sdetalle_conf.NEXTVAL, 24, 8000047, 1, 80002, 0,
                   1754720, NULL, NULL, NULL, NULL, NULL, 7.9614351328313,
                   NULL, NULL, NULL, NULL, NULL, f_sysdate, f_user,
                   NULL, NULL, NULL, NULL, NULL, NULL, NULL,
                   NULL
                  );
   EXCEPTION
      WHEN DUP_VAL_ON_INDEX
      THEN
         NULL;
   END;

   BEGIN
      INSERT INTO sgt_subtabs_det
                  (sdetalle, cempres, csubtabla, cversubt, ccla1, ccla2,
                   ccla3, ccla4, ccla5, ccla6, ccla7, ccla8, nval1,
                   nval2, nval3, nval4, nval5, nval6, falta, cusualt,
                   fmodifi, cusumod, ccla9, ccla10, nval7, nval8, nval9,
                   nval10
                  )
           VALUES (sdetalle_conf.NEXTVAL, 24, 8000047, 1, 80003, 0,
                   1754720, NULL, NULL, NULL, NULL, NULL, 7.9614351328313,
                   NULL, NULL, NULL, NULL, NULL, f_sysdate, f_user,
                   NULL, NULL, NULL, NULL, NULL, NULL, NULL,
                   NULL
                  );
   EXCEPTION
      WHEN DUP_VAL_ON_INDEX
      THEN
         NULL;
   END;

   BEGIN
      INSERT INTO sgt_subtabs_det
                  (sdetalle, cempres, csubtabla, cversubt, ccla1, ccla2,
                   ccla3, ccla4, ccla5, ccla6, ccla7, ccla8, nval1,
                   nval2, nval3, nval4, nval5, nval6, falta, cusualt,
                   fmodifi, cusumod, ccla9, ccla10, nval7, nval8, nval9,
                   nval10
                  )
           VALUES (sdetalle_conf.NEXTVAL, 24, 8000047, 1, 80001, 3,
                   1754720, NULL, NULL, NULL, NULL, NULL, 4.37367621249543,
                   NULL, NULL, NULL, NULL, NULL, f_sysdate, f_user,
                   NULL, NULL, NULL, NULL, NULL, NULL, NULL,
                   NULL
                  );
   EXCEPTION
      WHEN DUP_VAL_ON_INDEX
      THEN
         NULL;
   END;

   BEGIN
      INSERT INTO sgt_subtabs_det
                  (sdetalle, cempres, csubtabla, cversubt, ccla1, ccla2,
                   ccla3, ccla4, ccla5, ccla6, ccla7, ccla8, nval1,
                   nval2, nval3, nval4, nval5, nval6, falta, cusualt,
                   fmodifi, cusumod, ccla9, ccla10, nval7, nval8, nval9,
                   nval10
                  )
           VALUES (sdetalle_conf.NEXTVAL, 24, 8000047, 1, 80002, 3,
                   1754720, NULL, NULL, NULL, NULL, NULL, 4.37367621249543,
                   NULL, NULL, NULL, NULL, NULL, f_sysdate, f_user,
                   NULL, NULL, NULL, NULL, NULL, NULL, NULL,
                   NULL
                  );
   EXCEPTION
      WHEN DUP_VAL_ON_INDEX
      THEN
         NULL;
   END;

   BEGIN
      INSERT INTO sgt_subtabs_det
                  (sdetalle, cempres, csubtabla, cversubt, ccla1, ccla2,
                   ccla3, ccla4, ccla5, ccla6, ccla7, ccla8, nval1,
                   nval2, nval3, nval4, nval5, nval6, falta, cusualt,
                   fmodifi, cusumod, ccla9, ccla10, nval7, nval8, nval9,
                   nval10
                  )
           VALUES (sdetalle_conf.NEXTVAL, 24, 8000047, 1, 80003, 3,
                   1754720, NULL, NULL, NULL, NULL, NULL, 4.37367621249543,
                   NULL, NULL, NULL, NULL, NULL, f_sysdate, f_user,
                   NULL, NULL, NULL, NULL, NULL, NULL, NULL,
                   NULL
                  );
   EXCEPTION
      WHEN DUP_VAL_ON_INDEX
      THEN
         NULL;
   END;

   BEGIN
      INSERT INTO sgt_subtabs_det
                  (sdetalle, cempres, csubtabla, cversubt, ccla1, ccla2,
                   ccla3, ccla4, ccla5, ccla6, ccla7, ccla8, nval1,
                   nval2, nval3, nval4, nval5, nval6, falta, cusualt,
                   fmodifi, cusumod, ccla9, ccla10, nval7, nval8, nval9,
                   nval10
                  )
           VALUES (sdetalle_conf.NEXTVAL, 24, 8000047, 1, 80001, 1,
                   1754720, NULL, NULL, NULL, NULL, NULL, 16.7089451778814,
                   NULL, NULL, NULL, NULL, NULL, f_sysdate, f_user,
                   NULL, NULL, NULL, NULL, NULL, NULL, NULL,
                   NULL
                  );
   EXCEPTION
      WHEN DUP_VAL_ON_INDEX
      THEN
         NULL;
   END;

   BEGIN
      INSERT INTO sgt_subtabs_det
                  (sdetalle, cempres, csubtabla, cversubt, ccla1, ccla2,
                   ccla3, ccla4, ccla5, ccla6, ccla7, ccla8, nval1,
                   nval2, nval3, nval4, nval5, nval6, falta, cusualt,
                   fmodifi, cusumod, ccla9, ccla10, nval7, nval8, nval9,
                   nval10
                  )
           VALUES (sdetalle_conf.NEXTVAL, 24, 8000047, 1, 80002, 1,
                   1754720, NULL, NULL, NULL, NULL, NULL, 16.7089451778814,
                   NULL, NULL, NULL, NULL, NULL, f_sysdate, f_user,
                   NULL, NULL, NULL, NULL, NULL, NULL, NULL,
                   NULL
                  );
   EXCEPTION
      WHEN DUP_VAL_ON_INDEX
      THEN
         NULL;
   END;

   BEGIN
      INSERT INTO sgt_subtabs_det
                  (sdetalle, cempres, csubtabla, cversubt, ccla1, ccla2,
                   ccla3, ccla4, ccla5, ccla6, ccla7, ccla8, nval1,
                   nval2, nval3, nval4, nval5, nval6, falta, cusualt,
                   fmodifi, cusumod, ccla9, ccla10, nval7, nval8, nval9,
                   nval10
                  )
           VALUES (sdetalle_conf.NEXTVAL, 24, 8000047, 1, 80003, 1,
                   1754720, NULL, NULL, NULL, NULL, NULL, 16.7089451778814,
                   NULL, NULL, NULL, NULL, NULL, f_sysdate, f_user,
                   NULL, NULL, NULL, NULL, NULL, NULL, NULL,
                   NULL
                  );
   EXCEPTION
      WHEN DUP_VAL_ON_INDEX
      THEN
         NULL;
   END;

   BEGIN
      INSERT INTO sgt_subtabs_det
                  (sdetalle, cempres, csubtabla, cversubt, ccla1, ccla2,
                   ccla3, ccla4, ccla5, ccla6, ccla7, ccla8, nval1,
                   nval2, nval3, nval4, nval5, nval6, falta, cusualt,
                   fmodifi, cusumod, ccla9, ccla10, nval7, nval8, nval9,
                   nval10
                  )
           VALUES (sdetalle_conf.NEXTVAL, 24, 8000047, 1, 80001, 1,
                   1754720, NULL, NULL, NULL, NULL, NULL, 16.7089451778814,
                   NULL, NULL, NULL, NULL, NULL, f_sysdate, f_user,
                   NULL, NULL, NULL, NULL, NULL, NULL, NULL,
                   NULL
                  );
   EXCEPTION
      WHEN DUP_VAL_ON_INDEX
      THEN
         NULL;
   END;

   BEGIN
      INSERT INTO sgt_subtabs_det
                  (sdetalle, cempres, csubtabla, cversubt, ccla1, ccla2,
                   ccla3, ccla4, ccla5, ccla6, ccla7, ccla8, nval1,
                   nval2, nval3, nval4, nval5, nval6, falta, cusualt,
                   fmodifi, cusumod, ccla9, ccla10, nval7, nval8, nval9,
                   nval10
                  )
           VALUES (sdetalle_conf.NEXTVAL, 24, 8000047, 1, 80002, 1,
                   1754720, NULL, NULL, NULL, NULL, NULL, 16.7089451778814,
                   NULL, NULL, NULL, NULL, NULL, f_sysdate, f_user,
                   NULL, NULL, NULL, NULL, NULL, NULL, NULL,
                   NULL
                  );
   EXCEPTION
      WHEN DUP_VAL_ON_INDEX
      THEN
         NULL;
   END;

   BEGIN
      INSERT INTO sgt_subtabs_det
                  (sdetalle, cempres, csubtabla, cversubt, ccla1, ccla2,
                   ccla3, ccla4, ccla5, ccla6, ccla7, ccla8, nval1,
                   nval2, nval3, nval4, nval5, nval6, falta, cusualt,
                   fmodifi, cusumod, ccla9, ccla10, nval7, nval8, nval9,
                   nval10
                  )
           VALUES (sdetalle_conf.NEXTVAL, 24, 8000047, 1, 80003, 1,
                   1754720, NULL, NULL, NULL, NULL, NULL, 16.7089451778814,
                   NULL, NULL, NULL, NULL, NULL, f_sysdate, f_user,
                   NULL, NULL, NULL, NULL, NULL, NULL, NULL,
                   NULL
                  );
   EXCEPTION
      WHEN DUP_VAL_ON_INDEX
      THEN
         NULL;
   END;

   BEGIN
      INSERT INTO sgt_subtabs_det
                  (sdetalle, cempres, csubtabla, cversubt, ccla1, ccla2,
                   ccla3, ccla4, ccla5, ccla6, ccla7, ccla8, nval1,
                   nval2, nval3, nval4, nval5, nval6, falta, cusualt,
                   fmodifi, cusumod, ccla9, ccla10, nval7, nval8, nval9,
                   nval10
                  )
           VALUES (sdetalle_conf.NEXTVAL, 24, 8000047, 1, 80001, 2,
                   1754720, NULL, NULL, NULL, NULL, NULL, 7.9614351328313,
                   NULL, NULL, NULL, NULL, NULL, f_sysdate, f_user,
                   NULL, NULL, NULL, NULL, NULL, NULL, NULL,
                   NULL
                  );
   EXCEPTION
      WHEN DUP_VAL_ON_INDEX
      THEN
         NULL;
   END;

   BEGIN
      INSERT INTO sgt_subtabs_det
                  (sdetalle, cempres, csubtabla, cversubt, ccla1, ccla2,
                   ccla3, ccla4, ccla5, ccla6, ccla7, ccla8, nval1,
                   nval2, nval3, nval4, nval5, nval6, falta, cusualt,
                   fmodifi, cusumod, ccla9, ccla10, nval7, nval8, nval9,
                   nval10
                  )
           VALUES (sdetalle_conf.NEXTVAL, 24, 8000047, 1, 80002, 2,
                   1754720, NULL, NULL, NULL, NULL, NULL, 7.9614351328313,
                   NULL, NULL, NULL, NULL, NULL, f_sysdate, f_user,
                   NULL, NULL, NULL, NULL, NULL, NULL, NULL,
                   NULL
                  );
   EXCEPTION
      WHEN DUP_VAL_ON_INDEX
      THEN
         NULL;
   END;

   BEGIN
      INSERT INTO sgt_subtabs_det
                  (sdetalle, cempres, csubtabla, cversubt, ccla1, ccla2,
                   ccla3, ccla4, ccla5, ccla6, ccla7, ccla8, nval1,
                   nval2, nval3, nval4, nval5, nval6, falta, cusualt,
                   fmodifi, cusumod, ccla9, ccla10, nval7, nval8, nval9,
                   nval10
                  )
           VALUES (sdetalle_conf.NEXTVAL, 24, 8000047, 1, 80003, 2,
                   1754720, NULL, NULL, NULL, NULL, NULL, 7.9614351328313,
                   NULL, NULL, NULL, NULL, NULL, f_sysdate, f_user,
                   NULL, NULL, NULL, NULL, NULL, NULL, NULL,
                   NULL
                  );
   EXCEPTION
      WHEN DUP_VAL_ON_INDEX
      THEN
         NULL;
   END;

   BEGIN
      INSERT INTO sgt_subtabs_det
                  (sdetalle, cempres, csubtabla, cversubt, ccla1, ccla2,
                   ccla3, ccla4, ccla5, ccla6, ccla7, ccla8, nval1,
                   nval2, nval3, nval4, nval5, nval6, falta, cusualt,
                   fmodifi, cusumod, ccla9, ccla10, nval7, nval8, nval9,
                   nval10
                  )
           VALUES (sdetalle_conf.NEXTVAL, 24, 8000047, 1, 80001, 0,
                   1754720, NULL, NULL, NULL, NULL, NULL, 7.9614351328313,
                   NULL, NULL, NULL, NULL, NULL, f_sysdate, f_user,
                   NULL, NULL, NULL, NULL, NULL, NULL, NULL,
                   NULL
                  );
   EXCEPTION
      WHEN DUP_VAL_ON_INDEX
      THEN
         NULL;
   END;

   BEGIN
      INSERT INTO sgt_subtabs_det
                  (sdetalle, cempres, csubtabla, cversubt, ccla1, ccla2,
                   ccla3, ccla4, ccla5, ccla6, ccla7, ccla8, nval1,
                   nval2, nval3, nval4, nval5, nval6, falta, cusualt,
                   fmodifi, cusumod, ccla9, ccla10, nval7, nval8, nval9,
                   nval10
                  )
           VALUES (sdetalle_conf.NEXTVAL, 24, 8000047, 1, 80002, 0,
                   1754720, NULL, NULL, NULL, NULL, NULL, 7.9614351328313,
                   NULL, NULL, NULL, NULL, NULL, f_sysdate, f_user,
                   NULL, NULL, NULL, NULL, NULL, NULL, NULL,
                   NULL
                  );
   EXCEPTION
      WHEN DUP_VAL_ON_INDEX
      THEN
         NULL;
   END;

   BEGIN
      INSERT INTO sgt_subtabs_det
                  (sdetalle, cempres, csubtabla, cversubt, ccla1, ccla2,
                   ccla3, ccla4, ccla5, ccla6, ccla7, ccla8, nval1,
                   nval2, nval3, nval4, nval5, nval6, falta, cusualt,
                   fmodifi, cusumod, ccla9, ccla10, nval7, nval8, nval9,
                   nval10
                  )
           VALUES (sdetalle_conf.NEXTVAL, 24, 8000047, 1, 80003, 0,
                   1754720, NULL, NULL, NULL, NULL, NULL, 7.9614351328313,
                   NULL, NULL, NULL, NULL, NULL, f_sysdate, f_user,
                   NULL, NULL, NULL, NULL, NULL, NULL, NULL,
                   NULL
                  );
   EXCEPTION
      WHEN DUP_VAL_ON_INDEX
      THEN
         NULL;
   END;

   BEGIN
      INSERT INTO sgt_subtabs_det
                  (sdetalle, cempres, csubtabla, cversubt, ccla1, ccla2,
                   ccla3, ccla4, ccla5, ccla6, ccla7, ccla8, nval1,
                   nval2, nval3, nval4, nval5, nval6, falta, cusualt,
                   fmodifi, cusumod, ccla9, ccla10, nval7, nval8, nval9,
                   nval10
                  )
           VALUES (sdetalle_conf.NEXTVAL, 24, 8000047, 1, 80001, 1,
                   1754720, NULL, NULL, NULL, NULL, NULL, 16.7089451778814,
                   NULL, NULL, NULL, NULL, NULL, f_sysdate, f_user,
                   NULL, NULL, NULL, NULL, NULL, NULL, NULL,
                   NULL
                  );
   EXCEPTION
      WHEN DUP_VAL_ON_INDEX
      THEN
         NULL;
   END;

   BEGIN
      INSERT INTO sgt_subtabs_det
                  (sdetalle, cempres, csubtabla, cversubt, ccla1, ccla2,
                   ccla3, ccla4, ccla5, ccla6, ccla7, ccla8, nval1,
                   nval2, nval3, nval4, nval5, nval6, falta, cusualt,
                   fmodifi, cusumod, ccla9, ccla10, nval7, nval8, nval9,
                   nval10
                  )
           VALUES (sdetalle_conf.NEXTVAL, 24, 8000047, 1, 80002, 1,
                   1754720, NULL, NULL, NULL, NULL, NULL, 16.7089451778814,
                   NULL, NULL, NULL, NULL, NULL, f_sysdate, f_user,
                   NULL, NULL, NULL, NULL, NULL, NULL, NULL,
                   NULL
                  );
   EXCEPTION
      WHEN DUP_VAL_ON_INDEX
      THEN
         NULL;
   END;

   BEGIN
      INSERT INTO sgt_subtabs_det
                  (sdetalle, cempres, csubtabla, cversubt, ccla1, ccla2,
                   ccla3, ccla4, ccla5, ccla6, ccla7, ccla8, nval1,
                   nval2, nval3, nval4, nval5, nval6, falta, cusualt,
                   fmodifi, cusumod, ccla9, ccla10, nval7, nval8, nval9,
                   nval10
                  )
           VALUES (sdetalle_conf.NEXTVAL, 24, 8000047, 1, 80003, 1,
                   1754720, NULL, NULL, NULL, NULL, NULL, 16.7089451778814,
                   NULL, NULL, NULL, NULL, NULL, f_sysdate, f_user,
                   NULL, NULL, NULL, NULL, NULL, NULL, NULL,
                   NULL
                  );
   EXCEPTION
      WHEN DUP_VAL_ON_INDEX
      THEN
         NULL;
   END;

   BEGIN
      INSERT INTO sgt_subtabs_det
                  (sdetalle, cempres, csubtabla, cversubt, ccla1, ccla2,
                   ccla3, ccla4, ccla5, ccla6, ccla7, ccla8, nval1,
                   nval2, nval3, nval4, nval5, nval6, falta, cusualt,
                   fmodifi, cusumod, ccla9, ccla10, nval7, nval8, nval9,
                   nval10
                  )
           VALUES (sdetalle_conf.NEXTVAL, 24, 8000047, 1, 80001, 0,
                   1754720, NULL, NULL, NULL, NULL, NULL, 7.9614351328313,
                   NULL, NULL, NULL, NULL, NULL, f_sysdate, f_user,
                   NULL, NULL, NULL, NULL, NULL, NULL, NULL,
                   NULL
                  );
   EXCEPTION
      WHEN DUP_VAL_ON_INDEX
      THEN
         NULL;
   END;

   BEGIN
      INSERT INTO sgt_subtabs_det
                  (sdetalle, cempres, csubtabla, cversubt, ccla1, ccla2,
                   ccla3, ccla4, ccla5, ccla6, ccla7, ccla8, nval1,
                   nval2, nval3, nval4, nval5, nval6, falta, cusualt,
                   fmodifi, cusumod, ccla9, ccla10, nval7, nval8, nval9,
                   nval10
                  )
           VALUES (sdetalle_conf.NEXTVAL, 24, 8000047, 1, 80002, 0,
                   1754720, NULL, NULL, NULL, NULL, NULL, 7.9614351328313,
                   NULL, NULL, NULL, NULL, NULL, f_sysdate, f_user,
                   NULL, NULL, NULL, NULL, NULL, NULL, NULL,
                   NULL
                  );
   EXCEPTION
      WHEN DUP_VAL_ON_INDEX
      THEN
         NULL;
   END;

   BEGIN
      INSERT INTO sgt_subtabs_det
                  (sdetalle, cempres, csubtabla, cversubt, ccla1, ccla2,
                   ccla3, ccla4, ccla5, ccla6, ccla7, ccla8, nval1,
                   nval2, nval3, nval4, nval5, nval6, falta, cusualt,
                   fmodifi, cusumod, ccla9, ccla10, nval7, nval8, nval9,
                   nval10
                  )
           VALUES (sdetalle_conf.NEXTVAL, 24, 8000047, 1, 80003, 0,
                   1754720, NULL, NULL, NULL, NULL, NULL, 7.9614351328313,
                   NULL, NULL, NULL, NULL, NULL, f_sysdate, f_user,
                   NULL, NULL, NULL, NULL, NULL, NULL, NULL,
                   NULL
                  );
   EXCEPTION
      WHEN DUP_VAL_ON_INDEX
      THEN
         NULL;
   END;

   BEGIN
      INSERT INTO sgt_subtabs_det
                  (sdetalle, cempres, csubtabla, cversubt, ccla1, ccla2,
                   ccla3, ccla4, ccla5, ccla6, ccla7, ccla8, nval1,
                   nval2, nval3, nval4, nval5, nval6, falta, cusualt,
                   fmodifi, cusumod, ccla9, ccla10, nval7, nval8, nval9,
                   nval10
                  )
           VALUES (sdetalle_conf.NEXTVAL, 24, 8000047, 1, 80001, 3,
                   1754720, NULL, NULL, NULL, NULL, NULL, 4.37367621249543,
                   NULL, NULL, NULL, NULL, NULL, f_sysdate, f_user,
                   NULL, NULL, NULL, NULL, NULL, NULL, NULL,
                   NULL
                  );
   EXCEPTION
      WHEN DUP_VAL_ON_INDEX
      THEN
         NULL;
   END;

   BEGIN
      INSERT INTO sgt_subtabs_det
                  (sdetalle, cempres, csubtabla, cversubt, ccla1, ccla2,
                   ccla3, ccla4, ccla5, ccla6, ccla7, ccla8, nval1,
                   nval2, nval3, nval4, nval5, nval6, falta, cusualt,
                   fmodifi, cusumod, ccla9, ccla10, nval7, nval8, nval9,
                   nval10
                  )
           VALUES (sdetalle_conf.NEXTVAL, 24, 8000047, 1, 80002, 3,
                   1754720, NULL, NULL, NULL, NULL, NULL, 4.37367621249543,
                   NULL, NULL, NULL, NULL, NULL, f_sysdate, f_user,
                   NULL, NULL, NULL, NULL, NULL, NULL, NULL,
                   NULL
                  );
   EXCEPTION
      WHEN DUP_VAL_ON_INDEX
      THEN
         NULL;
   END;

   BEGIN
      INSERT INTO sgt_subtabs_det
                  (sdetalle, cempres, csubtabla, cversubt, ccla1, ccla2,
                   ccla3, ccla4, ccla5, ccla6, ccla7, ccla8, nval1,
                   nval2, nval3, nval4, nval5, nval6, falta, cusualt,
                   fmodifi, cusumod, ccla9, ccla10, nval7, nval8, nval9,
                   nval10
                  )
           VALUES (sdetalle_conf.NEXTVAL, 24, 8000047, 1, 80003, 3,
                   1754720, NULL, NULL, NULL, NULL, NULL, 4.37367621249543,
                   NULL, NULL, NULL, NULL, NULL, f_sysdate, f_user,
                   NULL, NULL, NULL, NULL, NULL, NULL, NULL,
                   NULL
                  );
   EXCEPTION
      WHEN DUP_VAL_ON_INDEX
      THEN
         NULL;
   END;

   BEGIN
      INSERT INTO sgt_subtabs_det
                  (sdetalle, cempres, csubtabla, cversubt, ccla1, ccla2,
                   ccla3, ccla4, ccla5, ccla6, ccla7, ccla8, nval1,
                   nval2, nval3, nval4, nval5, nval6, falta, cusualt,
                   fmodifi, cusumod, ccla9, ccla10, nval7, nval8, nval9,
                   nval10
                  )
           VALUES (sdetalle_conf.NEXTVAL, 24, 8000047, 1, 80001, 1,
                   1754720, NULL, NULL, NULL, NULL, NULL, 16.7089451778814,
                   NULL, NULL, NULL, NULL, NULL, f_sysdate, f_user,
                   NULL, NULL, NULL, NULL, NULL, NULL, NULL,
                   NULL
                  );
   EXCEPTION
      WHEN DUP_VAL_ON_INDEX
      THEN
         NULL;
   END;

   BEGIN
      INSERT INTO sgt_subtabs_det
                  (sdetalle, cempres, csubtabla, cversubt, ccla1, ccla2,
                   ccla3, ccla4, ccla5, ccla6, ccla7, ccla8, nval1,
                   nval2, nval3, nval4, nval5, nval6, falta, cusualt,
                   fmodifi, cusumod, ccla9, ccla10, nval7, nval8, nval9,
                   nval10
                  )
           VALUES (sdetalle_conf.NEXTVAL, 24, 8000047, 1, 80002, 1,
                   1754720, NULL, NULL, NULL, NULL, NULL, 16.7089451778814,
                   NULL, NULL, NULL, NULL, NULL, f_sysdate, f_user,
                   NULL, NULL, NULL, NULL, NULL, NULL, NULL,
                   NULL
                  );
   EXCEPTION
      WHEN DUP_VAL_ON_INDEX
      THEN
         NULL;
   END;

   BEGIN
      INSERT INTO sgt_subtabs_det
                  (sdetalle, cempres, csubtabla, cversubt, ccla1, ccla2,
                   ccla3, ccla4, ccla5, ccla6, ccla7, ccla8, nval1,
                   nval2, nval3, nval4, nval5, nval6, falta, cusualt,
                   fmodifi, cusumod, ccla9, ccla10, nval7, nval8, nval9,
                   nval10
                  )
           VALUES (sdetalle_conf.NEXTVAL, 24, 8000047, 1, 80003, 1,
                   1754720, NULL, NULL, NULL, NULL, NULL, 16.7089451778814,
                   NULL, NULL, NULL, NULL, NULL, f_sysdate, f_user,
                   NULL, NULL, NULL, NULL, NULL, NULL, NULL,
                   NULL
                  );
   EXCEPTION
      WHEN DUP_VAL_ON_INDEX
      THEN
         NULL;
   END;

   BEGIN
      INSERT INTO sgt_subtabs_det
                  (sdetalle, cempres, csubtabla, cversubt, ccla1, ccla2,
                   ccla3, ccla4, ccla5, ccla6, ccla7, ccla8, nval1,
                   nval2, nval3, nval4, nval5, nval6, falta, cusualt,
                   fmodifi, cusumod, ccla9, ccla10, nval7, nval8, nval9,
                   nval10
                  )
           VALUES (sdetalle_conf.NEXTVAL, 24, 8000047, 1, 80001, 2,
                   1754720, NULL, NULL, NULL, NULL, NULL, 7.9614351328313,
                   NULL, NULL, NULL, NULL, NULL, f_sysdate, f_user,
                   NULL, NULL, NULL, NULL, NULL, NULL, NULL,
                   NULL
                  );
   EXCEPTION
      WHEN DUP_VAL_ON_INDEX
      THEN
         NULL;
   END;

   BEGIN
      INSERT INTO sgt_subtabs_det
                  (sdetalle, cempres, csubtabla, cversubt, ccla1, ccla2,
                   ccla3, ccla4, ccla5, ccla6, ccla7, ccla8, nval1,
                   nval2, nval3, nval4, nval5, nval6, falta, cusualt,
                   fmodifi, cusumod, ccla9, ccla10, nval7, nval8, nval9,
                   nval10
                  )
           VALUES (sdetalle_conf.NEXTVAL, 24, 8000047, 1, 80002, 2,
                   1754720, NULL, NULL, NULL, NULL, NULL, 7.9614351328313,
                   NULL, NULL, NULL, NULL, NULL, f_sysdate, f_user,
                   NULL, NULL, NULL, NULL, NULL, NULL, NULL,
                   NULL
                  );
   EXCEPTION
      WHEN DUP_VAL_ON_INDEX
      THEN
         NULL;
   END;

   BEGIN
      INSERT INTO sgt_subtabs_det
                  (sdetalle, cempres, csubtabla, cversubt, ccla1, ccla2,
                   ccla3, ccla4, ccla5, ccla6, ccla7, ccla8, nval1,
                   nval2, nval3, nval4, nval5, nval6, falta, cusualt,
                   fmodifi, cusumod, ccla9, ccla10, nval7, nval8, nval9,
                   nval10
                  )
           VALUES (sdetalle_conf.NEXTVAL, 24, 8000047, 1, 80003, 2,
                   1754720, NULL, NULL, NULL, NULL, NULL, 7.9614351328313,
                   NULL, NULL, NULL, NULL, NULL, f_sysdate, f_user,
                   NULL, NULL, NULL, NULL, NULL, NULL, NULL,
                   NULL
                  );
   EXCEPTION
      WHEN DUP_VAL_ON_INDEX
      THEN
         NULL;
   END;

   BEGIN
      INSERT INTO sgt_subtabs_det
                  (sdetalle, cempres, csubtabla, cversubt, ccla1, ccla2,
                   ccla3, ccla4, ccla5, ccla6, ccla7, ccla8, nval1,
                   nval2, nval3, nval4, nval5, nval6, falta, cusualt,
                   fmodifi, cusumod, ccla9, ccla10, nval7, nval8, nval9,
                   nval10
                  )
           VALUES (sdetalle_conf.NEXTVAL, 24, 8000047, 1, 80001, 0,
                   1754720, NULL, NULL, NULL, NULL, NULL, 7.9614351328313,
                   NULL, NULL, NULL, NULL, NULL, f_sysdate, f_user,
                   NULL, NULL, NULL, NULL, NULL, NULL, NULL,
                   NULL
                  );
   EXCEPTION
      WHEN DUP_VAL_ON_INDEX
      THEN
         NULL;
   END;

   BEGIN
      INSERT INTO sgt_subtabs_det
                  (sdetalle, cempres, csubtabla, cversubt, ccla1, ccla2,
                   ccla3, ccla4, ccla5, ccla6, ccla7, ccla8, nval1,
                   nval2, nval3, nval4, nval5, nval6, falta, cusualt,
                   fmodifi, cusumod, ccla9, ccla10, nval7, nval8, nval9,
                   nval10
                  )
           VALUES (sdetalle_conf.NEXTVAL, 24, 8000047, 1, 80002, 0,
                   1754720, NULL, NULL, NULL, NULL, NULL, 7.9614351328313,
                   NULL, NULL, NULL, NULL, NULL, f_sysdate, f_user,
                   NULL, NULL, NULL, NULL, NULL, NULL, NULL,
                   NULL
                  );
   EXCEPTION
      WHEN DUP_VAL_ON_INDEX
      THEN
         NULL;
   END;

   BEGIN
      INSERT INTO sgt_subtabs_det
                  (sdetalle, cempres, csubtabla, cversubt, ccla1, ccla2,
                   ccla3, ccla4, ccla5, ccla6, ccla7, ccla8, nval1,
                   nval2, nval3, nval4, nval5, nval6, falta, cusualt,
                   fmodifi, cusumod, ccla9, ccla10, nval7, nval8, nval9,
                   nval10
                  )
           VALUES (sdetalle_conf.NEXTVAL, 24, 8000047, 1, 80003, 0,
                   1754720, NULL, NULL, NULL, NULL, NULL, 7.9614351328313,
                   NULL, NULL, NULL, NULL, NULL, f_sysdate, f_user,
                   NULL, NULL, NULL, NULL, NULL, NULL, NULL,
                   NULL
                  );
   EXCEPTION
      WHEN DUP_VAL_ON_INDEX
      THEN
         NULL;
   END;

   BEGIN
      INSERT INTO sgt_subtabs_det
                  (sdetalle, cempres, csubtabla, cversubt, ccla1, ccla2,
                   ccla3, ccla4, ccla5, ccla6, ccla7, ccla8, nval1,
                   nval2, nval3, nval4, nval5, nval6, falta, cusualt,
                   fmodifi, cusumod, ccla9, ccla10, nval7, nval8, nval9,
                   nval10
                  )
           VALUES (sdetalle_conf.NEXTVAL, 24, 8000047, 1, 80001, 3,
                   1754720, NULL, NULL, NULL, NULL, NULL, 4.37367621249543,
                   NULL, NULL, NULL, NULL, NULL, f_sysdate, f_user,
                   NULL, NULL, NULL, NULL, NULL, NULL, NULL,
                   NULL
                  );
   EXCEPTION
      WHEN DUP_VAL_ON_INDEX
      THEN
         NULL;
   END;

   BEGIN
      INSERT INTO sgt_subtabs_det
                  (sdetalle, cempres, csubtabla, cversubt, ccla1, ccla2,
                   ccla3, ccla4, ccla5, ccla6, ccla7, ccla8, nval1,
                   nval2, nval3, nval4, nval5, nval6, falta, cusualt,
                   fmodifi, cusumod, ccla9, ccla10, nval7, nval8, nval9,
                   nval10
                  )
           VALUES (sdetalle_conf.NEXTVAL, 24, 8000047, 1, 80002, 3,
                   1754720, NULL, NULL, NULL, NULL, NULL, 4.37367621249543,
                   NULL, NULL, NULL, NULL, NULL, f_sysdate, f_user,
                   NULL, NULL, NULL, NULL, NULL, NULL, NULL,
                   NULL
                  );
   EXCEPTION
      WHEN DUP_VAL_ON_INDEX
      THEN
         NULL;
   END;

   BEGIN
      INSERT INTO sgt_subtabs_det
                  (sdetalle, cempres, csubtabla, cversubt, ccla1, ccla2,
                   ccla3, ccla4, ccla5, ccla6, ccla7, ccla8, nval1,
                   nval2, nval3, nval4, nval5, nval6, falta, cusualt,
                   fmodifi, cusumod, ccla9, ccla10, nval7, nval8, nval9,
                   nval10
                  )
           VALUES (sdetalle_conf.NEXTVAL, 24, 8000047, 1, 80003, 3,
                   1754720, NULL, NULL, NULL, NULL, NULL, 4.37367621249543,
                   NULL, NULL, NULL, NULL, NULL, f_sysdate, f_user,
                   NULL, NULL, NULL, NULL, NULL, NULL, NULL,
                   NULL
                  );
   EXCEPTION
      WHEN DUP_VAL_ON_INDEX
      THEN
         NULL;
   END;

   BEGIN
      INSERT INTO sgt_subtabs_det
                  (sdetalle, cempres, csubtabla, cversubt, ccla1, ccla2,
                   ccla3, ccla4, ccla5, ccla6, ccla7, ccla8, nval1,
                   nval2, nval3, nval4, nval5, nval6, falta, cusualt,
                   fmodifi, cusumod, ccla9, ccla10, nval7, nval8, nval9,
                   nval10
                  )
           VALUES (sdetalle_conf.NEXTVAL, 24, 8000047, 1, 80001, 2,
                   1754720, NULL, NULL, NULL, NULL, NULL, 7.9614351328313,
                   NULL, NULL, NULL, NULL, NULL, f_sysdate, f_user,
                   NULL, NULL, NULL, NULL, NULL, NULL, NULL,
                   NULL
                  );
   EXCEPTION
      WHEN DUP_VAL_ON_INDEX
      THEN
         NULL;
   END;

   BEGIN
      INSERT INTO sgt_subtabs_det
                  (sdetalle, cempres, csubtabla, cversubt, ccla1, ccla2,
                   ccla3, ccla4, ccla5, ccla6, ccla7, ccla8, nval1,
                   nval2, nval3, nval4, nval5, nval6, falta, cusualt,
                   fmodifi, cusumod, ccla9, ccla10, nval7, nval8, nval9,
                   nval10
                  )
           VALUES (sdetalle_conf.NEXTVAL, 24, 8000047, 1, 80002, 2,
                   1754720, NULL, NULL, NULL, NULL, NULL, 7.9614351328313,
                   NULL, NULL, NULL, NULL, NULL, f_sysdate, f_user,
                   NULL, NULL, NULL, NULL, NULL, NULL, NULL,
                   NULL
                  );
   EXCEPTION
      WHEN DUP_VAL_ON_INDEX
      THEN
         NULL;
   END;

   BEGIN
      INSERT INTO sgt_subtabs_det
                  (sdetalle, cempres, csubtabla, cversubt, ccla1, ccla2,
                   ccla3, ccla4, ccla5, ccla6, ccla7, ccla8, nval1,
                   nval2, nval3, nval4, nval5, nval6, falta, cusualt,
                   fmodifi, cusumod, ccla9, ccla10, nval7, nval8, nval9,
                   nval10
                  )
           VALUES (sdetalle_conf.NEXTVAL, 24, 8000047, 1, 80003, 2,
                   1754720, NULL, NULL, NULL, NULL, NULL, 7.9614351328313,
                   NULL, NULL, NULL, NULL, NULL, f_sysdate, f_user,
                   NULL, NULL, NULL, NULL, NULL, NULL, NULL,
                   NULL
                  );
   EXCEPTION
      WHEN DUP_VAL_ON_INDEX
      THEN
         NULL;
   END;

   BEGIN
      INSERT INTO sgt_subtabs_det
                  (sdetalle, cempres, csubtabla, cversubt, ccla1, ccla2,
                   ccla3, ccla4, ccla5, ccla6, ccla7, ccla8, nval1,
                   nval2, nval3, nval4, nval5, nval6, falta, cusualt,
                   fmodifi, cusumod, ccla9, ccla10, nval7, nval8, nval9,
                   nval10
                  )
           VALUES (sdetalle_conf.NEXTVAL, 24, 8000047, 1, 80001, 1,
                   1754720, NULL, NULL, NULL, NULL, NULL, 16.7089451778814,
                   NULL, NULL, NULL, NULL, NULL, f_sysdate, f_user,
                   NULL, NULL, NULL, NULL, NULL, NULL, NULL,
                   NULL
                  );
   EXCEPTION
      WHEN DUP_VAL_ON_INDEX
      THEN
         NULL;
   END;

   BEGIN
      INSERT INTO sgt_subtabs_det
                  (sdetalle, cempres, csubtabla, cversubt, ccla1, ccla2,
                   ccla3, ccla4, ccla5, ccla6, ccla7, ccla8, nval1,
                   nval2, nval3, nval4, nval5, nval6, falta, cusualt,
                   fmodifi, cusumod, ccla9, ccla10, nval7, nval8, nval9,
                   nval10
                  )
           VALUES (sdetalle_conf.NEXTVAL, 24, 8000047, 1, 80002, 1,
                   1754720, NULL, NULL, NULL, NULL, NULL, 16.7089451778814,
                   NULL, NULL, NULL, NULL, NULL, f_sysdate, f_user,
                   NULL, NULL, NULL, NULL, NULL, NULL, NULL,
                   NULL
                  );
   EXCEPTION
      WHEN DUP_VAL_ON_INDEX
      THEN
         NULL;
   END;

   BEGIN
      INSERT INTO sgt_subtabs_det
                  (sdetalle, cempres, csubtabla, cversubt, ccla1, ccla2,
                   ccla3, ccla4, ccla5, ccla6, ccla7, ccla8, nval1,
                   nval2, nval3, nval4, nval5, nval6, falta, cusualt,
                   fmodifi, cusumod, ccla9, ccla10, nval7, nval8, nval9,
                   nval10
                  )
           VALUES (sdetalle_conf.NEXTVAL, 24, 8000047, 1, 80003, 1,
                   1754720, NULL, NULL, NULL, NULL, NULL, 16.7089451778814,
                   NULL, NULL, NULL, NULL, NULL, f_sysdate, f_user,
                   NULL, NULL, NULL, NULL, NULL, NULL, NULL,
                   NULL
                  );
   EXCEPTION
      WHEN DUP_VAL_ON_INDEX
      THEN
         NULL;
   END;

   BEGIN
      INSERT INTO sgt_subtabs_det
                  (sdetalle, cempres, csubtabla, cversubt, ccla1, ccla2,
                   ccla3, ccla4, ccla5, ccla6, ccla7, ccla8, nval1,
                   nval2, nval3, nval4, nval5, nval6, falta, cusualt,
                   fmodifi, cusumod, ccla9, ccla10, nval7, nval8, nval9,
                   nval10
                  )
           VALUES (sdetalle_conf.NEXTVAL, 24, 8000047, 1, 80001, 1,
                   1754720, NULL, NULL, NULL, NULL, NULL, 16.7089451778814,
                   NULL, NULL, NULL, NULL, NULL, f_sysdate, f_user,
                   NULL, NULL, NULL, NULL, NULL, NULL, NULL,
                   NULL
                  );
   EXCEPTION
      WHEN DUP_VAL_ON_INDEX
      THEN
         NULL;
   END;

   BEGIN
      INSERT INTO sgt_subtabs_det
                  (sdetalle, cempres, csubtabla, cversubt, ccla1, ccla2,
                   ccla3, ccla4, ccla5, ccla6, ccla7, ccla8, nval1,
                   nval2, nval3, nval4, nval5, nval6, falta, cusualt,
                   fmodifi, cusumod, ccla9, ccla10, nval7, nval8, nval9,
                   nval10
                  )
           VALUES (sdetalle_conf.NEXTVAL, 24, 8000047, 1, 80002, 1,
                   1754720, NULL, NULL, NULL, NULL, NULL, 16.7089451778814,
                   NULL, NULL, NULL, NULL, NULL, f_sysdate, f_user,
                   NULL, NULL, NULL, NULL, NULL, NULL, NULL,
                   NULL
                  );
   EXCEPTION
      WHEN DUP_VAL_ON_INDEX
      THEN
         NULL;
   END;

   BEGIN
      INSERT INTO sgt_subtabs_det
                  (sdetalle, cempres, csubtabla, cversubt, ccla1, ccla2,
                   ccla3, ccla4, ccla5, ccla6, ccla7, ccla8, nval1,
                   nval2, nval3, nval4, nval5, nval6, falta, cusualt,
                   fmodifi, cusumod, ccla9, ccla10, nval7, nval8, nval9,
                   nval10
                  )
           VALUES (sdetalle_conf.NEXTVAL, 24, 8000047, 1, 80003, 1,
                   1754720, NULL, NULL, NULL, NULL, NULL, 16.7089451778814,
                   NULL, NULL, NULL, NULL, NULL, f_sysdate, f_user,
                   NULL, NULL, NULL, NULL, NULL, NULL, NULL,
                   NULL
                  );
   EXCEPTION
      WHEN DUP_VAL_ON_INDEX
      THEN
         NULL;
   END;

   BEGIN
      INSERT INTO sgt_subtabs_det
                  (sdetalle, cempres, csubtabla, cversubt, ccla1, ccla2,
                   ccla3, ccla4, ccla5, ccla6, ccla7, ccla8, nval1,
                   nval2, nval3, nval4, nval5, nval6, falta, cusualt,
                   fmodifi, cusumod, ccla9, ccla10, nval7, nval8, nval9,
                   nval10
                  )
           VALUES (sdetalle_conf.NEXTVAL, 24, 8000047, 1, 80001, 0,
                   1475530, NULL, NULL, NULL, NULL, NULL, -23.1051726812454,
                   NULL, NULL, NULL, NULL, NULL, f_sysdate, f_user,
                   NULL, NULL, NULL, NULL, NULL, NULL, NULL,
                   NULL
                  );
   EXCEPTION
      WHEN DUP_VAL_ON_INDEX
      THEN
         NULL;
   END;

   BEGIN
      INSERT INTO sgt_subtabs_det
                  (sdetalle, cempres, csubtabla, cversubt, ccla1, ccla2,
                   ccla3, ccla4, ccla5, ccla6, ccla7, ccla8, nval1,
                   nval2, nval3, nval4, nval5, nval6, falta, cusualt,
                   fmodifi, cusumod, ccla9, ccla10, nval7, nval8, nval9,
                   nval10
                  )
           VALUES (sdetalle_conf.NEXTVAL, 24, 8000047, 1, 80002, 0,
                   1475530, NULL, NULL, NULL, NULL, NULL, -23.1051726812454,
                   NULL, NULL, NULL, NULL, NULL, f_sysdate, f_user,
                   NULL, NULL, NULL, NULL, NULL, NULL, NULL,
                   NULL
                  );
   EXCEPTION
      WHEN DUP_VAL_ON_INDEX
      THEN
         NULL;
   END;

   BEGIN
      INSERT INTO sgt_subtabs_det
                  (sdetalle, cempres, csubtabla, cversubt, ccla1, ccla2,
                   ccla3, ccla4, ccla5, ccla6, ccla7, ccla8, nval1,
                   nval2, nval3, nval4, nval5, nval6, falta, cusualt,
                   fmodifi, cusumod, ccla9, ccla10, nval7, nval8, nval9,
                   nval10
                  )
           VALUES (sdetalle_conf.NEXTVAL, 24, 8000047, 1, 80003, 0,
                   1475530, NULL, NULL, NULL, NULL, NULL, -23.1051726812454,
                   NULL, NULL, NULL, NULL, NULL, f_sysdate, f_user,
                   NULL, NULL, NULL, NULL, NULL, NULL, NULL,
                   NULL
                  );
   EXCEPTION
      WHEN DUP_VAL_ON_INDEX
      THEN
         NULL;
   END;

   BEGIN
      INSERT INTO sgt_subtabs_det
                  (sdetalle, cempres, csubtabla, cversubt, ccla1, ccla2,
                   ccla3, ccla4, ccla5, ccla6, ccla7, ccla8, nval1,
                   nval2, nval3, nval4, nval5, nval6, falta, cusualt,
                   fmodifi, cusumod, ccla9, ccla10, nval7, nval8, nval9,
                   nval10
                  )
           VALUES (sdetalle_conf.NEXTVAL, 24, 8000047, 1, 80001, 3,
                   1475530, NULL, NULL, NULL, NULL, NULL, -25.6605305486276,
                   NULL, NULL, NULL, NULL, NULL, f_sysdate, f_user,
                   NULL, NULL, NULL, NULL, NULL, NULL, NULL,
                   NULL
                  );
   EXCEPTION
      WHEN DUP_VAL_ON_INDEX
      THEN
         NULL;
   END;

   BEGIN
      INSERT INTO sgt_subtabs_det
                  (sdetalle, cempres, csubtabla, cversubt, ccla1, ccla2,
                   ccla3, ccla4, ccla5, ccla6, ccla7, ccla8, nval1,
                   nval2, nval3, nval4, nval5, nval6, falta, cusualt,
                   fmodifi, cusumod, ccla9, ccla10, nval7, nval8, nval9,
                   nval10
                  )
           VALUES (sdetalle_conf.NEXTVAL, 24, 8000047, 1, 80002, 3,
                   1475530, NULL, NULL, NULL, NULL, NULL, -25.6605305486276,
                   NULL, NULL, NULL, NULL, NULL, f_sysdate, f_user,
                   NULL, NULL, NULL, NULL, NULL, NULL, NULL,
                   NULL
                  );
   EXCEPTION
      WHEN DUP_VAL_ON_INDEX
      THEN
         NULL;
   END;

   BEGIN
      INSERT INTO sgt_subtabs_det
                  (sdetalle, cempres, csubtabla, cversubt, ccla1, ccla2,
                   ccla3, ccla4, ccla5, ccla6, ccla7, ccla8, nval1,
                   nval2, nval3, nval4, nval5, nval6, falta, cusualt,
                   fmodifi, cusumod, ccla9, ccla10, nval7, nval8, nval9,
                   nval10
                  )
           VALUES (sdetalle_conf.NEXTVAL, 24, 8000047, 1, 80003, 3,
                   1475530, NULL, NULL, NULL, NULL, NULL, -25.6605305486276,
                   NULL, NULL, NULL, NULL, NULL, f_sysdate, f_user,
                   NULL, NULL, NULL, NULL, NULL, NULL, NULL,
                   NULL
                  );
   EXCEPTION
      WHEN DUP_VAL_ON_INDEX
      THEN
         NULL;
   END;

   BEGIN
      INSERT INTO sgt_subtabs_det
                  (sdetalle, cempres, csubtabla, cversubt, ccla1, ccla2,
                   ccla3, ccla4, ccla5, ccla6, ccla7, ccla8, nval1,
                   nval2, nval3, nval4, nval5, nval6, falta, cusualt,
                   fmodifi, cusumod, ccla9, ccla10, nval7, nval8, nval9,
                   nval10
                  )
           VALUES (sdetalle_conf.NEXTVAL, 24, 8000047, 1, 80001, 1,
                   1475530, NULL, NULL, NULL, NULL, NULL, -16.8748157620769,
                   NULL, NULL, NULL, NULL, NULL, f_sysdate, f_user,
                   NULL, NULL, NULL, NULL, NULL, NULL, NULL,
                   NULL
                  );
   EXCEPTION
      WHEN DUP_VAL_ON_INDEX
      THEN
         NULL;
   END;

   BEGIN
      INSERT INTO sgt_subtabs_det
                  (sdetalle, cempres, csubtabla, cversubt, ccla1, ccla2,
                   ccla3, ccla4, ccla5, ccla6, ccla7, ccla8, nval1,
                   nval2, nval3, nval4, nval5, nval6, falta, cusualt,
                   fmodifi, cusumod, ccla9, ccla10, nval7, nval8, nval9,
                   nval10
                  )
           VALUES (sdetalle_conf.NEXTVAL, 24, 8000047, 1, 80002, 1,
                   1475530, NULL, NULL, NULL, NULL, NULL, -16.8748157620769,
                   NULL, NULL, NULL, NULL, NULL, f_sysdate, f_user,
                   NULL, NULL, NULL, NULL, NULL, NULL, NULL,
                   NULL
                  );
   EXCEPTION
      WHEN DUP_VAL_ON_INDEX
      THEN
         NULL;
   END;

   BEGIN
      INSERT INTO sgt_subtabs_det
                  (sdetalle, cempres, csubtabla, cversubt, ccla1, ccla2,
                   ccla3, ccla4, ccla5, ccla6, ccla7, ccla8, nval1,
                   nval2, nval3, nval4, nval5, nval6, falta, cusualt,
                   fmodifi, cusumod, ccla9, ccla10, nval7, nval8, nval9,
                   nval10
                  )
           VALUES (sdetalle_conf.NEXTVAL, 24, 8000047, 1, 80003, 1,
                   1475530, NULL, NULL, NULL, NULL, NULL, -16.8748157620769,
                   NULL, NULL, NULL, NULL, NULL, f_sysdate, f_user,
                   NULL, NULL, NULL, NULL, NULL, NULL, NULL,
                   NULL
                  );
   EXCEPTION
      WHEN DUP_VAL_ON_INDEX
      THEN
         NULL;
   END;

   BEGIN
      INSERT INTO sgt_subtabs_det
                  (sdetalle, cempres, csubtabla, cversubt, ccla1, ccla2,
                   ccla3, ccla4, ccla5, ccla6, ccla7, ccla8, nval1,
                   nval2, nval3, nval4, nval5, nval6, falta, cusualt,
                   fmodifi, cusumod, ccla9, ccla10, nval7, nval8, nval9,
                   nval10
                  )
           VALUES (sdetalle_conf.NEXTVAL, 24, 8000047, 1, 80001, 1,
                   1475530, NULL, NULL, NULL, NULL, NULL, -16.8748157620769,
                   NULL, NULL, NULL, NULL, NULL, f_sysdate, f_user,
                   NULL, NULL, NULL, NULL, NULL, NULL, NULL,
                   NULL
                  );
   EXCEPTION
      WHEN DUP_VAL_ON_INDEX
      THEN
         NULL;
   END;

   BEGIN
      INSERT INTO sgt_subtabs_det
                  (sdetalle, cempres, csubtabla, cversubt, ccla1, ccla2,
                   ccla3, ccla4, ccla5, ccla6, ccla7, ccla8, nval1,
                   nval2, nval3, nval4, nval5, nval6, falta, cusualt,
                   fmodifi, cusumod, ccla9, ccla10, nval7, nval8, nval9,
                   nval10
                  )
           VALUES (sdetalle_conf.NEXTVAL, 24, 8000047, 1, 80002, 1,
                   1475530, NULL, NULL, NULL, NULL, NULL, -16.8748157620769,
                   NULL, NULL, NULL, NULL, NULL, f_sysdate, f_user,
                   NULL, NULL, NULL, NULL, NULL, NULL, NULL,
                   NULL
                  );
   EXCEPTION
      WHEN DUP_VAL_ON_INDEX
      THEN
         NULL;
   END;

   BEGIN
      INSERT INTO sgt_subtabs_det
                  (sdetalle, cempres, csubtabla, cversubt, ccla1, ccla2,
                   ccla3, ccla4, ccla5, ccla6, ccla7, ccla8, nval1,
                   nval2, nval3, nval4, nval5, nval6, falta, cusualt,
                   fmodifi, cusumod, ccla9, ccla10, nval7, nval8, nval9,
                   nval10
                  )
           VALUES (sdetalle_conf.NEXTVAL, 24, 8000047, 1, 80003, 1,
                   1475530, NULL, NULL, NULL, NULL, NULL, -16.8748157620769,
                   NULL, NULL, NULL, NULL, NULL, f_sysdate, f_user,
                   NULL, NULL, NULL, NULL, NULL, NULL, NULL,
                   NULL
                  );
   EXCEPTION
      WHEN DUP_VAL_ON_INDEX
      THEN
         NULL;
   END;

   BEGIN
      INSERT INTO sgt_subtabs_det
                  (sdetalle, cempres, csubtabla, cversubt, ccla1, ccla2,
                   ccla3, ccla4, ccla5, ccla6, ccla7, ccla8, nval1,
                   nval2, nval3, nval4, nval5, nval6, falta, cusualt,
                   fmodifi, cusumod, ccla9, ccla10, nval7, nval8, nval9,
                   nval10
                  )
           VALUES (sdetalle_conf.NEXTVAL, 24, 8000047, 1, 80001, 2,
                   1475530, NULL, NULL, NULL, NULL, NULL, -23.1051726812454,
                   NULL, NULL, NULL, NULL, NULL, f_sysdate, f_user,
                   NULL, NULL, NULL, NULL, NULL, NULL, NULL,
                   NULL
                  );
   EXCEPTION
      WHEN DUP_VAL_ON_INDEX
      THEN
         NULL;
   END;

   BEGIN
      INSERT INTO sgt_subtabs_det
                  (sdetalle, cempres, csubtabla, cversubt, ccla1, ccla2,
                   ccla3, ccla4, ccla5, ccla6, ccla7, ccla8, nval1,
                   nval2, nval3, nval4, nval5, nval6, falta, cusualt,
                   fmodifi, cusumod, ccla9, ccla10, nval7, nval8, nval9,
                   nval10
                  )
           VALUES (sdetalle_conf.NEXTVAL, 24, 8000047, 1, 80002, 2,
                   1475530, NULL, NULL, NULL, NULL, NULL, -23.1051726812454,
                   NULL, NULL, NULL, NULL, NULL, f_sysdate, f_user,
                   NULL, NULL, NULL, NULL, NULL, NULL, NULL,
                   NULL
                  );
   EXCEPTION
      WHEN DUP_VAL_ON_INDEX
      THEN
         NULL;
   END;

   BEGIN
      INSERT INTO sgt_subtabs_det
                  (sdetalle, cempres, csubtabla, cversubt, ccla1, ccla2,
                   ccla3, ccla4, ccla5, ccla6, ccla7, ccla8, nval1,
                   nval2, nval3, nval4, nval5, nval6, falta, cusualt,
                   fmodifi, cusumod, ccla9, ccla10, nval7, nval8, nval9,
                   nval10
                  )
           VALUES (sdetalle_conf.NEXTVAL, 24, 8000047, 1, 80003, 2,
                   1475530, NULL, NULL, NULL, NULL, NULL, -23.1051726812454,
                   NULL, NULL, NULL, NULL, NULL, f_sysdate, f_user,
                   NULL, NULL, NULL, NULL, NULL, NULL, NULL,
                   NULL
                  );
   EXCEPTION
      WHEN DUP_VAL_ON_INDEX
      THEN
         NULL;
   END;

   BEGIN
      INSERT INTO sgt_subtabs_det
                  (sdetalle, cempres, csubtabla, cversubt, ccla1, ccla2,
                   ccla3, ccla4, ccla5, ccla6, ccla7, ccla8, nval1,
                   nval2, nval3, nval4, nval5, nval6, falta, cusualt,
                   fmodifi, cusumod, ccla9, ccla10, nval7, nval8, nval9,
                   nval10
                  )
           VALUES (sdetalle_conf.NEXTVAL, 24, 8000047, 1, 80001, 0,
                   1475530, NULL, NULL, NULL, NULL, NULL, -23.1051726812454,
                   NULL, NULL, NULL, NULL, NULL, f_sysdate, f_user,
                   NULL, NULL, NULL, NULL, NULL, NULL, NULL,
                   NULL
                  );
   EXCEPTION
      WHEN DUP_VAL_ON_INDEX
      THEN
         NULL;
   END;

   BEGIN
      INSERT INTO sgt_subtabs_det
                  (sdetalle, cempres, csubtabla, cversubt, ccla1, ccla2,
                   ccla3, ccla4, ccla5, ccla6, ccla7, ccla8, nval1,
                   nval2, nval3, nval4, nval5, nval6, falta, cusualt,
                   fmodifi, cusumod, ccla9, ccla10, nval7, nval8, nval9,
                   nval10
                  )
           VALUES (sdetalle_conf.NEXTVAL, 24, 8000047, 1, 80002, 0,
                   1475530, NULL, NULL, NULL, NULL, NULL, -23.1051726812454,
                   NULL, NULL, NULL, NULL, NULL, f_sysdate, f_user,
                   NULL, NULL, NULL, NULL, NULL, NULL, NULL,
                   NULL
                  );
   EXCEPTION
      WHEN DUP_VAL_ON_INDEX
      THEN
         NULL;
   END;

   BEGIN
      INSERT INTO sgt_subtabs_det
                  (sdetalle, cempres, csubtabla, cversubt, ccla1, ccla2,
                   ccla3, ccla4, ccla5, ccla6, ccla7, ccla8, nval1,
                   nval2, nval3, nval4, nval5, nval6, falta, cusualt,
                   fmodifi, cusumod, ccla9, ccla10, nval7, nval8, nval9,
                   nval10
                  )
           VALUES (sdetalle_conf.NEXTVAL, 24, 8000047, 1, 80003, 0,
                   1475530, NULL, NULL, NULL, NULL, NULL, -23.1051726812454,
                   NULL, NULL, NULL, NULL, NULL, f_sysdate, f_user,
                   NULL, NULL, NULL, NULL, NULL, NULL, NULL,
                   NULL
                  );
   EXCEPTION
      WHEN DUP_VAL_ON_INDEX
      THEN
         NULL;
   END;

   BEGIN
      INSERT INTO sgt_subtabs_det
                  (sdetalle, cempres, csubtabla, cversubt, ccla1, ccla2,
                   ccla3, ccla4, ccla5, ccla6, ccla7, ccla8, nval1,
                   nval2, nval3, nval4, nval5, nval6, falta, cusualt,
                   fmodifi, cusumod, ccla9, ccla10, nval7, nval8, nval9,
                   nval10
                  )
           VALUES (sdetalle_conf.NEXTVAL, 24, 8000047, 1, 80001, 3,
                   1475530, NULL, NULL, NULL, NULL, NULL, -25.6605305486276,
                   NULL, NULL, NULL, NULL, NULL, f_sysdate, f_user,
                   NULL, NULL, NULL, NULL, NULL, NULL, NULL,
                   NULL
                  );
   EXCEPTION
      WHEN DUP_VAL_ON_INDEX
      THEN
         NULL;
   END;

   BEGIN
      INSERT INTO sgt_subtabs_det
                  (sdetalle, cempres, csubtabla, cversubt, ccla1, ccla2,
                   ccla3, ccla4, ccla5, ccla6, ccla7, ccla8, nval1,
                   nval2, nval3, nval4, nval5, nval6, falta, cusualt,
                   fmodifi, cusumod, ccla9, ccla10, nval7, nval8, nval9,
                   nval10
                  )
           VALUES (sdetalle_conf.NEXTVAL, 24, 8000047, 1, 80002, 3,
                   1475530, NULL, NULL, NULL, NULL, NULL, -25.6605305486276,
                   NULL, NULL, NULL, NULL, NULL, f_sysdate, f_user,
                   NULL, NULL, NULL, NULL, NULL, NULL, NULL,
                   NULL
                  );
   EXCEPTION
      WHEN DUP_VAL_ON_INDEX
      THEN
         NULL;
   END;

   BEGIN
      INSERT INTO sgt_subtabs_det
                  (sdetalle, cempres, csubtabla, cversubt, ccla1, ccla2,
                   ccla3, ccla4, ccla5, ccla6, ccla7, ccla8, nval1,
                   nval2, nval3, nval4, nval5, nval6, falta, cusualt,
                   fmodifi, cusumod, ccla9, ccla10, nval7, nval8, nval9,
                   nval10
                  )
           VALUES (sdetalle_conf.NEXTVAL, 24, 8000047, 1, 80003, 3,
                   1475530, NULL, NULL, NULL, NULL, NULL, -25.6605305486276,
                   NULL, NULL, NULL, NULL, NULL, f_sysdate, f_user,
                   NULL, NULL, NULL, NULL, NULL, NULL, NULL,
                   NULL
                  );
   EXCEPTION
      WHEN DUP_VAL_ON_INDEX
      THEN
         NULL;
   END;

   BEGIN
      INSERT INTO sgt_subtabs_det
                  (sdetalle, cempres, csubtabla, cversubt, ccla1, ccla2,
                   ccla3, ccla4, ccla5, ccla6, ccla7, ccla8, nval1,
                   nval2, nval3, nval4, nval5, nval6, falta, cusualt,
                   fmodifi, cusumod, ccla9, ccla10, nval7, nval8, nval9,
                   nval10
                  )
           VALUES (sdetalle_conf.NEXTVAL, 24, 8000047, 1, 80001, 1,
                   1475530, NULL, NULL, NULL, NULL, NULL, -16.8748157620769,
                   NULL, NULL, NULL, NULL, NULL, f_sysdate, f_user,
                   NULL, NULL, NULL, NULL, NULL, NULL, NULL,
                   NULL
                  );
   EXCEPTION
      WHEN DUP_VAL_ON_INDEX
      THEN
         NULL;
   END;

   BEGIN
      INSERT INTO sgt_subtabs_det
                  (sdetalle, cempres, csubtabla, cversubt, ccla1, ccla2,
                   ccla3, ccla4, ccla5, ccla6, ccla7, ccla8, nval1,
                   nval2, nval3, nval4, nval5, nval6, falta, cusualt,
                   fmodifi, cusumod, ccla9, ccla10, nval7, nval8, nval9,
                   nval10
                  )
           VALUES (sdetalle_conf.NEXTVAL, 24, 8000047, 1, 80002, 1,
                   1475530, NULL, NULL, NULL, NULL, NULL, -16.8748157620769,
                   NULL, NULL, NULL, NULL, NULL, f_sysdate, f_user,
                   NULL, NULL, NULL, NULL, NULL, NULL, NULL,
                   NULL
                  );
   EXCEPTION
      WHEN DUP_VAL_ON_INDEX
      THEN
         NULL;
   END;

   BEGIN
      INSERT INTO sgt_subtabs_det
                  (sdetalle, cempres, csubtabla, cversubt, ccla1, ccla2,
                   ccla3, ccla4, ccla5, ccla6, ccla7, ccla8, nval1,
                   nval2, nval3, nval4, nval5, nval6, falta, cusualt,
                   fmodifi, cusumod, ccla9, ccla10, nval7, nval8, nval9,
                   nval10
                  )
           VALUES (sdetalle_conf.NEXTVAL, 24, 8000047, 1, 80003, 1,
                   1475530, NULL, NULL, NULL, NULL, NULL, -16.8748157620769,
                   NULL, NULL, NULL, NULL, NULL, f_sysdate, f_user,
                   NULL, NULL, NULL, NULL, NULL, NULL, NULL,
                   NULL
                  );
   EXCEPTION
      WHEN DUP_VAL_ON_INDEX
      THEN
         NULL;
   END;

   BEGIN
      INSERT INTO sgt_subtabs_det
                  (sdetalle, cempres, csubtabla, cversubt, ccla1, ccla2,
                   ccla3, ccla4, ccla5, ccla6, ccla7, ccla8, nval1,
                   nval2, nval3, nval4, nval5, nval6, falta, cusualt,
                   fmodifi, cusumod, ccla9, ccla10, nval7, nval8, nval9,
                   nval10
                  )
           VALUES (sdetalle_conf.NEXTVAL, 24, 8000047, 1, 80001, 1,
                   1475530, NULL, NULL, NULL, NULL, NULL, -16.8748157620769,
                   NULL, NULL, NULL, NULL, NULL, f_sysdate, f_user,
                   NULL, NULL, NULL, NULL, NULL, NULL, NULL,
                   NULL
                  );
   EXCEPTION
      WHEN DUP_VAL_ON_INDEX
      THEN
         NULL;
   END;

   BEGIN
      INSERT INTO sgt_subtabs_det
                  (sdetalle, cempres, csubtabla, cversubt, ccla1, ccla2,
                   ccla3, ccla4, ccla5, ccla6, ccla7, ccla8, nval1,
                   nval2, nval3, nval4, nval5, nval6, falta, cusualt,
                   fmodifi, cusumod, ccla9, ccla10, nval7, nval8, nval9,
                   nval10
                  )
           VALUES (sdetalle_conf.NEXTVAL, 24, 8000047, 1, 80002, 1,
                   1475530, NULL, NULL, NULL, NULL, NULL, -16.8748157620769,
                   NULL, NULL, NULL, NULL, NULL, f_sysdate, f_user,
                   NULL, NULL, NULL, NULL, NULL, NULL, NULL,
                   NULL
                  );
   EXCEPTION
      WHEN DUP_VAL_ON_INDEX
      THEN
         NULL;
   END;

   BEGIN
      INSERT INTO sgt_subtabs_det
                  (sdetalle, cempres, csubtabla, cversubt, ccla1, ccla2,
                   ccla3, ccla4, ccla5, ccla6, ccla7, ccla8, nval1,
                   nval2, nval3, nval4, nval5, nval6, falta, cusualt,
                   fmodifi, cusumod, ccla9, ccla10, nval7, nval8, nval9,
                   nval10
                  )
           VALUES (sdetalle_conf.NEXTVAL, 24, 8000047, 1, 80003, 1,
                   1475530, NULL, NULL, NULL, NULL, NULL, -16.8748157620769,
                   NULL, NULL, NULL, NULL, NULL, f_sysdate, f_user,
                   NULL, NULL, NULL, NULL, NULL, NULL, NULL,
                   NULL
                  );
   EXCEPTION
      WHEN DUP_VAL_ON_INDEX
      THEN
         NULL;
   END;

   BEGIN
      INSERT INTO sgt_subtabs_det
                  (sdetalle, cempres, csubtabla, cversubt, ccla1, ccla2,
                   ccla3, ccla4, ccla5, ccla6, ccla7, ccla8, nval1,
                   nval2, nval3, nval4, nval5, nval6, falta, cusualt,
                   fmodifi, cusumod, ccla9, ccla10, nval7, nval8, nval9,
                   nval10
                  )
           VALUES (sdetalle_conf.NEXTVAL, 24, 8000047, 1, 80001, 2,
                   1475530, NULL, NULL, NULL, NULL, NULL, -23.1051726812454,
                   NULL, NULL, NULL, NULL, NULL, f_sysdate, f_user,
                   NULL, NULL, NULL, NULL, NULL, NULL, NULL,
                   NULL
                  );
   EXCEPTION
      WHEN DUP_VAL_ON_INDEX
      THEN
         NULL;
   END;

   BEGIN
      INSERT INTO sgt_subtabs_det
                  (sdetalle, cempres, csubtabla, cversubt, ccla1, ccla2,
                   ccla3, ccla4, ccla5, ccla6, ccla7, ccla8, nval1,
                   nval2, nval3, nval4, nval5, nval6, falta, cusualt,
                   fmodifi, cusumod, ccla9, ccla10, nval7, nval8, nval9,
                   nval10
                  )
           VALUES (sdetalle_conf.NEXTVAL, 24, 8000047, 1, 80002, 2,
                   1475530, NULL, NULL, NULL, NULL, NULL, -23.1051726812454,
                   NULL, NULL, NULL, NULL, NULL, f_sysdate, f_user,
                   NULL, NULL, NULL, NULL, NULL, NULL, NULL,
                   NULL
                  );
   EXCEPTION
      WHEN DUP_VAL_ON_INDEX
      THEN
         NULL;
   END;

   BEGIN
      INSERT INTO sgt_subtabs_det
                  (sdetalle, cempres, csubtabla, cversubt, ccla1, ccla2,
                   ccla3, ccla4, ccla5, ccla6, ccla7, ccla8, nval1,
                   nval2, nval3, nval4, nval5, nval6, falta, cusualt,
                   fmodifi, cusumod, ccla9, ccla10, nval7, nval8, nval9,
                   nval10
                  )
           VALUES (sdetalle_conf.NEXTVAL, 24, 8000047, 1, 80003, 2,
                   1475530, NULL, NULL, NULL, NULL, NULL, -23.1051726812454,
                   NULL, NULL, NULL, NULL, NULL, f_sysdate, f_user,
                   NULL, NULL, NULL, NULL, NULL, NULL, NULL,
                   NULL
                  );
   EXCEPTION
      WHEN DUP_VAL_ON_INDEX
      THEN
         NULL;
   END;

   BEGIN
      INSERT INTO sgt_subtabs_det
                  (sdetalle, cempres, csubtabla, cversubt, ccla1, ccla2,
                   ccla3, ccla4, ccla5, ccla6, ccla7, ccla8, nval1,
                   nval2, nval3, nval4, nval5, nval6, falta, cusualt,
                   fmodifi, cusumod, ccla9, ccla10, nval7, nval8, nval9,
                   nval10
                  )
           VALUES (sdetalle_conf.NEXTVAL, 24, 8000047, 1, 80001, 0,
                   1475530, NULL, NULL, NULL, NULL, NULL, -23.1051726812454,
                   NULL, NULL, NULL, NULL, NULL, f_sysdate, f_user,
                   NULL, NULL, NULL, NULL, NULL, NULL, NULL,
                   NULL
                  );
   EXCEPTION
      WHEN DUP_VAL_ON_INDEX
      THEN
         NULL;
   END;

   BEGIN
      INSERT INTO sgt_subtabs_det
                  (sdetalle, cempres, csubtabla, cversubt, ccla1, ccla2,
                   ccla3, ccla4, ccla5, ccla6, ccla7, ccla8, nval1,
                   nval2, nval3, nval4, nval5, nval6, falta, cusualt,
                   fmodifi, cusumod, ccla9, ccla10, nval7, nval8, nval9,
                   nval10
                  )
           VALUES (sdetalle_conf.NEXTVAL, 24, 8000047, 1, 80002, 0,
                   1475530, NULL, NULL, NULL, NULL, NULL, -23.1051726812454,
                   NULL, NULL, NULL, NULL, NULL, f_sysdate, f_user,
                   NULL, NULL, NULL, NULL, NULL, NULL, NULL,
                   NULL
                  );
   EXCEPTION
      WHEN DUP_VAL_ON_INDEX
      THEN
         NULL;
   END;

   BEGIN
      INSERT INTO sgt_subtabs_det
                  (sdetalle, cempres, csubtabla, cversubt, ccla1, ccla2,
                   ccla3, ccla4, ccla5, ccla6, ccla7, ccla8, nval1,
                   nval2, nval3, nval4, nval5, nval6, falta, cusualt,
                   fmodifi, cusumod, ccla9, ccla10, nval7, nval8, nval9,
                   nval10
                  )
           VALUES (sdetalle_conf.NEXTVAL, 24, 8000047, 1, 80003, 0,
                   1475530, NULL, NULL, NULL, NULL, NULL, -23.1051726812454,
                   NULL, NULL, NULL, NULL, NULL, f_sysdate, f_user,
                   NULL, NULL, NULL, NULL, NULL, NULL, NULL,
                   NULL
                  );
   EXCEPTION
      WHEN DUP_VAL_ON_INDEX
      THEN
         NULL;
   END;

   BEGIN
      INSERT INTO sgt_subtabs_det
                  (sdetalle, cempres, csubtabla, cversubt, ccla1, ccla2,
                   ccla3, ccla4, ccla5, ccla6, ccla7, ccla8, nval1,
                   nval2, nval3, nval4, nval5, nval6, falta, cusualt,
                   fmodifi, cusumod, ccla9, ccla10, nval7, nval8, nval9,
                   nval10
                  )
           VALUES (sdetalle_conf.NEXTVAL, 24, 8000047, 1, 80001, 1,
                   1475530, NULL, NULL, NULL, NULL, NULL, -16.8748157620769,
                   NULL, NULL, NULL, NULL, NULL, f_sysdate, f_user,
                   NULL, NULL, NULL, NULL, NULL, NULL, NULL,
                   NULL
                  );
   EXCEPTION
      WHEN DUP_VAL_ON_INDEX
      THEN
         NULL;
   END;

   BEGIN
      INSERT INTO sgt_subtabs_det
                  (sdetalle, cempres, csubtabla, cversubt, ccla1, ccla2,
                   ccla3, ccla4, ccla5, ccla6, ccla7, ccla8, nval1,
                   nval2, nval3, nval4, nval5, nval6, falta, cusualt,
                   fmodifi, cusumod, ccla9, ccla10, nval7, nval8, nval9,
                   nval10
                  )
           VALUES (sdetalle_conf.NEXTVAL, 24, 8000047, 1, 80002, 1,
                   1475530, NULL, NULL, NULL, NULL, NULL, -16.8748157620769,
                   NULL, NULL, NULL, NULL, NULL, f_sysdate, f_user,
                   NULL, NULL, NULL, NULL, NULL, NULL, NULL,
                   NULL
                  );
   EXCEPTION
      WHEN DUP_VAL_ON_INDEX
      THEN
         NULL;
   END;

   BEGIN
      INSERT INTO sgt_subtabs_det
                  (sdetalle, cempres, csubtabla, cversubt, ccla1, ccla2,
                   ccla3, ccla4, ccla5, ccla6, ccla7, ccla8, nval1,
                   nval2, nval3, nval4, nval5, nval6, falta, cusualt,
                   fmodifi, cusumod, ccla9, ccla10, nval7, nval8, nval9,
                   nval10
                  )
           VALUES (sdetalle_conf.NEXTVAL, 24, 8000047, 1, 80003, 1,
                   1475530, NULL, NULL, NULL, NULL, NULL, -16.8748157620769,
                   NULL, NULL, NULL, NULL, NULL, f_sysdate, f_user,
                   NULL, NULL, NULL, NULL, NULL, NULL, NULL,
                   NULL
                  );
   EXCEPTION
      WHEN DUP_VAL_ON_INDEX
      THEN
         NULL;
   END;

   BEGIN
      INSERT INTO sgt_subtabs_det
                  (sdetalle, cempres, csubtabla, cversubt, ccla1, ccla2,
                   ccla3, ccla4, ccla5, ccla6, ccla7, ccla8, nval1,
                   nval2, nval3, nval4, nval5, nval6, falta, cusualt,
                   fmodifi, cusumod, ccla9, ccla10, nval7, nval8, nval9,
                   nval10
                  )
           VALUES (sdetalle_conf.NEXTVAL, 24, 8000047, 1, 80001, 0,
                   1475530, NULL, NULL, NULL, NULL, NULL, -23.1051726812454,
                   NULL, NULL, NULL, NULL, NULL, f_sysdate, f_user,
                   NULL, NULL, NULL, NULL, NULL, NULL, NULL,
                   NULL
                  );
   EXCEPTION
      WHEN DUP_VAL_ON_INDEX
      THEN
         NULL;
   END;

   BEGIN
      INSERT INTO sgt_subtabs_det
                  (sdetalle, cempres, csubtabla, cversubt, ccla1, ccla2,
                   ccla3, ccla4, ccla5, ccla6, ccla7, ccla8, nval1,
                   nval2, nval3, nval4, nval5, nval6, falta, cusualt,
                   fmodifi, cusumod, ccla9, ccla10, nval7, nval8, nval9,
                   nval10
                  )
           VALUES (sdetalle_conf.NEXTVAL, 24, 8000047, 1, 80002, 0,
                   1475530, NULL, NULL, NULL, NULL, NULL, -23.1051726812454,
                   NULL, NULL, NULL, NULL, NULL, f_sysdate, f_user,
                   NULL, NULL, NULL, NULL, NULL, NULL, NULL,
                   NULL
                  );
   EXCEPTION
      WHEN DUP_VAL_ON_INDEX
      THEN
         NULL;
   END;

   BEGIN
      INSERT INTO sgt_subtabs_det
                  (sdetalle, cempres, csubtabla, cversubt, ccla1, ccla2,
                   ccla3, ccla4, ccla5, ccla6, ccla7, ccla8, nval1,
                   nval2, nval3, nval4, nval5, nval6, falta, cusualt,
                   fmodifi, cusumod, ccla9, ccla10, nval7, nval8, nval9,
                   nval10
                  )
           VALUES (sdetalle_conf.NEXTVAL, 24, 8000047, 1, 80003, 0,
                   1475530, NULL, NULL, NULL, NULL, NULL, -23.1051726812454,
                   NULL, NULL, NULL, NULL, NULL, f_sysdate, f_user,
                   NULL, NULL, NULL, NULL, NULL, NULL, NULL,
                   NULL
                  );
   EXCEPTION
      WHEN DUP_VAL_ON_INDEX
      THEN
         NULL;
   END;

   BEGIN
      INSERT INTO sgt_subtabs_det
                  (sdetalle, cempres, csubtabla, cversubt, ccla1, ccla2,
                   ccla3, ccla4, ccla5, ccla6, ccla7, ccla8, nval1,
                   nval2, nval3, nval4, nval5, nval6, falta, cusualt,
                   fmodifi, cusumod, ccla9, ccla10, nval7, nval8, nval9,
                   nval10
                  )
           VALUES (sdetalle_conf.NEXTVAL, 24, 8000047, 1, 80001, 3,
                   1475530, NULL, NULL, NULL, NULL, NULL, -25.6605305486276,
                   NULL, NULL, NULL, NULL, NULL, f_sysdate, f_user,
                   NULL, NULL, NULL, NULL, NULL, NULL, NULL,
                   NULL
                  );
   EXCEPTION
      WHEN DUP_VAL_ON_INDEX
      THEN
         NULL;
   END;

   BEGIN
      INSERT INTO sgt_subtabs_det
                  (sdetalle, cempres, csubtabla, cversubt, ccla1, ccla2,
                   ccla3, ccla4, ccla5, ccla6, ccla7, ccla8, nval1,
                   nval2, nval3, nval4, nval5, nval6, falta, cusualt,
                   fmodifi, cusumod, ccla9, ccla10, nval7, nval8, nval9,
                   nval10
                  )
           VALUES (sdetalle_conf.NEXTVAL, 24, 8000047, 1, 80002, 3,
                   1475530, NULL, NULL, NULL, NULL, NULL, -25.6605305486276,
                   NULL, NULL, NULL, NULL, NULL, f_sysdate, f_user,
                   NULL, NULL, NULL, NULL, NULL, NULL, NULL,
                   NULL
                  );
   EXCEPTION
      WHEN DUP_VAL_ON_INDEX
      THEN
         NULL;
   END;

   BEGIN
      INSERT INTO sgt_subtabs_det
                  (sdetalle, cempres, csubtabla, cversubt, ccla1, ccla2,
                   ccla3, ccla4, ccla5, ccla6, ccla7, ccla8, nval1,
                   nval2, nval3, nval4, nval5, nval6, falta, cusualt,
                   fmodifi, cusumod, ccla9, ccla10, nval7, nval8, nval9,
                   nval10
                  )
           VALUES (sdetalle_conf.NEXTVAL, 24, 8000047, 1, 80003, 3,
                   1475530, NULL, NULL, NULL, NULL, NULL, -25.6605305486276,
                   NULL, NULL, NULL, NULL, NULL, f_sysdate, f_user,
                   NULL, NULL, NULL, NULL, NULL, NULL, NULL,
                   NULL
                  );
   EXCEPTION
      WHEN DUP_VAL_ON_INDEX
      THEN
         NULL;
   END;

   BEGIN
      INSERT INTO sgt_subtabs_det
                  (sdetalle, cempres, csubtabla, cversubt, ccla1, ccla2,
                   ccla3, ccla4, ccla5, ccla6, ccla7, ccla8, nval1,
                   nval2, nval3, nval4, nval5, nval6, falta, cusualt,
                   fmodifi, cusumod, ccla9, ccla10, nval7, nval8, nval9,
                   nval10
                  )
           VALUES (sdetalle_conf.NEXTVAL, 24, 8000047, 1, 80001, 1,
                   1475530, NULL, NULL, NULL, NULL, NULL, -16.8748157620769,
                   NULL, NULL, NULL, NULL, NULL, f_sysdate, f_user,
                   NULL, NULL, NULL, NULL, NULL, NULL, NULL,
                   NULL
                  );
   EXCEPTION
      WHEN DUP_VAL_ON_INDEX
      THEN
         NULL;
   END;

   BEGIN
      INSERT INTO sgt_subtabs_det
                  (sdetalle, cempres, csubtabla, cversubt, ccla1, ccla2,
                   ccla3, ccla4, ccla5, ccla6, ccla7, ccla8, nval1,
                   nval2, nval3, nval4, nval5, nval6, falta, cusualt,
                   fmodifi, cusumod, ccla9, ccla10, nval7, nval8, nval9,
                   nval10
                  )
           VALUES (sdetalle_conf.NEXTVAL, 24, 8000047, 1, 80002, 1,
                   1475530, NULL, NULL, NULL, NULL, NULL, -16.8748157620769,
                   NULL, NULL, NULL, NULL, NULL, f_sysdate, f_user,
                   NULL, NULL, NULL, NULL, NULL, NULL, NULL,
                   NULL
                  );
   EXCEPTION
      WHEN DUP_VAL_ON_INDEX
      THEN
         NULL;
   END;

   BEGIN
      INSERT INTO sgt_subtabs_det
                  (sdetalle, cempres, csubtabla, cversubt, ccla1, ccla2,
                   ccla3, ccla4, ccla5, ccla6, ccla7, ccla8, nval1,
                   nval2, nval3, nval4, nval5, nval6, falta, cusualt,
                   fmodifi, cusumod, ccla9, ccla10, nval7, nval8, nval9,
                   nval10
                  )
           VALUES (sdetalle_conf.NEXTVAL, 24, 8000047, 1, 80003, 1,
                   1475530, NULL, NULL, NULL, NULL, NULL, -16.8748157620769,
                   NULL, NULL, NULL, NULL, NULL, f_sysdate, f_user,
                   NULL, NULL, NULL, NULL, NULL, NULL, NULL,
                   NULL
                  );
   EXCEPTION
      WHEN DUP_VAL_ON_INDEX
      THEN
         NULL;
   END;

   BEGIN
      INSERT INTO sgt_subtabs_det
                  (sdetalle, cempres, csubtabla, cversubt, ccla1, ccla2,
                   ccla3, ccla4, ccla5, ccla6, ccla7, ccla8, nval1,
                   nval2, nval3, nval4, nval5, nval6, falta, cusualt,
                   fmodifi, cusumod, ccla9, ccla10, nval7, nval8, nval9,
                   nval10
                  )
           VALUES (sdetalle_conf.NEXTVAL, 24, 8000047, 1, 80001, 2,
                   1475530, NULL, NULL, NULL, NULL, NULL, -23.1051726812454,
                   NULL, NULL, NULL, NULL, NULL, f_sysdate, f_user,
                   NULL, NULL, NULL, NULL, NULL, NULL, NULL,
                   NULL
                  );
   EXCEPTION
      WHEN DUP_VAL_ON_INDEX
      THEN
         NULL;
   END;

   BEGIN
      INSERT INTO sgt_subtabs_det
                  (sdetalle, cempres, csubtabla, cversubt, ccla1, ccla2,
                   ccla3, ccla4, ccla5, ccla6, ccla7, ccla8, nval1,
                   nval2, nval3, nval4, nval5, nval6, falta, cusualt,
                   fmodifi, cusumod, ccla9, ccla10, nval7, nval8, nval9,
                   nval10
                  )
           VALUES (sdetalle_conf.NEXTVAL, 24, 8000047, 1, 80002, 2,
                   1475530, NULL, NULL, NULL, NULL, NULL, -23.1051726812454,
                   NULL, NULL, NULL, NULL, NULL, f_sysdate, f_user,
                   NULL, NULL, NULL, NULL, NULL, NULL, NULL,
                   NULL
                  );
   EXCEPTION
      WHEN DUP_VAL_ON_INDEX
      THEN
         NULL;
   END;

   BEGIN
      INSERT INTO sgt_subtabs_det
                  (sdetalle, cempres, csubtabla, cversubt, ccla1, ccla2,
                   ccla3, ccla4, ccla5, ccla6, ccla7, ccla8, nval1,
                   nval2, nval3, nval4, nval5, nval6, falta, cusualt,
                   fmodifi, cusumod, ccla9, ccla10, nval7, nval8, nval9,
                   nval10
                  )
           VALUES (sdetalle_conf.NEXTVAL, 24, 8000047, 1, 80003, 2,
                   1475530, NULL, NULL, NULL, NULL, NULL, -23.1051726812454,
                   NULL, NULL, NULL, NULL, NULL, f_sysdate, f_user,
                   NULL, NULL, NULL, NULL, NULL, NULL, NULL,
                   NULL
                  );
   EXCEPTION
      WHEN DUP_VAL_ON_INDEX
      THEN
         NULL;
   END;

   BEGIN
      INSERT INTO sgt_subtabs_det
                  (sdetalle, cempres, csubtabla, cversubt, ccla1, ccla2,
                   ccla3, ccla4, ccla5, ccla6, ccla7, ccla8, nval1,
                   nval2, nval3, nval4, nval5, nval6, falta, cusualt,
                   fmodifi, cusumod, ccla9, ccla10, nval7, nval8, nval9,
                   nval10
                  )
           VALUES (sdetalle_conf.NEXTVAL, 24, 8000047, 1, 80001, 0,
                   1475530, NULL, NULL, NULL, NULL, NULL, -23.1051726812454,
                   NULL, NULL, NULL, NULL, NULL, f_sysdate, f_user,
                   NULL, NULL, NULL, NULL, NULL, NULL, NULL,
                   NULL
                  );
   EXCEPTION
      WHEN DUP_VAL_ON_INDEX
      THEN
         NULL;
   END;

   BEGIN
      INSERT INTO sgt_subtabs_det
                  (sdetalle, cempres, csubtabla, cversubt, ccla1, ccla2,
                   ccla3, ccla4, ccla5, ccla6, ccla7, ccla8, nval1,
                   nval2, nval3, nval4, nval5, nval6, falta, cusualt,
                   fmodifi, cusumod, ccla9, ccla10, nval7, nval8, nval9,
                   nval10
                  )
           VALUES (sdetalle_conf.NEXTVAL, 24, 8000047, 1, 80002, 0,
                   1475530, NULL, NULL, NULL, NULL, NULL, -23.1051726812454,
                   NULL, NULL, NULL, NULL, NULL, f_sysdate, f_user,
                   NULL, NULL, NULL, NULL, NULL, NULL, NULL,
                   NULL
                  );
   EXCEPTION
      WHEN DUP_VAL_ON_INDEX
      THEN
         NULL;
   END;

   BEGIN
      INSERT INTO sgt_subtabs_det
                  (sdetalle, cempres, csubtabla, cversubt, ccla1, ccla2,
                   ccla3, ccla4, ccla5, ccla6, ccla7, ccla8, nval1,
                   nval2, nval3, nval4, nval5, nval6, falta, cusualt,
                   fmodifi, cusumod, ccla9, ccla10, nval7, nval8, nval9,
                   nval10
                  )
           VALUES (sdetalle_conf.NEXTVAL, 24, 8000047, 1, 80003, 0,
                   1475530, NULL, NULL, NULL, NULL, NULL, -23.1051726812454,
                   NULL, NULL, NULL, NULL, NULL, f_sysdate, f_user,
                   NULL, NULL, NULL, NULL, NULL, NULL, NULL,
                   NULL
                  );
   EXCEPTION
      WHEN DUP_VAL_ON_INDEX
      THEN
         NULL;
   END;

   BEGIN
      INSERT INTO sgt_subtabs_det
                  (sdetalle, cempres, csubtabla, cversubt, ccla1, ccla2,
                   ccla3, ccla4, ccla5, ccla6, ccla7, ccla8, nval1,
                   nval2, nval3, nval4, nval5, nval6, falta, cusualt,
                   fmodifi, cusumod, ccla9, ccla10, nval7, nval8, nval9,
                   nval10
                  )
           VALUES (sdetalle_conf.NEXTVAL, 24, 8000047, 1, 80001, 3,
                   1475530, NULL, NULL, NULL, NULL, NULL, -25.6605305486276,
                   NULL, NULL, NULL, NULL, NULL, f_sysdate, f_user,
                   NULL, NULL, NULL, NULL, NULL, NULL, NULL,
                   NULL
                  );
   EXCEPTION
      WHEN DUP_VAL_ON_INDEX
      THEN
         NULL;
   END;

   BEGIN
      INSERT INTO sgt_subtabs_det
                  (sdetalle, cempres, csubtabla, cversubt, ccla1, ccla2,
                   ccla3, ccla4, ccla5, ccla6, ccla7, ccla8, nval1,
                   nval2, nval3, nval4, nval5, nval6, falta, cusualt,
                   fmodifi, cusumod, ccla9, ccla10, nval7, nval8, nval9,
                   nval10
                  )
           VALUES (sdetalle_conf.NEXTVAL, 24, 8000047, 1, 80002, 3,
                   1475530, NULL, NULL, NULL, NULL, NULL, -25.6605305486276,
                   NULL, NULL, NULL, NULL, NULL, f_sysdate, f_user,
                   NULL, NULL, NULL, NULL, NULL, NULL, NULL,
                   NULL
                  );
   EXCEPTION
      WHEN DUP_VAL_ON_INDEX
      THEN
         NULL;
   END;

   BEGIN
      INSERT INTO sgt_subtabs_det
                  (sdetalle, cempres, csubtabla, cversubt, ccla1, ccla2,
                   ccla3, ccla4, ccla5, ccla6, ccla7, ccla8, nval1,
                   nval2, nval3, nval4, nval5, nval6, falta, cusualt,
                   fmodifi, cusumod, ccla9, ccla10, nval7, nval8, nval9,
                   nval10
                  )
           VALUES (sdetalle_conf.NEXTVAL, 24, 8000047, 1, 80003, 3,
                   1475530, NULL, NULL, NULL, NULL, NULL, -25.6605305486276,
                   NULL, NULL, NULL, NULL, NULL, f_sysdate, f_user,
                   NULL, NULL, NULL, NULL, NULL, NULL, NULL,
                   NULL
                  );
   EXCEPTION
      WHEN DUP_VAL_ON_INDEX
      THEN
         NULL;
   END;

   BEGIN
      INSERT INTO sgt_subtabs_det
                  (sdetalle, cempres, csubtabla, cversubt, ccla1, ccla2,
                   ccla3, ccla4, ccla5, ccla6, ccla7, ccla8, nval1,
                   nval2, nval3, nval4, nval5, nval6, falta, cusualt,
                   fmodifi, cusumod, ccla9, ccla10, nval7, nval8, nval9,
                   nval10
                  )
           VALUES (sdetalle_conf.NEXTVAL, 24, 8000047, 1, 80001, 1,
                   1475530, NULL, NULL, NULL, NULL, NULL, -16.8748157620769,
                   NULL, NULL, NULL, NULL, NULL, f_sysdate, f_user,
                   NULL, NULL, NULL, NULL, NULL, NULL, NULL,
                   NULL
                  );
   EXCEPTION
      WHEN DUP_VAL_ON_INDEX
      THEN
         NULL;
   END;

   BEGIN
      INSERT INTO sgt_subtabs_det
                  (sdetalle, cempres, csubtabla, cversubt, ccla1, ccla2,
                   ccla3, ccla4, ccla5, ccla6, ccla7, ccla8, nval1,
                   nval2, nval3, nval4, nval5, nval6, falta, cusualt,
                   fmodifi, cusumod, ccla9, ccla10, nval7, nval8, nval9,
                   nval10
                  )
           VALUES (sdetalle_conf.NEXTVAL, 24, 8000047, 1, 80002, 1,
                   1475530, NULL, NULL, NULL, NULL, NULL, -16.8748157620769,
                   NULL, NULL, NULL, NULL, NULL, f_sysdate, f_user,
                   NULL, NULL, NULL, NULL, NULL, NULL, NULL,
                   NULL
                  );
   EXCEPTION
      WHEN DUP_VAL_ON_INDEX
      THEN
         NULL;
   END;

   BEGIN
      INSERT INTO sgt_subtabs_det
                  (sdetalle, cempres, csubtabla, cversubt, ccla1, ccla2,
                   ccla3, ccla4, ccla5, ccla6, ccla7, ccla8, nval1,
                   nval2, nval3, nval4, nval5, nval6, falta, cusualt,
                   fmodifi, cusumod, ccla9, ccla10, nval7, nval8, nval9,
                   nval10
                  )
           VALUES (sdetalle_conf.NEXTVAL, 24, 8000047, 1, 80003, 1,
                   1475530, NULL, NULL, NULL, NULL, NULL, -16.8748157620769,
                   NULL, NULL, NULL, NULL, NULL, f_sysdate, f_user,
                   NULL, NULL, NULL, NULL, NULL, NULL, NULL,
                   NULL
                  );
   EXCEPTION
      WHEN DUP_VAL_ON_INDEX
      THEN
         NULL;
   END;

   BEGIN
      INSERT INTO sgt_subtabs_det
                  (sdetalle, cempres, csubtabla, cversubt, ccla1, ccla2,
                   ccla3, ccla4, ccla5, ccla6, ccla7, ccla8, nval1,
                   nval2, nval3, nval4, nval5, nval6, falta, cusualt,
                   fmodifi, cusumod, ccla9, ccla10, nval7, nval8, nval9,
                   nval10
                  )
           VALUES (sdetalle_conf.NEXTVAL, 24, 8000047, 1, 80001, 2,
                   1475530, NULL, NULL, NULL, NULL, NULL, -23.1051726812454,
                   NULL, NULL, NULL, NULL, NULL, f_sysdate, f_user,
                   NULL, NULL, NULL, NULL, NULL, NULL, NULL,
                   NULL
                  );
   EXCEPTION
      WHEN DUP_VAL_ON_INDEX
      THEN
         NULL;
   END;

   BEGIN
      INSERT INTO sgt_subtabs_det
                  (sdetalle, cempres, csubtabla, cversubt, ccla1, ccla2,
                   ccla3, ccla4, ccla5, ccla6, ccla7, ccla8, nval1,
                   nval2, nval3, nval4, nval5, nval6, falta, cusualt,
                   fmodifi, cusumod, ccla9, ccla10, nval7, nval8, nval9,
                   nval10
                  )
           VALUES (sdetalle_conf.NEXTVAL, 24, 8000047, 1, 80002, 2,
                   1475530, NULL, NULL, NULL, NULL, NULL, -23.1051726812454,
                   NULL, NULL, NULL, NULL, NULL, f_sysdate, f_user,
                   NULL, NULL, NULL, NULL, NULL, NULL, NULL,
                   NULL
                  );
   EXCEPTION
      WHEN DUP_VAL_ON_INDEX
      THEN
         NULL;
   END;

   BEGIN
      INSERT INTO sgt_subtabs_det
                  (sdetalle, cempres, csubtabla, cversubt, ccla1, ccla2,
                   ccla3, ccla4, ccla5, ccla6, ccla7, ccla8, nval1,
                   nval2, nval3, nval4, nval5, nval6, falta, cusualt,
                   fmodifi, cusumod, ccla9, ccla10, nval7, nval8, nval9,
                   nval10
                  )
           VALUES (sdetalle_conf.NEXTVAL, 24, 8000047, 1, 80003, 2,
                   1475530, NULL, NULL, NULL, NULL, NULL, -23.1051726812454,
                   NULL, NULL, NULL, NULL, NULL, f_sysdate, f_user,
                   NULL, NULL, NULL, NULL, NULL, NULL, NULL,
                   NULL
                  );
   EXCEPTION
      WHEN DUP_VAL_ON_INDEX
      THEN
         NULL;
   END;

   BEGIN
      INSERT INTO sgt_subtabs_det
                  (sdetalle, cempres, csubtabla, cversubt, ccla1, ccla2,
                   ccla3, ccla4, ccla5, ccla6, ccla7, ccla8, nval1,
                   nval2, nval3, nval4, nval5, nval6, falta, cusualt,
                   fmodifi, cusumod, ccla9, ccla10, nval7, nval8, nval9,
                   nval10
                  )
           VALUES (sdetalle_conf.NEXTVAL, 24, 8000047, 1, 80001, 1,
                   1475530, NULL, NULL, NULL, NULL, NULL, -16.8748157620769,
                   NULL, NULL, NULL, NULL, NULL, f_sysdate, f_user,
                   NULL, NULL, NULL, NULL, NULL, NULL, NULL,
                   NULL
                  );
   EXCEPTION
      WHEN DUP_VAL_ON_INDEX
      THEN
         NULL;
   END;

   BEGIN
      INSERT INTO sgt_subtabs_det
                  (sdetalle, cempres, csubtabla, cversubt, ccla1, ccla2,
                   ccla3, ccla4, ccla5, ccla6, ccla7, ccla8, nval1,
                   nval2, nval3, nval4, nval5, nval6, falta, cusualt,
                   fmodifi, cusumod, ccla9, ccla10, nval7, nval8, nval9,
                   nval10
                  )
           VALUES (sdetalle_conf.NEXTVAL, 24, 8000047, 1, 80002, 1,
                   1475530, NULL, NULL, NULL, NULL, NULL, -16.8748157620769,
                   NULL, NULL, NULL, NULL, NULL, f_sysdate, f_user,
                   NULL, NULL, NULL, NULL, NULL, NULL, NULL,
                   NULL
                  );
   EXCEPTION
      WHEN DUP_VAL_ON_INDEX
      THEN
         NULL;
   END;

   BEGIN
      INSERT INTO sgt_subtabs_det
                  (sdetalle, cempres, csubtabla, cversubt, ccla1, ccla2,
                   ccla3, ccla4, ccla5, ccla6, ccla7, ccla8, nval1,
                   nval2, nval3, nval4, nval5, nval6, falta, cusualt,
                   fmodifi, cusumod, ccla9, ccla10, nval7, nval8, nval9,
                   nval10
                  )
           VALUES (sdetalle_conf.NEXTVAL, 24, 8000047, 1, 80003, 1,
                   1475530, NULL, NULL, NULL, NULL, NULL, -16.8748157620769,
                   NULL, NULL, NULL, NULL, NULL, f_sysdate, f_user,
                   NULL, NULL, NULL, NULL, NULL, NULL, NULL,
                   NULL
                  );
   EXCEPTION
      WHEN DUP_VAL_ON_INDEX
      THEN
         NULL;
   END;

   BEGIN
      INSERT INTO sgt_subtabs_det
                  (sdetalle, cempres, csubtabla, cversubt, ccla1, ccla2,
                   ccla3, ccla4, ccla5, ccla6, ccla7, ccla8, nval1,
                   nval2, nval3, nval4, nval5, nval6, falta, cusualt,
                   fmodifi, cusumod, ccla9, ccla10, nval7, nval8, nval9,
                   nval10
                  )
           VALUES (sdetalle_conf.NEXTVAL, 24, 8000047, 1, 80001, 1,
                   1475530, NULL, NULL, NULL, NULL, NULL, -16.8748157620769,
                   NULL, NULL, NULL, NULL, NULL, f_sysdate, f_user,
                   NULL, NULL, NULL, NULL, NULL, NULL, NULL,
                   NULL
                  );
   EXCEPTION
      WHEN DUP_VAL_ON_INDEX
      THEN
         NULL;
   END;

   BEGIN
      INSERT INTO sgt_subtabs_det
                  (sdetalle, cempres, csubtabla, cversubt, ccla1, ccla2,
                   ccla3, ccla4, ccla5, ccla6, ccla7, ccla8, nval1,
                   nval2, nval3, nval4, nval5, nval6, falta, cusualt,
                   fmodifi, cusumod, ccla9, ccla10, nval7, nval8, nval9,
                   nval10
                  )
           VALUES (sdetalle_conf.NEXTVAL, 24, 8000047, 1, 80002, 1,
                   1475530, NULL, NULL, NULL, NULL, NULL, -16.8748157620769,
                   NULL, NULL, NULL, NULL, NULL, f_sysdate, f_user,
                   NULL, NULL, NULL, NULL, NULL, NULL, NULL,
                   NULL
                  );
   EXCEPTION
      WHEN DUP_VAL_ON_INDEX
      THEN
         NULL;
   END;

   BEGIN
      INSERT INTO sgt_subtabs_det
                  (sdetalle, cempres, csubtabla, cversubt, ccla1, ccla2,
                   ccla3, ccla4, ccla5, ccla6, ccla7, ccla8, nval1,
                   nval2, nval3, nval4, nval5, nval6, falta, cusualt,
                   fmodifi, cusumod, ccla9, ccla10, nval7, nval8, nval9,
                   nval10
                  )
           VALUES (sdetalle_conf.NEXTVAL, 24, 8000047, 1, 80003, 1,
                   1475530, NULL, NULL, NULL, NULL, NULL, -16.8748157620769,
                   NULL, NULL, NULL, NULL, NULL, f_sysdate, f_user,
                   NULL, NULL, NULL, NULL, NULL, NULL, NULL,
                   NULL
                  );
   EXCEPTION
      WHEN DUP_VAL_ON_INDEX
      THEN
         NULL;
   END;

   BEGIN
      INSERT INTO sgt_subtabs_det
                  (sdetalle, cempres, csubtabla, cversubt, ccla1, ccla2,
                   ccla3, ccla4, ccla5, ccla6, ccla7, ccla8, nval1,
                   nval2, nval3, nval4, nval5, nval6, falta, cusualt,
                   fmodifi, cusumod, ccla9, ccla10, nval7, nval8, nval9,
                   nval10
                  )
           VALUES (sdetalle_conf.NEXTVAL, 24, 8000047, 1, 80001, 1,
                   1475530, NULL, NULL, NULL, NULL, NULL, -16.8748157620769,
                   NULL, NULL, NULL, NULL, NULL, f_sysdate, f_user,
                   NULL, NULL, NULL, NULL, NULL, NULL, NULL,
                   NULL
                  );
   EXCEPTION
      WHEN DUP_VAL_ON_INDEX
      THEN
         NULL;
   END;

   BEGIN
      INSERT INTO sgt_subtabs_det
                  (sdetalle, cempres, csubtabla, cversubt, ccla1, ccla2,
                   ccla3, ccla4, ccla5, ccla6, ccla7, ccla8, nval1,
                   nval2, nval3, nval4, nval5, nval6, falta, cusualt,
                   fmodifi, cusumod, ccla9, ccla10, nval7, nval8, nval9,
                   nval10
                  )
           VALUES (sdetalle_conf.NEXTVAL, 24, 8000047, 1, 80002, 1,
                   1475530, NULL, NULL, NULL, NULL, NULL, -16.8748157620769,
                   NULL, NULL, NULL, NULL, NULL, f_sysdate, f_user,
                   NULL, NULL, NULL, NULL, NULL, NULL, NULL,
                   NULL
                  );
   EXCEPTION
      WHEN DUP_VAL_ON_INDEX
      THEN
         NULL;
   END;

   BEGIN
      INSERT INTO sgt_subtabs_det
                  (sdetalle, cempres, csubtabla, cversubt, ccla1, ccla2,
                   ccla3, ccla4, ccla5, ccla6, ccla7, ccla8, nval1,
                   nval2, nval3, nval4, nval5, nval6, falta, cusualt,
                   fmodifi, cusumod, ccla9, ccla10, nval7, nval8, nval9,
                   nval10
                  )
           VALUES (sdetalle_conf.NEXTVAL, 24, 8000047, 1, 80003, 1,
                   1475530, NULL, NULL, NULL, NULL, NULL, -16.8748157620769,
                   NULL, NULL, NULL, NULL, NULL, f_sysdate, f_user,
                   NULL, NULL, NULL, NULL, NULL, NULL, NULL,
                   NULL
                  );
   EXCEPTION
      WHEN DUP_VAL_ON_INDEX
      THEN
         NULL;
   END;

   BEGIN
      INSERT INTO sgt_subtabs_det
                  (sdetalle, cempres, csubtabla, cversubt, ccla1, ccla2,
                   ccla3, ccla4, ccla5, ccla6, ccla7, ccla8, nval1,
                   nval2, nval3, nval4, nval5, nval6, falta, cusualt,
                   fmodifi, cusumod, ccla9, ccla10, nval7, nval8, nval9,
                   nval10
                  )
           VALUES (sdetalle_conf.NEXTVAL, 24, 8000047, 1, 80001, 2,
                   1475530, NULL, NULL, NULL, NULL, NULL, -23.1051726812454,
                   NULL, NULL, NULL, NULL, NULL, f_sysdate, f_user,
                   NULL, NULL, NULL, NULL, NULL, NULL, NULL,
                   NULL
                  );
   EXCEPTION
      WHEN DUP_VAL_ON_INDEX
      THEN
         NULL;
   END;

   BEGIN
      INSERT INTO sgt_subtabs_det
                  (sdetalle, cempres, csubtabla, cversubt, ccla1, ccla2,
                   ccla3, ccla4, ccla5, ccla6, ccla7, ccla8, nval1,
                   nval2, nval3, nval4, nval5, nval6, falta, cusualt,
                   fmodifi, cusumod, ccla9, ccla10, nval7, nval8, nval9,
                   nval10
                  )
           VALUES (sdetalle_conf.NEXTVAL, 24, 8000047, 1, 80002, 2,
                   1475530, NULL, NULL, NULL, NULL, NULL, -23.1051726812454,
                   NULL, NULL, NULL, NULL, NULL, f_sysdate, f_user,
                   NULL, NULL, NULL, NULL, NULL, NULL, NULL,
                   NULL
                  );
   EXCEPTION
      WHEN DUP_VAL_ON_INDEX
      THEN
         NULL;
   END;

   BEGIN
      INSERT INTO sgt_subtabs_det
                  (sdetalle, cempres, csubtabla, cversubt, ccla1, ccla2,
                   ccla3, ccla4, ccla5, ccla6, ccla7, ccla8, nval1,
                   nval2, nval3, nval4, nval5, nval6, falta, cusualt,
                   fmodifi, cusumod, ccla9, ccla10, nval7, nval8, nval9,
                   nval10
                  )
           VALUES (sdetalle_conf.NEXTVAL, 24, 8000047, 1, 80003, 2,
                   1475530, NULL, NULL, NULL, NULL, NULL, -23.1051726812454,
                   NULL, NULL, NULL, NULL, NULL, f_sysdate, f_user,
                   NULL, NULL, NULL, NULL, NULL, NULL, NULL,
                   NULL
                  );
   EXCEPTION
      WHEN DUP_VAL_ON_INDEX
      THEN
         NULL;
   END;
END;
/

COMMIT ;