DELETE FROM PAREMPRESAS WHERE CPARAM = 'CTE_LOGIT';
DELETE DESPARAM WHERE CPARAM = 'CTE_LOGIT';
DELETE FROM CODPARAM WHERE CPARAM = 'CTE_LOGIT';

INSERT INTO CODPARAM (CPARAM,CUTILI,CTIPO,CGRPPAR,NORDEN,COBLIGA,TDEFECTO,CVISIBLE) values ('CTE_LOGIT','5','2','GEN',1,'0','0','1');
INSERT INTO DESPARAM (CPARAM,CIDIOMA,TPARAM) values ('CTE_LOGIT',1,'Constant Logit');
INSERT INTO DESPARAM (CPARAM,CIDIOMA,TPARAM) values ('CTE_LOGIT',2,'Constante Logit');
INSERT INTO DESPARAM (CPARAM,CIDIOMA,TPARAM) values ('CTE_LOGIT',8,'Constante Logit');
INSERT INTO PAREMPRESAS (CEMPRES, CPARAM, NVALPAR, TVALPAR, FVALPAR) VALUES(24, 'CTE_LOGIT', NULL, '-1.848', NULL);

DELETE FROM PAREMPRESAS WHERE CPARAM = 'CTE_ROTACTIVO';
DELETE DESPARAM WHERE CPARAM = 'CTE_ROTACTIVO';
DELETE FROM CODPARAM WHERE CPARAM = 'CTE_ROTACTIVO';

INSERT INTO CODPARAM (CPARAM,CUTILI,CTIPO,CGRPPAR,NORDEN,COBLIGA,TDEFECTO,CVISIBLE) values ('CTE_ROTACTIVO','5','2','GEN',1,'0','0','1');
INSERT INTO DESPARAM (CPARAM,CIDIOMA,TPARAM) values ('CTE_ROTACTIVO',1,'Constant rotació actiu');
INSERT INTO DESPARAM (CPARAM,CIDIOMA,TPARAM) values ('CTE_ROTACTIVO',2,'Constante rotacion activo');
INSERT INTO DESPARAM (CPARAM,CIDIOMA,TPARAM) values ('CTE_ROTACTIVO',8,'Constante rotacion activo');
INSERT INTO PAREMPRESAS (CEMPRES, CPARAM, NVALPAR, TVALPAR, FVALPAR) VALUES(24, 'CTE_ROTACTIVO', NULL, '3.2798', NULL);

DELETE FROM PAREMPRESAS WHERE CPARAM = 'CTE_PRUACIDA';
DELETE DESPARAM WHERE CPARAM = 'CTE_PRUACIDA';
DELETE FROM CODPARAM WHERE CPARAM = 'CTE_PRUACIDA';

INSERT INTO CODPARAM (CPARAM,CUTILI,CTIPO,CGRPPAR,NORDEN,COBLIGA,TDEFECTO,CVISIBLE) values ('CTE_PRUACIDA','5','2','GEN',1,'0','0','1');
INSERT INTO DESPARAM (CPARAM,CIDIOMA,TPARAM) values ('CTE_PRUACIDA',1,'constant prova àcida');
INSERT INTO DESPARAM (CPARAM,CIDIOMA,TPARAM) values ('CTE_PRUACIDA',2,'constante prueba acida');
INSERT INTO DESPARAM (CPARAM,CIDIOMA,TPARAM) values ('CTE_PRUACIDA',8,'constante prueba acida');
INSERT INTO PAREMPRESAS (CEMPRES, CPARAM, NVALPAR, TVALPAR, FVALPAR) VALUES(24, 'CTE_PRUACIDA', NULL, '0.9344', NULL);

DELETE FROM PAREMPRESAS WHERE CPARAM = 'CTE_RENDPATRIMONIO';
DELETE DESPARAM WHERE CPARAM = 'CTE_RENDPATRIMONIO';
DELETE FROM CODPARAM WHERE CPARAM = 'CTE_RENDPATRIMONIO';

INSERT INTO CODPARAM (CPARAM,CUTILI,CTIPO,CGRPPAR,NORDEN,COBLIGA,TDEFECTO,CVISIBLE) values ('CTE_RENDPATRIMONIO','5','2','GEN',1,'0','0','1');
INSERT INTO DESPARAM (CPARAM,CIDIOMA,TPARAM) values ('CTE_RENDPATRIMONIO',1,'constant rendiment patrimoni');
INSERT INTO DESPARAM (CPARAM,CIDIOMA,TPARAM) values ('CTE_RENDPATRIMONIO',2,'constante rendimiento patrimonio');
INSERT INTO DESPARAM (CPARAM,CIDIOMA,TPARAM) values ('CTE_RENDPATRIMONIO',8,'constante rendimiento patrimonio');
INSERT INTO PAREMPRESAS (CEMPRES, CPARAM, NVALPAR, TVALPAR, FVALPAR) VALUES(24, 'CTE_RENDPATRIMONIO', NULL, '0.04', NULL);

DELETE FROM PAREMPRESAS WHERE CPARAM = 'CTE_MARGENNETO';
DELETE DESPARAM WHERE CPARAM = 'CTE_MARGENNETO';
DELETE FROM CODPARAM WHERE CPARAM = 'CTE_MARGENNETO';

INSERT INTO CODPARAM (CPARAM,CUTILI,CTIPO,CGRPPAR,NORDEN,COBLIGA,TDEFECTO,CVISIBLE) values ('CTE_MARGENNETO','5','2','GEN',1,'0','0','1');
INSERT INTO DESPARAM (CPARAM,CIDIOMA,TPARAM) values ('CTE_MARGENNETO',1,'constant marge net');
INSERT INTO DESPARAM (CPARAM,CIDIOMA,TPARAM) values ('CTE_MARGENNETO',2,'constante margen neto');
INSERT INTO DESPARAM (CPARAM,CIDIOMA,TPARAM) values ('CTE_MARGENNETO',8,'constante margen neto');
INSERT INTO PAREMPRESAS (CEMPRES, CPARAM, NVALPAR, TVALPAR, FVALPAR) VALUES(24, 'CTE_MARGENNETO', NULL, '0.026', NULL);

COMMIT;
/