DELETE FROM CLAUSUPRO WHERE SCLAGEN IN (4280, 4281, 4282) AND CRAMO = 802 AND CMODALI IN (5, 6, 7, 8);


INSERT INTO CODICLAUSUGEN(SCLAGEN) VALUES('4427');
INSERT INTO CODICLAUSUGEN(SCLAGEN) VALUES('4428');
INSERT INTO CODICLAUSUGEN(SCLAGEN) VALUES('4429');
INSERT INTO CODICLAUSUGEN(SCLAGEN) VALUES('4430');
INSERT INTO CODICLAUSUGEN(SCLAGEN) VALUES('4431');
INSERT INTO CODICLAUSUGEN(SCLAGEN) VALUES('4432');
INSERT INTO CODICLAUSUGEN(SCLAGEN) VALUES('4433');
INSERT INTO CODICLAUSUGEN(SCLAGEN) VALUES('4434');
INSERT INTO CODICLAUSUGEN(SCLAGEN) VALUES('4435');
INSERT INTO CODICLAUSUGEN(SCLAGEN) VALUES('4436');
INSERT INTO CODICLAUSUGEN(SCLAGEN) VALUES('4437');


INSERT INTO CLAUSUGEN(SCLAGEN, CIDIOMA, TCLATIT, TCLATEX) VALUES('4427', '1', 'EDIFICACIONES', 'El contratista se compromete a realizar los respectivos alistamientos de la obra y tomar las respectivas medidas de seguridad como son cerramientos, mallas de protección, señalización, avisos e.t.c');
INSERT INTO CLAUSUGEN(SCLAGEN, CIDIOMA, TCLATIT, TCLATEX) VALUES('4427', '2', 'EDIFICACIONES', 'El contratista se compromete a realizar los respectivos alistamientos de la obra y tomar las respectivas medidas de seguridad como son cerramientos, mallas de protección, señalización, avisos e.t.c');
INSERT INTO CLAUSUGEN(SCLAGEN, CIDIOMA, TCLATIT, TCLATEX) VALUES('4427', '8', 'EDIFICACIONES', 'El contratista se compromete a realizar los respectivos alistamientos de la obra y tomar las respectivas medidas de seguridad como son cerramientos, mallas de protección, señalización, avisos e.t.c');

INSERT INTO CLAUSUGEN(SCLAGEN, CIDIOMA, TCLATIT, TCLATEX) VALUES('4428', '1', 'CUNETAS', 'El contratista se compromete a realizar los respectivos alistamientos de la obra y tomar las respectivas medidas de seguridad como son cerramientos, mallas de protección, señalización, avisos e.t.c.  -El contratista deberá implementar un plan de manejo y contingencia vehicular.');
INSERT INTO CLAUSUGEN(SCLAGEN, CIDIOMA, TCLATIT, TCLATEX) VALUES('4428', '2', 'CUNETAS', 'El contratista se compromete a realizar los respectivos alistamientos de la obra y tomar las respectivas medidas de seguridad como son cerramientos, mallas de protección, señalización, avisos e.t.c.  -El contratista deberá implementar un plan de manejo y contingencia vehicular.');
INSERT INTO CLAUSUGEN(SCLAGEN, CIDIOMA, TCLATIT, TCLATEX) VALUES('4428', '8', 'CUNETAS', 'El contratista se compromete a realizar los respectivos alistamientos de la obra y tomar las respectivas medidas de seguridad como son cerramientos, mallas de protección, señalización, avisos e.t.c.  -El contratista deberá implementar un plan de manejo y contingencia vehicular.');

INSERT INTO CLAUSUGEN(SCLAGEN, CIDIOMA, TCLATIT, TCLATEX) VALUES('4429', '1', 'BOX COULVERT', 'El contratista se compromete a realizar los respectivos alistamientos de la obra y tomar las respectivas medidas de seguridad como son cerramientos, mallas de protección, señalización, avisos e.t.c.  -El contratista deberá implementar un plan de manejo y contingencia vehicular.');
INSERT INTO CLAUSUGEN(SCLAGEN, CIDIOMA, TCLATIT, TCLATEX) VALUES('4429', '2', 'BOX COULVERT', 'El contratista se compromete a realizar los respectivos alistamientos de la obra y tomar las respectivas medidas de seguridad como son cerramientos, mallas de protección, señalización, avisos e.t.c.  -El contratista deberá implementar un plan de manejo y contingencia vehicular.');
INSERT INTO CLAUSUGEN(SCLAGEN, CIDIOMA, TCLATIT, TCLATEX) VALUES('4429', '8', 'BOX COULVERT', 'El contratista se compromete a realizar los respectivos alistamientos de la obra y tomar las respectivas medidas de seguridad como son cerramientos, mallas de protección, señalización, avisos e.t.c.  -El contratista deberá implementar un plan de manejo y contingencia vehicular.');

INSERT INTO CLAUSUGEN(SCLAGEN, CIDIOMA, TCLATIT, TCLATEX) VALUES('4430', '1', 'TRANSPORTE MCIA PELIGROSA POR CARRETERA', '"REVOCACIÓN DE LA PÓLIZA 60 DÍAS , PREVIO AVISO AL MINISTERIO 
LA PRESENTE PÓLIZA AMPARA CONTABIMINACION AMBIENTAL SUBITA E IMPREVISTA, MAS NO LA PAULATINA
ESTA PÓLIZA CUBRE AL CABEZOTE MAS CUALQUIER REMOLQUE QUE SE ENGANCHE A ESTE
DESIGNACIÓN DE AJUSTADORES POR MUTUO ACUERDO CON EL ASEGURADO
CLAUSULA DE ARBITRAMENTO COLOMBIANA
AMPLIACION DEL PLAZO PARA AVISO DE SINIESTRO A 10 DÍAS"');
INSERT INTO CLAUSUGEN(SCLAGEN, CIDIOMA, TCLATIT, TCLATEX) VALUES('4430', '2', 'TRANSPORTE MCIA PELIGROSA POR CARRETERA', '"REVOCACIÓN DE LA PÓLIZA 60 DÍAS , PREVIO AVISO AL MINISTERIO 
LA PRESENTE PÓLIZA AMPARA CONTABIMINACION AMBIENTAL SUBITA E IMPREVISTA, MAS NO LA PAULATINA
ESTA PÓLIZA CUBRE AL CABEZOTE MAS CUALQUIER REMOLQUE QUE SE ENGANCHE A ESTE
DESIGNACIÓN DE AJUSTADORES POR MUTUO ACUERDO CON EL ASEGURADO
CLAUSULA DE ARBITRAMENTO COLOMBIANA
AMPLIACION DEL PLAZO PARA AVISO DE SINIESTRO A 10 DÍAS"');
INSERT INTO CLAUSUGEN(SCLAGEN, CIDIOMA, TCLATIT, TCLATEX) VALUES('4430', '8', 'TRANSPORTE MCIA PELIGROSA POR CARRETERA', 'REVOCACIÓN DE LA PÓLIZA 60 DÍAS , PREVIO AVISO AL MINISTERIO 
LA PRESENTE PÓLIZA AMPARA CONTABIMINACION AMBIENTAL SUBITA E IMPREVISTA, MAS NO LA PAULATINA
ESTA PÓLIZA CUBRE AL CABEZOTE MAS CUALQUIER REMOLQUE QUE SE ENGANCHE A ESTE
DESIGNACIÓN DE AJUSTADORES POR MUTUO ACUERDO CON EL ASEGURADO
CLAUSULA DE ARBITRAMENTO COLOMBIANA
AMPLIACION DEL PLAZO PARA AVISO DE SINIESTRO A 10 DÍAS');

INSERT INTO CLAUSUGEN(SCLAGEN, CIDIOMA, TCLATIT, TCLATEX) VALUES('4431', '1', 'TRANSPORTE MCIA EXTRAPESADA, EXTRADIMENSIONADA ', 'REVOCACIÓN DE LA PÓLIZA 60 DÍAS , PREVIO AVISO AL MINISTERIO 
LA PRESENTE PÓLIZA AMPARA CONTABIMINACION AMBIENTAL SUBITA E IMPREVISTA, MAS NO LA PAULATINA
ESTA PÓLIZA CUBRE AL CABEZOTE MAS CUALQUIER REMOLQUE QUE SE ENGANCHE A ESTE
DESIGNACIÓN DE AJUSTADORES POR MUTUO ACUERDO CON EL ASEGURADO
CLAUSULA DE ARBITRAMENTO COLOMBIANA
AMPLIACION DEL PLAZO PARA AVISO DE SINIESTRO A 10 DÍAS');
INSERT INTO CLAUSUGEN(SCLAGEN, CIDIOMA, TCLATIT, TCLATEX) VALUES('4431', '2', 'TRANSPORTE MCIA EXTRAPESADA, EXTRADIMENSIONADA ', 'REVOCACIÓN DE LA PÓLIZA 60 DÍAS , PREVIO AVISO AL MINISTERIO 
LA PRESENTE PÓLIZA AMPARA CONTABIMINACION AMBIENTAL SUBITA E IMPREVISTA, MAS NO LA PAULATINA
ESTA PÓLIZA CUBRE AL CABEZOTE MAS CUALQUIER REMOLQUE QUE SE ENGANCHE A ESTE
DESIGNACIÓN DE AJUSTADORES POR MUTUO ACUERDO CON EL ASEGURADO
CLAUSULA DE ARBITRAMENTO COLOMBIANA
AMPLIACION DEL PLAZO PARA AVISO DE SINIESTRO A 10 DÍAS');
INSERT INTO CLAUSUGEN(SCLAGEN, CIDIOMA, TCLATIT, TCLATEX) VALUES('4431', '8', 'TRANSPORTE MCIA EXTRAPESADA, EXTRADIMENSIONADA ', 'REVOCACIÓN DE LA PÓLIZA 60 DÍAS , PREVIO AVISO AL MINISTERIO 
LA PRESENTE PÓLIZA AMPARA CONTABIMINACION AMBIENTAL SUBITA E IMPREVISTA, MAS NO LA PAULATINA
ESTA PÓLIZA CUBRE AL CABEZOTE MAS CUALQUIER REMOLQUE QUE SE ENGANCHE A ESTE
DESIGNACIÓN DE AJUSTADORES POR MUTUO ACUERDO CON EL ASEGURADO
CLAUSULA DE ARBITRAMENTO COLOMBIANA
AMPLIACION DEL PLAZO PARA AVISO DE SINIESTRO A 10 DÍAS');

INSERT INTO CLAUSUGEN(SCLAGEN, CIDIOMA, TCLATIT, TCLATEX) VALUES('4432', '1', 'RIESGOS FIJOS ESTACIÓN DE SERVICIO GASOLINA', 'REVOCACIÓN DE LA PÓLIZA 60 DÍAS , PREVIO AVISO AL MINISTERIO 
LA PRESENTE PÓLIZA AMPARA CONTABIMINACION AMBIENTAL SUBITA E IMPREVISTA, MAS NO LA PAULATINA
ESTA PÓLIZA CUBRE AL CABEZOTE MAS CUALQUIER REMOLQUE QUE SE ENGANCHE A ESTE
DESIGNACIÓN DE AJUSTADORES POR MUTUO ACUERDO CON EL ASEGURADO
CLAUSULA DE ARBITRAMENTO COLOMBIANA
AMPLIACION DEL PLAZO PARA AVISO DE SINIESTRO A 10 DÍAS');
INSERT INTO CLAUSUGEN(SCLAGEN, CIDIOMA, TCLATIT, TCLATEX) VALUES('4432', '2', 'RIESGOS FIJOS ESTACIÓN DE SERVICIO GASOLINA', 'REVOCACIÓN DE LA PÓLIZA 60 DÍAS , PREVIO AVISO AL MINISTERIO 
LA PRESENTE PÓLIZA AMPARA CONTABIMINACION AMBIENTAL SUBITA E IMPREVISTA, MAS NO LA PAULATINA
ESTA PÓLIZA CUBRE AL CABEZOTE MAS CUALQUIER REMOLQUE QUE SE ENGANCHE A ESTE
DESIGNACIÓN DE AJUSTADORES POR MUTUO ACUERDO CON EL ASEGURADO
CLAUSULA DE ARBITRAMENTO COLOMBIANA
AMPLIACION DEL PLAZO PARA AVISO DE SINIESTRO A 10 DÍAS');
INSERT INTO CLAUSUGEN(SCLAGEN, CIDIOMA, TCLATIT, TCLATEX) VALUES('4432', '8', 'RIESGOS FIJOS ESTACIÓN DE SERVICIO GASOLINA', 'REVOCACIÓN DE LA PÓLIZA 60 DÍAS, PREVIO AVISO AL MINISTERIO 
LA PRESENTE PÓLIZA AMPARA CONTABIMINACION AMBIENTAL SUBITA E IMPREVISTA, MAS NO LA PAULATINA
ESTA PÓLIZA CUBRE AL CABEZOTE MAS CUALQUIER REMOLQUE QUE SE ENGANCHE A ESTE
DESIGNACIÓN DE AJUSTADORES POR MUTUO ACUERDO CON EL ASEGURADO
CLAUSULA DE ARBITRAMENTO COLOMBIANA
AMPLIACION DEL PLAZO PARA AVISO DE SINIESTRO A 10 DÍAS');

INSERT INTO CLAUSUGEN(SCLAGEN, CIDIOMA, TCLATIT, TCLATEX) VALUES('4433', '1', 'RIESGOS FIJOS TALLERES DE CONVERSIÓN', 'REVOCACIÓN DE LA PÓLIZA 60 DÍAS , PREVIO AVISO AL MINISTERIO 
LA PRESENTE PÓLIZA AMPARA CONTABIMINACION AMBIENTAL SUBITA E IMPREVISTA, MAS NO LA PAULATINA
ESTA PÓLIZA CUBRE AL CABEZOTE MAS CUALQUIER REMOLQUE QUE SE ENGANCHE A ESTE
DESIGNACIÓN DE AJUSTADORES POR MUTUO ACUERDO CON EL ASEGURADO
CLAUSULA DE ARBITRAMENTO COLOMBIANA
AMPLIACION DEL PLAZO PARA AVISO DE SINIESTRO A 10 DÍAS');
INSERT INTO CLAUSUGEN(SCLAGEN, CIDIOMA, TCLATIT, TCLATEX) VALUES('4433', '2', 'RIESGOS FIJOS TALLERES DE CONVERSIÓN', 'REVOCACIÓN DE LA PÓLIZA 60 DÍAS , PREVIO AVISO AL MINISTERIO 
LA PRESENTE PÓLIZA AMPARA CONTABIMINACION AMBIENTAL SUBITA E IMPREVISTA, MAS NO LA PAULATINA
ESTA PÓLIZA CUBRE AL CABEZOTE MAS CUALQUIER REMOLQUE QUE SE ENGANCHE A ESTE
DESIGNACIÓN DE AJUSTADORES POR MUTUO ACUERDO CON EL ASEGURADO
CLAUSULA DE ARBITRAMENTO COLOMBIANA
AMPLIACION DEL PLAZO PARA AVISO DE SINIESTRO A 10 DÍAS');
INSERT INTO CLAUSUGEN(SCLAGEN, CIDIOMA, TCLATIT, TCLATEX) VALUES('4433', '8', 'RIESGOS FIJOS TALLERES DE CONVERSIÓN', 'REVOCACIÓN DE LA PÓLIZA 60 DÍAS , PREVIO AVISO AL MINISTERIO 
LA PRESENTE PÓLIZA AMPARA CONTABIMINACION AMBIENTAL SUBITA E IMPREVISTA, MAS NO LA PAULATINA
ESTA PÓLIZA CUBRE AL CABEZOTE MAS CUALQUIER REMOLQUE QUE SE ENGANCHE A ESTE
DESIGNACIÓN DE AJUSTADORES POR MUTUO ACUERDO CON EL ASEGURADO
CLAUSULA DE ARBITRAMENTO COLOMBIANA
AMPLIACION DEL PLAZO PARA AVISO DE SINIESTRO A 10 DÍAS');

INSERT INTO CLAUSUGEN(SCLAGEN, CIDIOMA, TCLATIT, TCLATEX) VALUES('4434', '1', 'RIESGOS FIJOS PLANTAS DE BIODIESEL', 'REVOCACIÓN DE LA PÓLIZA 60 DÍAS , PREVIO AVISO AL MINISTERIO 
LA PRESENTE PÓLIZA AMPARA CONTABIMINACION AMBIENTAL SUBITA E IMPREVISTA, MAS NO LA PAULATINA
ESTA PÓLIZA CUBRE AL CABEZOTE MAS CUALQUIER REMOLQUE QUE SE ENGANCHE A ESTE
DESIGNACIÓN DE AJUSTADORES POR MUTUO ACUERDO CON EL ASEGURADO
CLAUSULA DE ARBITRAMENTO COLOMBIANA
AMPLIACION DEL PLAZO PARA AVISO DE SINIESTRO A 10 DÍAS');
INSERT INTO CLAUSUGEN(SCLAGEN, CIDIOMA, TCLATIT, TCLATEX) VALUES('4434', '2', 'RIESGOS FIJOS PLANTAS DE BIODIESEL', 'REVOCACIÓN DE LA PÓLIZA 60 DÍAS , PREVIO AVISO AL MINISTERIO 
LA PRESENTE PÓLIZA AMPARA CONTABIMINACION AMBIENTAL SUBITA E IMPREVISTA, MAS NO LA PAULATINA
ESTA PÓLIZA CUBRE AL CABEZOTE MAS CUALQUIER REMOLQUE QUE SE ENGANCHE A ESTE
DESIGNACIÓN DE AJUSTADORES POR MUTUO ACUERDO CON EL ASEGURADO
CLAUSULA DE ARBITRAMENTO COLOMBIANA
AMPLIACION DEL PLAZO PARA AVISO DE SINIESTRO A 10 DÍAS');
INSERT INTO CLAUSUGEN(SCLAGEN, CIDIOMA, TCLATIT, TCLATEX) VALUES('4434', '8', 'RIESGOS FIJOS PLANTAS DE BIODIESEL', 'REVOCACIÓN DE LA PÓLIZA 60 DÍAS , PREVIO AVISO AL MINISTERIO 
LA PRESENTE PÓLIZA AMPARA CONTABIMINACION AMBIENTAL SUBITA E IMPREVISTA, MAS NO LA PAULATINA
ESTA PÓLIZA CUBRE AL CABEZOTE MAS CUALQUIER REMOLQUE QUE SE ENGANCHE A ESTE
DESIGNACIÓN DE AJUSTADORES POR MUTUO ACUERDO CON EL ASEGURADO
CLAUSULA DE ARBITRAMENTO COLOMBIANA
AMPLIACION DEL PLAZO PARA AVISO DE SINIESTRO A 10 DÍAS');

INSERT INTO CLAUSUGEN(SCLAGEN, CIDIOMA, TCLATIT, TCLATEX) VALUES('4435', '1', 'RIESGOS FIJOS REFINERIAS PARADEROS', 'REVOCACIÓN DE LA PÓLIZA 60 DÍAS , PREVIO AVISO AL MINISTERIO 
LA PRESENTE PÓLIZA AMPARA CONTABIMINACION AMBIENTAL SUBITA E IMPREVISTA, MAS NO LA PAULATINA
ESTA PÓLIZA CUBRE AL CABEZOTE MAS CUALQUIER REMOLQUE QUE SE ENGANCHE A ESTE
DESIGNACIÓN DE AJUSTADORES POR MUTUO ACUERDO CON EL ASEGURADO
CLAUSULA DE ARBITRAMENTO COLOMBIANA
AMPLIACION DEL PLAZO PARA AVISO DE SINIESTRO A 10 DÍAS');
INSERT INTO CLAUSUGEN(SCLAGEN, CIDIOMA, TCLATIT, TCLATEX) VALUES('4435', '2', 'RIESGOS FIJOS REFINERIAS PARADEROS', 'REVOCACIÓN DE LA PÓLIZA 60 DÍAS , PREVIO AVISO AL MINISTERIO 
LA PRESENTE PÓLIZA AMPARA CONTABIMINACION AMBIENTAL SUBITA E IMPREVISTA, MAS NO LA PAULATINA
ESTA PÓLIZA CUBRE AL CABEZOTE MAS CUALQUIER REMOLQUE QUE SE ENGANCHE A ESTE
DESIGNACIÓN DE AJUSTADORES POR MUTUO ACUERDO CON EL ASEGURADO
CLAUSULA DE ARBITRAMENTO COLOMBIANA
AMPLIACION DEL PLAZO PARA AVISO DE SINIESTRO A 10 DÍAS');
INSERT INTO CLAUSUGEN(SCLAGEN, CIDIOMA, TCLATIT, TCLATEX) VALUES('4435', '8', 'RIESGOS FIJOS REFINERIAS PARADEROS', 'REVOCACIÓN DE LA PÓLIZA 60 DÍAS , PREVIO AVISO AL MINISTERIO 
LA PRESENTE PÓLIZA AMPARA CONTABIMINACION AMBIENTAL SUBITA E IMPREVISTA, MAS NO LA PAULATINA
ESTA PÓLIZA CUBRE AL CABEZOTE MAS CUALQUIER REMOLQUE QUE SE ENGANCHE A ESTE
DESIGNACIÓN DE AJUSTADORES POR MUTUO ACUERDO CON EL ASEGURADO
CLAUSULA DE ARBITRAMENTO COLOMBIANA
AMPLIACION DEL PLAZO PARA AVISO DE SINIESTRO A 10 DÍAS');

INSERT INTO CLAUSUGEN(SCLAGEN, CIDIOMA, TCLATIT, TCLATEX) VALUES('4436', '1', 'RIESGOS FIJOS REFINERIAS EDIFICIOS', 'REVOCACIÓN DE LA PÓLIZA 60 DÍAS , PREVIO AVISO AL MINISTERIO 
LA PRESENTE PÓLIZA AMPARA CONTABIMINACION AMBIENTAL SUBITA E IMPREVISTA, MAS NO LA PAULATINA
ESTA PÓLIZA CUBRE AL CABEZOTE MAS CUALQUIER REMOLQUE QUE SE ENGANCHE A ESTE
DESIGNACIÓN DE AJUSTADORES POR MUTUO ACUERDO CON EL ASEGURADO
CLAUSULA DE ARBITRAMENTO COLOMBIANA
AMPLIACION DEL PLAZO PARA AVISO DE SINIESTRO A 10 DÍAS');
INSERT INTO CLAUSUGEN(SCLAGEN, CIDIOMA, TCLATIT, TCLATEX) VALUES('4436', '2', 'RIESGOS FIJOS REFINERIAS EDIFICIOS', 'REVOCACIÓN DE LA PÓLIZA 60 DÍAS , PREVIO AVISO AL MINISTERIO 
LA PRESENTE PÓLIZA AMPARA CONTABIMINACION AMBIENTAL SUBITA E IMPREVISTA, MAS NO LA PAULATINA
ESTA PÓLIZA CUBRE AL CABEZOTE MAS CUALQUIER REMOLQUE QUE SE ENGANCHE A ESTE
DESIGNACIÓN DE AJUSTADORES POR MUTUO ACUERDO CON EL ASEGURADO
CLAUSULA DE ARBITRAMENTO COLOMBIANA
AMPLIACION DEL PLAZO PARA AVISO DE SINIESTRO A 10 DÍAS');
INSERT INTO CLAUSUGEN(SCLAGEN, CIDIOMA, TCLATIT, TCLATEX) VALUES('4436', '8', 'RIESGOS FIJOS REFINERIAS EDIFICIOS', 'REVOCACIÓN DE LA PÓLIZA 60 DÍAS , PREVIO AVISO AL MINISTERIO 
LA PRESENTE PÓLIZA AMPARA CONTABIMINACION AMBIENTAL SUBITA E IMPREVISTA, MAS NO LA PAULATINA
ESTA PÓLIZA CUBRE AL CABEZOTE MAS CUALQUIER REMOLQUE QUE SE ENGANCHE A ESTE
DESIGNACIÓN DE AJUSTADORES POR MUTUO ACUERDO CON EL ASEGURADO
CLAUSULA DE ARBITRAMENTO COLOMBIANA
AMPLIACION DEL PLAZO PARA AVISO DE SINIESTRO A 10 DÍAS');

INSERT INTO CLAUSUGEN(SCLAGEN, CIDIOMA, TCLATIT, TCLATEX) VALUES('4437', '1', 'RIESGOS FIJOS GRANDES CONSUMIDORES', 'REVOCACIÓN DE LA PÓLIZA 60 DÍAS , PREVIO AVISO AL MINISTERIO 
LA PRESENTE PÓLIZA AMPARA CONTABIMINACION AMBIENTAL SUBITA E IMPREVISTA, MAS NO LA PAULATINA
ESTA PÓLIZA CUBRE AL CABEZOTE MAS CUALQUIER REMOLQUE QUE SE ENGANCHE A ESTE
DESIGNACIÓN DE AJUSTADORES POR MUTUO ACUERDO CON EL ASEGURADO
CLAUSULA DE ARBITRAMENTO COLOMBIANA
AMPLIACION DEL PLAZO PARA AVISO DE SINIESTRO A 10 DÍAS');
INSERT INTO CLAUSUGEN(SCLAGEN, CIDIOMA, TCLATIT, TCLATEX) VALUES('4437', '2', 'RIESGOS FIJOS GRANDES CONSUMIDORES', 'REVOCACIÓN DE LA PÓLIZA 60 DÍAS , PREVIO AVISO AL MINISTERIO 
LA PRESENTE PÓLIZA AMPARA CONTABIMINACION AMBIENTAL SUBITA E IMPREVISTA, MAS NO LA PAULATINA
ESTA PÓLIZA CUBRE AL CABEZOTE MAS CUALQUIER REMOLQUE QUE SE ENGANCHE A ESTE
DESIGNACIÓN DE AJUSTADORES POR MUTUO ACUERDO CON EL ASEGURADO
CLAUSULA DE ARBITRAMENTO COLOMBIANA
AMPLIACION DEL PLAZO PARA AVISO DE SINIESTRO A 10 DÍAS');
INSERT INTO CLAUSUGEN(SCLAGEN, CIDIOMA, TCLATIT, TCLATEX) VALUES('4437', '8', 'RIESGOS FIJOS GRANDES CONSUMIDORES', 'REVOCACIÓN DE LA PÓLIZA 60 DÍAS , PREVIO AVISO AL MINISTERIO 
LA PRESENTE PÓLIZA AMPARA CONTABIMINACION AMBIENTAL SUBITA E IMPREVISTA, MAS NO LA PAULATINA
ESTA PÓLIZA CUBRE AL CABEZOTE MAS CUALQUIER REMOLQUE QUE SE ENGANCHE A ESTE
DESIGNACIÓN DE AJUSTADORES POR MUTUO ACUERDO CON EL ASEGURADO
CLAUSULA DE ARBITRAMENTO COLOMBIANA
AMPLIACION DEL PLAZO PARA AVISO DE SINIESTRO A 10 DÍAS');


-- Producto 80038
INSERT INTO CLAUSUPRO(SCLAPRO, CCOLECT, CRAMO, CTIPSEG, CMODALI, CTIPCLA, SCLAGEN, NORDEN, CCAPITU, TIMAGEN, MULTIPLE, CCLAUCOLEC, CUSUALT, FALTA) VALUES(89401, 0, 802, 1, 5, 1, 4427, 33, 1, NULL, NULL, NULL, f_user, f_sysdate);
INSERT INTO CLAUSUPRO(SCLAPRO, CCOLECT, CRAMO, CTIPSEG, CMODALI, CTIPCLA, SCLAGEN, NORDEN, CCAPITU, TIMAGEN, MULTIPLE, CCLAUCOLEC, CUSUALT, FALTA) VALUES(89402, 0, 802, 1, 5, 1, 4428, 34, 1, NULL, NULL, NULL, f_user, f_sysdate);
INSERT INTO CLAUSUPRO(SCLAPRO, CCOLECT, CRAMO, CTIPSEG, CMODALI, CTIPCLA, SCLAGEN, NORDEN, CCAPITU, TIMAGEN, MULTIPLE, CCLAUCOLEC, CUSUALT, FALTA) VALUES(89403, 0, 802, 1, 5, 1, 4429, 35, 1, NULL, NULL, NULL, f_user, f_sysdate);
INSERT INTO CLAUSUPRO(SCLAPRO, CCOLECT, CRAMO, CTIPSEG, CMODALI, CTIPCLA, SCLAGEN, NORDEN, CCAPITU, TIMAGEN, MULTIPLE, CCLAUCOLEC, CUSUALT, FALTA) VALUES(89404, 0, 802, 1, 5, 1, 4430, 36, 1, NULL, NULL, NULL, f_user, f_sysdate);   
INSERT INTO CLAUSUPRO(SCLAPRO, CCOLECT, CRAMO, CTIPSEG, CMODALI, CTIPCLA, SCLAGEN, NORDEN, CCAPITU, TIMAGEN, MULTIPLE, CCLAUCOLEC, CUSUALT, FALTA) VALUES(89405, 0, 802, 1, 5, 1, 4431, 37, 1, NULL, NULL, NULL, f_user, f_sysdate);
INSERT INTO CLAUSUPRO(SCLAPRO, CCOLECT, CRAMO, CTIPSEG, CMODALI, CTIPCLA, SCLAGEN, NORDEN, CCAPITU, TIMAGEN, MULTIPLE, CCLAUCOLEC, CUSUALT, FALTA) VALUES(89406, 0, 802, 1, 5, 1, 4432, 38, 1, NULL, NULL, NULL, f_user, f_sysdate);
INSERT INTO CLAUSUPRO(SCLAPRO, CCOLECT, CRAMO, CTIPSEG, CMODALI, CTIPCLA, SCLAGEN, NORDEN, CCAPITU, TIMAGEN, MULTIPLE, CCLAUCOLEC, CUSUALT, FALTA) VALUES(89407, 0, 802, 1, 5, 1, 4433, 39, 1, NULL, NULL, NULL, f_user, f_sysdate);
INSERT INTO CLAUSUPRO(SCLAPRO, CCOLECT, CRAMO, CTIPSEG, CMODALI, CTIPCLA, SCLAGEN, NORDEN, CCAPITU, TIMAGEN, MULTIPLE, CCLAUCOLEC, CUSUALT, FALTA) VALUES(89408, 0, 802, 1, 5, 1, 4434, 40, 1, NULL, NULL, NULL, f_user, f_sysdate);
INSERT INTO CLAUSUPRO(SCLAPRO, CCOLECT, CRAMO, CTIPSEG, CMODALI, CTIPCLA, SCLAGEN, NORDEN, CCAPITU, TIMAGEN, MULTIPLE, CCLAUCOLEC, CUSUALT, FALTA) VALUES(89409, 0, 802, 1, 5, 1, 4435, 41, 1, NULL, NULL, NULL, f_user, f_sysdate);
INSERT INTO CLAUSUPRO(SCLAPRO, CCOLECT, CRAMO, CTIPSEG, CMODALI, CTIPCLA, SCLAGEN, NORDEN, CCAPITU, TIMAGEN, MULTIPLE, CCLAUCOLEC, CUSUALT, FALTA) VALUES(89410, 0, 802, 1, 5, 1, 4436, 42, 1, NULL, NULL, NULL, f_user, f_sysdate);
INSERT INTO CLAUSUPRO(SCLAPRO, CCOLECT, CRAMO, CTIPSEG, CMODALI, CTIPCLA, SCLAGEN, NORDEN, CCAPITU, TIMAGEN, MULTIPLE, CCLAUCOLEC, CUSUALT, FALTA) VALUES(89411, 0, 802, 1, 5, 1, 4437, 43, 1, NULL, NULL, NULL, f_user, f_sysdate);

-- Producto 80039
INSERT INTO CLAUSUPRO(SCLAPRO, CCOLECT, CRAMO, CTIPSEG, CMODALI, CTIPCLA, SCLAGEN, NORDEN, CCAPITU, TIMAGEN, MULTIPLE, CCLAUCOLEC, CUSUALT, FALTA) VALUES(89412, 0, 802, 1, 6, 1, 4427, 33, 1, NULL, NULL, NULL, f_user, f_sysdate);
INSERT INTO CLAUSUPRO(SCLAPRO, CCOLECT, CRAMO, CTIPSEG, CMODALI, CTIPCLA, SCLAGEN, NORDEN, CCAPITU, TIMAGEN, MULTIPLE, CCLAUCOLEC, CUSUALT, FALTA) VALUES(89413, 0, 802, 1, 6, 1, 4428, 34, 1, NULL, NULL, NULL, f_user, f_sysdate);
INSERT INTO CLAUSUPRO(SCLAPRO, CCOLECT, CRAMO, CTIPSEG, CMODALI, CTIPCLA, SCLAGEN, NORDEN, CCAPITU, TIMAGEN, MULTIPLE, CCLAUCOLEC, CUSUALT, FALTA) VALUES(89414, 0, 802, 1, 6, 1, 4429, 35, 1, NULL, NULL, NULL, f_user, f_sysdate);
INSERT INTO CLAUSUPRO(SCLAPRO, CCOLECT, CRAMO, CTIPSEG, CMODALI, CTIPCLA, SCLAGEN, NORDEN, CCAPITU, TIMAGEN, MULTIPLE, CCLAUCOLEC, CUSUALT, FALTA) VALUES(89415, 0, 802, 1, 6, 1, 4430, 36, 1, NULL, NULL, NULL, f_user, f_sysdate);   
INSERT INTO CLAUSUPRO(SCLAPRO, CCOLECT, CRAMO, CTIPSEG, CMODALI, CTIPCLA, SCLAGEN, NORDEN, CCAPITU, TIMAGEN, MULTIPLE, CCLAUCOLEC, CUSUALT, FALTA) VALUES(89416, 0, 802, 1, 6, 1, 4431, 37, 1, NULL, NULL, NULL, f_user, f_sysdate);
INSERT INTO CLAUSUPRO(SCLAPRO, CCOLECT, CRAMO, CTIPSEG, CMODALI, CTIPCLA, SCLAGEN, NORDEN, CCAPITU, TIMAGEN, MULTIPLE, CCLAUCOLEC, CUSUALT, FALTA) VALUES(89417, 0, 802, 1, 6, 1, 4432, 38, 1, NULL, NULL, NULL, f_user, f_sysdate);
INSERT INTO CLAUSUPRO(SCLAPRO, CCOLECT, CRAMO, CTIPSEG, CMODALI, CTIPCLA, SCLAGEN, NORDEN, CCAPITU, TIMAGEN, MULTIPLE, CCLAUCOLEC, CUSUALT, FALTA) VALUES(89418, 0, 802, 1, 6, 1, 4433, 39, 1, NULL, NULL, NULL, f_user, f_sysdate);
INSERT INTO CLAUSUPRO(SCLAPRO, CCOLECT, CRAMO, CTIPSEG, CMODALI, CTIPCLA, SCLAGEN, NORDEN, CCAPITU, TIMAGEN, MULTIPLE, CCLAUCOLEC, CUSUALT, FALTA) VALUES(89419, 0, 802, 1, 6, 1, 4434, 40, 1, NULL, NULL, NULL, f_user, f_sysdate);
INSERT INTO CLAUSUPRO(SCLAPRO, CCOLECT, CRAMO, CTIPSEG, CMODALI, CTIPCLA, SCLAGEN, NORDEN, CCAPITU, TIMAGEN, MULTIPLE, CCLAUCOLEC, CUSUALT, FALTA) VALUES(89420, 0, 802, 1, 6, 1, 4435, 41, 1, NULL, NULL, NULL, f_user, f_sysdate);
INSERT INTO CLAUSUPRO(SCLAPRO, CCOLECT, CRAMO, CTIPSEG, CMODALI, CTIPCLA, SCLAGEN, NORDEN, CCAPITU, TIMAGEN, MULTIPLE, CCLAUCOLEC, CUSUALT, FALTA) VALUES(89421, 0, 802, 1, 6, 1, 4436, 42, 1, NULL, NULL, NULL, f_user, f_sysdate);
INSERT INTO CLAUSUPRO(SCLAPRO, CCOLECT, CRAMO, CTIPSEG, CMODALI, CTIPCLA, SCLAGEN, NORDEN, CCAPITU, TIMAGEN, MULTIPLE, CCLAUCOLEC, CUSUALT, FALTA) VALUES(89422, 0, 802, 1, 6, 1, 4437, 43, 1, NULL, NULL, NULL, f_user, f_sysdate);

-- Producto 80040
INSERT INTO CLAUSUPRO(SCLAPRO, CCOLECT, CRAMO, CTIPSEG, CMODALI, CTIPCLA, SCLAGEN, NORDEN, CCAPITU, TIMAGEN, MULTIPLE, CCLAUCOLEC, CUSUALT, FALTA) VALUES(89423, 0, 802, 2, 6, 1, 4427, 33, 1, NULL, NULL, NULL, f_user, f_sysdate);
INSERT INTO CLAUSUPRO(SCLAPRO, CCOLECT, CRAMO, CTIPSEG, CMODALI, CTIPCLA, SCLAGEN, NORDEN, CCAPITU, TIMAGEN, MULTIPLE, CCLAUCOLEC, CUSUALT, FALTA) VALUES(89424, 0, 802, 2, 6, 1, 4428, 34, 1, NULL, NULL, NULL, f_user, f_sysdate);
INSERT INTO CLAUSUPRO(SCLAPRO, CCOLECT, CRAMO, CTIPSEG, CMODALI, CTIPCLA, SCLAGEN, NORDEN, CCAPITU, TIMAGEN, MULTIPLE, CCLAUCOLEC, CUSUALT, FALTA) VALUES(89425, 0, 802, 2, 6, 1, 4429, 35, 1, NULL, NULL, NULL, f_user, f_sysdate);
INSERT INTO CLAUSUPRO(SCLAPRO, CCOLECT, CRAMO, CTIPSEG, CMODALI, CTIPCLA, SCLAGEN, NORDEN, CCAPITU, TIMAGEN, MULTIPLE, CCLAUCOLEC, CUSUALT, FALTA) VALUES(89426, 0, 802, 2, 6, 1, 4430, 36, 1, NULL, NULL, NULL, f_user, f_sysdate);   
INSERT INTO CLAUSUPRO(SCLAPRO, CCOLECT, CRAMO, CTIPSEG, CMODALI, CTIPCLA, SCLAGEN, NORDEN, CCAPITU, TIMAGEN, MULTIPLE, CCLAUCOLEC, CUSUALT, FALTA) VALUES(89427, 0, 802, 2, 6, 1, 4431, 37, 1, NULL, NULL, NULL, f_user, f_sysdate);
INSERT INTO CLAUSUPRO(SCLAPRO, CCOLECT, CRAMO, CTIPSEG, CMODALI, CTIPCLA, SCLAGEN, NORDEN, CCAPITU, TIMAGEN, MULTIPLE, CCLAUCOLEC, CUSUALT, FALTA) VALUES(89428, 0, 802, 2, 6, 1, 4432, 38, 1, NULL, NULL, NULL, f_user, f_sysdate);
INSERT INTO CLAUSUPRO(SCLAPRO, CCOLECT, CRAMO, CTIPSEG, CMODALI, CTIPCLA, SCLAGEN, NORDEN, CCAPITU, TIMAGEN, MULTIPLE, CCLAUCOLEC, CUSUALT, FALTA) VALUES(89429, 0, 802, 2, 6, 1, 4433, 39, 1, NULL, NULL, NULL, f_user, f_sysdate);
INSERT INTO CLAUSUPRO(SCLAPRO, CCOLECT, CRAMO, CTIPSEG, CMODALI, CTIPCLA, SCLAGEN, NORDEN, CCAPITU, TIMAGEN, MULTIPLE, CCLAUCOLEC, CUSUALT, FALTA) VALUES(89430, 0, 802, 2, 6, 1, 4434, 40, 1, NULL, NULL, NULL, f_user, f_sysdate);
INSERT INTO CLAUSUPRO(SCLAPRO, CCOLECT, CRAMO, CTIPSEG, CMODALI, CTIPCLA, SCLAGEN, NORDEN, CCAPITU, TIMAGEN, MULTIPLE, CCLAUCOLEC, CUSUALT, FALTA) VALUES(89431, 0, 802, 2, 6, 1, 4435, 41, 1, NULL, NULL, NULL, f_user, f_sysdate);
INSERT INTO CLAUSUPRO(SCLAPRO, CCOLECT, CRAMO, CTIPSEG, CMODALI, CTIPCLA, SCLAGEN, NORDEN, CCAPITU, TIMAGEN, MULTIPLE, CCLAUCOLEC, CUSUALT, FALTA) VALUES(89432, 0, 802, 2, 6, 1, 4436, 42, 1, NULL, NULL, NULL, f_user, f_sysdate);
INSERT INTO CLAUSUPRO(SCLAPRO, CCOLECT, CRAMO, CTIPSEG, CMODALI, CTIPCLA, SCLAGEN, NORDEN, CCAPITU, TIMAGEN, MULTIPLE, CCLAUCOLEC, CUSUALT, FALTA) VALUES(89433, 0, 802, 2, 6, 1, 4437, 43, 1, NULL, NULL, NULL, f_user, f_sysdate);

-- Producto 80041
INSERT INTO CLAUSUPRO(SCLAPRO, CCOLECT, CRAMO, CTIPSEG, CMODALI, CTIPCLA, SCLAGEN, NORDEN, CCAPITU, TIMAGEN, MULTIPLE, CCLAUCOLEC, CUSUALT, FALTA) VALUES(89434, 0, 802, 1, 7, 1, 4427, 33, 1, NULL, NULL, NULL, f_user, f_sysdate);
INSERT INTO CLAUSUPRO(SCLAPRO, CCOLECT, CRAMO, CTIPSEG, CMODALI, CTIPCLA, SCLAGEN, NORDEN, CCAPITU, TIMAGEN, MULTIPLE, CCLAUCOLEC, CUSUALT, FALTA) VALUES(89435, 0, 802, 1, 7, 1, 4428, 34, 1, NULL, NULL, NULL, f_user, f_sysdate);
INSERT INTO CLAUSUPRO(SCLAPRO, CCOLECT, CRAMO, CTIPSEG, CMODALI, CTIPCLA, SCLAGEN, NORDEN, CCAPITU, TIMAGEN, MULTIPLE, CCLAUCOLEC, CUSUALT, FALTA) VALUES(89436, 0, 802, 1, 7, 1, 4429, 35, 1, NULL, NULL, NULL, f_user, f_sysdate);
INSERT INTO CLAUSUPRO(SCLAPRO, CCOLECT, CRAMO, CTIPSEG, CMODALI, CTIPCLA, SCLAGEN, NORDEN, CCAPITU, TIMAGEN, MULTIPLE, CCLAUCOLEC, CUSUALT, FALTA) VALUES(89437, 0, 802, 1, 7, 1, 4430, 36, 1, NULL, NULL, NULL, f_user, f_sysdate);   
INSERT INTO CLAUSUPRO(SCLAPRO, CCOLECT, CRAMO, CTIPSEG, CMODALI, CTIPCLA, SCLAGEN, NORDEN, CCAPITU, TIMAGEN, MULTIPLE, CCLAUCOLEC, CUSUALT, FALTA) VALUES(89438, 0, 802, 1, 7, 1, 4431, 37, 1, NULL, NULL, NULL, f_user, f_sysdate);
INSERT INTO CLAUSUPRO(SCLAPRO, CCOLECT, CRAMO, CTIPSEG, CMODALI, CTIPCLA, SCLAGEN, NORDEN, CCAPITU, TIMAGEN, MULTIPLE, CCLAUCOLEC, CUSUALT, FALTA) VALUES(89439, 0, 802, 1, 7, 1, 4432, 38, 1, NULL, NULL, NULL, f_user, f_sysdate);
INSERT INTO CLAUSUPRO(SCLAPRO, CCOLECT, CRAMO, CTIPSEG, CMODALI, CTIPCLA, SCLAGEN, NORDEN, CCAPITU, TIMAGEN, MULTIPLE, CCLAUCOLEC, CUSUALT, FALTA) VALUES(89440, 0, 802, 1, 7, 1, 4433, 39, 1, NULL, NULL, NULL, f_user, f_sysdate);
INSERT INTO CLAUSUPRO(SCLAPRO, CCOLECT, CRAMO, CTIPSEG, CMODALI, CTIPCLA, SCLAGEN, NORDEN, CCAPITU, TIMAGEN, MULTIPLE, CCLAUCOLEC, CUSUALT, FALTA) VALUES(89441, 0, 802, 1, 7, 1, 4434, 40, 1, NULL, NULL, NULL, f_user, f_sysdate);
INSERT INTO CLAUSUPRO(SCLAPRO, CCOLECT, CRAMO, CTIPSEG, CMODALI, CTIPCLA, SCLAGEN, NORDEN, CCAPITU, TIMAGEN, MULTIPLE, CCLAUCOLEC, CUSUALT, FALTA) VALUES(89442, 0, 802, 1, 7, 1, 4435, 41, 1, NULL, NULL, NULL, f_user, f_sysdate);
INSERT INTO CLAUSUPRO(SCLAPRO, CCOLECT, CRAMO, CTIPSEG, CMODALI, CTIPCLA, SCLAGEN, NORDEN, CCAPITU, TIMAGEN, MULTIPLE, CCLAUCOLEC, CUSUALT, FALTA) VALUES(89443, 0, 802, 1, 7, 1, 4436, 42, 1, NULL, NULL, NULL, f_user, f_sysdate);
INSERT INTO CLAUSUPRO(SCLAPRO, CCOLECT, CRAMO, CTIPSEG, CMODALI, CTIPCLA, SCLAGEN, NORDEN, CCAPITU, TIMAGEN, MULTIPLE, CCLAUCOLEC, CUSUALT, FALTA) VALUES(89444, 0, 802, 1, 7, 1, 4437, 43, 1, NULL, NULL, NULL, f_user, f_sysdate);

-- Producto 80042
INSERT INTO CLAUSUPRO(SCLAPRO, CCOLECT, CRAMO, CTIPSEG, CMODALI, CTIPCLA, SCLAGEN, NORDEN, CCAPITU, TIMAGEN, MULTIPLE, CCLAUCOLEC, CUSUALT, FALTA) VALUES(89445, 0, 802, 1, 8, 1, 4427, 33, 1, NULL, NULL, NULL, f_user, f_sysdate);
INSERT INTO CLAUSUPRO(SCLAPRO, CCOLECT, CRAMO, CTIPSEG, CMODALI, CTIPCLA, SCLAGEN, NORDEN, CCAPITU, TIMAGEN, MULTIPLE, CCLAUCOLEC, CUSUALT, FALTA) VALUES(89446, 0, 802, 1, 8, 1, 4428, 34, 1, NULL, NULL, NULL, f_user, f_sysdate);
INSERT INTO CLAUSUPRO(SCLAPRO, CCOLECT, CRAMO, CTIPSEG, CMODALI, CTIPCLA, SCLAGEN, NORDEN, CCAPITU, TIMAGEN, MULTIPLE, CCLAUCOLEC, CUSUALT, FALTA) VALUES(89447, 0, 802, 1, 8, 1, 4429, 35, 1, NULL, NULL, NULL, f_user, f_sysdate);
INSERT INTO CLAUSUPRO(SCLAPRO, CCOLECT, CRAMO, CTIPSEG, CMODALI, CTIPCLA, SCLAGEN, NORDEN, CCAPITU, TIMAGEN, MULTIPLE, CCLAUCOLEC, CUSUALT, FALTA) VALUES(89448, 0, 802, 1, 8, 1, 4430, 36, 1, NULL, NULL, NULL, f_user, f_sysdate);   
INSERT INTO CLAUSUPRO(SCLAPRO, CCOLECT, CRAMO, CTIPSEG, CMODALI, CTIPCLA, SCLAGEN, NORDEN, CCAPITU, TIMAGEN, MULTIPLE, CCLAUCOLEC, CUSUALT, FALTA) VALUES(89449, 0, 802, 1, 8, 1, 4431, 37, 1, NULL, NULL, NULL, f_user, f_sysdate);
INSERT INTO CLAUSUPRO(SCLAPRO, CCOLECT, CRAMO, CTIPSEG, CMODALI, CTIPCLA, SCLAGEN, NORDEN, CCAPITU, TIMAGEN, MULTIPLE, CCLAUCOLEC, CUSUALT, FALTA) VALUES(89450, 0, 802, 1, 8, 1, 4432, 38, 1, NULL, NULL, NULL, f_user, f_sysdate);
INSERT INTO CLAUSUPRO(SCLAPRO, CCOLECT, CRAMO, CTIPSEG, CMODALI, CTIPCLA, SCLAGEN, NORDEN, CCAPITU, TIMAGEN, MULTIPLE, CCLAUCOLEC, CUSUALT, FALTA) VALUES(89451, 0, 802, 1, 8, 1, 4433, 39, 1, NULL, NULL, NULL, f_user, f_sysdate);
INSERT INTO CLAUSUPRO(SCLAPRO, CCOLECT, CRAMO, CTIPSEG, CMODALI, CTIPCLA, SCLAGEN, NORDEN, CCAPITU, TIMAGEN, MULTIPLE, CCLAUCOLEC, CUSUALT, FALTA) VALUES(89452, 0, 802, 1, 8, 1, 4434, 40, 1, NULL, NULL, NULL, f_user, f_sysdate);
INSERT INTO CLAUSUPRO(SCLAPRO, CCOLECT, CRAMO, CTIPSEG, CMODALI, CTIPCLA, SCLAGEN, NORDEN, CCAPITU, TIMAGEN, MULTIPLE, CCLAUCOLEC, CUSUALT, FALTA) VALUES(89453, 0, 802, 1, 8, 1, 4435, 41, 1, NULL, NULL, NULL, f_user, f_sysdate);
INSERT INTO CLAUSUPRO(SCLAPRO, CCOLECT, CRAMO, CTIPSEG, CMODALI, CTIPCLA, SCLAGEN, NORDEN, CCAPITU, TIMAGEN, MULTIPLE, CCLAUCOLEC, CUSUALT, FALTA) VALUES(89454, 0, 802, 1, 8, 1, 4436, 42, 1, NULL, NULL, NULL, f_user, f_sysdate);
INSERT INTO CLAUSUPRO(SCLAPRO, CCOLECT, CRAMO, CTIPSEG, CMODALI, CTIPCLA, SCLAGEN, NORDEN, CCAPITU, TIMAGEN, MULTIPLE, CCLAUCOLEC, CUSUALT, FALTA) VALUES(89455, 0, 802, 1, 8, 1, 4437, 43, 1, NULL, NULL, NULL, f_user, f_sysdate);

-- Producto 80043
INSERT INTO CLAUSUPRO(SCLAPRO, CCOLECT, CRAMO, CTIPSEG, CMODALI, CTIPCLA, SCLAGEN, NORDEN, CCAPITU, TIMAGEN, MULTIPLE, CCLAUCOLEC, CUSUALT, FALTA) VALUES(89456, 0, 802, 2, 8, 1, 4427, 33, 1, NULL, NULL, NULL, f_user, f_sysdate);
INSERT INTO CLAUSUPRO(SCLAPRO, CCOLECT, CRAMO, CTIPSEG, CMODALI, CTIPCLA, SCLAGEN, NORDEN, CCAPITU, TIMAGEN, MULTIPLE, CCLAUCOLEC, CUSUALT, FALTA) VALUES(89457, 0, 802, 2, 8, 1, 4428, 34, 1, NULL, NULL, NULL, f_user, f_sysdate);
INSERT INTO CLAUSUPRO(SCLAPRO, CCOLECT, CRAMO, CTIPSEG, CMODALI, CTIPCLA, SCLAGEN, NORDEN, CCAPITU, TIMAGEN, MULTIPLE, CCLAUCOLEC, CUSUALT, FALTA) VALUES(89458, 0, 802, 2, 8, 1, 4429, 35, 1, NULL, NULL, NULL, f_user, f_sysdate);
INSERT INTO CLAUSUPRO(SCLAPRO, CCOLECT, CRAMO, CTIPSEG, CMODALI, CTIPCLA, SCLAGEN, NORDEN, CCAPITU, TIMAGEN, MULTIPLE, CCLAUCOLEC, CUSUALT, FALTA) VALUES(89459, 0, 802, 2, 8, 1, 4430, 36, 1, NULL, NULL, NULL, f_user, f_sysdate);   
INSERT INTO CLAUSUPRO(SCLAPRO, CCOLECT, CRAMO, CTIPSEG, CMODALI, CTIPCLA, SCLAGEN, NORDEN, CCAPITU, TIMAGEN, MULTIPLE, CCLAUCOLEC, CUSUALT, FALTA) VALUES(89460, 0, 802, 2, 8, 1, 4431, 37, 1, NULL, NULL, NULL, f_user, f_sysdate);
INSERT INTO CLAUSUPRO(SCLAPRO, CCOLECT, CRAMO, CTIPSEG, CMODALI, CTIPCLA, SCLAGEN, NORDEN, CCAPITU, TIMAGEN, MULTIPLE, CCLAUCOLEC, CUSUALT, FALTA) VALUES(89461, 0, 802, 2, 8, 1, 4432, 38, 1, NULL, NULL, NULL, f_user, f_sysdate);
INSERT INTO CLAUSUPRO(SCLAPRO, CCOLECT, CRAMO, CTIPSEG, CMODALI, CTIPCLA, SCLAGEN, NORDEN, CCAPITU, TIMAGEN, MULTIPLE, CCLAUCOLEC, CUSUALT, FALTA) VALUES(89462, 0, 802, 2, 8, 1, 4433, 39, 1, NULL, NULL, NULL, f_user, f_sysdate);
INSERT INTO CLAUSUPRO(SCLAPRO, CCOLECT, CRAMO, CTIPSEG, CMODALI, CTIPCLA, SCLAGEN, NORDEN, CCAPITU, TIMAGEN, MULTIPLE, CCLAUCOLEC, CUSUALT, FALTA) VALUES(89463, 0, 802, 2, 8, 1, 4434, 40, 1, NULL, NULL, NULL, f_user, f_sysdate);
INSERT INTO CLAUSUPRO(SCLAPRO, CCOLECT, CRAMO, CTIPSEG, CMODALI, CTIPCLA, SCLAGEN, NORDEN, CCAPITU, TIMAGEN, MULTIPLE, CCLAUCOLEC, CUSUALT, FALTA) VALUES(89464, 0, 802, 2, 8, 1, 4435, 41, 1, NULL, NULL, NULL, f_user, f_sysdate);
INSERT INTO CLAUSUPRO(SCLAPRO, CCOLECT, CRAMO, CTIPSEG, CMODALI, CTIPCLA, SCLAGEN, NORDEN, CCAPITU, TIMAGEN, MULTIPLE, CCLAUCOLEC, CUSUALT, FALTA) VALUES(89465, 0, 802, 2, 8, 1, 4436, 42, 1, NULL, NULL, NULL, f_user, f_sysdate);
INSERT INTO CLAUSUPRO(SCLAPRO, CCOLECT, CRAMO, CTIPSEG, CMODALI, CTIPCLA, SCLAGEN, NORDEN, CCAPITU, TIMAGEN, MULTIPLE, CCLAUCOLEC, CUSUALT, FALTA) VALUES(89466, 0, 802, 2, 8, 1, 4437, 43, 1, NULL, NULL, NULL, f_user, f_sysdate);



COMMIT;
/