INSERT INTO CLASECONTRATO(CCODCONTRATO, CCLACONTRATO) VALUES('371', '89350');
INSERT INTO CLASECONTRATO(CCODCONTRATO, CCLACONTRATO) VALUES('372', '89351');
INSERT INTO CLASECONTRATO(CCODCONTRATO, CCLACONTRATO) VALUES('373', '88981');


INSERT INTO DETCLASECONTRATO(CCODCONTRATO, CCLACONTRATO, CIDIOMA, TDESCRIPCION) VALUES('371', '89350', '1', 'RIESGOS FIJOS REFINERIAS PARADEROS');
INSERT INTO DETCLASECONTRATO(CCODCONTRATO, CCLACONTRATO, CIDIOMA, TDESCRIPCION) VALUES('371', '89350', '2', 'RIESGOS FIJOS REFINERIAS PARADEROS');
INSERT INTO DETCLASECONTRATO(CCODCONTRATO, CCLACONTRATO, CIDIOMA, TDESCRIPCION) VALUES('371', '89350', '8', 'RIESGOS FIJOS REFINERIAS PARADEROS');
INSERT INTO DETCLASECONTRATO(CCODCONTRATO, CCLACONTRATO, CIDIOMA, TDESCRIPCION) VALUES('372', '89351', '1', 'RIESGOS FIJOS REFINERIAS EDIFICIOS');
INSERT INTO DETCLASECONTRATO(CCODCONTRATO, CCLACONTRATO, CIDIOMA, TDESCRIPCION) VALUES('372', '89351', '2', 'RIESGOS FIJOS REFINERIAS EDIFICIOS');
INSERT INTO DETCLASECONTRATO(CCODCONTRATO, CCLACONTRATO, CIDIOMA, TDESCRIPCION) VALUES('372', '89351', '8', 'RIESGOS FIJOS REFINERIAS EDIFICIOS');
INSERT INTO DETCLASECONTRATO(CCODCONTRATO, CCLACONTRATO, CIDIOMA, TDESCRIPCION) VALUES('373', '88981', '1', 'RC GRAL EMPRESAS DE BLINDAJE Y ALQUILER DE VEHICULOS BLINDAD');
INSERT INTO DETCLASECONTRATO(CCODCONTRATO, CCLACONTRATO, CIDIOMA, TDESCRIPCION) VALUES('373', '88981', '2', 'RC GRAL EMPRESAS DE BLINDAJE Y ALQUILER DE VEHICULOS BLINDAD');
INSERT INTO DETCLASECONTRATO(CCODCONTRATO, CCLACONTRATO, CIDIOMA, TDESCRIPCION) VALUES('373', '88981', '8', 'RC GRAL EMPRESAS DE BLINDAJE Y ALQUILER DE VEHICULOS BLINDAD');


-- Producto 80038
INSERT INTO SECTORESPROD(CEMPRES, CRAMO, CMODALI, CTIPSEG, CCOLECT, CACTIVI, CGARANT, CSECTOR, CCODCONTRATO, CCLACONTRATO, PRECARG, IEXTRAP, CRETEN, FFECINI, FFECFIN, CGRURIES, CUSUALT, FALTA) VALUES(24, 802, 5, 1, 0, 0, NULL, 1, 371, 89350, 0, 0, 'N', TO_DATE('01/01/17','DD/MM/RR'), NULL, NULL, f_user, f_sysdate); 
INSERT INTO SECTORESPROD(CEMPRES, CRAMO, CMODALI, CTIPSEG, CCOLECT, CACTIVI, CGARANT, CSECTOR, CCODCONTRATO, CCLACONTRATO, PRECARG, IEXTRAP, CRETEN, FFECINI, FFECFIN, CGRURIES, CUSUALT, FALTA) VALUES(24, 802, 5, 1, 0, 0, NULL, 1, 372, 89351, 0, 0, 'N', TO_DATE('01/01/17','DD/MM/RR'), NULL, NULL, f_user, f_sysdate);
INSERT INTO SECTORESPROD(CEMPRES, CRAMO, CMODALI, CTIPSEG, CCOLECT, CACTIVI, CGARANT, CSECTOR, CCODCONTRATO, CCLACONTRATO, PRECARG, IEXTRAP, CRETEN, FFECINI, FFECFIN, CGRURIES, CUSUALT, FALTA) VALUES(24, 802, 5, 1, 0, 0, NULL, 2, 373, 88981, 0, 0, 'N', TO_DATE('01/01/17','DD/MM/RR'), NULL, NULL, f_user, f_sysdate);
INSERT INTO SECTORESPROD(CEMPRES, CRAMO, CMODALI, CTIPSEG, CCOLECT, CACTIVI, CGARANT, CSECTOR, CCODCONTRATO, CCLACONTRATO, PRECARG, IEXTRAP, CRETEN, FFECINI, FFECFIN, CGRURIES, CUSUALT, FALTA) VALUES(24, 802, 5, 1, 0, 1, NULL, 1, 371, 89350, 0, 0, 'N', TO_DATE('01/01/17','DD/MM/RR'), NULL, NULL, f_user, f_sysdate); 
INSERT INTO SECTORESPROD(CEMPRES, CRAMO, CMODALI, CTIPSEG, CCOLECT, CACTIVI, CGARANT, CSECTOR, CCODCONTRATO, CCLACONTRATO, PRECARG, IEXTRAP, CRETEN, FFECINI, FFECFIN, CGRURIES, CUSUALT, FALTA) VALUES(24, 802, 5, 1, 0, 1, NULL, 1, 372, 89351, 0, 0, 'N', TO_DATE('01/01/17','DD/MM/RR'), NULL, NULL, f_user, f_sysdate);
INSERT INTO SECTORESPROD(CEMPRES, CRAMO, CMODALI, CTIPSEG, CCOLECT, CACTIVI, CGARANT, CSECTOR, CCODCONTRATO, CCLACONTRATO, PRECARG, IEXTRAP, CRETEN, FFECINI, FFECFIN, CGRURIES, CUSUALT, FALTA) VALUES(24, 802, 5, 1, 0, 1, NULL, 2, 373, 88981, 0, 0, 'N', TO_DATE('01/01/17','DD/MM/RR'), NULL, NULL, f_user, f_sysdate);
    
-- Producto 80039
INSERT INTO SECTORESPROD(CEMPRES, CRAMO, CMODALI, CTIPSEG, CCOLECT, CACTIVI, CGARANT, CSECTOR, CCODCONTRATO, CCLACONTRATO, PRECARG, IEXTRAP, CRETEN, FFECINI, FFECFIN, CGRURIES, CUSUALT, FALTA) VALUES(24, 802, 6, 1, 0, 0, NULL, 1, 371, 89350, 0, 0, 'N', TO_DATE('01/01/17','DD/MM/RR'), NULL, NULL, f_user, f_sysdate); 
INSERT INTO SECTORESPROD(CEMPRES, CRAMO, CMODALI, CTIPSEG, CCOLECT, CACTIVI, CGARANT, CSECTOR, CCODCONTRATO, CCLACONTRATO, PRECARG, IEXTRAP, CRETEN, FFECINI, FFECFIN, CGRURIES, CUSUALT, FALTA) VALUES(24, 802, 6, 1, 0, 0, NULL, 1, 372, 89351, 0, 0, 'N', TO_DATE('01/01/17','DD/MM/RR'), NULL, NULL, f_user, f_sysdate);
INSERT INTO SECTORESPROD(CEMPRES, CRAMO, CMODALI, CTIPSEG, CCOLECT, CACTIVI, CGARANT, CSECTOR, CCODCONTRATO, CCLACONTRATO, PRECARG, IEXTRAP, CRETEN, FFECINI, FFECFIN, CGRURIES, CUSUALT, FALTA) VALUES(24, 802, 6, 1, 0, 0, NULL, 2, 373, 88981, 0, 0, 'N', TO_DATE('01/01/17','DD/MM/RR'), NULL, NULL, f_user, f_sysdate);
INSERT INTO SECTORESPROD(CEMPRES, CRAMO, CMODALI, CTIPSEG, CCOLECT, CACTIVI, CGARANT, CSECTOR, CCODCONTRATO, CCLACONTRATO, PRECARG, IEXTRAP, CRETEN, FFECINI, FFECFIN, CGRURIES, CUSUALT, FALTA) VALUES(24, 802, 6, 1, 0, 1, NULL, 1, 371, 89350, 0, 0, 'N', TO_DATE('01/01/17','DD/MM/RR'), NULL, NULL, f_user, f_sysdate); 
INSERT INTO SECTORESPROD(CEMPRES, CRAMO, CMODALI, CTIPSEG, CCOLECT, CACTIVI, CGARANT, CSECTOR, CCODCONTRATO, CCLACONTRATO, PRECARG, IEXTRAP, CRETEN, FFECINI, FFECFIN, CGRURIES, CUSUALT, FALTA) VALUES(24, 802, 6, 1, 0, 1, NULL, 1, 372, 89351, 0, 0, 'N', TO_DATE('01/01/17','DD/MM/RR'), NULL, NULL, f_user, f_sysdate);
INSERT INTO SECTORESPROD(CEMPRES, CRAMO, CMODALI, CTIPSEG, CCOLECT, CACTIVI, CGARANT, CSECTOR, CCODCONTRATO, CCLACONTRATO, PRECARG, IEXTRAP, CRETEN, FFECINI, FFECFIN, CGRURIES, CUSUALT, FALTA) VALUES(24, 802, 6, 1, 0, 1, NULL, 2, 373, 88981, 0, 0, 'N', TO_DATE('01/01/17','DD/MM/RR'), NULL, NULL, f_user, f_sysdate);
    
-- Producto 80040
INSERT INTO SECTORESPROD(CEMPRES, CRAMO, CMODALI, CTIPSEG, CCOLECT, CACTIVI, CGARANT, CSECTOR, CCODCONTRATO, CCLACONTRATO, PRECARG, IEXTRAP, CRETEN, FFECINI, FFECFIN, CGRURIES, CUSUALT, FALTA) VALUES(24, 802, 6, 2, 0, 0, NULL, 1, 371, 89350, 0, 0, 'N', TO_DATE('01/01/17','DD/MM/RR'), NULL, NULL, f_user, f_sysdate); 
INSERT INTO SECTORESPROD(CEMPRES, CRAMO, CMODALI, CTIPSEG, CCOLECT, CACTIVI, CGARANT, CSECTOR, CCODCONTRATO, CCLACONTRATO, PRECARG, IEXTRAP, CRETEN, FFECINI, FFECFIN, CGRURIES, CUSUALT, FALTA) VALUES(24, 802, 6, 2, 0, 0, NULL, 1, 372, 89351, 0, 0, 'N', TO_DATE('01/01/17','DD/MM/RR'), NULL, NULL, f_user, f_sysdate);
INSERT INTO SECTORESPROD(CEMPRES, CRAMO, CMODALI, CTIPSEG, CCOLECT, CACTIVI, CGARANT, CSECTOR, CCODCONTRATO, CCLACONTRATO, PRECARG, IEXTRAP, CRETEN, FFECINI, FFECFIN, CGRURIES, CUSUALT, FALTA) VALUES(24, 802, 6, 2, 0, 0, NULL, 2, 373, 88981, 0, 0, 'N', TO_DATE('01/01/17','DD/MM/RR'), NULL, NULL, f_user, f_sysdate);
INSERT INTO SECTORESPROD(CEMPRES, CRAMO, CMODALI, CTIPSEG, CCOLECT, CACTIVI, CGARANT, CSECTOR, CCODCONTRATO, CCLACONTRATO, PRECARG, IEXTRAP, CRETEN, FFECINI, FFECFIN, CGRURIES, CUSUALT, FALTA) VALUES(24, 802, 6, 2, 0, 1, NULL, 1, 371, 89350, 0, 0, 'N', TO_DATE('01/01/17','DD/MM/RR'), NULL, NULL, f_user, f_sysdate); 
INSERT INTO SECTORESPROD(CEMPRES, CRAMO, CMODALI, CTIPSEG, CCOLECT, CACTIVI, CGARANT, CSECTOR, CCODCONTRATO, CCLACONTRATO, PRECARG, IEXTRAP, CRETEN, FFECINI, FFECFIN, CGRURIES, CUSUALT, FALTA) VALUES(24, 802, 6, 2, 0, 1, NULL, 1, 372, 89351, 0, 0, 'N', TO_DATE('01/01/17','DD/MM/RR'), NULL, NULL, f_user, f_sysdate);
INSERT INTO SECTORESPROD(CEMPRES, CRAMO, CMODALI, CTIPSEG, CCOLECT, CACTIVI, CGARANT, CSECTOR, CCODCONTRATO, CCLACONTRATO, PRECARG, IEXTRAP, CRETEN, FFECINI, FFECFIN, CGRURIES, CUSUALT, FALTA) VALUES(24, 802, 6, 2, 0, 1, NULL, 2, 373, 88981, 0, 0, 'N', TO_DATE('01/01/17','DD/MM/RR'), NULL, NULL, f_user, f_sysdate);
    
-- Producto 80041
INSERT INTO SECTORESPROD(CEMPRES, CRAMO, CMODALI, CTIPSEG, CCOLECT, CACTIVI, CGARANT, CSECTOR, CCODCONTRATO, CCLACONTRATO, PRECARG, IEXTRAP, CRETEN, FFECINI, FFECFIN, CGRURIES, CUSUALT, FALTA) VALUES(24, 802, 7, 1, 0, 0, NULL, 1, 371, 89350, 0, 0, 'N', TO_DATE('01/01/17','DD/MM/RR'), NULL, NULL, f_user, f_sysdate); 
INSERT INTO SECTORESPROD(CEMPRES, CRAMO, CMODALI, CTIPSEG, CCOLECT, CACTIVI, CGARANT, CSECTOR, CCODCONTRATO, CCLACONTRATO, PRECARG, IEXTRAP, CRETEN, FFECINI, FFECFIN, CGRURIES, CUSUALT, FALTA) VALUES(24, 802, 7, 1, 0, 0, NULL, 1, 372, 89351, 0, 0, 'N', TO_DATE('01/01/17','DD/MM/RR'), NULL, NULL, f_user, f_sysdate);
INSERT INTO SECTORESPROD(CEMPRES, CRAMO, CMODALI, CTIPSEG, CCOLECT, CACTIVI, CGARANT, CSECTOR, CCODCONTRATO, CCLACONTRATO, PRECARG, IEXTRAP, CRETEN, FFECINI, FFECFIN, CGRURIES, CUSUALT, FALTA) VALUES(24, 802, 7, 1, 0, 0, NULL, 2, 373, 88981, 0, 0, 'N', TO_DATE('01/01/17','DD/MM/RR'), NULL, NULL, f_user, f_sysdate);
INSERT INTO SECTORESPROD(CEMPRES, CRAMO, CMODALI, CTIPSEG, CCOLECT, CACTIVI, CGARANT, CSECTOR, CCODCONTRATO, CCLACONTRATO, PRECARG, IEXTRAP, CRETEN, FFECINI, FFECFIN, CGRURIES, CUSUALT, FALTA) VALUES(24, 802, 7, 1, 0, 1, NULL, 1, 371, 89350, 0, 0, 'N', TO_DATE('01/01/17','DD/MM/RR'), NULL, NULL, f_user, f_sysdate); 
INSERT INTO SECTORESPROD(CEMPRES, CRAMO, CMODALI, CTIPSEG, CCOLECT, CACTIVI, CGARANT, CSECTOR, CCODCONTRATO, CCLACONTRATO, PRECARG, IEXTRAP, CRETEN, FFECINI, FFECFIN, CGRURIES, CUSUALT, FALTA) VALUES(24, 802, 7, 1, 0, 1, NULL, 1, 372, 89351, 0, 0, 'N', TO_DATE('01/01/17','DD/MM/RR'), NULL, NULL, f_user, f_sysdate);
INSERT INTO SECTORESPROD(CEMPRES, CRAMO, CMODALI, CTIPSEG, CCOLECT, CACTIVI, CGARANT, CSECTOR, CCODCONTRATO, CCLACONTRATO, PRECARG, IEXTRAP, CRETEN, FFECINI, FFECFIN, CGRURIES, CUSUALT, FALTA) VALUES(24, 802, 7, 1, 0, 1, NULL, 2, 373, 88981, 0, 0, 'N', TO_DATE('01/01/17','DD/MM/RR'), NULL, NULL, f_user, f_sysdate);

-- Producto 80042
INSERT INTO SECTORESPROD(CEMPRES, CRAMO, CMODALI, CTIPSEG, CCOLECT, CACTIVI, CGARANT, CSECTOR, CCODCONTRATO, CCLACONTRATO, PRECARG, IEXTRAP, CRETEN, FFECINI, FFECFIN, CGRURIES, CUSUALT, FALTA) VALUES(24, 802, 8, 1, 0, 0, NULL, 1, 371, 89350, 0, 0, 'N', TO_DATE('01/01/17','DD/MM/RR'), NULL, NULL, f_user, f_sysdate); 
INSERT INTO SECTORESPROD(CEMPRES, CRAMO, CMODALI, CTIPSEG, CCOLECT, CACTIVI, CGARANT, CSECTOR, CCODCONTRATO, CCLACONTRATO, PRECARG, IEXTRAP, CRETEN, FFECINI, FFECFIN, CGRURIES, CUSUALT, FALTA) VALUES(24, 802, 8, 1, 0, 0, NULL, 1, 372, 89351, 0, 0, 'N', TO_DATE('01/01/17','DD/MM/RR'), NULL, NULL, f_user, f_sysdate);
INSERT INTO SECTORESPROD(CEMPRES, CRAMO, CMODALI, CTIPSEG, CCOLECT, CACTIVI, CGARANT, CSECTOR, CCODCONTRATO, CCLACONTRATO, PRECARG, IEXTRAP, CRETEN, FFECINI, FFECFIN, CGRURIES, CUSUALT, FALTA) VALUES(24, 802, 8, 1, 0, 0, NULL, 2, 373, 88981, 0, 0, 'N', TO_DATE('01/01/17','DD/MM/RR'), NULL, NULL, f_user, f_sysdate);
INSERT INTO SECTORESPROD(CEMPRES, CRAMO, CMODALI, CTIPSEG, CCOLECT, CACTIVI, CGARANT, CSECTOR, CCODCONTRATO, CCLACONTRATO, PRECARG, IEXTRAP, CRETEN, FFECINI, FFECFIN, CGRURIES, CUSUALT, FALTA) VALUES(24, 802, 8, 1, 0, 1, NULL, 1, 371, 89350, 0, 0, 'N', TO_DATE('01/01/17','DD/MM/RR'), NULL, NULL, f_user, f_sysdate); 
INSERT INTO SECTORESPROD(CEMPRES, CRAMO, CMODALI, CTIPSEG, CCOLECT, CACTIVI, CGARANT, CSECTOR, CCODCONTRATO, CCLACONTRATO, PRECARG, IEXTRAP, CRETEN, FFECINI, FFECFIN, CGRURIES, CUSUALT, FALTA) VALUES(24, 802, 8, 1, 0, 1, NULL, 1, 372, 89351, 0, 0, 'N', TO_DATE('01/01/17','DD/MM/RR'), NULL, NULL, f_user, f_sysdate);
INSERT INTO SECTORESPROD(CEMPRES, CRAMO, CMODALI, CTIPSEG, CCOLECT, CACTIVI, CGARANT, CSECTOR, CCODCONTRATO, CCLACONTRATO, PRECARG, IEXTRAP, CRETEN, FFECINI, FFECFIN, CGRURIES, CUSUALT, FALTA) VALUES(24, 802, 8, 1, 0, 1, NULL, 2, 373, 88981, 0, 0, 'N', TO_DATE('01/01/17','DD/MM/RR'), NULL, NULL, f_user, f_sysdate);

-- Producto 80043
INSERT INTO SECTORESPROD(CEMPRES, CRAMO, CMODALI, CTIPSEG, CCOLECT, CACTIVI, CGARANT, CSECTOR, CCODCONTRATO, CCLACONTRATO, PRECARG, IEXTRAP, CRETEN, FFECINI, FFECFIN, CGRURIES, CUSUALT, FALTA) VALUES(24, 802, 8, 2, 0, 0, NULL, 1, 371, 89350, 0, 0, 'N', TO_DATE('01/01/17','DD/MM/RR'), NULL, NULL, f_user, f_sysdate); 
INSERT INTO SECTORESPROD(CEMPRES, CRAMO, CMODALI, CTIPSEG, CCOLECT, CACTIVI, CGARANT, CSECTOR, CCODCONTRATO, CCLACONTRATO, PRECARG, IEXTRAP, CRETEN, FFECINI, FFECFIN, CGRURIES, CUSUALT, FALTA) VALUES(24, 802, 8, 2, 0, 0, NULL, 1, 372, 89351, 0, 0, 'N', TO_DATE('01/01/17','DD/MM/RR'), NULL, NULL, f_user, f_sysdate);
INSERT INTO SECTORESPROD(CEMPRES, CRAMO, CMODALI, CTIPSEG, CCOLECT, CACTIVI, CGARANT, CSECTOR, CCODCONTRATO, CCLACONTRATO, PRECARG, IEXTRAP, CRETEN, FFECINI, FFECFIN, CGRURIES, CUSUALT, FALTA) VALUES(24, 802, 8, 2, 0, 0, NULL, 2, 373, 88981, 0, 0, 'N', TO_DATE('01/01/17','DD/MM/RR'), NULL, NULL, f_user, f_sysdate);
INSERT INTO SECTORESPROD(CEMPRES, CRAMO, CMODALI, CTIPSEG, CCOLECT, CACTIVI, CGARANT, CSECTOR, CCODCONTRATO, CCLACONTRATO, PRECARG, IEXTRAP, CRETEN, FFECINI, FFECFIN, CGRURIES, CUSUALT, FALTA) VALUES(24, 802, 8, 2, 0, 1, NULL, 1, 371, 89350, 0, 0, 'N', TO_DATE('01/01/17','DD/MM/RR'), NULL, NULL, f_user, f_sysdate); 
INSERT INTO SECTORESPROD(CEMPRES, CRAMO, CMODALI, CTIPSEG, CCOLECT, CACTIVI, CGARANT, CSECTOR, CCODCONTRATO, CCLACONTRATO, PRECARG, IEXTRAP, CRETEN, FFECINI, FFECFIN, CGRURIES, CUSUALT, FALTA) VALUES(24, 802, 8, 2, 0, 1, NULL, 1, 372, 89351, 0, 0, 'N', TO_DATE('01/01/17','DD/MM/RR'), NULL, NULL, f_user, f_sysdate);
INSERT INTO SECTORESPROD(CEMPRES, CRAMO, CMODALI, CTIPSEG, CCOLECT, CACTIVI, CGARANT, CSECTOR, CCODCONTRATO, CCLACONTRATO, PRECARG, IEXTRAP, CRETEN, FFECINI, FFECFIN, CGRURIES, CUSUALT, FALTA) VALUES(24, 802, 8, 2, 0, 1, NULL, 2, 373, 88981, 0, 0, 'N', TO_DATE('01/01/17','DD/MM/RR'), NULL, NULL, f_user, f_sysdate);



COMMIT;
/