


DELETE FROM DETVALORES  WHERE CVALOR = 2100 AND CATRIBU=76;
DELETE FROM CFG_FORM_DEP  WHERE CCFGDEP = 99840261 AND TVALORIG=76;

DELETE FROM CFG_FORM_DEP  WHERE CCFGDEP = 99840261 AND TVALORIG=73  AND CITDEST='VALPAGARE';
DELETE FROM CFG_FORM_DEP  WHERE CCFGDEP = 99840261 AND TVALORIG=73  AND CITDEST='RESOLUCION';
DELETE FROM CFG_FORM_DEP  WHERE CCFGDEP = 99840261 AND TVALORIG=73  AND CITDEST='DATERESOLU';
DELETE FROM CFG_FORM_DEP  WHERE CCFGDEP = 99840261 AND TVALORIG=73  AND CITDEST='VALINTERES';
DELETE FROM CFG_FORM_DEP  WHERE CCFGDEP = 99840261 AND TVALORIG=73  AND CITDEST='PORCEQUIVALE';
DELETE FROM CFG_FORM_DEP  WHERE CCFGDEP = 99840261 AND TVALORIG=73  AND CITDEST='DATEOBLIGA';
DELETE FROM CFG_FORM_DEP  WHERE CCFGDEP = 99840261 AND TVALORIG=73  AND CITDEST='VALCUOTA';
DELETE FROM CFG_FORM_DEP  WHERE CCFGDEP = 99840261 AND TVALORIG=73  AND CITDEST='NUMCUOTAS';
DELETE FROM CFG_FORM_DEP  WHERE CCFGDEP = 99840261 AND TVALORIG=73  AND CITDEST='PORCINTERES';
DELETE FROM CFG_FORM_DEP  WHERE CCFGDEP = 99840261 AND TVALORIG=73  AND CITDEST='VALXCUOTA';
DELETE FROM CFG_FORM_DEP  WHERE CCFGDEP = 99840261 AND TVALORIG=73  AND CITDEST='DATEFIRSTPAGO';
DELETE FROM CFG_FORM_DEP  WHERE CCFGDEP = 99840261 AND TVALORIG=73  AND CITDEST='CTIPCC';
DELETE FROM CFG_FORM_DEP  WHERE CCFGDEP = 99840261 AND TVALORIG=73  AND CITDEST='CBANCO';
DELETE FROM CFG_FORM_DEP  WHERE CCFGDEP = 99840261 AND TVALORIG=73  AND CITDEST='CCUENTA';
DELETE FROM CFG_FORM_DEP  WHERE CCFGDEP = 99840261 AND TVALORIG=73  AND CITDEST='DATEACUERDOPAGO';
DELETE FROM CFG_FORM_DEP  WHERE CCFGDEP = 99840261 AND TVALORIG=73  AND CITDEST='CIUDADACUERDO';
DELETE FROM CFG_FORM_DEP  WHERE CCFGDEP = 99840261 AND TVALORIG=73  AND CITDEST='CORREO1';
DELETE FROM CFG_FORM_DEP  WHERE CCFGDEP = 99840261 AND TVALORIG=73  AND CITDEST='CORREO2';

DELETE FROM PROD_PLANT_CAB WHERE CCODPLAN ='CONF800103' AND CTIPO= 76;

DELETE FROM  DET_LANZAR_INFORMES WHERE CEMPRES=24 AND CMAP='AcuerdoDePago';

DELETE FROM AXIS_LITERALES WHERE SLITERA= 89907001;
DELETE FROM AXIS_LITERALES WHERE SLITERA= 89907002;
DELETE FROM AXIS_LITERALES WHERE SLITERA= 89907003;
DELETE FROM AXIS_LITERALES WHERE SLITERA= 89907004;
DELETE FROM AXIS_LITERALES WHERE SLITERA= 89907005;
DELETE FROM AXIS_LITERALES WHERE SLITERA= 89907006;
DELETE FROM AXIS_LITERALES WHERE SLITERA= 89907007;
DELETE FROM AXIS_LITERALES WHERE SLITERA= 89907008;
DELETE FROM AXIS_LITERALES WHERE SLITERA= 89907009;
DELETE FROM AXIS_LITERALES WHERE SLITERA= 89907010;
DELETE FROM AXIS_LITERALES WHERE SLITERA= 89907011;
DELETE FROM AXIS_LITERALES WHERE SLITERA= 89907013;
DELETE FROM AXIS_LITERALES WHERE SLITERA= 89907014;
DELETE FROM AXIS_LITERALES WHERE SLITERA= 89907015;
DELETE FROM AXIS_LITERALES WHERE SLITERA= 89907016;

DELETE FROM AXIS_CODLITERALES WHERE SLITERA= 89907001;
DELETE FROM AXIS_CODLITERALES WHERE SLITERA= 89907002;
DELETE FROM AXIS_CODLITERALES WHERE SLITERA= 89907003;
DELETE FROM AXIS_CODLITERALES WHERE SLITERA= 89907004;
DELETE FROM AXIS_CODLITERALES WHERE SLITERA= 89907005;
DELETE FROM AXIS_CODLITERALES WHERE SLITERA= 89907006;
DELETE FROM AXIS_CODLITERALES WHERE SLITERA= 89907007;
DELETE FROM AXIS_CODLITERALES WHERE SLITERA= 89907008;
DELETE FROM AXIS_CODLITERALES WHERE SLITERA= 89907009;
DELETE FROM AXIS_CODLITERALES WHERE SLITERA= 89907010;
DELETE FROM AXIS_CODLITERALES WHERE SLITERA= 89907011;
DELETE FROM AXIS_CODLITERALES WHERE SLITERA= 89907013;
DELETE FROM AXIS_CODLITERALES WHERE SLITERA= 89907014;
DELETE FROM AXIS_CODLITERALES WHERE SLITERA= 89907015;
DELETE FROM AXIS_CODLITERALES WHERE SLITERA= 89907016;
 

 INSERT INTO DETVALORES (CVALOR, CIDIOMA, CATRIBU, TATRIBU) VALUES ('2100', '8', '76', 'Contragarantia - Pagare acuerdo de pago Recobros');
 INSERT INTO DETVALORES (CVALOR, CIDIOMA, CATRIBU, TATRIBU) VALUES ('2100', '1', '76', 'Contragarantia - Pagare acuerdo de pago Recobros');
 INSERT INTO DETVALORES (CVALOR, CIDIOMA, CATRIBU, TATRIBU) VALUES ('2100', '2', '76', 'Contragarantia - Pagare acuerdo de pago Recobros');
 
INSERT INTO CFG_FORM_DEP (CEMPRES, CCFGDEP, CITORIG, TVALORIG,CITDEST,CPRPTY, TVALUE) VALUES ('24', '99840261', 'DOCUMENTO', '76','NIT',1,0);
INSERT INTO CFG_FORM_DEP (CEMPRES, CCFGDEP, CITORIG, TVALORIG,CITDEST,CPRPTY, TVALUE) VALUES ('24', '99840261', 'DOCUMENTO', '76','CONCEPTO',1,0);
INSERT INTO CFG_FORM_DEP (CEMPRES, CCFGDEP, CITORIG, TVALORIG,CITDEST,CPRPTY, TVALUE) VALUES ('24', '99840261', 'DOCUMENTO', '76','NPAGO',1,0);
INSERT INTO CFG_FORM_DEP (CEMPRES, CCFGDEP, CITORIG, TVALORIG,CITDEST,CPRPTY, TVALUE) VALUES ('24', '99840261', 'DOCUMENTO', '76','SUMA',1,0);
INSERT INTO CFG_FORM_DEP (CEMPRES, CCFGDEP, CITORIG, TVALORIG,CITDEST,CPRPTY, TVALUE) VALUES ('24', '99840261', 'DOCUMENTO', '76','TRAMITAC',1,0);

INSERT INTO CFG_FORM_DEP (CEMPRES, CCFGDEP, CITORIG, TVALORIG,CITDEST,CPRPTY, TVALUE) VALUES ('24', '99840261', 'DOCUMENTO', '76','VALPAGARE',3,1);
INSERT INTO CFG_FORM_DEP (CEMPRES, CCFGDEP, CITORIG, TVALORIG,CITDEST,CPRPTY, TVALUE) VALUES ('24', '99840261', 'DOCUMENTO', '76','VALINTERES',3,1);
INSERT INTO CFG_FORM_DEP (CEMPRES, CCFGDEP, CITORIG, TVALORIG,CITDEST,CPRPTY, TVALUE) VALUES ('24', '99840261', 'DOCUMENTO', '76','PORCEQUIVALE',3,1);
INSERT INTO CFG_FORM_DEP (CEMPRES, CCFGDEP, CITORIG, TVALORIG,CITDEST,CPRPTY, TVALUE) VALUES ('24', '99840261', 'DOCUMENTO', '76','DATEOBLIGA',3,1);
INSERT INTO CFG_FORM_DEP (CEMPRES, CCFGDEP, CITORIG, TVALORIG,CITDEST,CPRPTY, TVALUE) VALUES ('24', '99840261', 'DOCUMENTO', '76','VALCUOTA',3,1);
INSERT INTO CFG_FORM_DEP (CEMPRES, CCFGDEP, CITORIG, TVALORIG,CITDEST,CPRPTY, TVALUE) VALUES ('24', '99840261', 'DOCUMENTO', '76','NUMCUOTAS',3,1);
INSERT INTO CFG_FORM_DEP (CEMPRES, CCFGDEP, CITORIG, TVALORIG,CITDEST,CPRPTY, TVALUE) VALUES ('24', '99840261', 'DOCUMENTO', '76','PORCINTERES',3,1);
INSERT INTO CFG_FORM_DEP (CEMPRES, CCFGDEP, CITORIG, TVALORIG,CITDEST,CPRPTY, TVALUE) VALUES ('24', '99840261', 'DOCUMENTO', '76','VALXCUOTA',3,1);
INSERT INTO CFG_FORM_DEP (CEMPRES, CCFGDEP, CITORIG, TVALORIG,CITDEST,CPRPTY, TVALUE) VALUES ('24', '99840261', 'DOCUMENTO', '76','DATEFIRSTPAGO',3,1);
INSERT INTO CFG_FORM_DEP (CEMPRES, CCFGDEP, CITORIG, TVALORIG,CITDEST,CPRPTY, TVALUE) VALUES ('24', '99840261', 'DOCUMENTO', '76','CTIPCC',3,1);
INSERT INTO CFG_FORM_DEP (CEMPRES, CCFGDEP, CITORIG, TVALORIG,CITDEST,CPRPTY, TVALUE) VALUES ('24', '99840261', 'DOCUMENTO', '76','CBANCO',3,1);
INSERT INTO CFG_FORM_DEP (CEMPRES, CCFGDEP, CITORIG, TVALORIG,CITDEST,CPRPTY, TVALUE) VALUES ('24', '99840261', 'DOCUMENTO', '76','CCUENTA',3,1);
INSERT INTO CFG_FORM_DEP (CEMPRES, CCFGDEP, CITORIG, TVALORIG,CITDEST,CPRPTY, TVALUE) VALUES ('24', '99840261', 'DOCUMENTO', '76','REFDOS',3,1);
INSERT INTO CFG_FORM_DEP (CEMPRES, CCFGDEP, CITORIG, TVALORIG,CITDEST,CPRPTY, TVALUE) VALUES ('24', '99840261', 'DOCUMENTO', '76','DATEACUERDOPAGO',3,1);
INSERT INTO CFG_FORM_DEP (CEMPRES, CCFGDEP, CITORIG, TVALORIG,CITDEST,CPRPTY, TVALUE) VALUES ('24', '99840261', 'DOCUMENTO', '76','CIUDADACUERDO',3,1);
INSERT INTO CFG_FORM_DEP (CEMPRES, CCFGDEP, CITORIG, TVALORIG,CITDEST,CPRPTY, TVALUE) VALUES ('24', '99840261', 'DOCUMENTO', '76','CORREO1',3,1);
INSERT INTO CFG_FORM_DEP (CEMPRES, CCFGDEP, CITORIG, TVALORIG,CITDEST,CPRPTY, TVALUE) VALUES ('24', '99840261', 'DOCUMENTO', '76','CORREO2',3,1);


INSERT INTO CFG_FORM_DEP (CEMPRES, CCFGDEP, CITORIG, TVALORIG,CITDEST,CPRPTY, TVALUE) VALUES ('24', '99840261', 'DOCUMENTO', '76','VALPAGARE',1,1);
INSERT INTO CFG_FORM_DEP (CEMPRES, CCFGDEP, CITORIG, TVALORIG,CITDEST,CPRPTY, TVALUE) VALUES ('24', '99840261', 'DOCUMENTO', '76','VALINTERES',1,1);
INSERT INTO CFG_FORM_DEP (CEMPRES, CCFGDEP, CITORIG, TVALORIG,CITDEST,CPRPTY, TVALUE) VALUES ('24', '99840261', 'DOCUMENTO', '76','PORCEQUIVALE',1,1);
INSERT INTO CFG_FORM_DEP (CEMPRES, CCFGDEP, CITORIG, TVALORIG,CITDEST,CPRPTY, TVALUE) VALUES ('24', '99840261', 'DOCUMENTO', '76','DATEOBLIGA',1,1);
INSERT INTO CFG_FORM_DEP (CEMPRES, CCFGDEP, CITORIG, TVALORIG,CITDEST,CPRPTY, TVALUE) VALUES ('24', '99840261', 'DOCUMENTO', '76','VALCUOTA',1,1);
INSERT INTO CFG_FORM_DEP (CEMPRES, CCFGDEP, CITORIG, TVALORIG,CITDEST,CPRPTY, TVALUE) VALUES ('24', '99840261', 'DOCUMENTO', '76','NUMCUOTAS',1,1);
INSERT INTO CFG_FORM_DEP (CEMPRES, CCFGDEP, CITORIG, TVALORIG,CITDEST,CPRPTY, TVALUE) VALUES ('24', '99840261', 'DOCUMENTO', '76','PORCINTERES',1,1);
INSERT INTO CFG_FORM_DEP (CEMPRES, CCFGDEP, CITORIG, TVALORIG,CITDEST,CPRPTY, TVALUE) VALUES ('24', '99840261', 'DOCUMENTO', '76','VALXCUOTA',1,1);
INSERT INTO CFG_FORM_DEP (CEMPRES, CCFGDEP, CITORIG, TVALORIG,CITDEST,CPRPTY, TVALUE) VALUES ('24', '99840261', 'DOCUMENTO', '76','DATEFIRSTPAGO',1,1);
INSERT INTO CFG_FORM_DEP (CEMPRES, CCFGDEP, CITORIG, TVALORIG,CITDEST,CPRPTY, TVALUE) VALUES ('24', '99840261', 'DOCUMENTO', '76','CTIPCC',1,1);
INSERT INTO CFG_FORM_DEP (CEMPRES, CCFGDEP, CITORIG, TVALORIG,CITDEST,CPRPTY, TVALUE) VALUES ('24', '99840261', 'DOCUMENTO', '76','CBANCO',1,1);
INSERT INTO CFG_FORM_DEP (CEMPRES, CCFGDEP, CITORIG, TVALORIG,CITDEST,CPRPTY, TVALUE) VALUES ('24', '99840261', 'DOCUMENTO', '76','CCUENTA',1,1);
INSERT INTO CFG_FORM_DEP (CEMPRES, CCFGDEP, CITORIG, TVALORIG,CITDEST,CPRPTY, TVALUE) VALUES ('24', '99840261', 'DOCUMENTO', '76','RESOLUCION',1,1);
INSERT INTO CFG_FORM_DEP (CEMPRES, CCFGDEP, CITORIG, TVALORIG,CITDEST,CPRPTY, TVALUE) VALUES ('24', '99840261', 'DOCUMENTO', '76','DATERESOLU',1,1);
INSERT INTO CFG_FORM_DEP (CEMPRES, CCFGDEP, CITORIG, TVALORIG,CITDEST,CPRPTY, TVALUE) VALUES ('24', '99840261', 'DOCUMENTO', '76','REFDOS',1,1);
INSERT INTO CFG_FORM_DEP (CEMPRES, CCFGDEP, CITORIG, TVALORIG,CITDEST,CPRPTY, TVALUE) VALUES ('24', '99840261', 'DOCUMENTO', '76','DATEACUERDOPAGO',1,1);
INSERT INTO CFG_FORM_DEP (CEMPRES, CCFGDEP, CITORIG, TVALORIG,CITDEST,CPRPTY, TVALUE) VALUES ('24', '99840261', 'DOCUMENTO', '76','CIUDADACUERDO',1,1);
INSERT INTO CFG_FORM_DEP (CEMPRES, CCFGDEP, CITORIG, TVALORIG,CITDEST,CPRPTY, TVALUE) VALUES ('24', '99840261', 'DOCUMENTO', '76','CORREO1',1,1);
INSERT INTO CFG_FORM_DEP (CEMPRES, CCFGDEP, CITORIG, TVALORIG,CITDEST,CPRPTY, TVALUE) VALUES ('24', '99840261', 'DOCUMENTO', '76','CORREO2',1,1);



INSERT INTO CFG_FORM_DEP (CEMPRES, CCFGDEP, CITORIG, TVALORIG,CITDEST,CPRPTY, TVALUE) VALUES ('24', '99840261', 'DOCUMENTO', '73','VALPAGARE',1,0);
INSERT INTO CFG_FORM_DEP (CEMPRES, CCFGDEP, CITORIG, TVALORIG,CITDEST,CPRPTY, TVALUE) VALUES ('24', '99840261', 'DOCUMENTO', '73','RESOLUCION',1,0);
INSERT INTO CFG_FORM_DEP (CEMPRES, CCFGDEP, CITORIG, TVALORIG,CITDEST,CPRPTY, TVALUE) VALUES ('24', '99840261', 'DOCUMENTO', '73','DATERESOLU',1,0);
INSERT INTO CFG_FORM_DEP (CEMPRES, CCFGDEP, CITORIG, TVALORIG,CITDEST,CPRPTY, TVALUE) VALUES ('24', '99840261', 'DOCUMENTO', '73','VALINTERES',1,0);
INSERT INTO CFG_FORM_DEP (CEMPRES, CCFGDEP, CITORIG, TVALORIG,CITDEST,CPRPTY, TVALUE) VALUES ('24', '99840261', 'DOCUMENTO', '73','PORCEQUIVALE',1,0);
INSERT INTO CFG_FORM_DEP (CEMPRES, CCFGDEP, CITORIG, TVALORIG,CITDEST,CPRPTY, TVALUE) VALUES ('24', '99840261', 'DOCUMENTO', '73','DATEOBLIGA',1,0);
INSERT INTO CFG_FORM_DEP (CEMPRES, CCFGDEP, CITORIG, TVALORIG,CITDEST,CPRPTY, TVALUE) VALUES ('24', '99840261', 'DOCUMENTO', '73','VALCUOTA',1,0);
INSERT INTO CFG_FORM_DEP (CEMPRES, CCFGDEP, CITORIG, TVALORIG,CITDEST,CPRPTY, TVALUE) VALUES ('24', '99840261', 'DOCUMENTO', '73','NUMCUOTAS',1,0);
INSERT INTO CFG_FORM_DEP (CEMPRES, CCFGDEP, CITORIG, TVALORIG,CITDEST,CPRPTY, TVALUE) VALUES ('24', '99840261', 'DOCUMENTO', '73','PORCINTERES',1,0);
INSERT INTO CFG_FORM_DEP (CEMPRES, CCFGDEP, CITORIG, TVALORIG,CITDEST,CPRPTY, TVALUE) VALUES ('24', '99840261', 'DOCUMENTO', '73','VALXCUOTA',1,0);
INSERT INTO CFG_FORM_DEP (CEMPRES, CCFGDEP, CITORIG, TVALORIG,CITDEST,CPRPTY, TVALUE) VALUES ('24', '99840261', 'DOCUMENTO', '73','DATEFIRSTPAGO',1,0);
INSERT INTO CFG_FORM_DEP (CEMPRES, CCFGDEP, CITORIG, TVALORIG,CITDEST,CPRPTY, TVALUE) VALUES ('24', '99840261', 'DOCUMENTO', '73','CTIPCC',1,0);
INSERT INTO CFG_FORM_DEP (CEMPRES, CCFGDEP, CITORIG, TVALORIG,CITDEST,CPRPTY, TVALUE) VALUES ('24', '99840261', 'DOCUMENTO', '73','CBANCO',1,0);
INSERT INTO CFG_FORM_DEP (CEMPRES, CCFGDEP, CITORIG, TVALORIG,CITDEST,CPRPTY, TVALUE) VALUES ('24', '99840261', 'DOCUMENTO', '73','CCUENTA',1,0);
INSERT INTO CFG_FORM_DEP (CEMPRES, CCFGDEP, CITORIG, TVALORIG,CITDEST,CPRPTY, TVALUE) VALUES ('24', '99840261', 'DOCUMENTO', '73','REFDOS',1,0);
INSERT INTO CFG_FORM_DEP (CEMPRES, CCFGDEP, CITORIG, TVALORIG,CITDEST,CPRPTY, TVALUE) VALUES ('24', '99840261', 'DOCUMENTO', '73','DATEACUERDOPAGO',1,0);
INSERT INTO CFG_FORM_DEP (CEMPRES, CCFGDEP, CITORIG, TVALORIG,CITDEST,CPRPTY, TVALUE) VALUES ('24', '99840261', 'DOCUMENTO', '73','CIUDADACUERDO',1,0);
INSERT INTO CFG_FORM_DEP (CEMPRES, CCFGDEP, CITORIG, TVALORIG,CITDEST,CPRPTY, TVALUE) VALUES ('24', '99840261', 'DOCUMENTO', '73','CORREO1',1,0);
INSERT INTO CFG_FORM_DEP (CEMPRES, CCFGDEP, CITORIG, TVALORIG,CITDEST,CPRPTY, TVALUE) VALUES ('24', '99840261', 'DOCUMENTO', '73','CORREO2',1,0);




 INSERT INTO PROD_PLANT_CAB (SPRODUC, CTIPO, CCODPLAN, IMP_DEST,FDESDE,CDUPLICA,CUSUALT, FALTA) VALUES (0, 76, 'CONF800103', 1,'05/01/17',0,'AXIS','05/01/17');
 INSERT INTO PROD_PLANT_CAB (SPRODUC, CTIPO, CCODPLAN, IMP_DEST,FDESDE,CDUPLICA,CUSUALT, FALTA) VALUES
 ('0', '76', 'CONF800103', '1','05-JAN-17',0,'AXIS','05-JAN-17');
 
 
 INSERT INTO AXIS_CODLITERALES (SLITERA, CLITERA) VALUES ( 89907001, 2);
 INSERT INTO AXIS_CODLITERALES (SLITERA, CLITERA) VALUES ( 89907002, 2);
 INSERT INTO AXIS_CODLITERALES (SLITERA, CLITERA) VALUES ( 89907003, 2);
 INSERT INTO AXIS_CODLITERALES (SLITERA, CLITERA) VALUES ( 89907004, 2);
 INSERT INTO AXIS_CODLITERALES (SLITERA, CLITERA) VALUES ( 89907005, 2);
 
 INSERT INTO AXIS_CODLITERALES (SLITERA, CLITERA) VALUES ( 89907006, 2);
 INSERT INTO AXIS_CODLITERALES (SLITERA, CLITERA) VALUES ( 89907007, 2);
 INSERT INTO AXIS_CODLITERALES (SLITERA, CLITERA) VALUES ( 89907008, 2);
 INSERT INTO AXIS_CODLITERALES (SLITERA, CLITERA) VALUES ( 89907009, 2);
 INSERT INTO AXIS_CODLITERALES (SLITERA, CLITERA) VALUES ( 89907010, 2);
 INSERT INTO AXIS_CODLITERALES (SLITERA, CLITERA) VALUES ( 89907011, 2);
 INSERT INTO AXIS_CODLITERALES (SLITERA, CLITERA) VALUES ( 89907013, 2);
 INSERT INTO AXIS_CODLITERALES (SLITERA, CLITERA) VALUES ( 89907014, 2);
 INSERT INTO AXIS_CODLITERALES (SLITERA, CLITERA) VALUES ( 89907015, 2);
 INSERT INTO AXIS_CODLITERALES (SLITERA, CLITERA) VALUES ( 89907016, 2);
 
 INSERT INTO AXIS_LITERALES (CIDIOMA, SLITERA, TLITERA) VALUES (1, 89907001, 'Valor Pagare');
 INSERT INTO AXIS_LITERALES (CIDIOMA, SLITERA, TLITERA) VALUES (2, 89907001, 'Valor Pagare');
 INSERT INTO AXIS_LITERALES (CIDIOMA, SLITERA, TLITERA) VALUES (8, 89907001, 'Valor Pagare');
 
 INSERT INTO AXIS_LITERALES (CIDIOMA, SLITERA, TLITERA) VALUES (1, 89907002, 'Fecha Resolución');
 INSERT INTO AXIS_LITERALES (CIDIOMA, SLITERA, TLITERA) VALUES (2, 89907002, 'Data Resolució');
 INSERT INTO AXIS_LITERALES (CIDIOMA, SLITERA, TLITERA) VALUES (8, 89907002, 'Fecha Resolución');
 
 INSERT INTO AXIS_LITERALES (CIDIOMA, SLITERA, TLITERA) VALUES (1, 89907003, 'Valor Intereses');
 INSERT INTO AXIS_LITERALES (CIDIOMA, SLITERA, TLITERA) VALUES (2, 89907003, 'Valor Interessos');
 INSERT INTO AXIS_LITERALES (CIDIOMA, SLITERA, TLITERA) VALUES (8, 89907003, 'Valor Intereses');
 
 INSERT INTO AXIS_LITERALES (CIDIOMA, SLITERA, TLITERA) VALUES (1, 89907004, 'Porcentaje Equivalente');
 INSERT INTO AXIS_LITERALES (CIDIOMA, SLITERA, TLITERA) VALUES (2, 89907004, 'percentatge Equivalent');
 INSERT INTO AXIS_LITERALES (CIDIOMA, SLITERA, TLITERA) VALUES (8, 89907004, 'Porcentaje Equivalente');
 
 INSERT INTO AXIS_LITERALES (CIDIOMA, SLITERA, TLITERA) VALUES (1, 89907005, 'Fecha Obligación');
 INSERT INTO AXIS_LITERALES (CIDIOMA, SLITERA, TLITERA) VALUES (2, 89907005, 'Data Obligació');
 INSERT INTO AXIS_LITERALES (CIDIOMA, SLITERA, TLITERA) VALUES (8, 89907005, 'Fecha Obligación');
 
 INSERT INTO AXIS_LITERALES (CIDIOMA, SLITERA, TLITERA) VALUES (1, 89907006, 'Valor total por cuota');
 INSERT INTO AXIS_LITERALES (CIDIOMA, SLITERA, TLITERA) VALUES (2, 89907006, 'Valor total por cuota');
 INSERT INTO AXIS_LITERALES (CIDIOMA, SLITERA, TLITERA) VALUES (8, 89907006, 'Valor total por cuota');
 
 INSERT INTO AXIS_LITERALES (CIDIOMA, SLITERA, TLITERA) VALUES (1, 89907007, 'Número de cuotas');
 INSERT INTO AXIS_LITERALES (CIDIOMA, SLITERA, TLITERA) VALUES (2, 89907007, 'Nombre de quotes');
 INSERT INTO AXIS_LITERALES (CIDIOMA, SLITERA, TLITERA) VALUES (8, 89907007, 'Número de cuotas');
 
 INSERT INTO AXIS_LITERALES (CIDIOMA, SLITERA, TLITERA) VALUES (1, 89907008, 'Porcentaje de Interés');
 INSERT INTO AXIS_LITERALES (CIDIOMA, SLITERA, TLITERA) VALUES (2, 89907008, 'Percentatge de Interés');
 INSERT INTO AXIS_LITERALES (CIDIOMA, SLITERA, TLITERA) VALUES (8, 89907008, 'Porcentaje de Interés');
 
 INSERT INTO AXIS_LITERALES (CIDIOMA, SLITERA, TLITERA) VALUES (1, 89907009, 'Valor por Cuota');
 INSERT INTO AXIS_LITERALES (CIDIOMA, SLITERA, TLITERA) VALUES (2, 89907009, 'Valor per Quota');
 INSERT INTO AXIS_LITERALES (CIDIOMA, SLITERA, TLITERA) VALUES (8, 89907009, 'Valor por Cuota');
 
 INSERT INTO AXIS_LITERALES (CIDIOMA, SLITERA, TLITERA) VALUES (1, 89907010, 'Fecha Primer Pago');
 INSERT INTO AXIS_LITERALES (CIDIOMA, SLITERA, TLITERA) VALUES (2, 89907010, 'Data Primer Pagament');
 INSERT INTO AXIS_LITERALES (CIDIOMA, SLITERA, TLITERA) VALUES (8, 89907010, 'Fecha Primer Pago');
 
 INSERT INTO AXIS_LITERALES (CIDIOMA, SLITERA, TLITERA) VALUES (1, 89907011, 'Referencia 2');
 INSERT INTO AXIS_LITERALES (CIDIOMA, SLITERA, TLITERA) VALUES (2, 89907011, 'referència 2');
 INSERT INTO AXIS_LITERALES (CIDIOMA, SLITERA, TLITERA) VALUES (8, 89907011, 'Referencia 2');
 
 INSERT INTO AXIS_LITERALES (CIDIOMA, SLITERA, TLITERA) VALUES (1, 89907013, 'Fecha Acuerdo Pago');
 INSERT INTO AXIS_LITERALES (CIDIOMA, SLITERA, TLITERA) VALUES (2, 89907013, 'Data acuerdo Pagament');
 INSERT INTO AXIS_LITERALES (CIDIOMA, SLITERA, TLITERA) VALUES (8, 89907013, 'Fecha acuerdo Pago');
 
 INSERT INTO AXIS_LITERALES (CIDIOMA, SLITERA, TLITERA) VALUES (1, 89907014, 'Ciudad de Acuerdo');
 INSERT INTO AXIS_LITERALES (CIDIOMA, SLITERA, TLITERA) VALUES (2, 89907014, 'Ciutat de Acord');
 INSERT INTO AXIS_LITERALES (CIDIOMA, SLITERA, TLITERA) VALUES (8, 89907014, 'Ciudad de Acuerdo');
 
 INSERT INTO AXIS_LITERALES (CIDIOMA, SLITERA, TLITERA) VALUES (1, 89907015, 'Correo referencia 1');
 INSERT INTO AXIS_LITERALES (CIDIOMA, SLITERA, TLITERA) VALUES (2, 89907015, 'Correu referència 1');
 INSERT INTO AXIS_LITERALES (CIDIOMA, SLITERA, TLITERA) VALUES (8, 89907015, 'Correo referencia 1');
                                                                          
 INSERT INTO AXIS_LITERALES (CIDIOMA, SLITERA, TLITERA) VALUES (1, 89907016, 'Correo referencia 2');
 INSERT INTO AXIS_LITERALES (CIDIOMA, SLITERA, TLITERA) VALUES (2, 89907016, 'Correu referència 2');
 INSERT INTO AXIS_LITERALES (CIDIOMA, SLITERA, TLITERA) VALUES (8, 89907016, 'Correo referencia 2');
                                                                          
 INSERT INTO DET_LANZAR_INFORMES (CEMPRES, CMAP, CIDIOMA, TDESCRIP, CINFORME) VALUES (24, 'AcuerdoDePago', 1, 'Acuerdo de Pago', 'AcuerdoDePago.jasper');
 INSERT INTO DET_LANZAR_INFORMES (CEMPRES, CMAP, CIDIOMA, TDESCRIP, CINFORME) VALUES (24, 'AcuerdoDePago', 2, 'Acuerdo de Pago', 'AcuerdoDePago.jasper');
 INSERT INTO DET_LANZAR_INFORMES (CEMPRES, CMAP, CIDIOMA, TDESCRIP, CINFORME) VALUES (24, 'AcuerdoDePago', 8, 'Acuerdo de Pago', 'AcuerdoDePago.jasper');                                                                         

COMMIT;


