DELETE FROM PAREMPRESAS WHERE CPARAM = 'TRAZA_CIERRE_XL';
DELETE FROM DESPARAM WHERE CPARAM = 'TRAZA_CIERRE_XL';
DELETE FROM CODPARAM WHERE CPARAM = 'TRAZA_CIERRE_XL';

INSERT INTO CODPARAM (CPARAM,CUTILI,CTIPO,CGRPPAR,NORDEN,COBLIGA,TDEFECTO,CVISIBLE) values ('TRAZA_CIERRE_XL','5','2','GEN',0,'0','0','1');
INSERT INTO DESPARAM (CPARAM,CIDIOMA,TPARAM) values ('TRAZA_CIERRE_XL',1,'Traça tancament xl');
INSERT INTO DESPARAM (CPARAM,CIDIOMA,TPARAM) values ('TRAZA_CIERRE_XL',2,'Traza Cierre XL');
INSERT INTO DESPARAM (CPARAM,CIDIOMA,TPARAM) values ('TRAZA_CIERRE_XL',8,'Traza Cierre XL');
INSERT INTO PAREMPRESAS (CEMPRES, CPARAM, NVALPAR, TVALPAR, FVALPAR) VALUES(24, 'TRAZA_CIERRE_XL', 1, NULL, NULL);

DELETE FROM PAREMPRESAS WHERE CPARAM = 'TRAZA_CIERRE_PROP';
DELETE FROM DESPARAM WHERE CPARAM = 'TRAZA_CIERRE_PROP';
DELETE FROM CODPARAM WHERE CPARAM = 'TRAZA_CIERRE_PROP';

INSERT INTO CODPARAM (CPARAM,CUTILI,CTIPO,CGRPPAR,NORDEN,COBLIGA,TDEFECTO,CVISIBLE) values ('TRAZA_CIERRE_PROP','5','2','GEN',0,'0','0','1');
INSERT INTO DESPARAM (CPARAM,CIDIOMA,TPARAM) values ('TRAZA_CIERRE_PROP',1,'Traça tancament procés');
INSERT INTO DESPARAM (CPARAM,CIDIOMA,TPARAM) values ('TRAZA_CIERRE_PROP',2,'Traza Cierre Proceso');
INSERT INTO DESPARAM (CPARAM,CIDIOMA,TPARAM) values ('TRAZA_CIERRE_PROP',8,'Traza Cierre Proceso');
INSERT INTO PAREMPRESAS (CEMPRES, CPARAM, NVALPAR, TVALPAR, FVALPAR) VALUES(24, 'TRAZA_CIERRE_PROP', 1, NULL, NULL);

DELETE FROM PAREMPRESAS WHERE CPARAM = 'GEN_CES_PAG';
DELETE FROM DESPARAM WHERE CPARAM = 'GEN_CES_PAG';
DELETE FROM CODPARAM WHERE CPARAM = 'GEN_CES_PAG';

INSERT INTO CODPARAM (CPARAM,CUTILI,CTIPO,CGRPPAR,NORDEN,COBLIGA,TDEFECTO,CVISIBLE) values ('GEN_CES_PAG','5','2','GEN',0,'0','0','1');
INSERT INTO DESPARAM (CPARAM,CIDIOMA,TPARAM) values ('GEN_CES_PAG',1,'Generar cessió pagament');
INSERT INTO DESPARAM (CPARAM,CIDIOMA,TPARAM) values ('GEN_CES_PAG',2,'Generar cesión pago');
INSERT INTO DESPARAM (CPARAM,CIDIOMA,TPARAM) values ('GEN_CES_PAG',8,'Generar cesión pago');
INSERT INTO PAREMPRESAS (CEMPRES, CPARAM, NVALPAR, TVALPAR, FVALPAR) VALUES(24, 'GEN_CES_PAG', 1, NULL, NULL);

DELETE FROM PAREMPRESAS WHERE CPARAM = 'CTACES_DET';
INSERT INTO PAREMPRESAS (CEMPRES, CPARAM, NVALPAR, TVALPAR, FVALPAR) VALUES(24, 'CTACES_DET', 1, NULL, NULL);

DELETE FROM PAREMPRESAS WHERE CPARAM = 'PER_REEMBOLSO_REA';
INSERT INTO PAREMPRESAS (CEMPRES, CPARAM, NVALPAR, TVALPAR, FVALPAR) VALUES(24, 'PER_REEMBOLSO_REA', 1, NULL, NULL);

DELETE FROM PAREMPRESAS WHERE CPARAM = 'REA_PRORRATA_INT';
DELETE FROM DESPARAM WHERE CPARAM = 'REA_PRORRATA_INT';
DELETE FROM CODPARAM WHERE CPARAM = 'REA_PRORRATA_INT';

INSERT INTO CODPARAM (CPARAM,CUTILI,CTIPO,CGRPPAR,NORDEN,COBLIGA,TDEFECTO,CVISIBLE) values ('REA_PRORRATA_INT','5','2','GEN',0,'0','0','1');
INSERT INTO DESPARAM (CPARAM,CIDIOMA,TPARAM) values ('REA_PRORRATA_INT',1,'Freqüència de reemborsament devolució de les remeses de reassegurança');
INSERT INTO DESPARAM (CPARAM,CIDIOMA,TPARAM) values ('REA_PRORRATA_INT',2,'Frecuencia de reembolso devolución de las remesas de reaseguro');
INSERT INTO DESPARAM (CPARAM,CIDIOMA,TPARAM) values ('REA_PRORRATA_INT',8,'Frecuencia de reembolso devolución de las remesas de reaseguro');
INSERT INTO PAREMPRESAS (CEMPRES, CPARAM, NVALPAR, TVALPAR, FVALPAR) VALUES(24, 'REA_PRORRATA_INT', 1, NULL, NULL);

DELETE FROM PAREMPRESAS WHERE CPARAM = 'EDO_PAGO_PROCESA_REA';
DELETE FROM DESPARAM WHERE CPARAM = 'EDO_PAGO_PROCESA_REA';
DELETE FROM CODPARAM WHERE CPARAM = 'EDO_PAGO_PROCESA_REA';

INSERT INTO CODPARAM (CPARAM,CUTILI,CTIPO,CGRPPAR,NORDEN,COBLIGA,TDEFECTO,CVISIBLE) values ('EDO_PAGO_PROCESA_REA','5','2','GEN',0,'0','0','1');
INSERT INTO DESPARAM (CPARAM,CIDIOMA,TPARAM) values ('EDO_PAGO_PROCESA_REA',1,'Estat d un pagament per a la seva tramitació (1 pendent, 2 cobrat)');
INSERT INTO DESPARAM (CPARAM,CIDIOMA,TPARAM) values ('EDO_PAGO_PROCESA_REA',2,'Estado de un pago para su tramitación (1 pendiente, 2 cobrado)');
INSERT INTO DESPARAM (CPARAM,CIDIOMA,TPARAM) values ('EDO_PAGO_PROCESA_REA',8,'Estado de un pago para su tramitación (1 pendiente, 2 cobrado)');
INSERT INTO PAREMPRESAS (CEMPRES, CPARAM, NVALPAR, TVALPAR, FVALPAR) VALUES(24, 'EDO_PAGO_PROCESA_REA', 9, NULL, NULL);

DELETE FROM PAREMPRESAS WHERE CPARAM = 'MAX_MTRAMOSXL_REA';
DELETE FROM DESPARAM WHERE CPARAM = 'MAX_MTRAMOSXL_REA';
DELETE FROM CODPARAM WHERE CPARAM = 'MAX_MTRAMOSXL_REA';

INSERT INTO CODPARAM (CPARAM,CUTILI,CTIPO,CGRPPAR,NORDEN,COBLIGA,TDEFECTO,CVISIBLE) values ('MAX_MTRAMOSXL_REA','5','2','GEN',0,'0','0','1');
INSERT INTO DESPARAM (CPARAM,CIDIOMA,TPARAM) values ('MAX_MTRAMOSXL_REA',1,'Màxim trams reassegurances XL');
INSERT INTO DESPARAM (CPARAM,CIDIOMA,TPARAM) values ('MAX_MTRAMOSXL_REA',2,'Maximo tramos reaseguros XL');
INSERT INTO DESPARAM (CPARAM,CIDIOMA,TPARAM) values ('MAX_MTRAMOSXL_REA',8,'Maximo tramos reaseguros XL');
INSERT INTO PAREMPRESAS (CEMPRES, CPARAM, NVALPAR, TVALPAR, FVALPAR) VALUES(24, 'MAX_MTRAMOSXL_REA', 8, NULL, NULL);

DELETE FROM PAREMPRESAS WHERE CPARAM = 'MANEJO_RESERVAXL_REA';
DELETE FROM DESPARAM WHERE CPARAM = 'MANEJO_RESERVAXL_REA';
DELETE FROM CODPARAM WHERE CPARAM = 'MANEJO_RESERVAXL_REA';

INSERT INTO CODPARAM (CPARAM,CUTILI,CTIPO,CGRPPAR,NORDEN,COBLIGA,TDEFECTO,CVISIBLE) values ('MANEJO_RESERVAXL_REA','5','2','GEN',0,'0','0','1');
INSERT INTO DESPARAM (CPARAM,CIDIOMA,TPARAM) values ('MANEJO_RESERVAXL_REA',1,'Maneig reservar reassegurança XL');
INSERT INTO DESPARAM (CPARAM,CIDIOMA,TPARAM) values ('MANEJO_RESERVAXL_REA',2,'Manejo reservar reaseguro XL');
INSERT INTO DESPARAM (CPARAM,CIDIOMA,TPARAM) values ('MANEJO_RESERVAXL_REA',8,'Manejo reservar reaseguro XL');
INSERT INTO PAREMPRESAS (CEMPRES, CPARAM, NVALPAR, TVALPAR, FVALPAR) VALUES(24, 'MANEJO_RESERVAXL_REA', 1, NULL, NULL);

DELETE FROM PAREMPRESAS WHERE CPARAM = 'PERMITE_MREPOXL_REA';
DELETE FROM DESPARAM WHERE CPARAM = 'PERMITE_MREPOXL_REA';
DELETE FROM CODPARAM WHERE CPARAM = 'PERMITE_MREPOXL_REA';

INSERT INTO CODPARAM (CPARAM,CUTILI,CTIPO,CGRPPAR,NORDEN,COBLIGA,TDEFECTO,CVISIBLE) values ('PERMITE_MREPOXL_REA','5','2','GEN',0,'0','0','1');
INSERT INTO DESPARAM (CPARAM,CIDIOMA,TPARAM) values ('PERMITE_MREPOXL_REA',1,'Permetre REPOXL reassegurança');
INSERT INTO DESPARAM (CPARAM,CIDIOMA,TPARAM) values ('PERMITE_MREPOXL_REA',2,'Permitir REPOXL reaseguro');
INSERT INTO DESPARAM (CPARAM,CIDIOMA,TPARAM) values ('PERMITE_MREPOXL_REA',8,'Permitir REPOXL reaseguro');
INSERT INTO PAREMPRESAS (CEMPRES, CPARAM, NVALPAR, TVALPAR, FVALPAR) VALUES(24, 'PERMITE_MREPOXL_REA', 1, NULL, NULL);

COMMIT;
/