Insert into CODIPLANTILLAS (CCODPLAN,IDCONSULTA,GEDOX,IDCAT,CGENFICH,CGENPDF,CGENREP,CTIPODOC,CFDIGITAL) values ('CONF800106',0,'S',1,1,1,2,null,'1');
Insert into DETPLANTILLAS (CCODPLAN,CIDIOMA,TDESCRIP,CINFORME,CPATH,CMAPEAD,CFIRMA,TCONFFIRMA) values ('CONF800106',8,'Condiciones particulares sin Logo','CONFCaratula_sinLogo.jasper','.',null,0,null);
Insert into CODIPLANTILLAS (CCODPLAN,IDCONSULTA,GEDOX,IDCAT,CGENFICH,CGENPDF,CGENREP,CTIPODOC,CFDIGITAL) values ('CONF800107',0,'S',1,1,1,2,null,'1');
Insert into DETPLANTILLAS (CCODPLAN,CIDIOMA,TDESCRIP,CINFORME,CPATH,CMAPEAD,CFIRMA,TCONFFIRMA) values ('CONF800107',8,'Condiciones particulares sin Logo','CONFCaratulaCJ_sinLogo.jasper','.',null,0,null);
Insert into CODIPLANTILLAS (CCODPLAN,IDCONSULTA,GEDOX,IDCAT,CGENFICH,CGENPDF,CGENREP,CTIPODOC,CFDIGITAL) values ('CONF800108',0,'S',1,1,1,2,null,'1');
Insert into DETPLANTILLAS (CCODPLAN,CIDIOMA,TDESCRIP,CINFORME,CPATH,CMAPEAD,CFIRMA,TCONFFIRMA) values ('CONF800108',8,'Condiciones particulares sin Logo','CONFCaratula_ME_sinLogo.jasper','.',null,0,null);

Insert into PROD_PLANT_CAB (SPRODUC,CTIPO,CCODPLAN,IMP_DEST,FDESDE,FHASTA,CGARANT,CDUPLICA,NORDEN,CLAVE,NRESPUE,TCOPIAS,CCATEGORIA,CDIFERIDO,CUSUALT,FALTA,CUSUMOD,FMODIFI) values (8038,0,'CONF800106',1,to_date('25-SEP-19','DD-MON-RR'),null,null,0,null,null,null,null,null,null,'AXIS_CONF',to_date('25-SEP-19','DD-MON-RR'),null,null);
Insert into PROD_PLANT_CAB (SPRODUC,CTIPO,CCODPLAN,IMP_DEST,FDESDE,FHASTA,CGARANT,CDUPLICA,NORDEN,CLAVE,NRESPUE,TCOPIAS,CCATEGORIA,CDIFERIDO,CUSUALT,FALTA,CUSUMOD,FMODIFI) values (8039,0,'CONF800106',1,to_date('25-SEP-19','DD-MON-RR'),null,null,0,null,null,null,null,null,null,'AXIS_CONF',to_date('25-SEP-19','DD-MON-RR'),null,null);
Insert into PROD_PLANT_CAB (SPRODUC,CTIPO,CCODPLAN,IMP_DEST,FDESDE,FHASTA,CGARANT,CDUPLICA,NORDEN,CLAVE,NRESPUE,TCOPIAS,CCATEGORIA,CDIFERIDO,CUSUALT,FALTA,CUSUMOD,FMODIFI) values (8042,0,'CONF800106',1,to_date('25-SEP-19','DD-MON-RR'),null,null,0,null,null,null,null,null,null,'AXIS_CONF',to_date('25-SEP-19','DD-MON-RR'),null,null);
Insert into PROD_PLANT_CAB (SPRODUC,CTIPO,CCODPLAN,IMP_DEST,FDESDE,FHASTA,CGARANT,CDUPLICA,NORDEN,CLAVE,NRESPUE,TCOPIAS,CCATEGORIA,CDIFERIDO,CUSUALT,FALTA,CUSUMOD,FMODIFI) values (8046,0,'CONF800106',1,to_date('25-SEP-19','DD-MON-RR'),null,null,0,null,null,null,null,null,null,'AXIS_CONF',to_date('25-SEP-19','DD-MON-RR'),null,null);
Insert into PROD_PLANT_CAB (SPRODUC,CTIPO,CCODPLAN,IMP_DEST,FDESDE,FHASTA,CGARANT,CDUPLICA,NORDEN,CLAVE,NRESPUE,TCOPIAS,CCATEGORIA,CDIFERIDO,CUSUALT,FALTA,CUSUMOD,FMODIFI) values (8062,0,'CONF800106',1,to_date('25-SEP-19','DD-MON-RR'),null,null,0,null,null,null,null,null,null,'AXIS_CONF',to_date('25-SEP-19','DD-MON-RR'),null,null);
Insert into PROD_PLANT_CAB (SPRODUC,CTIPO,CCODPLAN,IMP_DEST,FDESDE,FHASTA,CGARANT,CDUPLICA,NORDEN,CLAVE,NRESPUE,TCOPIAS,CCATEGORIA,CDIFERIDO,CUSUALT,FALTA,CUSUMOD,FMODIFI) values (8063,0,'CONF800106',1,to_date('25-SEP-19','DD-MON-RR'),null,null,0,null,null,null,null,null,null,'AXIS_CONF',to_date('25-SEP-19','DD-MON-RR'),null,null);
Insert into PROD_PLANT_CAB (SPRODUC,CTIPO,CCODPLAN,IMP_DEST,FDESDE,FHASTA,CGARANT,CDUPLICA,NORDEN,CLAVE,NRESPUE,TCOPIAS,CCATEGORIA,CDIFERIDO,CUSUALT,FALTA,CUSUMOD,FMODIFI) values (80038,0,'CONF800106',1,to_date('25-SEP-19','DD-MON-RR'),null,null,0,null,null,null,null,null,null,'AXIS_CONF',to_date('25-SEP-19','DD-MON-RR'),null,null);
Insert into PROD_PLANT_CAB (SPRODUC,CTIPO,CCODPLAN,IMP_DEST,FDESDE,FHASTA,CGARANT,CDUPLICA,NORDEN,CLAVE,NRESPUE,TCOPIAS,CCATEGORIA,CDIFERIDO,CUSUALT,FALTA,CUSUMOD,FMODIFI) values (80039,0,'CONF800106',1,to_date('25-SEP-19','DD-MON-RR'),null,null,0,null,null,null,null,null,null,'AXIS_CONF',to_date('25-SEP-19','DD-MON-RR'),null,null);
Insert into PROD_PLANT_CAB (SPRODUC,CTIPO,CCODPLAN,IMP_DEST,FDESDE,FHASTA,CGARANT,CDUPLICA,NORDEN,CLAVE,NRESPUE,TCOPIAS,CCATEGORIA,CDIFERIDO,CUSUALT,FALTA,CUSUMOD,FMODIFI) values (80040,0,'CONF800106',1,to_date('25-SEP-19','DD-MON-RR'),null,null,0,null,null,null,null,null,null,'AXIS_CONF',to_date('25-SEP-19','DD-MON-RR'),null,null);
Insert into PROD_PLANT_CAB (SPRODUC,CTIPO,CCODPLAN,IMP_DEST,FDESDE,FHASTA,CGARANT,CDUPLICA,NORDEN,CLAVE,NRESPUE,TCOPIAS,CCATEGORIA,CDIFERIDO,CUSUALT,FALTA,CUSUMOD,FMODIFI) values (80041,0,'CONF800106',1,to_date('25-SEP-19','DD-MON-RR'),null,null,0,null,null,null,null,null,null,'AXIS_CONF',to_date('25-SEP-19','DD-MON-RR'),null,null);
Insert into PROD_PLANT_CAB (SPRODUC,CTIPO,CCODPLAN,IMP_DEST,FDESDE,FHASTA,CGARANT,CDUPLICA,NORDEN,CLAVE,NRESPUE,TCOPIAS,CCATEGORIA,CDIFERIDO,CUSUALT,FALTA,CUSUMOD,FMODIFI) values (80042,0,'CONF800106',1,to_date('25-SEP-19','DD-MON-RR'),null,null,0,null,null,null,null,null,null,'AXIS_CONF',to_date('25-SEP-19','DD-MON-RR'),null,null);
Insert into PROD_PLANT_CAB (SPRODUC,CTIPO,CCODPLAN,IMP_DEST,FDESDE,FHASTA,CGARANT,CDUPLICA,NORDEN,CLAVE,NRESPUE,TCOPIAS,CCATEGORIA,CDIFERIDO,CUSUALT,FALTA,CUSUMOD,FMODIFI) values (80043,0,'CONF800106',1,to_date('25-SEP-19','DD-MON-RR'),null,null,0,null,null,null,null,null,null,'AXIS_CONF',to_date('25-SEP-19','DD-MON-RR'),null,null);
Insert into PROD_PLANT_CAB (SPRODUC,CTIPO,CCODPLAN,IMP_DEST,FDESDE,FHASTA,CGARANT,CDUPLICA,NORDEN,CLAVE,NRESPUE,TCOPIAS,CCATEGORIA,CDIFERIDO,CUSUALT,FALTA,CUSUMOD,FMODIFI) values (80044,0,'CONF800106',1,to_date('25-SEP-19','DD-MON-RR'),null,null,0,null,null,null,null,null,null,'AXIS_CONF',to_date('25-SEP-19','DD-MON-RR'),null,null);

Insert into PROD_PLANT_CAB (SPRODUC,CTIPO,CCODPLAN,IMP_DEST,FDESDE,FHASTA,CGARANT,CDUPLICA,NORDEN,CLAVE,NRESPUE,TCOPIAS,CCATEGORIA,CDIFERIDO,CUSUALT,FALTA,CUSUMOD,FMODIFI) values (80001,0,'CONF800106',1,to_date('25-SEP-19','DD-MON-RR'),null,null,0,null,null,null,null,null,null,'AXIS_CONF',to_date('25-SEP-19','DD-MON-RR'),null,null);
Insert into PROD_PLANT_CAB (SPRODUC,CTIPO,CCODPLAN,IMP_DEST,FDESDE,FHASTA,CGARANT,CDUPLICA,NORDEN,CLAVE,NRESPUE,TCOPIAS,CCATEGORIA,CDIFERIDO,CUSUALT,FALTA,CUSUMOD,FMODIFI) values (80004,0,'CONF800106',1,to_date('25-SEP-19','DD-MON-RR'),null,null,0,null,null,null,null,null,null,'AXIS_CONF',to_date('25-SEP-19','DD-MON-RR'),null,null);
Insert into PROD_PLANT_CAB (SPRODUC,CTIPO,CCODPLAN,IMP_DEST,FDESDE,FHASTA,CGARANT,CDUPLICA,NORDEN,CLAVE,NRESPUE,TCOPIAS,CCATEGORIA,CDIFERIDO,CUSUALT,FALTA,CUSUMOD,FMODIFI) values (80009,0,'CONF800106',1,to_date('25-SEP-19','DD-MON-RR'),null,null,0,null,null,null,null,null,null,'AXIS_CONF',to_date('25-SEP-19','DD-MON-RR'),null,null);
Insert into PROD_PLANT_CAB (SPRODUC,CTIPO,CCODPLAN,IMP_DEST,FDESDE,FHASTA,CGARANT,CDUPLICA,NORDEN,CLAVE,NRESPUE,TCOPIAS,CCATEGORIA,CDIFERIDO,CUSUALT,FALTA,CUSUMOD,FMODIFI) values (80010,0,'CONF800106',1,to_date('25-SEP-19','DD-MON-RR'),null,null,0,null,null,null,null,null,null,'AXIS_CONF',to_date('25-SEP-19','DD-MON-RR'),null,null);
Insert into PROD_PLANT_CAB (SPRODUC,CTIPO,CCODPLAN,IMP_DEST,FDESDE,FHASTA,CGARANT,CDUPLICA,NORDEN,CLAVE,NRESPUE,TCOPIAS,CCATEGORIA,CDIFERIDO,CUSUALT,FALTA,CUSUMOD,FMODIFI) values (80011,0,'CONF800106',1,to_date('25-SEP-19','DD-MON-RR'),null,null,0,null,null,null,null,null,null,'AXIS_CONF',to_date('25-SEP-19','DD-MON-RR'),null,null);
Insert into PROD_PLANT_CAB (SPRODUC,CTIPO,CCODPLAN,IMP_DEST,FDESDE,FHASTA,CGARANT,CDUPLICA,NORDEN,CLAVE,NRESPUE,TCOPIAS,CCATEGORIA,CDIFERIDO,CUSUALT,FALTA,CUSUMOD,FMODIFI) values (80012,0,'CONF800106',1,to_date('25-SEP-19','DD-MON-RR'),null,null,0,null,null,null,null,null,null,'AXIS_CONF',to_date('25-SEP-19','DD-MON-RR'),null,null);

Insert into PROD_PLANT_CAB (SPRODUC,CTIPO,CCODPLAN,IMP_DEST,FDESDE,FHASTA,CGARANT,CDUPLICA,NORDEN,CLAVE,NRESPUE,TCOPIAS,CCATEGORIA,CDIFERIDO,CUSUALT,FALTA,CUSUMOD,FMODIFI) values (80007,0,'CONF800107',1,to_date('25-SEP-19','DD-MON-RR'),null,null,0,null,null,null,null,null,null,'AXIS_CONF',to_date('25-SEP-19','DD-MON-RR'),null,null);
Insert into PROD_PLANT_CAB (SPRODUC,CTIPO,CCODPLAN,IMP_DEST,FDESDE,FHASTA,CGARANT,CDUPLICA,NORDEN,CLAVE,NRESPUE,TCOPIAS,CCATEGORIA,CDIFERIDO,CUSUALT,FALTA,CUSUMOD,FMODIFI) values (80008,0,'CONF800107',1,to_date('25-SEP-19','DD-MON-RR'),null,null,0,null,null,null,null,null,null,'AXIS_CONF',to_date('25-SEP-19','DD-MON-RR'),null,null);

Insert into PROD_PLANT_CAB (SPRODUC,CTIPO,CCODPLAN,IMP_DEST,FDESDE,FHASTA,CGARANT,CDUPLICA,NORDEN,CLAVE,NRESPUE,TCOPIAS,CCATEGORIA,CDIFERIDO,CUSUALT,FALTA,CUSUMOD,FMODIFI) values (80006,0,'CONF800108',1,to_date('25-SEP-19','DD-MON-RR'),null,null,0,null,null,null,null,null,null,'AXIS_CONF',to_date('25-SEP-19','DD-MON-RR'),null,null);
Insert into PROD_PLANT_CAB (SPRODUC,CTIPO,CCODPLAN,IMP_DEST,FDESDE,FHASTA,CGARANT,CDUPLICA,NORDEN,CLAVE,NRESPUE,TCOPIAS,CCATEGORIA,CDIFERIDO,CUSUALT,FALTA,CUSUMOD,FMODIFI) values (80005,0,'CONF800108',1,to_date('25-SEP-19','DD-MON-RR'),null,null,0,null,null,null,null,null,null,'AXIS_CONF',to_date('25-SEP-19','DD-MON-RR'),null,null);
Insert into PROD_PLANT_CAB (SPRODUC,CTIPO,CCODPLAN,IMP_DEST,FDESDE,FHASTA,CGARANT,CDUPLICA,NORDEN,CLAVE,NRESPUE,TCOPIAS,CCATEGORIA,CDIFERIDO,CUSUALT,FALTA,CUSUMOD,FMODIFI) values (80003,0,'CONF800108',1,to_date('25-SEP-19','DD-MON-RR'),null,null,0,null,null,null,null,null,null,'AXIS_CONF',to_date('25-SEP-19','DD-MON-RR'),null,null);
Insert into PROD_PLANT_CAB (SPRODUC,CTIPO,CCODPLAN,IMP_DEST,FDESDE,FHASTA,CGARANT,CDUPLICA,NORDEN,CLAVE,NRESPUE,TCOPIAS,CCATEGORIA,CDIFERIDO,CUSUALT,FALTA,CUSUMOD,FMODIFI) values (80002,0,'CONF800108',1,to_date('25-SEP-19','DD-MON-RR'),null,null,0,null,null,null,null,null,null,'AXIS_CONF',to_date('25-SEP-19','DD-MON-RR'),null,null);

COMMIT;