 /* INSERT LITERAL PARA CLASIFICACION DE SINIESTROS Y SUS TRES OPCIONES EN LOS IDIOMAS (1,2,8) */
 
DELETE FROM DETVALORES  WHERE CVALOR = 8002016;
DELETE FROM VALORES    WHERE CVALOR = 8002016;
DELETE FROM AXIS_LITERALES  WHERE SLITERA = 89906289;
DELETE FROM AXIS_CODLITERALES  WHERE SLITERA = 89906289;
 

 
 INSERT INTO VALORES (CVALOR, CIDIOMA, TVALOR) VALUES ('8002017', '1', 'Classificació de sinistres');
 INSERT INTO VALORES (CVALOR, CIDIOMA, TVALOR) VALUES ('8002017', '2', 'Clasificación de siniestros');
 INSERT INTO VALORES (CVALOR, CIDIOMA, TVALOR) VALUES ('8002017', '8', 'Clasificación de siniestros');
 

 INSERT INTO AXIS_CODLITERALES (SLITERA, CLITERA) VALUES ('89906289', '3');
 
 INSERT INTO AXIS_LITERALES (CIDIOMA, SLITERA, TLITERA) VALUES ('1', '89906289', 'Classificació de sinistres');
 INSERT INTO AXIS_LITERALES (CIDIOMA, SLITERA, TLITERA) VALUES ('2', '89906289', 'Clasificacion de Siniestros');
 INSERT INTO AXIS_LITERALES (CIDIOMA, SLITERA, TLITERA) VALUES ('8', '89906289', 'Clasificacion de Siniestros');


INSERT INTO DETVALORES (CVALOR, CIDIOMA, CATRIBU, TATRIBU) VALUES ('8002017', '8', '1', 'Siniestros liquidados pendientes de pago');
INSERT INTO DETVALORES (CVALOR, CIDIOMA, CATRIBU, TATRIBU) VALUES ('8002017', '8', '2', 'Siniestros avisados pendientes de liquidación');
INSERT INTO DETVALORES (CVALOR, CIDIOMA, CATRIBU, TATRIBU) VALUES ('8002017', '8', '3', 'Siniestros avisados pendientes de liquidación en proceso judicia');

INSERT INTO DETVALORES (CVALOR, CIDIOMA, CATRIBU, TATRIBU) VALUES ('8002017', '2', '1', 'Siniestros liquidados pendientes de pago');
INSERT INTO DETVALORES (CVALOR, CIDIOMA, CATRIBU, TATRIBU) VALUES ('8002017', '2', '2', 'Siniestros avisados pendientes de liquidación');
INSERT INTO DETVALORES (CVALOR, CIDIOMA, CATRIBU, TATRIBU) VALUES ('8002017', '2', '3', 'Siniestros avisados pendientes de liquidación en proceso judicia');

INSERT INTO DETVALORES (CVALOR, CIDIOMA, CATRIBU, TATRIBU) VALUES ('8002017', '1', '1', 'Sinistres liquidats pendents de pagament');
INSERT INTO DETVALORES (CVALOR, CIDIOMA, CATRIBU, TATRIBU) VALUES ('8002017', '1', '2', 'Sinistres avisats pendents de liquidació');
INSERT INTO DETVALORES (CVALOR, CIDIOMA, CATRIBU, TATRIBU) VALUES ('8002017', '1', '3', 'Sinistres avisats pendents de liquidació en procés judicial');

COMMIT;