--RE01

--Janne Karime Mendoza
DELETE FROM SIN_TRAMITADORES WHERE CTRAMITAD = 'T300';
DELETE FROM SIN_REDTRAMITADOR WHERE CTRAMITAD = 'T300';
DELETE FROM SIN_CODTRAMITADOR WHERE CTRAMITAD = 'T300';
UPDATE SIN_CODTRAMITADOR SET TTRAMITAD = 'Janne Karime Mendoza', CUSUARI = 'AXIS_CONF', CUSUMOD = NULL, FMODIFI = NULL WHERE CTRAMITAD = 'T502';
UPDATE SIN_REDTRAMITADOR SET CTRAMITPAD = 'RE01' WHERE CTRAMITAD = 'T502';

--Francisco Javier Parra
DELETE FROM SIN_TRAMITADORES WHERE CTRAMITAD = 'T509';
DELETE FROM SIN_REDTRAMITADOR WHERE CTRAMITAD = 'T509';
DELETE FROM SIN_CODTRAMITADOR WHERE CTRAMITAD = 'T509';

INSERT INTO SIN_CODTRAMITADOR(CTRAMITAD, CUSUARI, CTIPTRAMIT, CACTIVO, FBAJA, CEMPRES, CNIVPER, TTRAMITAD, CUSUALT, FALTA, CUSUMOD, FMODIFI, CAUTORI, CCONVEN)
    VALUES('T509', 'FPARRA', 3, 1, NULL, 24, 1, 'Francisco Javier Parra', 'AXIS_CONF', '12-DEC-16',NULL, NULL, NULL, NULL);
INSERT INTO SIN_TRAMITADORES(CTRAMITAD, NCONFIG, CAGENTE, CEMPRES, CRAMO, CTRAMTE, CCAUSIN, CMOTSIN, NLIMMAX)
    VALUES('T509', 1, NULL, 24, NULL, NULL, NULL, NULL, 99999999999999);
INSERT INTO SIN_REDTRAMITADOR(CEMPRES, CTRAMITAD, FMOVINI, FMOVFIN, CTIPTRAMIT, CTRAMITPAD, CUSUALT, FALTA, CUSUMOD, FMODIFI)
VALUES(24, 'T509', '05-JAN-17', NULL, 3, 'RE01', 'AXIS_CONF', '05-JAN-17', NULL, NULL); 

--Rosa Lilia Echeverry
DELETE FROM SIN_TRAMITADORES WHERE CTRAMITAD = 'T101';
DELETE FROM SIN_REDTRAMITADOR WHERE CTRAMITAD = 'T101';
DELETE FROM SIN_CODTRAMITADOR WHERE CTRAMITAD = 'T101';
UPDATE SIN_CODTRAMITADOR SET TTRAMITAD = 'Rosa Lilia Echeverria', CUSUARI = 'ECHEVERR', CUSUMOD = NULL, FMODIFI = NULL WHERE CTRAMITAD = 'T503';
UPDATE SIN_REDTRAMITADOR SET CTRAMITPAD = 'RE01' WHERE CTRAMITAD = 'T503';


--Maria Nancy Buitrago
DELETE FROM SIN_TRAMITADORES WHERE CTRAMITAD = 'T100';
DELETE FROM SIN_CODTRAMITADOR WHERE CTRAMITAD = 'T100';
DELETE FROM SIN_REDTRAMITADOR WHERE CTRAMITAD = 'T100';
UPDATE SIN_CODTRAMITADOR SET TTRAMITAD = 'Nancy Buitrago', CUSUARI = 'MBUITRAGO', CUSUMOD = NULL, FMODIFI = NULL WHERE CTRAMITAD = 'T504';
UPDATE SIN_REDTRAMITADOR SET CTRAMITPAD = 'RE01' WHERE CTRAMITAD = 'T504';

--Jennifer Andrea Peña
DELETE FROM SIN_TRAMITADORES WHERE CTRAMITAD = 'T505';
DELETE FROM SIN_REDTRAMITADOR WHERE CTRAMITAD = 'T505';
DELETE FROM SIN_CODTRAMITADOR WHERE CTRAMITAD = 'T505';

INSERT INTO SIN_CODTRAMITADOR(CTRAMITAD, CUSUARI, CTIPTRAMIT, CACTIVO, FBAJA, CEMPRES, CNIVPER, TTRAMITAD, CUSUALT, FALTA, CUSUMOD, FMODIFI, CAUTORI, CCONVEN)
VALUES('T505', 'JPENA', 3, 1, NULL, 24, 1, 'Jennifer Andrea Peña', 'AXIS_CONF', '12-DEC-16',NULL, NULL, NULL, NULL);
INSERT INTO SIN_TRAMITADORES(CTRAMITAD, NCONFIG, CAGENTE, CEMPRES, CRAMO, CTRAMTE, CCAUSIN, CMOTSIN, NLIMMAX)
    VALUES('T505', 1, NULL, 24, NULL, NULL, NULL, NULL, 99999999999999);
INSERT INTO SIN_REDTRAMITADOR(CEMPRES, CTRAMITAD, FMOVINI, FMOVFIN, CTIPTRAMIT, CTRAMITPAD, CUSUALT, FALTA, CUSUMOD, FMODIFI)
VALUES(24, 'T505', '05-JAN-17', NULL, 3, 'RE01', 'AXIS_CONF', '05-JAN-17', NULL, NULL);

--LADY BIBIANA MURCIA
DELETE FROM SIN_TRAMITADORES WHERE CTRAMITAD = 'T508';
DELETE FROM SIN_REDTRAMITADOR WHERE CTRAMITAD = 'T508';
DELETE FROM SIN_CODTRAMITADOR WHERE CTRAMITAD = 'T508';

INSERT INTO SIN_CODTRAMITADOR(CTRAMITAD, CUSUARI, CTIPTRAMIT, CACTIVO, FBAJA, CEMPRES, CNIVPER, TTRAMITAD, CUSUALT, FALTA, CUSUMOD, FMODIFI, CAUTORI, CCONVEN)
    VALUES('T508', 'LBMURCIA', 3, 1, NULL, 24, 1, 'Lady Bibiana Murcia', 'AXIS_CONF', '12-DEC-16',NULL, NULL, NULL, NULL);
INSERT INTO SIN_TRAMITADORES(CTRAMITAD, NCONFIG, CAGENTE, CEMPRES, CRAMO, CTRAMTE, CCAUSIN, CMOTSIN, NLIMMAX)
    VALUES('T508', 1, NULL, 24, NULL, NULL, NULL, NULL, 99999999999999);
INSERT INTO SIN_REDTRAMITADOR(CEMPRES, CTRAMITAD, FMOVINI, FMOVFIN, CTIPTRAMIT, CTRAMITPAD, CUSUALT, FALTA, CUSUMOD, FMODIFI)
VALUES(24, 'T508', '05-JAN-17', NULL, 3, 'RE01', 'AXIS_CONF', '05-JAN-17', NULL, NULL); 

--Claudia Garcia
UPDATE SIN_REDTRAMITADOR SET CTRAMITPAD = 'RE01' WHERE CTRAMITAD = 'T500';

--Ana Emperatriz Arias
UPDATE SIN_REDTRAMITADOR SET CTRAMITPAD = 'RE01' WHERE CTRAMITAD = 'T501';


--Camilo Andres Vargas
DELETE FROM SIN_TRAMITADORES WHERE CTRAMITAD = 'T510';
DELETE FROM SIN_REDTRAMITADOR WHERE CTRAMITAD = 'T510';
DELETE FROM SIN_CODTRAMITADOR WHERE CTRAMITAD = 'T510';

INSERT INTO SIN_CODTRAMITADOR(CTRAMITAD, CUSUARI, CTIPTRAMIT, CACTIVO, FBAJA, CEMPRES, CNIVPER, TTRAMITAD, CUSUALT, FALTA, CUSUMOD, FMODIFI, CAUTORI, CCONVEN)
    VALUES('T510', 'CAVARGAS', 3, 1, NULL, 24, 1, 'Camilo Andres Vargas', 'AXIS_CONF', '12-DEC-16',NULL, NULL, NULL, NULL);
INSERT INTO SIN_TRAMITADORES(CTRAMITAD, NCONFIG, CAGENTE, CEMPRES, CRAMO, CTRAMTE, CCAUSIN, CMOTSIN, NLIMMAX)
    VALUES('T510', 1, NULL, 24, NULL, NULL, NULL, NULL, 99999999999999);
INSERT INTO SIN_REDTRAMITADOR(CEMPRES, CTRAMITAD, FMOVINI, FMOVFIN, CTIPTRAMIT, CTRAMITPAD, CUSUALT, FALTA, CUSUMOD, FMODIFI)
VALUES(24, 'T510', '05-JAN-17', NULL, 3, 'RE01', 'AXIS_CONF', '05-JAN-17', NULL, NULL); 

--Silvana Vanegas Sanchez
DELETE FROM SIN_TRAMITADORES WHERE CTRAMITAD = 'T511';
DELETE FROM SIN_REDTRAMITADOR WHERE CTRAMITAD = 'T511';
DELETE FROM SIN_CODTRAMITADOR WHERE CTRAMITAD = 'T511';

INSERT INTO SIN_CODTRAMITADOR(CTRAMITAD, CUSUARI, CTIPTRAMIT, CACTIVO, FBAJA, CEMPRES, CNIVPER, TTRAMITAD, CUSUALT, FALTA, CUSUMOD, FMODIFI, CAUTORI, CCONVEN)
    VALUES('T511', 'PSANCHEZ', 3, 1, NULL, 24, 1, 'Silvana Vanegas', 'AXIS_CONF', '12-DEC-16',NULL, NULL, NULL, NULL);
INSERT INTO SIN_TRAMITADORES(CTRAMITAD, NCONFIG, CAGENTE, CEMPRES, CRAMO, CTRAMTE, CCAUSIN, CMOTSIN, NLIMMAX)
    VALUES('T511', 1, NULL, 24, NULL, NULL, NULL, NULL, 99999999999999);
INSERT INTO SIN_REDTRAMITADOR(CEMPRES, CTRAMITAD, FMOVINI, FMOVFIN, CTIPTRAMIT, CTRAMITPAD, CUSUALT, FALTA, CUSUMOD, FMODIFI)
VALUES(24, 'T511', '05-JAN-17', NULL, 3, 'RE01', 'AXIS_CONF', '05-JAN-17', NULL, NULL); 

--Natalia Alejandra Moncayo
DELETE FROM SIN_TRAMITADORES WHERE CTRAMITAD = 'T513';
DELETE FROM SIN_REDTRAMITADOR WHERE CTRAMITAD = 'T513';
DELETE FROM SIN_CODTRAMITADOR WHERE CTRAMITAD = 'T513';

INSERT INTO SIN_CODTRAMITADOR(CTRAMITAD, CUSUARI, CTIPTRAMIT, CACTIVO, FBAJA, CEMPRES, CNIVPER, TTRAMITAD, CUSUALT, FALTA, CUSUMOD, FMODIFI, CAUTORI, CCONVEN)
    VALUES('T513', 'NMONCAYO', 3, 1, NULL, 24, 1, 'Natalia Alejandra Moncayo', 'AXIS_CONF', '12-DEC-16',NULL, NULL, NULL, NULL);
INSERT INTO SIN_TRAMITADORES(CTRAMITAD, NCONFIG, CAGENTE, CEMPRES, CRAMO, CTRAMTE, CCAUSIN, CMOTSIN, NLIMMAX)
    VALUES('T513', 1, NULL, 24, NULL, NULL, NULL, NULL, 99999999999999);
INSERT INTO SIN_REDTRAMITADOR(CEMPRES, CTRAMITAD, FMOVINI, FMOVFIN, CTIPTRAMIT, CTRAMITPAD, CUSUALT, FALTA, CUSUMOD, FMODIFI)
VALUES(24, 'T513', '05-JAN-17', NULL, 3, 'RE01', 'AXIS_CONF', '05-JAN-17', NULL, NULL); 

--Paula Estefanía Garcia
DELETE FROM SIN_TRAMITADORES WHERE CTRAMITAD = 'T514';
DELETE FROM SIN_REDTRAMITADOR WHERE CTRAMITAD = 'T514';
DELETE FROM SIN_CODTRAMITADOR WHERE CTRAMITAD = 'T514';

INSERT INTO SIN_CODTRAMITADOR(CTRAMITAD, CUSUARI, CTIPTRAMIT, CACTIVO, FBAJA, CEMPRES, CNIVPER, TTRAMITAD, CUSUALT, FALTA, CUSUMOD, FMODIFI, CAUTORI, CCONVEN)
    VALUES('T514', 'PGARCIA', 3, 1, NULL, 24, 1, 'Paula Estefanía Garcia', 'AXIS_CONF', '12-DEC-16',NULL, NULL, NULL, NULL);
INSERT INTO SIN_TRAMITADORES(CTRAMITAD, NCONFIG, CAGENTE, CEMPRES, CRAMO, CTRAMTE, CCAUSIN, CMOTSIN, NLIMMAX)
    VALUES('T514', 1, NULL, 24, NULL, NULL, NULL, NULL, 99999999999999);
INSERT INTO SIN_REDTRAMITADOR(CEMPRES, CTRAMITAD, FMOVINI, FMOVFIN, CTIPTRAMIT, CTRAMITPAD, CUSUALT, FALTA, CUSUMOD, FMODIFI)
VALUES(24, 'T514', '05-JAN-17', NULL, 3, 'RE01', 'AXIS_CONF', '05-JAN-17', NULL, NULL); 

--Carlos Daniel Rodriguez
DELETE FROM SIN_TRAMITADORES WHERE CTRAMITAD = 'T515';
DELETE FROM SIN_REDTRAMITADOR WHERE CTRAMITAD = 'T515';
DELETE FROM SIN_CODTRAMITADOR WHERE CTRAMITAD = 'T515';

INSERT INTO SIN_CODTRAMITADOR(CTRAMITAD, CUSUARI, CTIPTRAMIT, CACTIVO, FBAJA, CEMPRES, CNIVPER, TTRAMITAD, CUSUALT, FALTA, CUSUMOD, FMODIFI, CAUTORI, CCONVEN)
    VALUES('T515', 'CRODRIGUEZ', 3, 1, NULL, 24, 1, 'Carlos Daniel Rodriguez', 'AXIS_CONF', '12-DEC-16',NULL, NULL, NULL, NULL);
INSERT INTO SIN_TRAMITADORES(CTRAMITAD, NCONFIG, CAGENTE, CEMPRES, CRAMO, CTRAMTE, CCAUSIN, CMOTSIN, NLIMMAX)
    VALUES('T515', 1, NULL, 24, NULL, NULL, NULL, NULL, 99999999999999);
INSERT INTO SIN_REDTRAMITADOR(CEMPRES, CTRAMITAD, FMOVINI, FMOVFIN, CTIPTRAMIT, CTRAMITPAD, CUSUALT, FALTA, CUSUMOD, FMODIFI)
VALUES(24, 'T515', '05-JAN-17', NULL, 3, 'RE01', 'AXIS_CONF', '05-JAN-17', NULL, NULL); 

--Elizabeth Perez
DELETE FROM SIN_TRAMITADORES WHERE CTRAMITAD = 'T516';
DELETE FROM SIN_REDTRAMITADOR WHERE CTRAMITAD = 'T516';
DELETE FROM SIN_CODTRAMITADOR WHERE CTRAMITAD = 'T516';

INSERT INTO SIN_CODTRAMITADOR(CTRAMITAD, CUSUARI, CTIPTRAMIT, CACTIVO, FBAJA, CEMPRES, CNIVPER, TTRAMITAD, CUSUALT, FALTA, CUSUMOD, FMODIFI, CAUTORI, CCONVEN)
    VALUES('T516', 'ECALDERON', 3, 1, NULL, 24, 1, 'Elizabeth Perez', 'AXIS_CONF', '12-DEC-16',NULL, NULL, NULL, NULL);
INSERT INTO SIN_TRAMITADORES(CTRAMITAD, NCONFIG, CAGENTE, CEMPRES, CRAMO, CTRAMTE, CCAUSIN, CMOTSIN, NLIMMAX)
    VALUES('T516', 1, NULL, 24, NULL, NULL, NULL, NULL, 99999999999999);
INSERT INTO SIN_REDTRAMITADOR(CEMPRES, CTRAMITAD, FMOVINI, FMOVFIN, CTIPTRAMIT, CTRAMITPAD, CUSUALT, FALTA, CUSUMOD, FMODIFI)
VALUES(24, 'T516', '05-JAN-17', NULL, 3, 'RE01', 'AXIS_CONF', '05-JAN-17', NULL, NULL); 

--Ivonne Gissel Cardona
DELETE FROM SIN_CODTRAMITADOR WHERE CTRAMITAD = 'T700';
DELETE FROM SIN_TRAMITADORES WHERE CTRAMITAD = 'T700';
DELETE FROM SIN_REDTRAMITADOR WHERE CTRAMITAD = 'T700';
DELETE FROM SIN_TRAMITADORES WHERE CTRAMITAD = 'T506';
DELETE FROM SIN_REDTRAMITADOR WHERE CTRAMITAD = 'T506';
DELETE FROM SIN_CODTRAMITADOR WHERE CTRAMITAD = 'T506';

INSERT INTO SIN_CODTRAMITADOR(CTRAMITAD, CUSUARI, CTIPTRAMIT, CACTIVO, FBAJA, CEMPRES, CNIVPER, TTRAMITAD, CUSUALT, FALTA, CUSUMOD, FMODIFI, CAUTORI, CCONVEN)
    VALUES('T506', 'ICARDONA', 3, 1, NULL, 24, 1, 'Ivonne Gissel Cardona', 'AXIS_CONF', '12-DEC-16',NULL, NULL, NULL, NULL);
INSERT INTO SIN_TRAMITADORES(CTRAMITAD, NCONFIG, CAGENTE, CEMPRES, CRAMO, CTRAMTE, CCAUSIN, CMOTSIN, NLIMMAX)
    VALUES('T506', 1, NULL, 24, NULL, NULL, NULL, NULL, 99999999999999);
INSERT INTO SIN_REDTRAMITADOR(CEMPRES, CTRAMITAD, FMOVINI, FMOVFIN, CTIPTRAMIT, CTRAMITPAD, CUSUALT, FALTA, CUSUMOD, FMODIFI)
VALUES(24, 'T506', '05-JAN-17', NULL, 3, 'RE01', 'AXIS_CONF', '05-JAN-17', NULL, NULL);    



--Gloria Esperanza Navas
DELETE FROM SIN_CODTRAMITADOR WHERE CTRAMITAD = 'T600';
DELETE FROM SIN_TRAMITADORES WHERE CTRAMITAD = 'T600';
DELETE FROM SIN_REDTRAMITADOR WHERE CTRAMITAD = 'T600';
DELETE FROM SIN_TRAMITADORES WHERE CTRAMITAD = 'T507';
DELETE FROM SIN_REDTRAMITADOR WHERE CTRAMITAD = 'T507';
DELETE FROM SIN_CODTRAMITADOR WHERE CTRAMITAD = 'T507';

INSERT INTO SIN_CODTRAMITADOR(CTRAMITAD, CUSUARI, CTIPTRAMIT, CACTIVO, FBAJA, CEMPRES, CNIVPER, TTRAMITAD, CUSUALT, FALTA, CUSUMOD, FMODIFI, CAUTORI, CCONVEN)
    VALUES('T507', 'GNAVAS', 3, 1, NULL, 24, 1, 'Gloria Navas', 'AXIS_CONF', '12-DEC-16',NULL, NULL, NULL, NULL);
INSERT INTO SIN_TRAMITADORES(CTRAMITAD, NCONFIG, CAGENTE, CEMPRES, CRAMO, CTRAMTE, CCAUSIN, CMOTSIN, NLIMMAX)
    VALUES('T507', 1, NULL, 24, NULL, NULL, NULL, NULL, 99999999999999);
INSERT INTO SIN_REDTRAMITADOR(CEMPRES, CTRAMITAD, FMOVINI, FMOVFIN, CTIPTRAMIT, CTRAMITPAD, CUSUALT, FALTA, CUSUMOD, FMODIFI)
VALUES(24, 'T507', '05-JAN-17', NULL, 3, 'RE01', 'AXIS_CONF', '05-JAN-17', NULL, NULL); 



COMMIT;
/